{
"type": "FeatureCollection",
"name": "clean_municipios_simple",
"crs": { "type": "name", "properties": { "name": "urn:ogc:def:crs:OGC:1.3:CRS84" } },
"features": [
{ "type": "Feature", "properties": { "codigo_dane": "05001", "nombre": "MEDELLÍN", "departamento": "ANTIOQUIA", "icv_score": 71.139970787135098, "nbi": 6.4085133252911799, "ipm_pct": 6.0368421362742604, "icv_hacinamiento": 2.2485307020586101, "icv_menores_6": 1.7477155166049401, "icv_seg_social": 3.0148201793711702, "pct_vivienda_acueducto": 98.668546080880503, "icv_paredes": 7.4281603427449703, "icv_pisos": 8.1307986889778707, "subregion": "Valle de Aburrá", "poblacion_2023": 2518480.0 }, "geometry": { "type": "Polygon", "coordinates": [ [ [ -75.491685696074853, 6.22859377921435 ], [ -75.486290099361497, 6.190539467739427 ], [ -75.532435957172083, 6.197945802884817 ], [ -75.539780093815978, 6.170301391017119 ], [ -75.579559126196784, 6.183666663127667 ], [ -75.580988614650948, 6.196721930878198 ], [ -75.627068658238102, 6.196834400939736 ], [ -75.635966330894291, 6.174204821972353 ], [ -75.680007579844073, 6.164086541789914 ], [ -75.710005493393453, 6.242917478140043 ], [ -75.71400884044408, 6.371390449002433 ], [ -75.668722818369304, 6.37315043869279 ], [ -75.625928002632463, 6.313509363768958 ], [ -75.558124290441356, 6.312238183746842 ], [ -75.525875584170194, 6.28717385400887 ], [ -75.500870056400913, 6.29662951115688 ], [ -75.472270874762557, 6.236177939605227 ], [ -75.491685696074853, 6.22859377921435 ] ] ] } },
{ "type": "Feature", "properties": { "codigo_dane": "05002", "nombre": "ABEJORRAL", "departamento": "ANTIOQUIA", "icv_score": 65.238596096970099, "nbi": 19.420227373733699, "ipm_pct": 13.520753188092399, "icv_hacinamiento": 2.76464358192126, "icv_menores_6": 2.2615236173482902, "icv_seg_social": 2.6133616322231998, "pct_vivienda_acueducto": 94.332725354007195, "icv_paredes": 6.8924548434319801, "icv_pisos": 7.05124421203978, "subregion": "Resto de Antioquia", "poblacion_2023": 21030.0 }, "geometry": { "type": "Polygon", "coordinates": [ [ [ -75.469378912588979, 5.945749568669385 ], [ -75.445506428993895, 5.933628429184523 ], [ -75.448429433375111, 5.91504661989228 ], [ -75.432031823741283, 5.90235046294589 ], [ -75.307780835670883, 5.86750961734765 ], [ -75.284480732081533, 5.873951683030668 ], [ -75.267933112658852, 5.854179508918605 ], [ -75.285862817298664, 5.847896499066565 ], [ -75.320731810730422, 5.781752623315015 ], [ -75.40961394731238, 5.745275584954356 ], [ -75.423722299231599, 5.696038847265072 ], [ -75.478161411252472, 5.664284378287448 ], [ -75.519894262068647, 5.695120347002899 ], [ -75.535490154316903, 5.690976257191267 ], [ -75.556902736090024, 5.732133676422222 ], [ -75.55132860985151, 5.820936807908595 ], [ -75.527182725578427, 5.868240029104072 ], [ -75.482272401712748, 5.874904716356525 ], [ -75.482102685565849, 5.936244402631701 ], [ -75.469378912588979, 5.945749568669385 ] ] ] } },
{ "type": "Feature", "properties": { "codigo_dane": "05004", "nombre": "ABRIAQUÍ", "departamento": "ANTIOQUIA", "icv_score": 65.613321707067399, "nbi": 9.2988823367998599, "ipm_pct": 9.1033613420097002, "icv_hacinamiento": 3.02337619451627, "icv_menores_6": 2.27868795841413, "icv_seg_social": 2.6292689872872201, "pct_vivienda_acueducto": 87.013608294579498, "icv_paredes": 7.6318206967787097, "icv_pisos": 7.0674703108166304, "subregion": "Resto de Antioquia", "poblacion_2023": 2782.0 }, "geometry": { "type": "Polygon", "coordinates": [ [ [ -76.078744833818973, 6.729594109411096 ], [ -76.086894449097542, 6.75443887095571 ], [ -76.054724648208833, 6.732280086827529 ], [ -76.033160007588094, 6.685516258575888 ], [ -76.039661266905625, 6.656304510765494 ], [ -76.007633791610715, 6.634700582294499 ], [ -76.038836424171222, 6.504204732259268 ], [ -76.066744278884073, 6.509196722780359 ], [ -76.07693533613724, 6.541313716162961 ], [ -76.155529726121642, 6.58412473482548 ], [ -76.155129133779553, 6.625493603269831 ], [ -76.184436986130549, 6.665099468173594 ], [ -76.078744833818973, 6.729594109411096 ] ] ] } },
{ "type": "Feature", "properties": { "codigo_dane": "05021", "nombre": "ALEJANDRÍA", "departamento": "ANTIOQUIA", "icv_score": 64.938705786182695, "nbi": 10.562204870456799, "ipm_pct": 11.7851176078028, "icv_hacinamiento": 2.8101787032069598, "icv_menores_6": 2.0721002384060498, "icv_seg_social": 2.5745316509299001, "pct_vivienda_acueducto": 88.563638002523902, "icv_paredes": 7.2698134546971902, "icv_pisos": 6.88241110854793, "subregion": "Resto de Antioquia", "poblacion_2023": 5130.0 }, "geometry": { "type": "Polygon", "coordinates": [ [ [ -75.033197784302217, 6.415863899339399 ], [ -74.985219520853548, 6.375453451422004 ], [ -75.105728732627881, 6.324771777836588 ], [ -75.115878019085415, 6.302484558774893 ], [ -75.135354419061173, 6.33557573902857 ], [ -75.157243001414713, 6.296905219608618 ], [ -75.171031079425404, 6.297582322598657 ], [ -75.172398846383828, 6.326343591884552 ], [ -75.155365932403413, 6.330006320864186 ], [ -75.158684359318158, 6.371756694232261 ], [ -75.136228546106281, 6.384399368138929 ], [ -75.145026939573086, 6.411595056791612 ], [ -75.088373937651625, 6.39347231661975 ], [ -75.033197784302217, 6.415863899339399 ] ] ] } },
{ "type": "Feature", "properties": { "codigo_dane": "05030", "nombre": "AMAGÁ", "departamento": "ANTIOQUIA", "icv_score": 66.613520855936102, "nbi": 13.127143299180499, "ipm_pct": 12.0394213204754, "icv_hacinamiento": 2.9003859426055998, "icv_menores_6": 2.1328968569058699, "icv_seg_social": 2.9281696136054798, "pct_vivienda_acueducto": 97.755073535161401, "icv_paredes": 6.7371188159454602, "icv_pisos": 7.5155937913069701, "subregion": "Resto de Antioquia", "poblacion_2023": 32238.0 }, "geometry": { "type": "Polygon", "coordinates": [ [ [ -75.675872251308363, 6.085612756118394 ], [ -75.671553021317834, 6.054801536907064 ], [ -75.684240823027096, 6.046431880022624 ], [ -75.660262981338235, 6.015627127788207 ], [ -75.668475475143509, 6.000277698416028 ], [ -75.7021352894252, 5.980738783731454 ], [ -75.736189046713946, 6.005362184044031 ], [ -75.76709289308468, 6.00001675558434 ], [ -75.733980891662725, 6.044235080584031 ], [ -75.746658713979571, 6.069677404626816 ], [ -75.675872251308363, 6.085612756118394 ] ] ] } },
{ "type": "Feature", "properties": { "codigo_dane": "05031", "nombre": "AMALFI", "departamento": "ANTIOQUIA", "icv_score": 63.211458334267, "nbi": 24.965703387165401, "ipm_pct": 18.838385029938401, "icv_hacinamiento": 2.5894638496074598, "icv_menores_6": 2.0067618314756102, "icv_seg_social": 2.3870222371605498, "pct_vivienda_acueducto": 72.6074604353159, "icv_paredes": 6.9711505606883302, "icv_pisos": 6.5347772647736901, "subregion": "Resto de Antioquia", "poblacion_2023": 28334.0 }, "geometry": { "type": "Polygon", "coordinates": [ [ [ -74.913640099377801, 7.288068968579296 ], [ -74.909984749165801, 7.232671242893502 ], [ -74.876517385612374, 7.224297558858439 ], [ -74.847895631987853, 7.165427202231683 ], [ -74.836313636613284, 7.093732558254203 ], [ -74.858255869991638, 7.047177610930476 ], [ -74.854745515168531, 7.025562272049626 ], [ -74.836879067246457, 7.022077063786298 ], [ -74.837982447229649, 6.991838353938192 ], [ -74.880501194289991, 6.925136903326916 ], [ -74.867973330558016, 6.900128767746253 ], [ -74.884034236982018, 6.880879754906289 ], [ -74.873422120154999, 6.8504753578585 ], [ -74.90935436130269, 6.82453947115755 ], [ -74.898110438171614, 6.79881087536512 ], [ -74.923276047648699, 6.748440808735495 ], [ -75.026608636442234, 6.834656683242258 ], [ -75.04843033108466, 6.796372286988571 ], [ -75.019406183994477, 6.760583431447515 ], [ -75.02612146889561, 6.748561260334668 ], [ -75.141009551843354, 6.793039496000972 ], [ -75.173333230669584, 6.825618502285579 ], [ -75.17987902759603, 6.881015860560069 ], [ -75.166408409069845, 6.914357600909113 ], [ -75.083528005227322, 6.967462083950522 ], [ -75.020600718797141, 7.141140414399047 ], [ -74.932838969116972, 7.253968591385103 ], [ -74.937050149659058, 7.288424487916075 ], [ -74.913640099377801, 7.288068968579296 ] ] ] } },
{ "type": "Feature", "properties": { "codigo_dane": "05034", "nombre": "ANDES", "departamento": "ANTIOQUIA", "icv_score": 69.110835430489203, "nbi": 12.943040235951701, "ipm_pct": 18.974331033133002, "icv_hacinamiento": 2.9448922671753901, "icv_menores_6": 2.2273040040893601, "icv_seg_social": 2.5906752145408101, "pct_vivienda_acueducto": 95.115323214212694, "icv_paredes": 8.2954446225847196, "icv_pisos": 7.6204091056613503, "subregion": "Resto de Antioquia", "poblacion_2023": 44976.0 }, "geometry": { "type": "Polygon", "coordinates": [ [ [ -75.876738631130365, 5.77623045297895 ], [ -75.83655176328557, 5.729210683719145 ], [ -75.809138627363609, 5.659047558927057 ], [ -75.829473192207502, 5.62201054899964 ], [ -75.879715358401654, 5.632479865922051 ], [ -75.871539043374923, 5.53098509242551 ], [ -75.906120154376538, 5.481138949738295 ], [ -75.930799791067273, 5.508874617036838 ], [ -75.983394875037732, 5.519400508104297 ], [ -76.008254260268529, 5.563683030358618 ], [ -76.005150473385584, 5.621918151809155 ], [ -76.073504935031394, 5.677457455689762 ], [ -76.065421431318896, 5.687318130284496 ], [ -76.003863105709115, 5.667217595623242 ], [ -75.994273735122817, 5.690812301046492 ], [ -75.966216142810936, 5.703481292018751 ], [ -75.907791152392349, 5.695801232801614 ], [ -75.878379020825093, 5.715898690730512 ], [ -75.894465525661815, 5.750599820342984 ], [ -75.876738631130365, 5.77623045297895 ] ] ] } },
{ "type": "Feature", "properties": { "codigo_dane": "05036", "nombre": "ANGELÓPOLIS", "departamento": "ANTIOQUIA", "icv_score": 65.474911607361307, "nbi": 15.7732793547393, "ipm_pct": 17.0522558670955, "icv_hacinamiento": 2.8423924113450099, "icv_menores_6": 2.23018001564281, "icv_seg_social": 2.9568892381246301, "pct_vivienda_acueducto": 96.936044906493507, "icv_paredes": 6.7873957717409299, "icv_pisos": 7.2351490420535001, "subregion": "Resto de Antioquia", "poblacion_2023": 6096.0 }, "geometry": { "type": "Polygon", "coordinates": [ [ [ -75.691485491835238, 6.193202812084223 ], [ -75.673816242241514, 6.091388899252308 ], [ -75.747289345286276, 6.068788272111249 ], [ -75.766544154061137, 6.135336185246786 ], [ -75.733509022437659, 6.15836289893798 ], [ -75.705492903578829, 6.155391457358064 ], [ -75.691485491835238, 6.193202812084223 ] ] ] } },
{ "type": "Feature", "properties": { "codigo_dane": "05038", "nombre": "ANGOSTURA", "departamento": "ANTIOQUIA", "icv_score": 60.440188547573698, "nbi": 21.635339515899599, "ipm_pct": 28.418991164232899, "icv_hacinamiento": 3.0340220297723, "icv_menores_6": 2.4074490416163501, "icv_seg_social": 2.5670743981197401, "pct_vivienda_acueducto": 86.672641518773702, "icv_paredes": 7.3572010446664002, "icv_pisos": 6.4064525009812199, "subregion": "Resto de Antioquia", "poblacion_2023": 12256.0 }, "geometry": { "type": "Polygon", "coordinates": [ [ [ -75.271734670088051, 6.97093860639643 ], [ -75.242052903583499, 6.929504958588666 ], [ -75.269944763779961, 6.833406207607311 ], [ -75.287164892204657, 6.838665715734862 ], [ -75.288116533140737, 6.820779850712427 ], [ -75.321891233953977, 6.79941095404638 ], [ -75.365127838804653, 6.796485523313663 ], [ -75.376176568648702, 6.773959633368861 ], [ -75.426635380814275, 6.785979882085485 ], [ -75.488505537958815, 6.768055392170027 ], [ -75.490119245871711, 6.810306618928905 ], [ -75.43558115469898, 6.891039070163629 ], [ -75.420884537852203, 6.889924718148791 ], [ -75.410960978442574, 6.911561736988006 ], [ -75.375463913904639, 6.901435892086511 ], [ -75.339870767284026, 6.942334094150851 ], [ -75.271734670088051, 6.97093860639643 ] ] ] } },
{ "type": "Feature", "properties": { "codigo_dane": "05040", "nombre": "ANORÍ", "departamento": "ANTIOQUIA", "icv_score": 63.077159670129397, "nbi": 30.9798468910477, "ipm_pct": 19.136405946840402, "icv_hacinamiento": 2.5736469420017598, "icv_menores_6": 2.1095397802225899, "icv_seg_social": 2.3113389728728202, "pct_vivienda_acueducto": 77.718701064309798, "icv_paredes": 7.4959299720167101, "icv_pisos": 6.8129555353496603, "subregion": "Resto de Antioquia", "poblacion_2023": 20320.0 }, "geometry": { "type": "Polygon", "coordinates": [ [ [ -74.909350847988776, 7.450014781824336 ], [ -74.890302396772256, 7.391891735176273 ], [ -74.907525117736952, 7.360441559065521 ], [ -74.892849404703497, 7.337169044557129 ], [ -74.905332810776599, 7.29366908938789 ], [ -74.936817630443954, 7.288734513835664 ], [ -74.932838969116972, 7.253968591385103 ], [ -75.020600718797141, 7.141140414399047 ], [ -75.058602615330074, 7.062908090678491 ], [ -75.064066529873571, 6.997888047768811 ], [ -75.085279139318573, 6.965531855293307 ], [ -75.169995250110446, 6.905471132050081 ], [ -75.209350926821685, 6.922231770044164 ], [ -75.224357233617923, 6.932571282999504 ], [ -75.221397356958107, 7.033268367159394 ], [ -75.255188538276684, 7.046265978294059 ], [ -75.259907190103604, 7.115888174920201 ], [ -75.314698593811897, 7.15975763530804 ], [ -75.31722852116269, 7.213292620122729 ], [ -75.289480425662248, 7.245073998156158 ], [ -75.205005812753939, 7.254410656281948 ], [ -75.153688357816179, 7.377791522000052 ], [ -75.117878454731283, 7.378641985605043 ], [ -75.045972643611663, 7.424567176581775 ], [ -74.997751948929135, 7.383496418793641 ], [ -74.947646272867985, 7.42064588620616 ], [ -74.926483096854156, 7.412432767172959 ], [ -74.909350847988776, 7.450014781824336 ] ] ] } },
{ "type": "Feature", "properties": { "codigo_dane": "05042", "nombre": "SANTA FÉ DE ANTIOQUIA", "departamento": "ANTIOQUIA", "icv_score": 63.232942622477303, "nbi": 10.6893071753536, "ipm_pct": 14.733263041302701, "icv_hacinamiento": 2.2662190417328301, "icv_menores_6": 1.8485021825453001, "icv_seg_social": 2.5951894018453299, "pct_vivienda_acueducto": 95.601405651117105, "icv_paredes": 5.9360502513043096, "icv_pisos": 6.49610172462351, "subregion": "Resto de Antioquia", "poblacion_2023": 27882.0 }, "geometry": { "type": "Polygon", "coordinates": [ [ [ -75.841553305600655, 6.683023789205663 ], [ -75.79699853161452, 6.570470402592434 ], [ -75.80555878061142, 6.515595651329022 ], [ -75.821734357072785, 6.508371607856247 ], [ -75.819668428800583, 6.408217358088848 ], [ -75.83328148700673, 6.396820379877681 ], [ -75.88683413540889, 6.412221890916612 ], [ -75.90502100186842, 6.396287893187207 ], [ -75.941821124968328, 6.421330377676725 ], [ -75.943180092921523, 6.457914786358913 ], [ -75.965410067694449, 6.465023627092933 ], [ -75.967612583117784, 6.490719646353909 ], [ -76.037986253417273, 6.492563798371975 ], [ -76.009102778121076, 6.633704127966439 ], [ -75.93762818113936, 6.618933153911087 ], [ -75.913337255663237, 6.65425520672926 ], [ -75.892616485906387, 6.624019100200883 ], [ -75.841553305600655, 6.683023789205663 ] ] ] } },
{ "type": "Feature", "properties": { "codigo_dane": "05044", "nombre": "ANZÁ", "departamento": "ANTIOQUIA", "icv_score": 64.249676657665503, "nbi": 11.3158129711663, "ipm_pct": 26.290490882645202, "icv_hacinamiento": 2.9149973166108301, "icv_menores_6": 2.3036595484537199, "icv_seg_social": 2.5162270657248502, "pct_vivienda_acueducto": 88.810335798684704, "icv_paredes": 7.6843751042570601, "icv_pisos": 7.0879294356398699, "subregion": "Resto de Antioquia", "poblacion_2023": 7543.0 }, "geometry": { "type": "Polygon", "coordinates": [ [ [ -75.886609807039065, 6.412181105573552 ], [ -75.830977417857866, 6.397255739743912 ], [ -75.857347606208862, 6.330265956646087 ], [ -75.841470813242381, 6.316114197199454 ], [ -75.838810719004812, 6.254945809005676 ], [ -75.933232629323129, 6.21657977559056 ], [ -75.97954079217368, 6.237451596284529 ], [ -76.004040303930026, 6.28472158697457 ], [ -75.98815858100528, 6.344852816345679 ], [ -75.930097477737036, 6.349768015221798 ], [ -75.886609807039065, 6.412181105573552 ] ] ] } },
{ "type": "Feature", "properties": { "codigo_dane": "05045", "nombre": "APARTADÓ", "departamento": "ANTIOQUIA", "icv_score": 61.370510705078203, "nbi": 20.6938120531129, "ipm_pct": 9.8798584858860892, "icv_hacinamiento": 2.5108903315729298, "icv_menores_6": 1.69340671220895, "icv_seg_social": 2.5736722291811001, "pct_vivienda_acueducto": 95.132593018522698, "icv_paredes": 5.8361870850847799, "icv_pisos": 5.5827949958748304, "subregion": "Resto de Antioquia", "poblacion_2023": 124339.0 }, "geometry": { "type": "Polygon", "coordinates": [ [ [ -76.411617485012016, 8.007117379759165 ], [ -76.421117385121306, 7.911825226714143 ], [ -76.464410638677293, 7.870045646398012 ], [ -76.514631247084083, 7.881629459964131 ], [ -76.51734502199082, 7.835419135404095 ], [ -76.551417158824904, 7.769907261789513 ], [ -76.619431530609575, 7.787435136207762 ], [ -76.624630653037286, 7.802265126929399 ], [ -76.628592455667842, 7.804983661114306 ], [ -76.656027640756008, 7.788285793849013 ], [ -76.680871221913435, 7.799507219554243 ], [ -76.753034396075407, 7.879410896125421 ], [ -76.739923174017918, 7.916692748366927 ], [ -76.680026731211512, 7.931690683756301 ], [ -76.652973809225784, 7.915608968740514 ], [ -76.594876339430868, 7.947545283826003 ], [ -76.551369379193488, 7.952117375397506 ], [ -76.424872616394453, 8.072997788411101 ], [ -76.427648595192579, 8.019794602899196 ], [ -76.411617485012016, 8.007117379759165 ] ] ] } },
{ "type": "Feature", "properties": { "codigo_dane": "05051", "nombre": "ARBOLETES", "departamento": "ANTIOQUIA", "icv_score": 46.802820013168898, "nbi": 51.263156744450498, "ipm_pct": 38.666236455114699, "icv_hacinamiento": 2.84704075646827, "icv_menores_6": 1.99292028847345, "icv_seg_social": 2.2520251180264901, "pct_vivienda_acueducto": 28.679698606776402, "icv_paredes": 2.2595779855364002, "icv_pisos": 1.9161714806058301, "subregion": "Resto de Antioquia", "poblacion_2023": 31150.0 }, "geometry": { "type": "Polygon", "coordinates": [ [ [ -76.254814597342317, 8.594491087105212 ], [ -76.285962066113939, 8.59518815427009 ], [ -76.319687525735617, 8.546469596690656 ], [ -76.307116506902958, 8.520843839215615 ], [ -76.329848313332889, 8.445388212047646 ], [ -76.397361051988412, 8.454166718594877 ], [ -76.406049674833241, 8.476600576963733 ], [ -76.430097922936909, 8.448693096848729 ], [ -76.449746646871006, 8.453813006669861 ], [ -76.476506889419056, 8.43254358143281 ], [ -76.489404148775066, 8.462899090327255 ], [ -76.48038230189826, 8.49536268815865 ], [ -76.570902836608298, 8.581816141196271 ], [ -76.565448885287651, 8.611413711237049 ], [ -76.546533111750989, 8.603040894076912 ], [ -76.490839137618138, 8.662103290901541 ], [ -76.490094018632135, 8.693881955122322 ], [ -76.465854284591614, 8.679430937869995 ], [ -76.429027500371092, 8.729661847266357 ], [ -76.483323189954376, 8.767714840013355 ], [ -76.469501807776339, 8.794767347875393 ], [ -76.480145745650987, 8.826281274777728 ], [ -76.413604579766968, 8.873973720126344 ], [ -76.381166834571673, 8.794208979802647 ], [ -76.419565911642565, 8.754994157243573 ], [ -76.367887884340519, 8.720674675387102 ], [ -76.345626205301016, 8.639821540787693 ], [ -76.314003168937347, 8.656489664810181 ], [ -76.281466420335732, 8.648865871615669 ], [ -76.251585473817784, 8.612448266739932 ], [ -76.254814597342317, 8.594491087105212 ] ] ] } },
{ "type": "Feature", "properties": { "codigo_dane": "05055", "nombre": "ARGELIA", "departamento": "ANTIOQUIA", "icv_score": 61.029702473333202, "nbi": 23.1871042924334, "ipm_pct": 27.8268960924133, "icv_hacinamiento": 2.7030986779773398, "icv_menores_6": 2.1654787993407401, "icv_seg_social": 2.3714389996684599, "pct_vivienda_acueducto": 83.611811003566203, "icv_paredes": 7.3778254482189203, "icv_pisos": 6.4636329530167096, "subregion": "Resto de Antioquia", "poblacion_2023": 8099.0 }, "geometry": { "type": "Polygon", "coordinates": [ [ [ -75.1296292733266, 5.760131192953338 ], [ -74.973955473647436, 5.729966876246465 ], [ -74.942469316387587, 5.754441460632108 ], [ -74.880156932649356, 5.745964570868466 ], [ -74.993301027609618, 5.71533412158243 ], [ -75.008781250893094, 5.682158941596242 ], [ -75.047928883008638, 5.660875498138012 ], [ -75.089455131026284, 5.672778511226682 ], [ -75.178991535405544, 5.646951257879607 ], [ -75.235551493348908, 5.676167585304938 ], [ -75.182777369609823, 5.708833024860098 ], [ -75.208576859602601, 5.705001821206224 ], [ -75.24509927459934, 5.730323075608453 ], [ -75.148715222049645, 5.743892668794899 ], [ -75.1296292733266, 5.760131192953338 ] ] ] } },
{ "type": "Feature", "properties": { "codigo_dane": "05059", "nombre": "ARMENIA", "departamento": "ANTIOQUIA", "icv_score": 69.5425004560811, "nbi": 4.7096447976744198, "ipm_pct": 16.279375540176002, "icv_hacinamiento": 3.0622698715668002, "icv_menores_6": 2.39255967293282, "icv_seg_social": 2.5814660932460498, "pct_vivienda_acueducto": 93.3644030998624, "icv_paredes": 8.5082242776047803, "icv_pisos": 7.8313442456950204, "subregion": "Resto de Antioquia", "poblacion_2023": 5286.0 }, "geometry": { "type": "Polygon", "coordinates": [ [ [ -75.855926252904396, 6.246165417791531 ], [ -75.780610437842086, 6.183481700761604 ], [ -75.741157514830547, 6.170809912433356 ], [ -75.747792560349922, 6.145686615436489 ], [ -75.803746040008889, 6.103964104237491 ], [ -75.851227178078091, 6.099185019099991 ], [ -75.841518482380877, 6.168192509765447 ], [ -75.855926252904396, 6.246165417791531 ] ] ] } },
{ "type": "Feature", "properties": { "codigo_dane": "05079", "nombre": "BARBOSA", "departamento": "ANTIOQUIA", "icv_score": 71.031205529844797, "nbi": 11.2085198686485, "ipm_pct": 3.77541800864772, "icv_hacinamiento": 2.8734388250574501, "icv_menores_6": 2.2068060238887099, "icv_seg_social": 3.4485109722064302, "pct_vivienda_acueducto": 94.757714037375095, "icv_paredes": 8.3766846602494898, "icv_pisos": 8.2698631527877904, "subregion": "Valle de Aburrá", "poblacion_2023": 61506.0 }, "geometry": { "type": "Polygon", "coordinates": [ [ [ -75.32144433701535, 6.512653125642771 ], [ -75.278497132748896, 6.490629093406142 ], [ -75.249660157882147, 6.507427457078961 ], [ -75.216920854293846, 6.484782484568598 ], [ -75.241276310299838, 6.439684188978276 ], [ -75.287322473000756, 6.400015786009476 ], [ -75.319186709007056, 6.386565841327695 ], [ -75.345716837131988, 6.397458326171602 ], [ -75.404038556244871, 6.365098394006566 ], [ -75.448484043801386, 6.435508995873477 ], [ -75.393620467589017, 6.442704469304203 ], [ -75.32144433701535, 6.512653125642771 ] ] ] } },
{ "type": "Feature", "properties": { "codigo_dane": "05086", "nombre": "BELMIRA", "departamento": "ANTIOQUIA", "icv_score": 66.327433654449194, "nbi": 10.9990155909578, "ipm_pct": 10.159095557627101, "icv_hacinamiento": 3.3092916886053598, "icv_menores_6": 2.3021417400613999, "icv_seg_social": 3.01571875109093, "pct_vivienda_acueducto": 75.359117576712507, "icv_paredes": 7.5986646618526699, "icv_pisos": 7.4002904406976402, "subregion": "Resto de Antioquia", "poblacion_2023": 6149.0 }, "geometry": { "type": "Polygon", "coordinates": [ [ [ -75.564494265367046, 6.529977193720299 ], [ -75.594454302320628, 6.503087390648773 ], [ -75.611320557123406, 6.51323837312691 ], [ -75.649717773781845, 6.500582935946511 ], [ -75.654911697654882, 6.538966029280743 ], [ -75.718645562258473, 6.637076832032221 ], [ -75.726816160402166, 6.797970392949196 ], [ -75.676559686729092, 6.744451384684567 ], [ -75.634757932380751, 6.795487935310803 ], [ -75.626166441750001, 6.774221583212807 ], [ -75.612603680256768, 6.782265999399499 ], [ -75.598418773848039, 6.747349591950922 ], [ -75.611923697265638, 6.702614062412579 ], [ -75.585704011878988, 6.674823801755736 ], [ -75.632970791987645, 6.668783595040395 ], [ -75.662349463080488, 6.637177782089339 ], [ -75.564494265367046, 6.529977193720299 ] ] ] } },
{ "type": "Feature", "properties": { "codigo_dane": "05088", "nombre": "BELLO", "departamento": "ANTIOQUIA", "icv_score": 68.657461764046403, "nbi": 13.7552841121031, "ipm_pct": 8.5115166124351695, "icv_hacinamiento": 1.9948604699594701, "icv_menores_6": 1.61976975930776, "icv_seg_social": 2.83200867215418, "pct_vivienda_acueducto": 94.897382993051707, "icv_paredes": 7.3165255913560898, "icv_pisos": 7.8666056648124298, "subregion": "Valle de Aburrá", "poblacion_2023": 584062.0 }, "geometry": { "type": "Polygon", "coordinates": [ [ [ -75.532469490410051, 6.388667575577301 ], [ -75.515000666794037, 6.360874894857204 ], [ -75.535594002341441, 6.336158037341249 ], [ -75.525875584170194, 6.28717385400887 ], [ -75.558124290441356, 6.312238183746842 ], [ -75.634667650724452, 6.317434724414397 ], [ -75.668722818369304, 6.37315043869279 ], [ -75.662398777933959, 6.40521791689747 ], [ -75.62122376787903, 6.383826708756942 ], [ -75.591191834204437, 6.434997716627095 ], [ -75.566489628222484, 6.420961477024775 ], [ -75.554370633916221, 6.38356548115911 ], [ -75.532469490410051, 6.388667575577301 ] ] ] } },
{ "type": "Feature", "properties": { "codigo_dane": "05091", "nombre": "BETANIA", "departamento": "ANTIOQUIA", "icv_score": 64.027058040907505, "nbi": 13.856093493269199, "ipm_pct": 25.2147030757972, "icv_hacinamiento": 2.7859045123492501, "icv_menores_6": 2.1802785496974502, "icv_seg_social": 2.4409845715559699, "pct_vivienda_acueducto": 88.676361119076404, "icv_paredes": 7.9854794268340701, "icv_pisos": 6.8420683012637298, "subregion": "Resto de Antioquia", "poblacion_2023": 10686.0 }, "geometry": { "type": "Polygon", "coordinates": [ [ [ -75.95474430074097, 5.795225581056059 ], [ -75.920648854403282, 5.753564170616414 ], [ -75.904141849643622, 5.765877711422149 ], [ -75.892425509314648, 5.753866347050803 ], [ -75.88321967204962, 5.710955217358332 ], [ -75.92783351480432, 5.689811491682519 ], [ -75.966216142810936, 5.703481292018751 ], [ -75.994273735122817, 5.690812301046492 ], [ -76.003863105709115, 5.667217595623242 ], [ -76.085432297873638, 5.686142582288767 ], [ -76.063061598306035, 5.72742177813501 ], [ -76.064900959604927, 5.764321257679512 ], [ -76.019795303213243, 5.75340206500266 ], [ -75.95474430074097, 5.795225581056059 ] ] ] } },
{ "type": "Feature", "properties": { "codigo_dane": "05093", "nombre": "BETULIA", "departamento": "ANTIOQUIA", "icv_score": 60.487688647196201, "nbi": 22.637171759257999, "ipm_pct": 37.584217523703003, "icv_hacinamiento": 2.7033472531036802, "icv_menores_6": 2.1558082634834901, "icv_seg_social": 2.36258310758965, "pct_vivienda_acueducto": 79.989702821632505, "icv_paredes": 7.7415879560523599, "icv_pisos": 6.8894511771931004, "subregion": "Resto de Antioquia", "poblacion_2023": 16667.0 }, "geometry": { "type": "Polygon", "coordinates": [ [ [ -76.003038780404779, 6.281712655074671 ], [ -75.97954079217368, 6.237451596284529 ], [ -75.933232629323129, 6.21657977559056 ], [ -75.856771179289581, 6.249324338819008 ], [ -75.841518482380877, 6.168192509765447 ], [ -75.894831280411097, 6.169542649069001 ], [ -75.920237643067765, 6.122762152564007 ], [ -75.953345436777568, 6.119033130558478 ], [ -75.992734458978703, 6.077720007113555 ], [ -76.007651615098439, 6.089836349590996 ], [ -76.016318274117111, 6.16935166259583 ], [ -76.039925216400945, 6.196808418047738 ], [ -76.04944153772675, 6.254615402990964 ], [ -76.003038780404779, 6.281712655074671 ] ] ] } },
{ "type": "Feature", "properties": { "codigo_dane": "05101", "nombre": "CIUDAD BOLÍVAR", "departamento": "ANTIOQUIA", "icv_score": 67.218735523019802, "nbi": 10.4694325351456, "ipm_pct": 12.7052241552668, "icv_hacinamiento": 2.8506602984270399, "icv_menores_6": 1.9899331804571601, "icv_seg_social": 2.3631546036279798, "pct_vivienda_acueducto": 95.405155022920098, "icv_paredes": 7.3138685813518398, "icv_pisos": 7.4492008094285902, "subregion": "Resto de Antioquia", "poblacion_2023": 27252.0 }, "geometry": { "type": "Polygon", "coordinates": [ [ [ -76.060738276448717, 5.925554079312008 ], [ -76.013202798346356, 5.90337554840147 ], [ -75.942529616916033, 5.914969229968847 ], [ -75.939068967713865, 5.876267476999885 ], [ -75.914259534242547, 5.863049193641473 ], [ -75.904614503098628, 5.81581294819199 ], [ -75.950809410759405, 5.805173863020343 ], [ -76.019795303213243, 5.75340206500266 ], [ -76.080671865369538, 5.76633958867842 ], [ -76.070944382291543, 5.78065207931536 ], [ -76.098900398420028, 5.849818853085708 ], [ -76.081570890140881, 5.88277282096027 ], [ -76.060490267570799, 5.886344125625669 ], [ -76.060738276448717, 5.925554079312008 ] ] ] } },
{ "type": "Feature", "properties": { "codigo_dane": "05107", "nombre": "BRICEÑO", "departamento": "ANTIOQUIA", "icv_score": 57.244703694315298, "nbi": 27.974182432505099, "ipm_pct": 31.1922572515303, "icv_hacinamiento": 2.5181895802117999, "icv_menores_6": 2.1555172760194901, "icv_seg_social": 2.4395442431089802, "pct_vivienda_acueducto": 66.860132428676593, "icv_paredes": 7.2892620526161096, "icv_pisos": 6.0366889355184403, "subregion": "Resto de Antioquia", "poblacion_2023": 8041.0 }, "geometry": { "type": "Polygon", "coordinates": [ [ [ -75.438825605291129, 7.251633778269479 ], [ -75.500572657211023, 7.124079000445249 ], [ -75.49120675081457, 7.061237004627685 ], [ -75.471251205254077, 7.049802239652308 ], [ -75.499771766276183, 7.047721261892207 ], [ -75.508802110324098, 7.002082599583389 ], [ -75.555030572782471, 6.991156939929624 ], [ -75.558549086111441, 7.017092255301634 ], [ -75.586376602627752, 7.022805630401706 ], [ -75.601537599439155, 7.065484480729424 ], [ -75.633272310854693, 7.035345314175572 ], [ -75.663863705852634, 7.031789114693765 ], [ -75.687862531304916, 7.077994178715301 ], [ -75.660800336901445, 7.137938293355148 ], [ -75.635484954790911, 7.140356415398287 ], [ -75.596399125019559, 7.18527355927904 ], [ -75.534542986096199, 7.204571833073487 ], [ -75.511535384077888, 7.229952746437903 ], [ -75.479626809888771, 7.222814363683881 ], [ -75.438825605291129, 7.251633778269479 ] ] ] } },
{ "type": "Feature", "properties": { "codigo_dane": "05113", "nombre": "BURITICÁ", "departamento": "ANTIOQUIA", "icv_score": 61.869752851964897, "nbi": 19.953143861456201, "ipm_pct": 8.5740121619214804, "icv_hacinamiento": 3.1182565494431702, "icv_menores_6": 2.4620712231038802, "icv_seg_social": 2.69141510909694, "pct_vivienda_acueducto": 49.210583422146499, "icv_paredes": 8.1002135023410506, "icv_pisos": 7.0335803471625304, "subregion": "Resto de Antioquia", "poblacion_2023": 10605.0 }, "geometry": { "type": "Polygon", "coordinates": [ [ [ -75.90856907967526, 6.973780100278759 ], [ -75.901680541058795, 6.9278089164211 ], [ -75.876779481152141, 6.91861229677653 ], [ -75.84146566229839, 6.861107827831177 ], [ -75.864531335954553, 6.831353477393804 ], [ -75.855460826401611, 6.808777153293818 ], [ -75.871478175279435, 6.784886396154661 ], [ -75.846210337441505, 6.746532206137715 ], [ -75.860639388172729, 6.718806725742581 ], [ -75.832609338229418, 6.68200122172982 ], [ -75.880201834244929, 6.645188280558841 ], [ -75.885586113074964, 6.675974779012222 ], [ -75.910578296360029, 6.67858558085419 ], [ -75.956047512915006, 6.717622888086794 ], [ -75.98466972737566, 6.769369145183987 ], [ -75.980413330996043, 6.822102539275704 ], [ -75.955808722555901, 6.839907769657316 ], [ -75.96836718293082, 6.901092427252138 ], [ -75.956500637878435, 6.960402885955261 ], [ -75.90856907967526, 6.973780100278759 ] ] ] } },
{ "type": "Feature", "properties": { "codigo_dane": "05120", "nombre": "CÁCERES", "departamento": "ANTIOQUIA", "icv_score": 59.993137456487702, "nbi": 17.930121958696301, "ipm_pct": 29.747032627479399, "icv_hacinamiento": 3.0581908380931901, "icv_menores_6": 2.26135823732153, "icv_seg_social": 2.5065597694249702, "pct_vivienda_acueducto": 68.385570429622405, "icv_paredes": 6.9038835256602198, "icv_pisos": 5.2415911184567596, "subregion": "Resto de Antioquia", "poblacion_2023": 29240.0 }, "geometry": { "type": "Polygon", "coordinates": [ [ [ -75.02015290288125, 7.58080664315122 ], [ -75.062857463911257, 7.559903512551386 ], [ -75.081903015363764, 7.514333642383576 ], [ -75.12902228300203, 7.540160215705498 ], [ -75.061005538764846, 7.477227873552863 ], [ -75.030143988704651, 7.489159955249022 ], [ -75.011523247295258, 7.424622522728896 ], [ -74.995495129405299, 7.417274835041837 ], [ -74.995441389447194, 7.385107039194452 ], [ -75.046537113945021, 7.424491914769021 ], [ -75.117878454731283, 7.378641985605043 ], [ -75.153688357816179, 7.377791522000052 ], [ -75.175590333162972, 7.351734164111235 ], [ -75.19424687695647, 7.38904487834742 ], [ -75.215407482888281, 7.397085367096622 ], [ -75.216070323315193, 7.446110476807689 ], [ -75.250397105785794, 7.456963239914671 ], [ -75.26398116724971, 7.523602562991414 ], [ -75.332235173810545, 7.536109492367302 ], [ -75.365907162968938, 7.583638758614541 ], [ -75.383555168287614, 7.644065066825306 ], [ -75.414558669343819, 7.649108485937404 ], [ -75.439136173793599, 7.63398415389355 ], [ -75.448077589049092, 7.742925065120744 ], [ -75.485226421352195, 7.736134193216458 ], [ -75.454346921141735, 7.797536649322069 ], [ -75.466831415973843, 7.825932270758244 ], [ -75.422436270944274, 7.819389264001302 ], [ -75.404348103362054, 7.857527887822698 ], [ -75.351558915761927, 7.870953955265179 ], [ -75.330963913838332, 7.925358598002845 ], [ -75.326169923841746, 7.90403929556652 ], [ -75.300730448358991, 7.913102933900348 ], [ -75.293363166603399, 7.890301004923515 ], [ -75.259191040011956, 7.884147127996471 ], [ -75.254274948209741, 7.918408033361516 ], [ -75.234355542800245, 7.927175105244373 ], [ -75.228163185608992, 7.952999830730221 ], [ -75.210428843139596, 7.945790293264224 ], [ -75.203807116951509, 7.957634638233287 ], [ -75.169792308847946, 7.917310681976971 ], [ -75.164536104726608, 7.885569137071627 ], [ -75.184797189118342, 7.84923754595286 ], [ -75.165905139208974, 7.801325706684167 ], [ -75.117235276644976, 7.804423617682176 ], [ -75.1100601545632, 7.785174879726924 ], [ -75.033709034802428, 7.771498481259641 ], [ -75.040398874902905, 7.715717208777903 ], [ -75.027248275163458, 7.705485696761968 ], [ -75.042618293938403, 7.611919200668126 ], [ -75.02015290288125, 7.58080664315122 ] ] ] } },
{ "type": "Feature", "properties": { "codigo_dane": "05125", "nombre": "CAICEDO", "departamento": "ANTIOQUIA", "icv_score": 60.352384895436998, "nbi": 13.2438981822215, "ipm_pct": 23.7531646655431, "icv_hacinamiento": 3.03329095457135, "icv_menores_6": 2.4932924263830398, "icv_seg_social": 2.3920773953088501, "pct_vivienda_acueducto": 56.706557472226898, "icv_paredes": 7.6934068425764401, "icv_pisos": 5.9428866008465402, "subregion": "Resto de Antioquia", "poblacion_2023": 8920.0 }, "geometry": { "type": "Polygon", "coordinates": [ [ [ -76.048109206639538, 6.504659275663698 ], [ -76.031587412005251, 6.49025914621609 ], [ -75.967612583117784, 6.490719646353909 ], [ -75.965410067694449, 6.465023627092933 ], [ -75.943180092921523, 6.457914786358913 ], [ -75.941821124968328, 6.421330377676725 ], [ -75.905029882620397, 6.396612055007381 ], [ -75.930097477737036, 6.349768015221798 ], [ -75.989684785753298, 6.34516755932259 ], [ -76.043789826630189, 6.378745052824343 ], [ -76.043250895420726, 6.435449607304349 ], [ -76.086676464635275, 6.463037095582081 ], [ -76.048109206639538, 6.504659275663698 ] ] ] } },
{ "type": "Feature", "properties": { "codigo_dane": "05129", "nombre": "CALDAS", "departamento": "ANTIOQUIA", "icv_score": 70.244229462082501, "nbi": 8.2016833119551507, "ipm_pct": 4.06163114052229, "icv_hacinamiento": 2.1428047687146798, "icv_menores_6": 1.82835911651691, "icv_seg_social": 3.0622665583141, "pct_vivienda_acueducto": 96.771192799801497, "icv_paredes": 7.6960455099588803, "icv_pisos": 8.0389876126291195, "subregion": "Valle de Aburrá", "poblacion_2023": 87460.0 }, "geometry": { "type": "Polygon", "coordinates": [ [ [ -75.676006619619045, 6.116901213789617 ], [ -75.595773082310927, 6.115197503596619 ], [ -75.570405499955996, 6.100616332932304 ], [ -75.587741954912758, 6.071424563669723 ], [ -75.570976730117195, 6.023294953738059 ], [ -75.61361619018669, 5.978253347277189 ], [ -75.631248592654742, 5.995752525889202 ], [ -75.67041994300763, 5.998612870034492 ], [ -75.660262981338235, 6.015627127788207 ], [ -75.684240823027096, 6.046431880022624 ], [ -75.670175418697511, 6.062279166901817 ], [ -75.676006619619045, 6.116901213789617 ] ] ] } },
{ "type": "Feature", "properties": { "codigo_dane": "05134", "nombre": "CAMPAMENTO", "departamento": "ANTIOQUIA", "icv_score": 57.815070507996701, "nbi": 28.879701349475098, "ipm_pct": 38.541685791196102, "icv_hacinamiento": 2.4285801074735098, "icv_menores_6": 2.1723296193228601, "icv_seg_social": 2.4633602801291099, "pct_vivienda_acueducto": 82.5160553169694, "icv_paredes": 7.7177309878534297, "icv_pisos": 6.6366572616790096, "subregion": "Resto de Antioquia", "poblacion_2023": 9811.0 }, "geometry": { "type": "Polygon", "coordinates": [ [ [ -75.317364192031562, 7.212712274749038 ], [ -75.293898105696542, 7.133641523959568 ], [ -75.259938337414269, 7.115971231420929 ], [ -75.255188538276684, 7.046265978294059 ], [ -75.221397356958107, 7.033268367159394 ], [ -75.224344196357777, 6.929709085628303 ], [ -75.242629782355777, 6.92723949636661 ], [ -75.269645807808445, 6.970781075007721 ], [ -75.329826540679335, 6.945032314716059 ], [ -75.362122009688221, 6.954807216302413 ], [ -75.329367556000591, 7.081438245902405 ], [ -75.332210853701497, 7.166864180844641 ], [ -75.317364192031562, 7.212712274749038 ] ] ] } },
{ "type": "Feature", "properties": { "codigo_dane": "05138", "nombre": "CAÑASGORDAS", "departamento": "ANTIOQUIA", "icv_score": 60.675188535040903, "nbi": 16.795748843196701, "ipm_pct": 17.423218430155298, "icv_hacinamiento": 3.1672668467775198, "icv_menores_6": 2.3826539549540802, "icv_seg_social": 2.5162001010408299, "pct_vivienda_acueducto": 69.365869932502093, "icv_paredes": 7.2957782193160501, "icv_pisos": 6.2603259885361497, "subregion": "Resto de Antioquia", "poblacion_2023": 15570.0 }, "geometry": { "type": "Polygon", "coordinates": [ [ [ -75.95437462663898, 6.966110616935907 ], [ -75.96836718293082, 6.901092427252138 ], [ -75.955808722555901, 6.839907769657316 ], [ -75.986166285899003, 6.805553566090794 ], [ -75.98383663181221, 6.7628150469194 ], [ -75.95921538835637, 6.726335984652792 ], [ -76.010419442577245, 6.646011794683886 ], [ -76.039526207789947, 6.656030715726786 ], [ -76.040265422144898, 6.704657677413593 ], [ -76.086314527728973, 6.752523004574755 ], [ -76.083035653667707, 6.784916539148071 ], [ -76.129881547577554, 6.843887369724484 ], [ -76.093667018711699, 6.860999130696825 ], [ -76.095539293410468, 6.898773780231238 ], [ -75.98709641037027, 6.937898765800469 ], [ -75.964961860112794, 6.980639998784511 ], [ -75.95437462663898, 6.966110616935907 ] ] ] } },
{ "type": "Feature", "properties": { "codigo_dane": "05142", "nombre": "CARACOLÍ", "departamento": "ANTIOQUIA", "icv_score": 62.410191020987298, "nbi": 16.184543957635402, "ipm_pct": 15.864288142355401, "icv_hacinamiento": 2.7186629025871198, "icv_menores_6": 2.0598857428062298, "icv_seg_social": 2.6403567128101901, "pct_vivienda_acueducto": 89.924272662763897, "icv_paredes": 6.9046931560190101, "icv_pisos": 6.1850562071013702, "subregion": "Resto de Antioquia", "poblacion_2023": 4541.0 }, "geometry": { "type": "Polygon", "coordinates": [ [ [ -74.810952570642598, 6.461703676634215 ], [ -74.73214006414355, 6.394550026324964 ], [ -74.699916215174426, 6.390908723080258 ], [ -74.674653742977966, 6.334597438768583 ], [ -74.625050976553041, 6.314114704785368 ], [ -74.635628848675822, 6.231614658717035 ], [ -74.68994748124976, 6.293534523279106 ], [ -74.71320772835486, 6.239996044913482 ], [ -74.746961467862491, 6.241280502944392 ], [ -74.768690656618276, 6.267137757350952 ], [ -74.793726589689186, 6.313111734971358 ], [ -74.783443338264931, 6.373323427404898 ], [ -74.816292897565745, 6.365896087834756 ], [ -74.799251605890333, 6.410375858723114 ], [ -74.830477909077445, 6.407578978806612 ], [ -74.841339464901466, 6.436177413046096 ], [ -74.810952570642598, 6.461703676634215 ] ] ] } },
{ "type": "Feature", "properties": { "codigo_dane": "05145", "nombre": "CARAMANTA", "departamento": "ANTIOQUIA", "icv_score": 63.623789914664798, "nbi": 19.540656110870898, "ipm_pct": 15.8269960860803, "icv_hacinamiento": 2.85303265111351, "icv_menores_6": 2.1761651600761698, "icv_seg_social": 2.5801086372292201, "pct_vivienda_acueducto": 94.248817121589099, "icv_paredes": 7.11346755987769, "icv_pisos": 6.96043010066784, "subregion": "Resto de Antioquia", "poblacion_2023": 4590.0 }, "geometry": { "type": "Polygon", "coordinates": [ [ [ -75.58015459921188, 5.605637350204802 ], [ -75.578226925365414, 5.515694597972868 ], [ -75.616624868761505, 5.532308178942742 ], [ -75.689108013201235, 5.519317184803697 ], [ -75.714347360947158, 5.547925579571029 ], [ -75.697808589937097, 5.549408534895178 ], [ -75.676462968638646, 5.597934197079894 ], [ -75.652081854032758, 5.571171316177754 ], [ -75.58015459921188, 5.605637350204802 ] ] ] } },
{ "type": "Feature", "properties": { "codigo_dane": "05147", "nombre": "CAREPA", "departamento": "ANTIOQUIA", "icv_score": 58.5356539078998, "nbi": 19.172915396834401, "ipm_pct": 18.508480857106701, "icv_hacinamiento": 2.3908626913441999, "icv_menores_6": 1.7493348583800299, "icv_seg_social": 2.69849248798175, "pct_vivienda_acueducto": 82.238401270561397, "icv_paredes": 5.83727240043698, "icv_pisos": 5.2604535812041604, "subregion": "Resto de Antioquia", "poblacion_2023": 50303.0 }, "geometry": { "type": "Polygon", "coordinates": [ [ [ -76.753034396075407, 7.879410896125421 ], [ -76.680871221913435, 7.799507219554243 ], [ -76.656027640756008, 7.788285793849013 ], [ -76.628592455667842, 7.804983661114306 ], [ -76.619431530609575, 7.787435136207762 ], [ -76.55451045786856, 7.76916962577576 ], [ -76.517523482345666, 7.834883757034447 ], [ -76.514631247084083, 7.881629459964131 ], [ -76.48019330788992, 7.881937896762736 ], [ -76.463624604990741, 7.857582032022947 ], [ -76.481272542037402, 7.82172074885608 ], [ -76.483497340189103, 7.758035070821052 ], [ -76.496631204301423, 7.749715600156605 ], [ -76.490829372923201, 7.719767591654261 ], [ -76.611958882675367, 7.735890966972931 ], [ -76.650307664829995, 7.712457318828683 ], [ -76.795861266422094, 7.755991976843291 ], [ -76.817451135349415, 7.782797560993174 ], [ -76.820185135840859, 7.840962294893473 ], [ -76.778989672028956, 7.883930103834018 ], [ -76.753034396075407, 7.879410896125421 ] ] ] } },
{ "type": "Feature", "properties": { "codigo_dane": "05148", "nombre": "EL CARMEN DE VIBORAL", "departamento": "ANTIOQUIA", "icv_score": 71.733254694524007, "nbi": 5.4167987836824496, "ipm_pct": 7.2884427470289204, "icv_hacinamiento": 2.8548716196300701, "icv_menores_6": 2.09953239471657, "icv_seg_social": 3.1309878103826501, "pct_vivienda_acueducto": 94.1305891484364, "icv_paredes": 8.0967659380202601, "icv_pisos": 8.3489197404758997, "subregion": "Resto de Antioquia", "poblacion_2023": 67061.0 }, "geometry": { "type": "Polygon", "coordinates": [ [ [ -75.387707573810474, 6.059845594721821 ], [ -75.381621358942823, 6.117421043207628 ], [ -75.353823692568938, 6.122653462616199 ], [ -75.349446868844666, 6.145983520552591 ], [ -75.345564244684624, 6.122612520966186 ], [ -75.307198381949547, 6.111631745134218 ], [ -75.305407468629198, 6.144790635956383 ], [ -75.286750177436716, 6.096926084940321 ], [ -75.296266363116786, 6.084063061305358 ], [ -75.268572409121703, 6.055502903412275 ], [ -75.227361334374336, 6.051847256755991 ], [ -75.21376015639737, 6.013773229041476 ], [ -75.181874845897653, 5.988434470053733 ], [ -75.185582664052276, 5.954834975894812 ], [ -75.153726014324604, 5.921256047782435 ], [ -75.165379318921509, 5.873756197790954 ], [ -75.209789490981109, 5.872178163803028 ], [ -75.243101217694232, 5.818586571605579 ], [ -75.267966377300297, 5.81249918443558 ], [ -75.265953878168887, 5.850603584214014 ], [ -75.29447162117367, 5.915877636752498 ], [ -75.288642843010393, 5.955002358216802 ], [ -75.319781890069521, 5.953115373593505 ], [ -75.345178229316275, 6.002095987916448 ], [ -75.334391522978024, 6.01006616816727 ], [ -75.342496397628167, 6.034301459136827 ], [ -75.362723214857738, 6.031792069086464 ], [ -75.387707573810474, 6.059845594721821 ] ] ] } },
{ "type": "Feature", "properties": { "codigo_dane": "05150", "nombre": "CAROLINA", "departamento": "ANTIOQUIA", "icv_score": 68.202857123611494, "nbi": 14.734978525706801, "ipm_pct": 7.3775166695626702, "icv_hacinamiento": 2.71847176201902, "icv_menores_6": 1.7918533667466501, "icv_seg_social": 2.5526597972984999, "pct_vivienda_acueducto": 96.153449387491904, "icv_paredes": 7.0146517901004204, "icv_pisos": 7.6601217426463997, "subregion": "Resto de Antioquia", "poblacion_2023": 3976.0 }, "geometry": { "type": "Polygon", "coordinates": [ [ [ -75.284393875704097, 6.822830657631357 ], [ -75.267383867883382, 6.79789738590955 ], [ -75.229939333309289, 6.793571132884551 ], [ -75.258352011969635, 6.776957075807104 ], [ -75.25847884161243, 6.701108568339919 ], [ -75.287536662976208, 6.677209347267421 ], [ -75.363442520733486, 6.72842052513414 ], [ -75.381323152166829, 6.765155505951043 ], [ -75.365127838804653, 6.796485523313663 ], [ -75.321891233953977, 6.79941095404638 ], [ -75.284393875704097, 6.822830657631357 ] ] ] } },
{ "type": "Feature", "properties": { "codigo_dane": "05154", "nombre": "CAUCASIA", "departamento": "ANTIOQUIA", "icv_score": 61.0787643674051, "nbi": 15.1442196433586, "ipm_pct": 17.114768566485399, "icv_hacinamiento": 2.0920779916724102, "icv_menores_6": 1.6057716434557801, "icv_seg_social": 2.2353345730221599, "pct_vivienda_acueducto": 91.698526856826703, "icv_paredes": 5.9144988164365104, "icv_pisos": 5.3272009463275003, "subregion": "Resto de Antioquia", "poblacion_2023": 93262.0 }, "geometry": { "type": "Polygon", "coordinates": [ [ [ -75.326169923841746, 7.90403929556652 ], [ -75.328606281699649, 7.934870391815991 ], [ -75.337345677364851, 7.938782707116445 ], [ -75.336715725185002, 7.948100172720899 ], [ -75.309284569942463, 7.947435992904843 ], [ -75.244027576424855, 8.007604295777242 ], [ -75.235816085140186, 8.029131049920693 ], [ -75.247059613012254, 8.042105461146434 ], [ -75.220032160081757, 8.06813678943081 ], [ -75.188559291610545, 8.04450744314596 ], [ -75.134428017211462, 8.054023125769106 ], [ -75.12550815435344, 8.040137066635623 ], [ -75.0929976473588, 8.070596875407546 ], [ -75.047405906789663, 8.042404003892614 ], [ -74.968359277581385, 8.09057864460874 ], [ -74.92792783781573, 8.074597632613177 ], [ -74.913421612756906, 8.099647309020554 ], [ -74.911275130692388, 8.02741779332365 ], [ -74.934639686658159, 8.028822117251707 ], [ -74.950493491718248, 7.986741310919456 ], [ -74.917815473044129, 7.961657918915932 ], [ -74.894986290956467, 7.910612289009919 ], [ -74.926222730741358, 7.900354977358461 ], [ -74.945590596178022, 7.862451727600444 ], [ -74.924298043795545, 7.848449082321565 ], [ -74.923636938016841, 7.80990717300665 ], [ -74.823872172015911, 7.767796943232156 ], [ -74.80580070322975, 7.784073289189166 ], [ -74.782681233021663, 7.728234186716577 ], [ -74.790192596578834, 7.696152675019334 ], [ -74.842372011769783, 7.667961821122105 ], [ -74.877334073434099, 7.694740475554909 ], [ -74.904886705254398, 7.684098731367897 ], [ -74.908306811658861, 7.654916114148762 ], [ -74.938983847612633, 7.620177512182693 ], [ -74.97356222863192, 7.621537638963559 ], [ -75.014272954841999, 7.576550542317591 ], [ -75.042618293938403, 7.611919200668126 ], [ -75.027248275163458, 7.705485696761968 ], [ -75.040398874902905, 7.715717208777903 ], [ -75.033709034802428, 7.771498481259641 ], [ -75.1100601545632, 7.785174879726924 ], [ -75.117235276644976, 7.804423617682176 ], [ -75.165905139208974, 7.801325706684167 ], [ -75.184788518572304, 7.849004679987729 ], [ -75.164273593435212, 7.888174404388678 ], [ -75.181108885082153, 7.940556582975546 ], [ -75.203807116951509, 7.957634638233287 ], [ -75.210428843139596, 7.945790293264224 ], [ -75.228163185608992, 7.952999830730221 ], [ -75.234355542800245, 7.927175105244373 ], [ -75.264510685005803, 7.903621758289717 ], [ -75.259191040011956, 7.884147127996471 ], [ -75.293363166603399, 7.890301004923515 ], [ -75.300730448358991, 7.913102933900348 ], [ -75.326169923841746, 7.90403929556652 ] ] ] } },
{ "type": "Feature", "properties": { "codigo_dane": "05172", "nombre": "CHIGORODÓ", "departamento": "ANTIOQUIA", "icv_score": 58.766259654736999, "nbi": 22.733294058171399, "ipm_pct": 14.709003946649201, "icv_hacinamiento": 2.4045328335696898, "icv_menores_6": 1.77140266364383, "icv_seg_social": 2.3626217529357598, "pct_vivienda_acueducto": 78.750338328382995, "icv_paredes": 6.0432374362466996, "icv_pisos": 5.3892509877096098, "subregion": "Resto de Antioquia", "poblacion_2023": 57067.0 }, "geometry": { "type": "Polygon", "coordinates": [ [ [ -76.819020283195471, 7.767300620947253 ], [ -76.650307664829995, 7.712457318828683 ], [ -76.611958882675367, 7.735890966972931 ], [ -76.490829372923201, 7.719767591654261 ], [ -76.492298682827368, 7.64046914380998 ], [ -76.514411001560461, 7.588346008116446 ], [ -76.503421716879359, 7.552157168393251 ], [ -76.559177681104472, 7.530370001424558 ], [ -76.575371565245916, 7.485740324053722 ], [ -76.600803421212333, 7.464229273372268 ], [ -76.618755828992448, 7.455268279319569 ], [ -76.647546095020516, 7.468422976278248 ], [ -76.658703428574029, 7.51533205414222 ], [ -76.695168669350664, 7.538299800574521 ], [ -76.713454826677605, 7.593729346409646 ], [ -76.76533302483557, 7.605341115569672 ], [ -76.762513363625317, 7.620742179247259 ], [ -76.781215927249207, 7.6191062999971 ], [ -76.797491441365594, 7.641050876183556 ], [ -76.788285702017049, 7.658557862958219 ], [ -76.820262416169726, 7.66504335233833 ], [ -76.806635830222945, 7.710330747938258 ], [ -76.819020283195471, 7.767300620947253 ] ] ] } },
{ "type": "Feature", "properties": { "codigo_dane": "05190", "nombre": "CISNEROS", "departamento": "ANTIOQUIA", "icv_score": 65.569288305178105, "nbi": 24.689939827762199, "ipm_pct": 6.19557239281849, "icv_hacinamiento": 2.5119964367071099, "icv_menores_6": 1.80897710712639, "icv_seg_social": 2.50792211103149, "pct_vivienda_acueducto": 97.577339100804593, "icv_paredes": 7.4347917955686, "icv_pisos": 7.3679291349001499, "subregion": "Resto de Antioquia", "poblacion_2023": 10033.0 }, "geometry": { "type": "Polygon", "coordinates": [ [ [ -75.087787260048458, 6.585223208206685 ], [ -75.057376002561398, 6.57942297493264 ], [ -75.03200552403564, 6.543573590859523 ], [ -75.065083950897019, 6.535446616737431 ], [ -75.0804711005581, 6.506692730710768 ], [ -75.087305126664717, 6.536534515142705 ], [ -75.121715017738381, 6.534024283370229 ], [ -75.136505293011339, 6.54767150094051 ], [ -75.087787260048458, 6.585223208206685 ] ] ] } },
{ "type": "Feature", "properties": { "codigo_dane": "05197", "nombre": "COCORNÁ", "departamento": "ANTIOQUIA", "icv_score": 65.474073053923107, "nbi": 18.3362426025007, "ipm_pct": 17.4494364904855, "icv_hacinamiento": 2.6707019126976399, "icv_menores_6": 2.1396874780383599, "icv_seg_social": 2.6523453103105599, "pct_vivienda_acueducto": 96.912008976522898, "icv_paredes": 7.8298965493687804, "icv_pisos": 7.3285886759152303, "subregion": "Resto de Antioquia", "poblacion_2023": 15981.0 }, "geometry": { "type": "Polygon", "coordinates": [ [ [ -75.068824331210067, 5.999167759827685 ], [ -75.101199111640256, 5.993962359967725 ], [ -75.11972051906298, 5.966737440112468 ], [ -75.083552451998969, 5.91302718126974 ], [ -75.055377104832473, 5.91941612773104 ], [ -75.066963348343393, 5.899683545100061 ], [ -75.165701036423854, 5.861372247875408 ], [ -75.153726014324604, 5.921256047782435 ], [ -75.185582664052276, 5.954834975894812 ], [ -75.181874845897653, 5.988434470053733 ], [ -75.21376015639737, 6.013773229041476 ], [ -75.227361334374336, 6.051847256755991 ], [ -75.268572409121703, 6.055502903412275 ], [ -75.268487175103019, 6.080083055199339 ], [ -75.229042997197723, 6.12429923322378 ], [ -75.183681952262248, 6.092703403258497 ], [ -75.166890980831795, 6.101149330764542 ], [ -75.156078764115762, 6.064805846840272 ], [ -75.108161092979628, 6.041523733825443 ], [ -75.068824331210067, 5.999167759827685 ] ] ] } },
{ "type": "Feature", "properties": { "codigo_dane": "05206", "nombre": "CONCEPCIÓN", "departamento": "ANTIOQUIA", "icv_score": 65.2513882938553, "nbi": 8.93140309063382, "ipm_pct": 11.9316395186591, "icv_hacinamiento": 3.0931430419813002, "icv_menores_6": 2.3478283431246698, "icv_seg_social": 2.9237266706384299, "pct_vivienda_acueducto": 69.209636517328804, "icv_paredes": 7.2017778250084703, "icv_pisos": 7.23497662889024, "subregion": "Resto de Antioquia", "poblacion_2023": 5052.0 }, "geometry": { "type": "Polygon", "coordinates": [ [ [ -75.213925610933188, 6.452580619188609 ], [ -75.145024491661957, 6.411882483775571 ], [ -75.136081835832101, 6.3861151957164 ], [ -75.158684359318158, 6.371756694232261 ], [ -75.155365932403413, 6.330006320864186 ], [ -75.172398846383828, 6.326343591884552 ], [ -75.18245241277998, 6.284734017871358 ], [ -75.200408763269024, 6.287817633068585 ], [ -75.222617991433879, 6.323641435796958 ], [ -75.2609187496152, 6.334936509041086 ], [ -75.258616285757057, 6.35091466618843 ], [ -75.280556981218353, 6.345767711665758 ], [ -75.306019928799913, 6.371616600055404 ], [ -75.309670437986995, 6.398710515793482 ], [ -75.213925610933188, 6.452580619188609 ] ] ] } },
{ "type": "Feature", "properties": { "codigo_dane": "05209", "nombre": "CONCORDIA", "departamento": "ANTIOQUIA", "icv_score": 62.397547188829598, "nbi": 21.481774151585199, "ipm_pct": 26.369674214455699, "icv_hacinamiento": 2.7881495398872702, "icv_menores_6": 2.2304582818074801, "icv_seg_social": 2.7036438385450499, "pct_vivienda_acueducto": 76.562423358022201, "icv_paredes": 7.5987902909363498, "icv_pisos": 6.8141037424636099, "subregion": "Resto de Antioquia", "poblacion_2023": 22061.0 }, "geometry": { "type": "Polygon", "coordinates": [ [ [ -75.890817880306088, 6.169319802022244 ], [ -75.841878142056146, 6.166232678002757 ], [ -75.865838024611492, 6.054071374882483 ], [ -75.831966912033579, 5.995979594122844 ], [ -75.843038752853374, 5.963910884326879 ], [ -75.867090260945815, 5.94975325258855 ], [ -75.939367782649811, 5.973703640842075 ], [ -75.940216703846204, 6.040708538106628 ], [ -75.976898472914854, 6.047698982588429 ], [ -75.998546188002649, 6.069833745746791 ], [ -75.953345436777568, 6.119033130558478 ], [ -75.920237643067765, 6.122762152564007 ], [ -75.890817880306088, 6.169319802022244 ] ] ] } },
{ "type": "Feature", "properties": { "codigo_dane": "05212", "nombre": "COPACABANA", "departamento": "ANTIOQUIA", "icv_score": 69.433364830097304, "nbi": 5.8685275677192896, "ipm_pct": 4.7137961592871598, "icv_hacinamiento": 2.1115966311591001, "icv_menores_6": 1.7949742857058399, "icv_seg_social": 2.8801577042112601, "pct_vivienda_acueducto": 97.865940805030803, "icv_paredes": 7.6392172049900102, "icv_pisos": 8.1938817547077107, "subregion": "Valle de Aburrá", "poblacion_2023": 88121.0 }, "geometry": { "type": "Polygon", "coordinates": [ [ [ -75.48833492708917, 6.430380419099549 ], [ -75.473955171448438, 6.375683482301781 ], [ -75.486896285693263, 6.372979446937109 ], [ -75.450582382416542, 6.331072924688669 ], [ -75.484426749432203, 6.320149415603453 ], [ -75.492058613995937, 6.293298972247499 ], [ -75.514091019435966, 6.302152696589985 ], [ -75.522386529317771, 6.288510631760232 ], [ -75.536018488990862, 6.332689605129247 ], [ -75.515000666794037, 6.360874894857204 ], [ -75.532671632171343, 6.388298217682575 ], [ -75.48833492708917, 6.430380419099549 ] ] ] } },
{ "type": "Feature", "properties": { "codigo_dane": "05234", "nombre": "DABEIBA", "departamento": "ANTIOQUIA", "icv_score": 52.6235900922699, "nbi": 24.498146233183402, "ipm_pct": 30.972541974972501, "icv_hacinamiento": 3.0975286589293001, "icv_menores_6": 2.14357864417302, "icv_seg_social": 2.4046986574987899, "pct_vivienda_acueducto": 58.069907276605498, "icv_paredes": 4.7652322662555102, "icv_pisos": 4.2075912692717603, "subregion": "Resto de Antioquia", "poblacion_2023": 24409.0 }, "geometry": { "type": "Polygon", "coordinates": [ [ [ -76.218025591801222, 7.150103664123264 ], [ -76.157485015998589, 7.127269474822185 ], [ -76.134642190287536, 7.149303283431891 ], [ -76.10167123795236, 7.138143261218545 ], [ -76.092129599386737, 7.158796983364141 ], [ -76.056104560399604, 7.172002991234422 ], [ -75.966665846987041, 7.131335256631473 ], [ -75.975938641133439, 7.004882758353347 ], [ -75.999946155098087, 7.000335074925886 ], [ -76.032705386030159, 6.954577816938752 ], [ -76.073170232371297, 6.93993001638006 ], [ -76.155305534295792, 6.977591626320645 ], [ -76.170907261106493, 6.959313973351243 ], [ -76.234302362661651, 6.963019779278056 ], [ -76.239373000748515, 6.939822498734657 ], [ -76.224750784229514, 6.920375223960207 ], [ -76.287969756559789, 6.901263239344587 ], [ -76.299014867088715, 6.874215541964702 ], [ -76.299947988342126, 6.846456858911893 ], [ -76.286994910324836, 6.84869613971415 ], [ -76.275028350362277, 6.808941539731961 ], [ -76.299385020891464, 6.779669858074669 ], [ -76.316011675054142, 6.775216490640673 ], [ -76.426052454747378, 6.856452123701331 ], [ -76.439404480290193, 6.812084096136857 ], [ -76.428638483729003, 6.745008882289142 ], [ -76.521181825746623, 6.764578036985199 ], [ -76.564105083603465, 6.700871687800657 ], [ -76.583766203399989, 6.698350312418142 ], [ -76.618729495757236, 6.747774929305592 ], [ -76.576032448242302, 6.78636026860579 ], [ -76.560195353656411, 6.884858490793476 ], [ -76.512586715800694, 6.92550743262575 ], [ -76.524572813237967, 6.963166247006882 ], [ -76.544019420563586, 6.962495879590222 ], [ -76.549502009300056, 7.016342764211686 ], [ -76.508071359172845, 7.139268171141339 ], [ -76.458886546843303, 7.132813912615291 ], [ -76.433549394942872, 7.19121797227109 ], [ -76.353196978986887, 7.179012756696807 ], [ -76.317427200982706, 7.152539682417739 ], [ -76.218025591801222, 7.150103664123264 ] ] ] } },
{ "type": "Feature", "properties": { "codigo_dane": "05237", "nombre": "DONMATÍAS", "departamento": "ANTIOQUIA", "icv_score": 70.404313217165694, "nbi": 6.0774282639932098, "ipm_pct": 12.515139985095299, "icv_hacinamiento": 2.8481321822639498, "icv_menores_6": 1.9384657520495601, "icv_seg_social": 3.0271661876726501, "pct_vivienda_acueducto": 93.507867546091006, "icv_paredes": 7.9027207142356604, "icv_pisos": 8.3174179297418203, "subregion": "Resto de Antioquia", "poblacion_2023": 19621.0 }, "geometry": { "type": "Polygon", "coordinates": [ [ [ -75.209353715194595, 6.55397700642186 ], [ -75.250936490644847, 6.527629584991587 ], [ -75.26555066094744, 6.492177492847588 ], [ -75.323075210848685, 6.513188863338883 ], [ -75.396126507819076, 6.441641302436722 ], [ -75.469028166903399, 6.433235510791178 ], [ -75.488164146437725, 6.459111238167964 ], [ -75.45304026572245, 6.45968266685702 ], [ -75.463514356296059, 6.511780820382569 ], [ -75.427528924959688, 6.544621678594638 ], [ -75.395911936059292, 6.51769628693819 ], [ -75.395139422926889, 6.54175689407333 ], [ -75.315008695190045, 6.549066597366618 ], [ -75.271219581981882, 6.572783857346849 ], [ -75.209353715194595, 6.55397700642186 ] ] ] } },
{ "type": "Feature", "properties": { "codigo_dane": "05240", "nombre": "EBÉJICO", "departamento": "ANTIOQUIA", "icv_score": 66.912712457482996, "nbi": 5.1536763527057596, "ipm_pct": 12.0132310655406, "icv_hacinamiento": 3.3217575552721099, "icv_menores_6": 2.5829698086734698, "icv_seg_social": 2.74078881590136, "pct_vivienda_acueducto": 93.714986632798897, "icv_paredes": 7.8285709332483, "icv_pisos": 7.2927427933673501, "subregion": "Resto de Antioquia", "poblacion_2023": 12553.0 }, "geometry": { "type": "Polygon", "coordinates": [ [ [ -75.77662996910334, 6.419243859103517 ], [ -75.716397428552057, 6.360303305369541 ], [ -75.710031985630565, 6.259047709406389 ], [ -75.736653418593676, 6.267399650600964 ], [ -75.775923597181361, 6.246292053398065 ], [ -75.788023462746708, 6.265721890960606 ], [ -75.804779873265716, 6.261975123620857 ], [ -75.817041400676715, 6.224925354012953 ], [ -75.852439173448886, 6.249438920821433 ], [ -75.8336117591723, 6.282433471019601 ], [ -75.857347606208862, 6.329159333742098 ], [ -75.850766449768003, 6.365495646409784 ], [ -75.830036759733218, 6.403014122272168 ], [ -75.800695216040651, 6.420806260596407 ], [ -75.801541248252818, 6.396179927282105 ], [ -75.785789590705065, 6.395638512228913 ], [ -75.77662996910334, 6.419243859103517 ] ] ] } },
{ "type": "Feature", "properties": { "codigo_dane": "05250", "nombre": "EL BAGRE", "departamento": "ANTIOQUIA", "icv_score": 57.714132312085802, "nbi": 27.460385535897601, "ipm_pct": 26.7886664108559, "icv_hacinamiento": 2.1639065776325199, "icv_menores_6": 1.6516057126700601, "icv_seg_social": 2.3702168755024999, "pct_vivienda_acueducto": 74.669450751002898, "icv_paredes": 5.6414683882072501, "icv_pisos": 5.1347358774888603, "subregion": "Resto de Antioquia", "poblacion_2023": 55234.0 }, "geometry": { "type": "Polygon", "coordinates": [ [ [ -74.789603905849503, 8.008855472098674 ], [ -74.788929600215511, 7.972963817766185 ], [ -74.698598876981237, 7.919589008084188 ], [ -74.680295762143146, 7.929811498312517 ], [ -74.634179805678968, 7.901595364006425 ], [ -74.561091315731232, 7.967532971133039 ], [ -74.520450621338171, 7.903287836266202 ], [ -74.525299094200136, 7.782569429153341 ], [ -74.513581171936721, 7.781025400019303 ], [ -74.507038408623373, 7.722627095874088 ], [ -74.475321530577048, 7.705552263774223 ], [ -74.476467162853339, 7.682159137766405 ], [ -74.530606671216844, 7.671204668220184 ], [ -74.564129401578612, 7.640252022629397 ], [ -74.568383536896874, 7.518105558079753 ], [ -74.589760276759876, 7.511876212727259 ], [ -74.598509621274786, 7.46565703975466 ], [ -74.561269005330985, 7.428264426048713 ], [ -74.606843606929147, 7.385904730327752 ], [ -74.630457441093313, 7.386734509308496 ], [ -74.67658968672157, 7.439782929346677 ], [ -74.726571676347589, 7.439891095576229 ], [ -74.758148894103726, 7.460469139090378 ], [ -74.760682915978862, 7.48851856031996 ], [ -74.780020801017315, 7.495361205768631 ], [ -74.77614039929108, 7.530945713284325 ], [ -74.82717285359638, 7.589167910662525 ], [ -74.770995606116742, 7.648549743266869 ], [ -74.757946442423417, 7.716070989873231 ], [ -74.782248648053553, 7.722058586712023 ], [ -74.806000034160263, 7.78558399798618 ], [ -74.789929242667029, 7.803978644038125 ], [ -74.802314568802672, 7.824559609774269 ], [ -74.780851564552449, 7.831542433841491 ], [ -74.80587948913626, 7.857158384400748 ], [ -74.818390857989812, 7.969197276694615 ], [ -74.803633549117478, 7.981741765560855 ], [ -74.809799756329937, 8.006219227252643 ], [ -74.789603905849503, 8.008855472098674 ] ] ] } },
{ "type": "Feature", "properties": { "codigo_dane": "05264", "nombre": "ENTRERRÍOS", "departamento": "ANTIOQUIA", "icv_score": 70.832800730104097, "nbi": 6.0896872615235198, "ipm_pct": 10.666415375491299, "icv_hacinamiento": 2.9769994160217701, "icv_menores_6": 2.0022597201933201, "icv_seg_social": 3.17496494127067, "pct_vivienda_acueducto": 92.162017428557505, "icv_paredes": 7.9002364314504403, "icv_pisos": 7.9776622016071803, "subregion": "Resto de Antioquia", "poblacion_2023": 12348.0 }, "geometry": { "type": "Polygon", "coordinates": [ [ [ -75.457713593015569, 6.516209785960768 ], [ -75.539673388248218, 6.504324013352687 ], [ -75.661298217764681, 6.635283195017735 ], [ -75.653849296152657, 6.654293831622283 ], [ -75.632513844689583, 6.668908808612684 ], [ -75.530620013174712, 6.674663394857475 ], [ -75.53172226577135, 6.636168827694121 ], [ -75.497178441171968, 6.61183883804847 ], [ -75.516725712890263, 6.594278417641476 ], [ -75.508419905612186, 6.564274898600274 ], [ -75.457713593015569, 6.516209785960768 ] ] ] } },
{ "type": "Feature", "properties": { "codigo_dane": "05266", "nombre": "ENVIGADO", "departamento": "ANTIOQUIA", "icv_score": 76.564443700945205, "nbi": 2.56627892364404, "ipm_pct": 2.02526380126303, "icv_hacinamiento": 2.3637657511530801, "icv_menores_6": 1.69665618306616, "icv_seg_social": 3.2014729250270402, "pct_vivienda_acueducto": 99.930808798457306, "icv_paredes": 7.5712655987983402, "icv_pisos": 8.5694702208153899, "subregion": "Valle de Aburrá", "poblacion_2023": 256042.0 }, "geometry": { "type": "Polygon", "coordinates": [ [ [ -75.484734175625306, 6.190933052318428 ], [ -75.474610733719089, 6.158880893096466 ], [ -75.542533640765271, 6.13210057408412 ], [ -75.550770291186097, 6.105400258196369 ], [ -75.590318876766787, 6.112729265402209 ], [ -75.605126783287858, 6.163186262071122 ], [ -75.583316531394587, 6.188964861725367 ], [ -75.539780093815978, 6.170301391017119 ], [ -75.532435957172083, 6.197945802884817 ], [ -75.520321566735333, 6.196381723337652 ], [ -75.484734175625306, 6.190933052318428 ] ] ] } },
{ "type": "Feature", "properties": { "codigo_dane": "05282", "nombre": "FREDONIA", "departamento": "ANTIOQUIA", "icv_score": 66.854375401221802, "nbi": 13.0639144828439, "ipm_pct": 10.8359165958279, "icv_hacinamiento": 3.0763722592998102, "icv_menores_6": 2.4389630148928698, "icv_seg_social": 3.0164814318452402, "pct_vivienda_acueducto": 96.742778234471203, "icv_paredes": 7.7755007095203101, "icv_pisos": 7.2631565140282497, "subregion": "Resto de Antioquia", "poblacion_2023": 25957.0 }, "geometry": { "type": "Polygon", "coordinates": [ [ [ -75.61361619018669, 5.978253347277189 ], [ -75.639713240167964, 5.954960594607655 ], [ -75.613028837049853, 5.830577427422668 ], [ -75.625139956718101, 5.751972907128732 ], [ -75.652197543658815, 5.798602770413595 ], [ -75.726640972612472, 5.832975234947753 ], [ -75.775713124437516, 5.881242606129661 ], [ -75.767011032242522, 5.900263366755496 ], [ -75.779520965587153, 5.912425867403954 ], [ -75.701564223655794, 5.937983203742533 ], [ -75.683128237101528, 5.971084605035685 ], [ -75.699845762215773, 5.980945337122591 ], [ -75.677002682281341, 5.997872886721041 ], [ -75.632155792999981, 5.996056146815704 ], [ -75.61361619018669, 5.978253347277189 ] ] ] } },
{ "type": "Feature", "properties": { "codigo_dane": "05284", "nombre": "FRONTINO", "departamento": "ANTIOQUIA", "icv_score": 62.532911719057203, "nbi": 11.9054623048017, "ipm_pct": 18.279700896251299, "icv_hacinamiento": 3.0471883147212302, "icv_menores_6": 2.1212641107763699, "icv_seg_social": 2.3328612770946302, "pct_vivienda_acueducto": 95.858878854954398, "icv_paredes": 7.1382877689568502, "icv_pisos": 6.0203220930851504, "subregion": "Resto de Antioquia", "poblacion_2023": 21588.0 }, "geometry": { "type": "Polygon", "coordinates": [ [ [ -76.121182276993125, 6.851849971781519 ], [ -76.126557621172253, 6.829742409631592 ], [ -76.083035653667707, 6.784916539148071 ], [ -76.090204069820516, 6.732493212298493 ], [ -76.076705260341612, 6.731432245406893 ], [ -76.182305875151087, 6.670060599743408 ], [ -76.155129133779553, 6.625493603269831 ], [ -76.162204338867525, 6.592717985257252 ], [ -76.22604045788313, 6.571757451366693 ], [ -76.247747393554903, 6.538543489282176 ], [ -76.272773128942617, 6.541647721729873 ], [ -76.317203841895889, 6.506131134988664 ], [ -76.342210574306876, 6.520667462616586 ], [ -76.361818928818252, 6.582397158173023 ], [ -76.4040447296411, 6.587766685756037 ], [ -76.470493512707662, 6.48964186658003 ], [ -76.522620892944303, 6.544778639552646 ], [ -76.523742012871878, 6.586828014706384 ], [ -76.563788762285299, 6.566365876414125 ], [ -76.577529330159393, 6.694807443945763 ], [ -76.521181825746623, 6.764578036985199 ], [ -76.428638483729003, 6.745008882289142 ], [ -76.439404480290193, 6.812084096136857 ], [ -76.426052454747378, 6.856452123701331 ], [ -76.314966982055239, 6.774765784842202 ], [ -76.275784603975069, 6.804324361680415 ], [ -76.299125007816883, 6.87373714467725 ], [ -76.266996913943444, 6.913516248024962 ], [ -76.222170683235163, 6.918729933053385 ], [ -76.24617531540207, 6.877340945923891 ], [ -76.221206959050562, 6.848099164714711 ], [ -76.195195521279061, 6.850080231769311 ], [ -76.156953550693402, 6.823635071761601 ], [ -76.121182276993125, 6.851849971781519 ] ] ] } },
{ "type": "Feature", "properties": { "codigo_dane": "05306", "nombre": "GIRALDO", "departamento": "ANTIOQUIA", "icv_score": 67.548012346802096, "nbi": 3.60692946088776, "ipm_pct": 5.4289253437414198, "icv_hacinamiento": 2.72463113875911, "icv_menores_6": 2.1218995274105801, "icv_seg_social": 2.5453162972190801, "pct_vivienda_acueducto": 93.782872230311796, "icv_paredes": 7.5542850205300303, "icv_pisos": 7.6566740910178099, "subregion": "Resto de Antioquia", "poblacion_2023": 6189.0 }, "geometry": { "type": "Polygon", "coordinates": [ [ [ -75.957151706772493, 6.719122033760243 ], [ -75.910578296360029, 6.67858558085419 ], [ -75.885586113074964, 6.675974779012222 ], [ -75.887934937225225, 6.626105457077188 ], [ -75.913337255663237, 6.65425520672926 ], [ -75.93762818113936, 6.618933153911087 ], [ -76.00793570933007, 6.633844517689226 ], [ -75.987634224074611, 6.690916699009108 ], [ -75.957151706772493, 6.719122033760243 ] ] ] } },
{ "type": "Feature", "properties": { "codigo_dane": "05308", "nombre": "GIRARDOTA", "departamento": "ANTIOQUIA", "icv_score": 71.483529286625398, "nbi": 6.0284389104478198, "ipm_pct": 5.3314802548417903, "icv_hacinamiento": 2.6784540221315698, "icv_menores_6": 2.1022218773559702, "icv_seg_social": 3.2151913807543302, "pct_vivienda_acueducto": 96.7871415261518, "icv_paredes": 8.2357609620074594, "icv_pisos": 8.4379025934093601, "subregion": "Valle de Aburrá", "poblacion_2023": 59708.0 }, "geometry": { "type": "Polygon", "coordinates": [ [ [ -75.448484043801386, 6.435508995873477 ], [ -75.399809849557641, 6.358495908848909 ], [ -75.424767002111992, 6.315126355925202 ], [ -75.486896285693263, 6.372979446937109 ], [ -75.473955171448438, 6.375683482301781 ], [ -75.48833492708917, 6.430380419099549 ], [ -75.448484043801386, 6.435508995873477 ] ] ] } },
{ "type": "Feature", "properties": { "codigo_dane": "05310", "nombre": "GÓMEZ PLATA", "departamento": "ANTIOQUIA", "icv_score": 67.969442308937303, "nbi": 9.4264600850103992, "ipm_pct": 14.1484307557884, "icv_hacinamiento": 2.8563550167103799, "icv_menores_6": 2.1157041002678101, "icv_seg_social": 2.7803432670174701, "pct_vivienda_acueducto": 95.966317804757907, "icv_paredes": 7.7665396011088603, "icv_pisos": 7.4377302814758304, "subregion": "Resto de Antioquia", "poblacion_2023": 10215.0 }, "geometry": { "type": "Polygon", "coordinates": [ [ [ -75.18014173022874, 6.847533141192969 ], [ -75.141009551843354, 6.793039496000972 ], [ -75.11018969891694, 6.783559039941508 ], [ -75.128009190065029, 6.739450622107768 ], [ -75.10700116041096, 6.716485272382499 ], [ -75.126881241139245, 6.692516377921038 ], [ -75.122785770884491, 6.657887088435757 ], [ -75.156633929691964, 6.639590784629604 ], [ -75.161821128771408, 6.585548566583782 ], [ -75.197368807127702, 6.574678801049856 ], [ -75.210187637208719, 6.607442804734831 ], [ -75.293998630850183, 6.666512776160005 ], [ -75.258628926859785, 6.700628289080441 ], [ -75.258352011969635, 6.776957075807104 ], [ -75.224692027906258, 6.793264938282675 ], [ -75.18014173022874, 6.847533141192969 ] ] ] } },
{ "type": "Feature", "properties": { "codigo_dane": "05313", "nombre": "GRANADA", "departamento": "ANTIOQUIA", "icv_score": 65.105331636522195, "nbi": 19.5974801588305, "ipm_pct": 18.321960499530899, "icv_hacinamiento": 2.5179770613885402, "icv_menores_6": 2.0440943590035299, "icv_seg_social": 2.5172405281917101, "pct_vivienda_acueducto": 96.011179009833, "icv_paredes": 7.35479431539832, "icv_pisos": 7.55419966860046, "subregion": "Resto de Antioquia", "poblacion_2023": 10442.0 }, "geometry": { "type": "Polygon", "coordinates": [ [ [ -75.121995351619262, 6.22429012422657 ], [ -75.076726126257029, 6.156924465053123 ], [ -75.082771774072398, 6.14555347871709 ], [ -75.059472583172067, 6.131901541394484 ], [ -75.089431275346556, 6.018440767586299 ], [ -75.156078764115762, 6.064805846840272 ], [ -75.16948678618644, 6.108699441385795 ], [ -75.233433381001987, 6.16360972104701 ], [ -75.160368968618059, 6.169463237036268 ], [ -75.121995351619262, 6.22429012422657 ] ] ] } },
{ "type": "Feature", "properties": { "codigo_dane": "05315", "nombre": "GUADALUPE", "departamento": "ANTIOQUIA", "icv_score": 63.770609507294303, "nbi": 24.085834822619201, "ipm_pct": 23.854644380794799, "icv_hacinamiento": 2.9476770589044898, "icv_menores_6": 2.20273039499037, "icv_seg_social": 2.6911302890173401, "pct_vivienda_acueducto": 77.476172839506205, "icv_paredes": 7.8385834186622603, "icv_pisos": 7.0280236471235904, "subregion": "Resto de Antioquia", "poblacion_2023": 6914.0 }, "geometry": { "type": "Polygon", "coordinates": [ [ [ -75.221898033380739, 6.932579475641433 ], [ -75.169995250110446, 6.905471132050081 ], [ -75.181216704561734, 6.846584556327969 ], [ -75.224692027906258, 6.793264938282675 ], [ -75.265696705569439, 6.797285010180588 ], [ -75.287192916968934, 6.838587248730562 ], [ -75.276190205158571, 6.830386686358395 ], [ -75.25816013616361, 6.847930065710841 ], [ -75.256107767073161, 6.899254852703791 ], [ -75.242629782355777, 6.92723949636661 ], [ -75.221898033380739, 6.932579475641433 ] ] ] } },
{ "type": "Feature", "properties": { "codigo_dane": "05318", "nombre": "GUARNE", "departamento": "ANTIOQUIA", "icv_score": 70.843227046642795, "nbi": 7.8669461818722102, "ipm_pct": 15.5412014041825, "icv_hacinamiento": 3.0494765784757298, "icv_menores_6": 2.2514228032514998, "icv_seg_social": 3.5133297488019299, "pct_vivienda_acueducto": 100.0, "icv_paredes": 8.1206982510478607, "icv_pisos": 8.2002112292202902, "subregion": "Resto de Antioquia", "poblacion_2023": 62651.0 }, "geometry": { "type": "Polygon", "coordinates": [ [ [ -75.408880269278939, 6.348964600917327 ], [ -75.385849387401493, 6.328290698102762 ], [ -75.39536912771797, 6.267265650599882 ], [ -75.378758728583364, 6.219292447365262 ], [ -75.474868483935722, 6.195538025848748 ], [ -75.491685696074853, 6.22859377921435 ], [ -75.473189362448295, 6.241628181779163 ], [ -75.501257503684997, 6.296740783763141 ], [ -75.451234293032655, 6.335086368811176 ], [ -75.424359940996396, 6.315321569873447 ], [ -75.408880269278939, 6.348964600917327 ] ] ] } },
{ "type": "Feature", "properties": { "codigo_dane": "05321", "nombre": "GUATAPÉ", "departamento": "ANTIOQUIA", "icv_score": 70.857798694896104, "nbi": 13.9381869752409, "ipm_pct": 13.8726077245231, "icv_hacinamiento": 2.72447246139614, "icv_menores_6": 1.9377303224845199, "icv_seg_social": 2.7144325061819501, "pct_vivienda_acueducto": 98.241449188760896, "icv_paredes": 7.9804970669074198, "icv_pisos": 8.3771307354301605, "subregion": "Resto de Antioquia", "poblacion_2023": 9368.0 }, "geometry": { "type": "Polygon", "coordinates": [ [ [ -75.117386129952536, 6.300620385988168 ], [ -75.139954535396953, 6.300376299157904 ], [ -75.14585744169824, 6.285406163055427 ], [ -75.145878853958379, 6.256498965030289 ], [ -75.117812917189156, 6.235361903062596 ], [ -75.160368968618059, 6.169463237036268 ], [ -75.188886576875461, 6.202710723375617 ], [ -75.194034474629859, 6.272137791393504 ], [ -75.157243001414713, 6.296905219608618 ], [ -75.135354419061173, 6.33557573902857 ], [ -75.117386129952536, 6.300620385988168 ] ] ] } },
{ "type": "Feature", "properties": { "codigo_dane": "05347", "nombre": "HELICONIA", "departamento": "ANTIOQUIA", "icv_score": 67.127297783800202, "nbi": 16.096151759626299, "ipm_pct": 7.4068700054448602, "icv_hacinamiento": 2.9441450820821999, "icv_menores_6": 2.2696583962312, "icv_seg_social": 2.5136711036772401, "pct_vivienda_acueducto": 95.918978047124497, "icv_paredes": 8.0763628788971005, "icv_pisos": 7.3272809071709402, "subregion": "Resto de Antioquia", "poblacion_2023": 5175.0 }, "geometry": { "type": "Polygon", "coordinates": [ [ [ -75.775923597181361, 6.246292053398065 ], [ -75.707980441194195, 6.258409540330092 ], [ -75.697034000796407, 6.170330798289683 ], [ -75.745877187144401, 6.144854094795278 ], [ -75.743866728088619, 6.179034307129029 ], [ -75.781515812809175, 6.184089895727936 ], [ -75.819939573807119, 6.244797602324013 ], [ -75.790935010903979, 6.265991241131758 ], [ -75.775923597181361, 6.246292053398065 ] ] ] } },
{ "type": "Feature", "properties": { "codigo_dane": "05353", "nombre": "HISPANIA", "departamento": "ANTIOQUIA", "icv_score": 63.3677823327006, "nbi": 25.2988310106843, "ipm_pct": 18.780692764998498, "icv_hacinamiento": 2.6313149983575999, "icv_menores_6": 1.91136070165119, "icv_seg_social": 2.49033151764257, "pct_vivienda_acueducto": 79.236628716520599, "icv_paredes": 7.3388000598715504, "icv_pisos": 6.8200379454416398, "subregion": "Resto de Antioquia", "poblacion_2023": 5818.0 }, "geometry": { "type": "Polygon", "coordinates": [ [ [ -75.900351371145632, 5.841261520920852 ], [ -75.870917856064295, 5.829369314573626 ], [ -75.873697112817524, 5.775902097819653 ], [ -75.892531057851386, 5.753922478326047 ], [ -75.904141849643622, 5.765877711422149 ], [ -75.920648854403282, 5.753564170616414 ], [ -75.955302161265195, 5.798324108298857 ], [ -75.906321331346419, 5.813997139840353 ], [ -75.900351371145632, 5.841261520920852 ] ] ] } },
{ "type": "Feature", "properties": { "codigo_dane": "05360", "nombre": "ITAGÜÍ", "departamento": "ANTIOQUIA", "icv_score": 71.788240180829007, "nbi": 5.9991745060117303, "ipm_pct": 5.33832858096285, "icv_hacinamiento": 2.1936391327939302, "icv_menores_6": 1.6961759550218301, "icv_seg_social": 2.876071808491, "pct_vivienda_acueducto": 99.799900268799504, "icv_paredes": 7.5379468998992101, "icv_pisos": 8.2403933562104896, "subregion": "Valle de Aburrá", "poblacion_2023": 299320.0 }, "geometry": { "type": "Polygon", "coordinates": [ [ [ -75.629485616962029, 6.196284047642337 ], [ -75.580988614650948, 6.196721930878198 ], [ -75.605126783287858, 6.163186262071122 ], [ -75.625505619839146, 6.153560235700468 ], [ -75.645422348267005, 6.165487321861349 ], [ -75.629485616962029, 6.196284047642337 ] ] ] } },
{ "type": "Feature", "properties": { "codigo_dane": "05361", "nombre": "ITUANGO", "departamento": "ANTIOQUIA", "icv_score": 62.016496412960997, "nbi": 20.9083204069841, "ipm_pct": 26.9865710529551, "icv_hacinamiento": 2.3229567217378602, "icv_menores_6": 2.2158987585749701, "icv_seg_social": 2.36311992264213, "pct_vivienda_acueducto": 100.0, "icv_paredes": 7.0138354893483497, "icv_pisos": 6.0901191013759597, "subregion": "Resto de Antioquia", "poblacion_2023": 28961.0 }, "geometry": { "type": "Polygon", "coordinates": [ [ [ -75.750080661033508, 7.613552281663942 ], [ -75.711868757084403, 7.581286821799324 ], [ -75.671296190078465, 7.59796997105525 ], [ -75.633181527039767, 7.583121026764388 ], [ -75.601712665057846, 7.589681601887378 ], [ -75.575233377127006, 7.562930512281014 ], [ -75.557495071287406, 7.50062246471407 ], [ -75.541621918297324, 7.491755507278583 ], [ -75.542612497638686, 7.441589437432754 ], [ -75.567914980829755, 7.380035087769613 ], [ -75.515336213871194, 7.378321629949767 ], [ -75.529595553845354, 7.299506620742306 ], [ -75.487793747394733, 7.303856719565545 ], [ -75.444255232011187, 7.249420236915569 ], [ -75.477920736226395, 7.223528203306785 ], [ -75.510585979948644, 7.230381050031951 ], [ -75.534542986096199, 7.204571833073487 ], [ -75.596029987212205, 7.185535701362539 ], [ -75.635484954790911, 7.140356415398287 ], [ -75.660800336901445, 7.137938293355148 ], [ -75.675011913413925, 7.092962607119034 ], [ -75.743793974374057, 7.076645709381125 ], [ -75.775377983399153, 7.04575078688157 ], [ -75.795478541416628, 7.058138596860942 ], [ -75.794883671171533, 7.078732834317634 ], [ -75.832750811321262, 7.101029571935669 ], [ -75.864506485839001, 7.091542225792466 ], [ -75.875519484265908, 7.104225779365322 ], [ -75.873487824054166, 7.142577125313892 ], [ -75.894234779722467, 7.159212856959698 ], [ -75.873886821885378, 7.177920776343626 ], [ -75.886081558603507, 7.22201218815718 ], [ -75.906747176249553, 7.219656520635624 ], [ -75.918499866037166, 7.189920626998799 ], [ -75.95270729015914, 7.180993097013754 ], [ -75.948870938256277, 7.158171155353045 ], [ -75.968712492906263, 7.129557315892498 ], [ -76.056104560399604, 7.172002991234422 ], [ -76.092129599386737, 7.158796983364141 ], [ -76.10167123795236, 7.138143261218545 ], [ -76.131929603852882, 7.149303283431891 ], [ -76.157485015998589, 7.127269474822185 ], [ -76.202694774638189, 7.138376800022343 ], [ -76.380925393282041, 7.391709822593043 ], [ -75.845496013626303, 7.347087268868052 ], [ -75.817658880637225, 7.41582357859437 ], [ -75.825081124959013, 7.442187750923097 ], [ -75.787779235779169, 7.459836914171092 ], [ -75.765474537284774, 7.601544215908916 ], [ -75.750080661033508, 7.613552281663942 ] ] ] } },
{ "type": "Feature", "properties": { "codigo_dane": "05364", "nombre": "JARDÍN", "departamento": "ANTIOQUIA", "icv_score": 67.581540287808195, "nbi": 5.5149464999538296, "ipm_pct": 16.686080330901198, "icv_hacinamiento": 2.8660877321679399, "icv_menores_6": 2.1274301078440199, "icv_seg_social": 2.7522159083370701, "pct_vivienda_acueducto": 94.047858491725606, "icv_paredes": 7.33183232970267, "icv_pisos": 7.5983713511280397, "subregion": "Resto de Antioquia", "poblacion_2023": 15227.0 }, "geometry": { "type": "Polygon", "coordinates": [ [ [ -75.808799582243978, 5.653702781746517 ], [ -75.757838370685704, 5.639043245587573 ], [ -75.760356778930429, 5.593649459728795 ], [ -75.730533298585328, 5.563375620335194 ], [ -75.785679687132358, 5.539968864178718 ], [ -75.832494166931667, 5.488838933604313 ], [ -75.862274996131418, 5.50633288042394 ], [ -75.868024126004855, 5.49024212565422 ], [ -75.905177731060917, 5.479918708724938 ], [ -75.871539043374923, 5.53098509242551 ], [ -75.879715358401654, 5.632479865922051 ], [ -75.829473192207502, 5.62201054899964 ], [ -75.808799582243978, 5.653702781746517 ] ] ] } },
{ "type": "Feature", "properties": { "codigo_dane": "05368", "nombre": "JERICÓ", "departamento": "ANTIOQUIA", "icv_score": 68.016777491058903, "nbi": 11.372821260235201, "ipm_pct": 11.366820764329701, "icv_hacinamiento": 2.47892034714007, "icv_menores_6": 2.0636741564459502, "icv_seg_social": 2.4808263185065802, "pct_vivienda_acueducto": 92.971847111455105, "icv_paredes": 7.9252073854865399, "icv_pisos": 7.6302664829442204, "subregion": "Resto de Antioquia", "poblacion_2023": 14215.0 }, "geometry": { "type": "Polygon", "coordinates": [ [ [ -75.726196660129006, 5.832682922023025 ], [ -75.66552321440679, 5.800682223731485 ], [ -75.744750031431636, 5.734321620261767 ], [ -75.770969060149298, 5.689801471865849 ], [ -75.799594389071501, 5.679730666785701 ], [ -75.808799582243978, 5.653702781746517 ], [ -75.837458842358103, 5.739539273151877 ], [ -75.812349068610331, 5.796882071268442 ], [ -75.821132941697329, 5.82154941270818 ], [ -75.815096321957753, 5.830503190588445 ], [ -75.812275022219069, 5.809571963359076 ], [ -75.783869265981764, 5.822088494834702 ], [ -75.758442410940518, 5.874196870298022 ], [ -75.726196660129006, 5.832682922023025 ] ] ] } },
{ "type": "Feature", "properties": { "codigo_dane": "05376", "nombre": "LA CEJA", "departamento": "ANTIOQUIA", "icv_score": 71.527211892256503, "nbi": 5.65204341898633, "ipm_pct": 2.1960801382774302, "icv_hacinamiento": 2.1941294505834898, "icv_menores_6": 1.71743051157652, "icv_seg_social": 3.1485146944319302, "pct_vivienda_acueducto": 96.9066381413908, "icv_paredes": 7.8797154514525003, "icv_pisos": 8.4029066322751795, "subregion": "Resto de Antioquia", "poblacion_2023": 71255.0 }, "geometry": { "type": "Polygon", "coordinates": [ [ [ -75.38751982935969, 6.057551848122159 ], [ -75.360350244871711, 6.03111906421401 ], [ -75.380304035122776, 6.000830669406241 ], [ -75.40073639603628, 6.002656805696915 ], [ -75.418688104028206, 5.981297166177285 ], [ -75.415502614406705, 5.901853057291873 ], [ -75.448095534707818, 5.914574561122492 ], [ -75.445506428993895, 5.933628429184523 ], [ -75.46789972120888, 5.945722177217931 ], [ -75.499671539363419, 5.941051828740683 ], [ -75.508057406360081, 5.959808035304491 ], [ -75.458490483641867, 6.001210855602039 ], [ -75.444986575321309, 6.059644744738932 ], [ -75.38751982935969, 6.057551848122159 ] ] ] } },
{ "type": "Feature", "properties": { "codigo_dane": "05380", "nombre": "LA ESTRELLA", "departamento": "ANTIOQUIA", "icv_score": 72.385675937253893, "nbi": 4.2709747946518597, "ipm_pct": 4.2770895502749404, "icv_hacinamiento": 2.3517686293822, "icv_menores_6": 1.8392791419372501, "icv_seg_social": 2.9046355635316501, "pct_vivienda_acueducto": 99.637449928712101, "icv_paredes": 7.8225508500152596, "icv_pisos": 8.1758346591018007, "subregion": "Valle de Aburrá", "poblacion_2023": 80676.0 }, "geometry": { "type": "Polygon", "coordinates": [ [ [ -75.625566309169812, 6.160960459602109 ], [ -75.605852398036859, 6.116626945338396 ], [ -75.657591205399456, 6.108635654661555 ], [ -75.672494795150953, 6.118870346716108 ], [ -75.67947103366356, 6.163823275014749 ], [ -75.64772881232625, 6.171641173635521 ], [ -75.625566309169812, 6.160960459602109 ] ] ] } },
{ "type": "Feature", "properties": { "codigo_dane": "05390", "nombre": "LA PINTADA", "departamento": "ANTIOQUIA", "icv_score": 63.069072582526204, "nbi": 24.328695059532901, "ipm_pct": 19.057224514442201, "icv_hacinamiento": 1.93791298905391, "icv_menores_6": 1.6750462373470301, "icv_seg_social": 2.46871824079768, "pct_vivienda_acueducto": 97.793113179570099, "icv_paredes": 6.8719608748564101, "icv_pisos": 6.4606317018963297, "subregion": "Resto de Antioquia", "poblacion_2023": 8520.0 }, "geometry": { "type": "Polygon", "coordinates": [ [ [ -75.569031010898925, 5.724898242302572 ], [ -75.599262472235239, 5.737311282385122 ], [ -75.59788583799957, 5.683624571998052 ], [ -75.615559880109174, 5.669945725619641 ], [ -75.616423607349873, 5.739960618390228 ], [ -75.642118875618678, 5.757391508816511 ], [ -75.624128631666963, 5.752145304748922 ], [ -75.611158853955203, 5.810382150067881 ], [ -75.582574817026227, 5.788382610416988 ], [ -75.569031010898925, 5.724898242302572 ] ] ] } },
{ "type": "Feature", "properties": { "codigo_dane": "05400", "nombre": "LA UNIÓN", "departamento": "ANTIOQUIA", "icv_score": 67.710935707832704, "nbi": 9.2584744837955206, "ipm_pct": 12.779251932856299, "icv_hacinamiento": 2.50368220457087, "icv_menores_6": 1.9839782192586199, "icv_seg_social": 2.8188446514941701, "pct_vivienda_acueducto": 95.071354435304499, "icv_paredes": 7.3617208877267597, "icv_pisos": 7.14192844705161, "subregion": "Resto de Antioquia", "poblacion_2023": 23399.0 }, "geometry": { "type": "Polygon", "coordinates": [ [ [ -75.346443461588137, 6.033741495654908 ], [ -75.319781890069521, 5.953115373593505 ], [ -75.288642843010393, 5.955002358216802 ], [ -75.285791713790616, 5.873043014837094 ], [ -75.381025240038525, 5.881809945684324 ], [ -75.417585679853232, 5.90374888673449 ], [ -75.418661197667404, 5.981346835865509 ], [ -75.346443461588137, 6.033741495654908 ] ] ] } },
{ "type": "Feature", "properties": { "codigo_dane": "05411", "nombre": "LIBORINA", "departamento": "ANTIOQUIA", "icv_score": 70.022674281916196, "nbi": 21.621175719674198, "ipm_pct": 1.70201728509103, "icv_hacinamiento": 3.3380787837969699, "icv_menores_6": 2.5061193395883201, "icv_seg_social": 2.6833400041559901, "pct_vivienda_acueducto": 99.740089878596805, "icv_paredes": 7.3897491230305299, "icv_pisos": 8.3010359618440699, "subregion": "Resto de Antioquia", "poblacion_2023": 10675.0 }, "geometry": { "type": "Polygon", "coordinates": [ [ [ -75.734100810560506, 6.806090085321784 ], [ -75.713999605755589, 6.719090422918555 ], [ -75.718746373076669, 6.653216180307652 ], [ -75.751217631746897, 6.647351367994645 ], [ -75.785846886197874, 6.665816431241183 ], [ -75.819544345309851, 6.6576383420404 ], [ -75.824169465373132, 6.641628383608349 ], [ -75.832771140212344, 6.684314059341091 ], [ -75.860801190155712, 6.719387316356517 ], [ -75.846257926629903, 6.746808220915227 ], [ -75.871304196623043, 6.784184019942302 ], [ -75.759926187325505, 6.786425662417287 ], [ -75.734100810560506, 6.806090085321784 ] ] ] } },
{ "type": "Feature", "properties": { "codigo_dane": "05425", "nombre": "MACEO", "departamento": "ANTIOQUIA", "icv_score": 62.541267004834197, "nbi": 25.0200974754963, "ipm_pct": 26.881887264074699, "icv_hacinamiento": 2.68637348329352, "icv_menores_6": 2.2392781738954901, "icv_seg_social": 2.7244388057023001, "pct_vivienda_acueducto": 92.9999198617042, "icv_paredes": 6.55197136455915, "icv_pisos": 5.9522597883508901, "subregion": "Resto de Antioquia", "poblacion_2023": 8725.0 }, "geometry": { "type": "Polygon", "coordinates": [ [ [ -74.650356675715386, 6.45018478256884 ], [ -74.757898980795915, 6.484289961261993 ], [ -74.74901167829961, 6.444652222309912 ], [ -74.719211360134238, 6.439991932276882 ], [ -74.717109795666374, 6.395864704604435 ], [ -74.730254654268208, 6.393610825268865 ], [ -74.809760641854666, 6.458025724791639 ], [ -74.842725190993349, 6.52048559944069 ], [ -74.864393871878292, 6.531313068664076 ], [ -74.862935000406083, 6.55648499959085 ], [ -74.801763999011087, 6.614668998776153 ], [ -74.773349735721297, 6.595953812015807 ], [ -74.744779342415768, 6.636564730826706 ], [ -74.680802548911174, 6.618216784630363 ], [ -74.632602865839942, 6.624283635398228 ], [ -74.623440005808959, 6.654202120745197 ], [ -74.562519884309836, 6.63951873878807 ], [ -74.630408284343503, 6.57039577588904 ], [ -74.6215013572359, 6.541232884790986 ], [ -74.650356675715386, 6.45018478256884 ] ] ] } },
{ "type": "Feature", "properties": { "codigo_dane": "05440", "nombre": "MARINILLA", "departamento": "ANTIOQUIA", "icv_score": 72.437478993955295, "nbi": 4.4891993508270103, "ipm_pct": 12.594392586309599, "icv_hacinamiento": 2.8916298597718701, "icv_menores_6": 1.9023356624885299, "icv_seg_social": 2.9754061934315499, "pct_vivienda_acueducto": 99.011814753426506, "icv_paredes": 8.0416129395429294, "icv_pisos": 8.2048372518357109, "subregion": "Resto de Antioquia", "poblacion_2023": 71999.0 }, "geometry": { "type": "Polygon", "coordinates": [ [ [ -75.345965284388058, 6.122944505322096 ], [ -75.36006904231931, 6.185897232061393 ], [ -75.325490068411455, 6.200774743699412 ], [ -75.328579677173025, 6.232205979715616 ], [ -75.29914427832307, 6.263062175812422 ], [ -75.283723770595714, 6.258546476027846 ], [ -75.248873023758506, 6.207821689562707 ], [ -75.252855323265237, 6.170767443646128 ], [ -75.310064003701314, 6.153690638844296 ], [ -75.307288259363645, 6.111601529377253 ], [ -75.345965284388058, 6.122944505322096 ] ] ] } },
{ "type": "Feature", "properties": { "codigo_dane": "05467", "nombre": "MONTEBELLO", "departamento": "ANTIOQUIA", "icv_score": 64.942137716041401, "nbi": 11.017815799322699, "ipm_pct": 11.892853678057101, "icv_hacinamiento": 3.0644847336794299, "icv_menores_6": 2.4403417466419199, "icv_seg_social": 2.87379292823648, "pct_vivienda_acueducto": 92.533835004321105, "icv_paredes": 7.9958148385907997, "icv_pisos": 7.2527970835099103, "subregion": "Resto de Antioquia", "poblacion_2023": 6608.0 }, "geometry": { "type": "Polygon", "coordinates": [ [ [ -75.578775428131848, 5.972150528834959 ], [ -75.509697931700543, 5.962769386100831 ], [ -75.481511917031582, 5.9345452280362 ], [ -75.484510923437995, 5.871737714976632 ], [ -75.533856448991514, 5.860340988293956 ], [ -75.555353758133151, 5.923523983068492 ], [ -75.549006027308224, 5.955085483887842 ], [ -75.578775428131848, 5.972150528834959 ] ] ] } },
{ "type": "Feature", "properties": { "codigo_dane": "05475", "nombre": "MURINDÓ", "departamento": "ANTIOQUIA", "icv_score": 43.020659967993602, "nbi": 63.150065780694703, "ipm_pct": 31.6850738247755, "icv_hacinamiento": 3.2764343697927898, "icv_menores_6": 2.06785466521224, "icv_seg_social": 2.6371367729655999, "pct_vivienda_acueducto": 1.2469518953668799, "icv_paredes": 1.6820595631105, "icv_pisos": 2.3673657403217701, "subregion": "Resto de Antioquia", "poblacion_2023": 5636.0 }, "geometry": { "type": "Polygon", "coordinates": [ [ [ -76.669343836066844, 7.022759230583631 ], [ -76.645276299322006, 7.008332139079641 ], [ -76.615607799148165, 7.016789559640642 ], [ -76.603331421675364, 7.000489473886716 ], [ -76.592937381837089, 7.011625605385973 ], [ -76.571834458572368, 6.979654079008185 ], [ -76.547460098404486, 7.002956052891477 ], [ -76.544019420563586, 6.962495879590222 ], [ -76.524572813237967, 6.963166247006882 ], [ -76.512567679586368, 6.926192716579578 ], [ -76.560195353656411, 6.884858490793476 ], [ -76.576032448242302, 6.78636026860579 ], [ -76.618729495757236, 6.747774929305592 ], [ -76.576988952661168, 6.694105862743015 ], [ -76.573294212190888, 6.633332219752504 ], [ -76.64048543277022, 6.652051001573511 ], [ -76.683535176214775, 6.647066377243618 ], [ -76.700634031081165, 6.664170728007321 ], [ -76.749999878339224, 6.639948554247951 ], [ -76.849242996730538, 6.659270327090667 ], [ -76.870346085285462, 6.681771787331797 ], [ -76.859767667884853, 6.720940045681061 ], [ -76.901030607804785, 6.777322694910708 ], [ -76.921845557011125, 6.784225230188781 ], [ -76.884050557924354, 6.84822314130588 ], [ -76.835285324743893, 6.828684088280625 ], [ -76.817939487774765, 6.837682637332023 ], [ -76.830557406787477, 6.858589209380455 ], [ -76.785537938426103, 6.877529085633682 ], [ -76.800094037090901, 6.948564633365322 ], [ -76.813382927188627, 6.963514637307924 ], [ -76.828459891928105, 6.9555264907371 ], [ -76.819144653248998, 6.975981491908783 ], [ -76.842520665438713, 6.988321922905641 ], [ -76.824775141630028, 7.005457571897125 ], [ -76.669343836066844, 7.022759230583631 ] ] ] } },
{ "type": "Feature", "properties": { "codigo_dane": "05480", "nombre": "MUTATÁ", "departamento": "ANTIOQUIA", "icv_score": 55.845630319160399, "nbi": 20.631764458680401, "ipm_pct": 21.379683870939299, "icv_hacinamiento": 3.1605717058665199, "icv_menores_6": 2.1929036303629101, "icv_seg_social": 2.4006629143856699, "pct_vivienda_acueducto": 47.874535775386001, "icv_paredes": 4.74646220805782, "icv_pisos": 5.2350538017837902, "subregion": "Resto de Antioquia", "poblacion_2023": 13895.0 }, "geometry": { "type": "Polygon", "coordinates": [ [ [ -76.380925393282041, 7.391709822593043 ], [ -76.218025591801222, 7.150103664123264 ], [ -76.317427200982706, 7.152539682417739 ], [ -76.353196978986887, 7.179012756696807 ], [ -76.433549394942872, 7.19121797227109 ], [ -76.455747133646071, 7.135471442160622 ], [ -76.485343729912358, 7.135082622249683 ], [ -76.530182376246046, 7.255134442059557 ], [ -76.563618602370298, 7.274513407088762 ], [ -76.578709571856223, 7.304746573428815 ], [ -76.616009756930566, 7.312563689616411 ], [ -76.660699084280452, 7.448136988770386 ], [ -76.683055287722709, 7.46786604820602 ], [ -76.616795548071821, 7.455750852878111 ], [ -76.575371565245916, 7.485740324053722 ], [ -76.559177681104472, 7.530370001424558 ], [ -76.502098432732623, 7.555646549334369 ], [ -76.453783748145327, 7.503105588004644 ], [ -76.414493891047357, 7.416042334710028 ], [ -76.380925393282041, 7.391709822593043 ] ] ] } },
{ "type": "Feature", "properties": { "codigo_dane": "05483", "nombre": "NARIÑO", "departamento": "ANTIOQUIA", "icv_score": 61.2768484169967, "nbi": 27.4245856628919, "ipm_pct": 25.094414369357999, "icv_hacinamiento": 2.8719050423521701, "icv_menores_6": 2.1984197704406601, "icv_seg_social": 2.3750126262254398, "pct_vivienda_acueducto": 70.917817083692896, "icv_paredes": 7.5463085013339999, "icv_pisos": 6.4549377553750604, "subregion": "Resto de Antioquia", "poblacion_2023": 10787.0 }, "geometry": { "type": "Polygon", "coordinates": [ [ [ -75.263686481872469, 5.680269592605214 ], [ -75.178991535405544, 5.646951257879607 ], [ -75.09351959770089, 5.67228387597919 ], [ -75.069442433703557, 5.662218252385742 ], [ -75.093687980746893, 5.655304468394718 ], [ -75.088107920232858, 5.595024730320802 ], [ -75.136209767708579, 5.528533052665182 ], [ -75.220573746713342, 5.503065736572978 ], [ -75.278610150783152, 5.418704946590026 ], [ -75.283955807415111, 5.485926491622592 ], [ -75.253762447253621, 5.528214699356283 ], [ -75.247940986772505, 5.577463588566104 ], [ -75.271662606280245, 5.603722780992086 ], [ -75.263686481872469, 5.680269592605214 ] ] ] } },
{ "type": "Feature", "properties": { "codigo_dane": "05490", "nombre": "NECOCLÍ", "departamento": "ANTIOQUIA", "icv_score": 57.611268749953602, "nbi": 27.323004872870701, "ipm_pct": 19.402919449477299, "icv_hacinamiento": 3.10521815590011, "icv_menores_6": 2.1471357394288901, "icv_seg_social": 2.4376885259626202, "pct_vivienda_acueducto": 83.869897510302195, "icv_paredes": 5.5140850726376804, "icv_pisos": 4.9851577750860603, "subregion": "Resto de Antioquia", "poblacion_2023": 42628.0 }, "geometry": { "type": "Polygon", "coordinates": [ [ [ -76.754115353192958, 8.321992648981507 ], [ -76.761292580029135, 8.404368191147171 ], [ -76.788058198998442, 8.421150801950603 ], [ -76.816108231981218, 8.487855652687983 ], [ -76.934922889199242, 8.547700319255057 ], [ -76.922638125048252, 8.527456928095319 ], [ -76.915281379640987, 8.534594873369429 ], [ -76.907279675685118, 8.532258974189745 ], [ -76.914994357797525, 8.531365177617545 ], [ -76.921592814007909, 8.527277087927075 ], [ -76.927288715963414, 8.526346348109371 ], [ -76.938261788735645, 8.553369862822535 ], [ -76.891426016152195, 8.592095609811849 ], [ -76.885245185253609, 8.62309632519009 ], [ -76.677487746140457, 8.659468774415473 ], [ -76.645134022237301, 8.674389539968899 ], [ -76.628381747565186, 8.72040211373627 ], [ -76.624196115130189, 8.693734340243964 ], [ -76.604181245679342, 8.691010984797117 ], [ -76.605084567096071, 8.646072026210618 ], [ -76.570723910027425, 8.635614196054917 ], [ -76.566341701797057, 8.571859335111412 ], [ -76.48038230189826, 8.49536268815865 ], [ -76.489404148775066, 8.462899090327255 ], [ -76.47668589684838, 8.432779681335489 ], [ -76.435690462856826, 8.454614186862443 ], [ -76.444669039648602, 8.391228871561793 ], [ -76.425453493571183, 8.369349849087143 ], [ -76.477886787236741, 8.361440403981078 ], [ -76.499937963887987, 8.388760547129039 ], [ -76.584565934608918, 8.398662308002599 ], [ -76.621472480307034, 8.330476480931225 ], [ -76.683703600583328, 8.306660872417069 ], [ -76.685703373271963, 8.275228501827712 ], [ -76.713648489234117, 8.285941493253347 ], [ -76.739878717257341, 8.262024670577091 ], [ -76.774321775954377, 8.266530890432932 ], [ -76.754115353192958, 8.321992648981507 ] ] ] } },
{ "type": "Feature", "properties": { "codigo_dane": "05495", "nombre": "NECHÍ", "departamento": "ANTIOQUIA", "icv_score": 53.863710703219503, "nbi": 38.040935189230403, "ipm_pct": 38.5530453092275, "icv_hacinamiento": 2.21530137479205, "icv_menores_6": 1.8326515224742199, "icv_seg_social": 2.26628095837376, "pct_vivienda_acueducto": 79.525578129763005, "icv_paredes": 5.1047611799808204, "icv_pisos": 3.6728970112437702, "subregion": "Resto de Antioquia", "poblacion_2023": 28513.0 }, "geometry": { "type": "Polygon", "coordinates": [ [ [ -74.827523664859029, 8.199065007939964 ], [ -74.773561000779864, 8.121778833749772 ], [ -74.728585988280713, 8.118374935660881 ], [ -74.667681088746178, 8.060034020433363 ], [ -74.602570888147852, 8.037378418149729 ], [ -74.561091315731232, 7.967532971133039 ], [ -74.638629639137832, 7.901609630162795 ], [ -74.680295762143146, 7.929811498312517 ], [ -74.696047207688309, 7.919221092884925 ], [ -74.703600014155825, 7.933028449655296 ], [ -74.728203179900504, 7.931255228668533 ], [ -74.789109123278195, 7.973160172575774 ], [ -74.78987344556532, 8.009677241694021 ], [ -74.809024003870036, 8.007047575216063 ], [ -74.820069577031688, 7.937222098662289 ], [ -74.800828328336877, 7.894940968760409 ], [ -74.80587948913626, 7.857158384400748 ], [ -74.780888320948236, 7.830880903159255 ], [ -74.801028262037448, 7.826654454838433 ], [ -74.790370261924068, 7.802692333679602 ], [ -74.822839461654098, 7.76771432600799 ], [ -74.92548606670556, 7.812029485879236 ], [ -74.924298043795545, 7.848449082321565 ], [ -74.945581354303044, 7.862664279047522 ], [ -74.926222730741358, 7.900354977358461 ], [ -74.894333522448562, 7.920309685688437 ], [ -74.950493491718248, 7.986741310919456 ], [ -74.934639686658159, 8.028822117251707 ], [ -74.911275130692388, 8.02741779332365 ], [ -74.913421612756906, 8.099647309020554 ], [ -74.867110425276451, 8.15915840660233 ], [ -74.867875877645076, 8.196067861946005 ], [ -74.827523664859029, 8.199065007939964 ] ] ] } },
{ "type": "Feature", "properties": { "codigo_dane": "05501", "nombre": "OLAYA", "departamento": "ANTIOQUIA", "icv_score": 68.748476902377405, "nbi": 9.8573721023279806, "ipm_pct": 11.490554388037401, "icv_hacinamiento": 3.4075696229922001, "icv_menores_6": 2.6780802896218798, "icv_seg_social": 3.1269391461147902, "pct_vivienda_acueducto": 91.700376226980794, "icv_paredes": 6.7437031764085802, "icv_pisos": 7.5497427220018301, "subregion": "Resto de Antioquia", "poblacion_2023": 3367.0 }, "geometry": { "type": "Polygon", "coordinates": [ [ [ -75.782317328971999, 6.664902368660023 ], [ -75.751217631746897, 6.647351367994645 ], [ -75.72080948782309, 6.652716059942634 ], [ -75.717771514265223, 6.634830491364482 ], [ -75.76315828158107, 6.596946938083079 ], [ -75.754364448864635, 6.547698076721076 ], [ -75.801328085950843, 6.538262815837868 ], [ -75.798200160418617, 6.586484176172519 ], [ -75.824012974234336, 6.649036590844332 ], [ -75.782317328971999, 6.664902368660023 ] ] ] } },
{ "type": "Feature", "properties": { "codigo_dane": "05541", "nombre": "PEÑOL", "departamento": "ANTIOQUIA", "icv_score": 70.0475877738712, "nbi": 9.4086558477807696, "ipm_pct": 17.670960266394601, "icv_hacinamiento": 2.9502103612549999, "icv_menores_6": 2.0346971912826399, "icv_seg_social": 2.8132518782933902, "pct_vivienda_acueducto": 99.277656988271403, "icv_paredes": 7.90572309419648, "icv_pisos": 8.0894282258425196, "subregion": "Resto de Antioquia", "poblacion_2023": 23147.0 }, "geometry": { "type": "Polygon", "coordinates": [ [ [ -75.234881628989228, 6.324153227981753 ], [ -75.18245241277998, 6.284734017871358 ], [ -75.196626507955671, 6.241914522699062 ], [ -75.163319087769423, 6.171675229693392 ], [ -75.174814949012614, 6.161791548327642 ], [ -75.185177606181355, 6.175485262734128 ], [ -75.212842339753649, 6.157143153795118 ], [ -75.254812245382368, 6.173690566605103 ], [ -75.248873023758506, 6.207821689562707 ], [ -75.284009624628368, 6.261059199728948 ], [ -75.228038707757548, 6.290064659151369 ], [ -75.234881628989228, 6.324153227981753 ] ] ] } },
{ "type": "Feature", "properties": { "codigo_dane": "05543", "nombre": "PEQUE", "departamento": "ANTIOQUIA", "icv_score": 63.350588870800898, "nbi": 15.2117624658393, "ipm_pct": 22.6020830266608, "icv_hacinamiento": 3.0698408560391801, "icv_menores_6": 2.2822940980892601, "icv_seg_social": 2.43642947506381, "pct_vivienda_acueducto": 80.587628127482802, "icv_paredes": 7.1682965537697498, "icv_pisos": 6.8153754631992802, "subregion": "Resto de Antioquia", "poblacion_2023": 8617.0 }, "geometry": { "type": "Polygon", "coordinates": [ [ [ -75.884344553226299, 7.219382881903925 ], [ -75.873886821885378, 7.177920776343626 ], [ -75.894234779722467, 7.159212856959698 ], [ -75.873487824054166, 7.142577125313892 ], [ -75.875519484265908, 7.104225779365322 ], [ -75.864506485839001, 7.091542225792466 ], [ -75.832750811321262, 7.101029571935669 ], [ -75.794883671171533, 7.078732834317634 ], [ -75.795478541416628, 7.058138596860942 ], [ -75.775377983399153, 7.04575078688157 ], [ -75.811697859578942, 7.015574690556946 ], [ -75.84522605080366, 6.87168187761938 ], [ -75.869081925434273, 6.888357449579814 ], [ -75.876779481152141, 6.91861229677653 ], [ -75.901680541058795, 6.9278089164211 ], [ -75.90446451037775, 6.972435705706005 ], [ -75.95437462663898, 6.966110616935907 ], [ -75.982351991247185, 7.00119778617119 ], [ -75.954148445043188, 7.178831362441883 ], [ -75.918499866037166, 7.189920626998799 ], [ -75.906747176249553, 7.219656520635624 ], [ -75.884344553226299, 7.219382881903925 ] ] ] } },
{ "type": "Feature", "properties": { "codigo_dane": "05576", "nombre": "PUEBLORRICO", "departamento": "ANTIOQUIA", "icv_score": 63.082095240660998, "nbi": 19.125049314858199, "ipm_pct": 18.257017835550901, "icv_hacinamiento": 2.5259433937946598, "icv_menores_6": 1.98588604324231, "icv_seg_social": 2.4737962920860102, "pct_vivienda_acueducto": 70.167999545178901, "icv_paredes": 7.72695721145059, "icv_pisos": 7.0909324615948703, "subregion": "Resto de Antioquia", "poblacion_2023": 8983.0 }, "geometry": { "type": "Polygon", "coordinates": [ [ [ -75.886523251597509, 5.907162721994951 ], [ -75.884434174620367, 5.859439541662709 ], [ -75.846639050667648, 5.819023620305927 ], [ -75.821132941697329, 5.82154941270818 ], [ -75.812349068610331, 5.796882071268442 ], [ -75.83655176328557, 5.729210683719145 ], [ -75.867671374379654, 5.752906897952073 ], [ -75.870917856064295, 5.829369314573626 ], [ -75.915013338147617, 5.847761560325239 ], [ -75.886523251597509, 5.907162721994951 ] ] ] } },
{ "type": "Feature", "properties": { "codigo_dane": "05579", "nombre": "PUERTO BERRÍO", "departamento": "ANTIOQUIA", "icv_score": 63.635711420877399, "nbi": 14.1691972575442, "ipm_pct": 20.4797302926134, "icv_hacinamiento": 2.2283124614500398, "icv_menores_6": 1.67859596127348, "icv_seg_social": 2.4046326301856502, "pct_vivienda_acueducto": 97.054037618168195, "icv_paredes": 6.3586887813593096, "icv_pisos": 6.4009628603688, "subregion": "Resto de Antioquia", "poblacion_2023": 39383.0 }, "geometry": { "type": "Polygon", "coordinates": [ [ [ -74.757898980795915, 6.484289961261993 ], [ -74.650446220752599, 6.450087773424002 ], [ -74.6215013572359, 6.541232884790986 ], [ -74.630408284343503, 6.57039577588904 ], [ -74.522733849555777, 6.667913591265744 ], [ -74.453426880997256, 6.754458403938827 ], [ -74.419916259935178, 6.737383491888806 ], [ -74.390925248128951, 6.689848425215132 ], [ -74.391228846597585, 6.648641126089956 ], [ -74.359682541691654, 6.632512114736755 ], [ -74.40894763831875, 6.585359992987378 ], [ -74.39379523210323, 6.500460643697807 ], [ -74.404681266139903, 6.470891262813097 ], [ -74.368712736619102, 6.415001294095305 ], [ -74.390253478440968, 6.394085117252246 ], [ -74.423532637605888, 6.389977702987949 ], [ -74.464207508431116, 6.317202189029558 ], [ -74.534277638652554, 6.269336952598337 ], [ -74.606616669849643, 6.254253376253075 ], [ -74.61170824319089, 6.276644036402161 ], [ -74.633061333986916, 6.275400440071166 ], [ -74.624665945739025, 6.313548712704744 ], [ -74.681160940164261, 6.341890437875861 ], [ -74.699507077152191, 6.390473611149218 ], [ -74.721970902444525, 6.398608475180708 ], [ -74.719235269712897, 6.440057695296332 ], [ -74.74901167829961, 6.444652222309912 ], [ -74.757898980795915, 6.484289961261993 ] ] ] } },
{ "type": "Feature", "properties": { "codigo_dane": "05585", "nombre": "PUERTO NARE", "departamento": "ANTIOQUIA", "icv_score": 64.930997944918701, "nbi": 16.586858641017901, "ipm_pct": 9.0309298215345102, "icv_hacinamiento": 3.2821990237112, "icv_menores_6": 2.36781528010372, "icv_seg_social": 2.6912869957593601, "pct_vivienda_acueducto": 99.369510670734499, "icv_paredes": 6.76459148675408, "icv_pisos": 6.1988351410425304, "subregion": "Resto de Antioquia", "poblacion_2023": 15293.0 }, "geometry": { "type": "Polygon", "coordinates": [ [ [ -74.642124307566917, 6.233412294136031 ], [ -74.631076520056297, 6.278138605155618 ], [ -74.61170824319089, 6.276644036402161 ], [ -74.603353663642224, 6.253578760700066 ], [ -74.534277638652554, 6.269336952598337 ], [ -74.611266047139907, 6.130379245219444 ], [ -74.561747844589945, 6.078295787245338 ], [ -74.567288609168884, 6.057515213897375 ], [ -74.607160268709038, 6.033389129407226 ], [ -74.641120013635145, 6.033588522321566 ], [ -74.666237577579295, 6.052998082197064 ], [ -74.679385179638189, 6.032477379091461 ], [ -74.707398594565859, 6.027877349892378 ], [ -74.71941522306895, 5.987988680738738 ], [ -74.770052124584879, 5.994054387052074 ], [ -74.765488231045197, 6.049884566551782 ], [ -74.817592696139002, 6.105517932202474 ], [ -74.811199884223925, 6.150217630610598 ], [ -74.775371948343661, 6.199764931412403 ], [ -74.726811144935311, 6.215582971817582 ], [ -74.691789991146209, 6.293464109677757 ], [ -74.642124307566917, 6.233412294136031 ] ] ] } },
{ "type": "Feature", "properties": { "codigo_dane": "05591", "nombre": "PUERTO TRIUNFO", "departamento": "ANTIOQUIA", "icv_score": 67.070882756327194, "nbi": 13.9877096489219, "ipm_pct": 20.867738258975798, "icv_hacinamiento": 3.0443255633098598, "icv_menores_6": 2.4288464094497, "icv_seg_social": 3.2129823584912498, "pct_vivienda_acueducto": 93.2543091035987, "icv_paredes": 7.6658649201273201, "icv_pisos": 7.1583693404212996, "subregion": "Resto de Antioquia", "poblacion_2023": 19661.0 }, "geometry": { "type": "Polygon", "coordinates": [ [ [ -74.567288609168884, 6.057515213897375 ], [ -74.565921616558853, 5.990013599987151 ], [ -74.612376760974939, 5.969879922855455 ], [ -74.585386636667522, 5.903061804351978 ], [ -74.640466266861097, 5.859168701185354 ], [ -74.846920153338374, 5.932417272840894 ], [ -74.794711977662416, 5.987369625131976 ], [ -74.750689916742374, 5.998078495982099 ], [ -74.71941522306895, 5.987988680738738 ], [ -74.707398594565859, 6.027877349892378 ], [ -74.679385179638189, 6.032477379091461 ], [ -74.666585569027973, 6.052878458845214 ], [ -74.641120013635145, 6.033588522321566 ], [ -74.606908666567165, 6.033447192960239 ], [ -74.567288609168884, 6.057515213897375 ] ] ] } },
{ "type": "Feature", "properties": { "codigo_dane": "05604", "nombre": "REMEDIOS", "departamento": "ANTIOQUIA", "icv_score": 65.750124004369297, "nbi": 16.048691596275901, "ipm_pct": 18.0051265280369, "icv_hacinamiento": 2.8230604105157999, "icv_menores_6": 2.1738034906364998, "icv_seg_social": 2.8300212173597199, "pct_vivienda_acueducto": 85.117664604460003, "icv_paredes": 7.3444276939586901, "icv_pisos": 6.6003333168525602, "subregion": "Resto de Antioquia", "poblacion_2023": 31804.0 }, "geometry": { "type": "Polygon", "coordinates": [ [ [ -74.836293522419737, 7.094064484219587 ], [ -74.848939341330777, 7.160701551624811 ], [ -74.830443727255329, 7.161842488403352 ], [ -74.783419859877938, 7.122238368927583 ], [ -74.760511322351476, 7.125443044782173 ], [ -74.725060080912726, 7.077651278921621 ], [ -74.689179362679226, 7.063403211016634 ], [ -74.656172218989013, 7.089324438098799 ], [ -74.658157598858736, 7.157594708670842 ], [ -74.38930418390629, 7.266838552714546 ], [ -74.409099405213681, 7.194124391942296 ], [ -74.370016403341026, 7.125205813001344 ], [ -74.372010273195258, 7.098079353071228 ], [ -74.351444966005317, 7.081589765760441 ], [ -74.355695755096463, 7.009898842607811 ], [ -74.322158883444274, 7.018860239106118 ], [ -74.305814631085866, 6.999159856612152 ], [ -74.277209601410277, 7.01219992934756 ], [ -74.241073462293571, 7.000668614266772 ], [ -74.260045747991398, 6.968296215272289 ], [ -74.310815002895197, 6.955140115144047 ], [ -74.321222285707904, 6.917437421619525 ], [ -74.337624280920465, 6.927018394747847 ], [ -74.379733251255914, 6.912180373979481 ], [ -74.398001499755082, 6.846795815996586 ], [ -74.439716190214995, 6.786260884313435 ], [ -74.466947708201303, 6.814819807920287 ], [ -74.488173086309928, 6.815253036082652 ], [ -74.492216529695213, 6.793035150846492 ], [ -74.443414187080805, 6.777669076577126 ], [ -74.495705550411628, 6.700119051706338 ], [ -74.554741767613052, 6.716737347038645 ], [ -74.579952545316985, 6.705621553413607 ], [ -74.578379384693335, 6.793207287955056 ], [ -74.591264860838407, 6.815730070624795 ], [ -74.571973044139327, 6.863991099695681 ], [ -74.59442298595792, 6.912822434560724 ], [ -74.633499715788219, 6.925079786598985 ], [ -74.650009619413595, 6.911941581823726 ], [ -74.690079017170035, 6.917854072258422 ], [ -74.703902943379035, 6.896290310190693 ], [ -74.769457193254311, 6.903189720227431 ], [ -74.810046476124398, 6.879087353076329 ], [ -74.844721677642099, 6.95777766614151 ], [ -74.836864147115989, 7.021972624669843 ], [ -74.854856157156973, 7.025693030926561 ], [ -74.858104995124449, 7.052900792946275 ], [ -74.836293522419737, 7.094064484219587 ] ] ] } },
{ "type": "Feature", "properties": { "codigo_dane": "05607", "nombre": "RETIRO", "departamento": "ANTIOQUIA", "icv_score": 71.7085573809984, "nbi": 6.3966579182943999, "ipm_pct": 4.2520627301056297, "icv_hacinamiento": 2.5370210527326198, "icv_menores_6": 2.1099560777105499, "icv_seg_social": 3.5521107383917898, "pct_vivienda_acueducto": 94.331151506420895, "icv_paredes": 7.9267909160188701, "icv_pisos": 8.4028767542644101, "subregion": "Resto de Antioquia", "poblacion_2023": 26306.0 }, "geometry": { "type": "Polygon", "coordinates": [ [ [ -75.466890163145308, 6.10212670486078 ], [ -75.446546297137616, 6.081435803212571 ], [ -75.444061932374325, 6.041118287882 ], [ -75.480577944174627, 5.976928624028176 ], [ -75.528285437214549, 5.961176041215026 ], [ -75.593321266231271, 5.992611107650646 ], [ -75.570682191165474, 6.024918314954675 ], [ -75.586802210375481, 6.07810836259506 ], [ -75.549572346375896, 6.106561566086839 ], [ -75.542533640765271, 6.13210057408412 ], [ -75.475895342667116, 6.15802073396685 ], [ -75.466890163145308, 6.10212670486078 ] ] ] } },
{ "type": "Feature", "properties": { "codigo_dane": "05615", "nombre": "RIONEGRO", "departamento": "ANTIOQUIA", "icv_score": 70.012261592535495, "nbi": 8.8696281070089107, "ipm_pct": 8.3932753675218592, "icv_hacinamiento": 2.9261804563945999, "icv_menores_6": 2.0133801238716198, "icv_seg_social": 3.1343639396187202, "pct_vivienda_acueducto": 96.836601819654902, "icv_paredes": 8.0178418998082304, "icv_pisos": 8.3817829156829493, "subregion": "Resto de Antioquia", "poblacion_2023": 149627.0 }, "geometry": { "type": "Polygon", "coordinates": [ [ [ -75.485696017837881, 6.201625896312748 ], [ -75.433357737258973, 6.210254717363171 ], [ -75.423321172391468, 6.199526182375848 ], [ -75.380146772330534, 6.217026148810987 ], [ -75.37761831192978, 6.233876653439381 ], [ -75.327575491937466, 6.224489369817093 ], [ -75.325336579444752, 6.200972084859984 ], [ -75.345070931758301, 6.200708959120391 ], [ -75.364147474214462, 6.174769249186511 ], [ -75.353415441184609, 6.123236676312899 ], [ -75.390262795943158, 6.106756296741139 ], [ -75.386704060515285, 6.057636470387649 ], [ -75.447975138804225, 6.062208431703368 ], [ -75.447415927212774, 6.08372184765085 ], [ -75.467776880089104, 6.102414067166023 ], [ -75.459388864320601, 6.111315059998105 ], [ -75.476718287259757, 6.114906486941891 ], [ -75.485696017837881, 6.201625896312748 ] ] ] } },
{ "type": "Feature", "properties": { "codigo_dane": "05628", "nombre": "SABANALARGA", "departamento": "ANTIOQUIA", "icv_score": 61.760772261786698, "nbi": 15.333561488114601, "ipm_pct": 14.288908291860301, "icv_hacinamiento": 2.8643805685357102, "icv_menores_6": 2.3241682281967102, "icv_seg_social": 2.4300841239561199, "pct_vivienda_acueducto": 88.398964170754496, "icv_paredes": 6.3457609434795401, "icv_pisos": 6.2268277196985, "subregion": "Resto de Antioquia", "poblacion_2023": 9692.0 }, "geometry": { "type": "Polygon", "coordinates": [ [ [ -75.737517122478209, 6.911472277290841 ], [ -75.764426843910371, 6.787646728983077 ], [ -75.871304196623043, 6.784184019942302 ], [ -75.855384686934087, 6.809291114013433 ], [ -75.864531335954553, 6.831353477393804 ], [ -75.830892026633876, 6.889914878893649 ], [ -75.811697859578942, 7.015574690556946 ], [ -75.765673355276817, 7.061771407426193 ], [ -75.741789738851537, 6.989102724799807 ], [ -75.737517122478209, 6.911472277290841 ] ] ] } },
{ "type": "Feature", "properties": { "codigo_dane": "05631", "nombre": "SABANETA", "departamento": "ANTIOQUIA", "icv_score": 75.994690904231504, "nbi": 3.3109364199523399, "ipm_pct": 0.74627692373915999, "icv_hacinamiento": 2.3677487049952699, "icv_menores_6": 1.8087153226806501, "icv_seg_social": 3.32130068067594, "pct_vivienda_acueducto": 100.0, "icv_paredes": 7.8299990073115904, "icv_pisos": 8.3965715542672594, "subregion": "Valle de Aburrá", "poblacion_2023": 100767.0 }, "geometry": { "type": "Polygon", "coordinates": [ [ [ -75.629773048437585, 6.145910270967647 ], [ -75.605126783287858, 6.163186262071122 ], [ -75.590318876766787, 6.112729265402209 ], [ -75.625474353052482, 6.131834868380963 ], [ -75.629773048437585, 6.145910270967647 ] ] ] } },
{ "type": "Feature", "properties": { "codigo_dane": "05642", "nombre": "SALGAR", "departamento": "ANTIOQUIA", "icv_score": 67.276202769144504, "nbi": 15.7626508055383, "ipm_pct": 15.8218159322786, "icv_hacinamiento": 2.9622950872887901, "icv_menores_6": 2.1903374986633799, "icv_seg_social": 2.4359003130578598, "pct_vivienda_acueducto": 86.826693594646599, "icv_paredes": 7.7666356015029097, "icv_pisos": 8.0126256054708698, "subregion": "Resto de Antioquia", "poblacion_2023": 18844.0 }, "geometry": { "type": "Polygon", "coordinates": [ [ [ -75.998750285397819, 6.070020421201491 ], [ -75.976898472914854, 6.047698982588429 ], [ -75.940216703846204, 6.040708538106628 ], [ -75.939367782649811, 5.973703640842075 ], [ -75.871394427973655, 5.950139002953676 ], [ -75.848810240015439, 5.956535191638523 ], [ -75.914259534242547, 5.863049193641473 ], [ -75.93621951475177, 5.870883079592147 ], [ -75.942730902582184, 5.915125783989765 ], [ -76.013202798346356, 5.90337554840147 ], [ -76.053864376789761, 5.931563323769808 ], [ -76.066781964138556, 5.978117745578686 ], [ -76.096964781663473, 6.003516129392608 ], [ -76.076900367390294, 6.032891918687767 ], [ -76.055280234196971, 6.037039032231064 ], [ -76.057855545370387, 6.051437224011067 ], [ -76.027787823684662, 6.04863400467849 ], [ -75.998750285397819, 6.070020421201491 ] ] ] } },
{ "type": "Feature", "properties": { "codigo_dane": "05647", "nombre": "SAN ANDRÉS DE CUERQUÍA", "departamento": "ANTIOQUIA", "icv_score": 60.632118436736697, "nbi": 26.0575410880246, "ipm_pct": 23.217332291271301, "icv_hacinamiento": 2.39728524602035, "icv_menores_6": 2.0779793852731498, "icv_seg_social": 2.5682902755178101, "pct_vivienda_acueducto": 70.954433697179297, "icv_paredes": 7.3667689095409301, "icv_pisos": 6.54378142379118, "subregion": "Resto de Antioquia", "poblacion_2023": 7389.0 }, "geometry": { "type": "Polygon", "coordinates": [ [ [ -75.737579567118303, 6.911680236546488 ], [ -75.673615508141381, 6.971339402656213 ], [ -75.656970381008477, 7.028163736795079 ], [ -75.606304593243294, 6.982509778859765 ], [ -75.574962049762348, 6.900465257156952 ], [ -75.602293899764391, 6.862417876189966 ], [ -75.656841708919615, 6.887148235395387 ], [ -75.712263307353112, 6.878328281446272 ], [ -75.734100810560506, 6.806090085321784 ], [ -75.760242912885872, 6.786450027442186 ], [ -75.758375445974309, 6.855165026417978 ], [ -75.737579567118303, 6.911680236546488 ] ] ] } },
{ "type": "Feature", "properties": { "codigo_dane": "05649", "nombre": "SAN CARLOS", "departamento": "ANTIOQUIA", "icv_score": 64.535909625920198, "nbi": 16.712209384958499, "ipm_pct": 18.7081386496994, "icv_hacinamiento": 2.8524194920656099, "icv_menores_6": 2.1931707886093501, "icv_seg_social": 2.3943341817377299, "pct_vivienda_acueducto": 93.732501554516205, "icv_paredes": 7.0438801165793397, "icv_pisos": 6.9511880522592397, "subregion": "Resto de Antioquia", "poblacion_2023": 16827.0 }, "geometry": { "type": "Polygon", "coordinates": [ [ [ -74.822316833981688, 6.333699491078164 ], [ -74.781582899777732, 6.306093766087315 ], [ -74.74886295759427, 6.242798198843218 ], [ -74.71320772835486, 6.239996044913482 ], [ -74.739745282858109, 6.206412655763813 ], [ -74.783807499401632, 6.19198753157184 ], [ -74.818226421246038, 6.135052170965309 ], [ -74.830984546725006, 6.074850118360757 ], [ -74.887556677748535, 6.065501649176213 ], [ -74.918796290385558, 6.042939707115409 ], [ -74.954891690871705, 6.100123270636118 ], [ -75.012594584346743, 6.125476233796462 ], [ -75.04314722239917, 6.120710946792769 ], [ -75.082771774072398, 6.14555347871709 ], [ -75.117822372863372, 6.235356942561623 ], [ -75.103593418427863, 6.237056671418088 ], [ -75.094491176760641, 6.214174025155387 ], [ -75.057858018265733, 6.209809732939334 ], [ -75.025629395645353, 6.264414408192295 ], [ -75.01184967736333, 6.24937740414174 ], [ -74.987697061110168, 6.250652853859833 ], [ -74.998784600900422, 6.263417389721781 ], [ -74.976510536778221, 6.27153587835096 ], [ -74.914353578775945, 6.267743516084295 ], [ -74.912744599598454, 6.309547512629308 ], [ -74.862526659190166, 6.307360662040423 ], [ -74.822316833981688, 6.333699491078164 ] ] ] } },
{ "type": "Feature", "properties": { "codigo_dane": "05652", "nombre": "SAN FRANCISCO", "departamento": "ANTIOQUIA", "icv_score": 65.020790300513895, "nbi": 25.5418301272402, "ipm_pct": 21.636028918774301, "icv_hacinamiento": 2.7201532464760398, "icv_menores_6": 2.1454947592836699, "icv_seg_social": 3.0641862775146098, "pct_vivienda_acueducto": 82.859535123757993, "icv_paredes": 8.0242168362184998, "icv_pisos": 7.5702669222586296, "subregion": "Resto de Antioquia", "poblacion_2023": 5960.0 }, "geometry": { "type": "Polygon", "coordinates": [ [ [ -74.844085608828607, 5.926495899857571 ], [ -74.865088896272539, 5.855694141559866 ], [ -74.893041724277623, 5.828765540220331 ], [ -74.916748759625079, 5.842777317779678 ], [ -74.950239008676874, 5.781622094406941 ], [ -75.043984636167636, 5.749057391109716 ], [ -75.054693178234118, 5.755121040279391 ], [ -75.02197377863348, 5.825262651301557 ], [ -75.022954400141998, 5.867934068962711 ], [ -75.041145664756641, 5.911321075268006 ], [ -75.083552451998969, 5.91302718126974 ], [ -75.119714238037488, 5.967230110742889 ], [ -75.101199111640256, 5.993962359967725 ], [ -75.068797470663355, 5.999172077134347 ], [ -75.039804171744549, 5.951906499870859 ], [ -74.983551827742303, 5.913089878336621 ], [ -74.939438665901775, 5.96347348258837 ], [ -74.844085608828607, 5.926495899857571 ] ] ] } },
{ "type": "Feature", "properties": { "codigo_dane": "05656", "nombre": "SAN JERÓNIMO", "departamento": "ANTIOQUIA", "icv_score": 66.586143199287406, "nbi": 10.377370766645299, "ipm_pct": 7.2304119764665398, "icv_hacinamiento": 2.70338531732218, "icv_menores_6": 2.1563278896645701, "icv_seg_social": 2.9587946720953302, "pct_vivienda_acueducto": 78.452065862583595, "icv_paredes": 6.3589894719546702, "icv_pisos": 7.9240388184478698, "subregion": "Resto de Antioquia", "poblacion_2023": 17549.0 }, "geometry": { "type": "Polygon", "coordinates": [ [ [ -75.663743340491806, 6.444155447273715 ], [ -75.668722818369304, 6.37315043869279 ], [ -75.717440465056256, 6.360857677732724 ], [ -75.738020115657775, 6.394189177279372 ], [ -75.779694546289534, 6.419624023739743 ], [ -75.778637856280398, 6.43751518882658 ], [ -75.732621972218567, 6.491087430399034 ], [ -75.654873715956057, 6.504636429691175 ], [ -75.643049018056274, 6.48875293438897 ], [ -75.663743340491806, 6.444155447273715 ] ] ] } },
{ "type": "Feature", "properties": { "codigo_dane": "05658", "nombre": "SAN JOSÉ DE LA MONTAÑA", "departamento": "ANTIOQUIA", "icv_score": 66.080254539647299, "nbi": 20.862176543651401, "ipm_pct": 19.121606726717399, "icv_hacinamiento": 2.6765050889063602, "icv_menores_6": 1.92767744553318, "icv_seg_social": 2.6505098522909698, "pct_vivienda_acueducto": 88.530491247882495, "icv_paredes": 7.1655972479756898, "icv_pisos": 7.1560902569487297, "subregion": "Resto de Antioquia", "poblacion_2023": 3924.0 }, "geometry": { "type": "Polygon", "coordinates": [ [ [ -75.718378520759472, 6.870571235649606 ], [ -75.646372084773134, 6.8815041527983 ], [ -75.614222552588387, 6.807751012316942 ], [ -75.667901167351658, 6.767977040150186 ], [ -75.676559686729092, 6.744451384684567 ], [ -75.734504326022886, 6.809569561430692 ], [ -75.718378520759472, 6.870571235649606 ] ] ] } },
{ "type": "Feature", "properties": { "codigo_dane": "05659", "nombre": "SAN JUAN DE URABÁ", "departamento": "ANTIOQUIA", "icv_score": 50.122148316800597, "nbi": 45.304514116189502, "ipm_pct": 34.892413326843801, "icv_hacinamiento": 2.6570341361103198, "icv_menores_6": 2.0987533897552502, "icv_seg_social": 2.2928184851833402, "pct_vivienda_acueducto": 75.057485597426293, "icv_paredes": 3.7040548358271299, "icv_pisos": 2.9358041922005902, "subregion": "Resto de Antioquia", "poblacion_2023": 20094.0 }, "geometry": { "type": "Polygon", "coordinates": [ [ [ -76.479988095684575, 8.811507650690203 ], [ -76.469501807776339, 8.794767347875393 ], [ -76.483323189954376, 8.767714840013355 ], [ -76.429027500371092, 8.729661847266357 ], [ -76.465854284591614, 8.679430937869995 ], [ -76.490094018632135, 8.693881955122322 ], [ -76.490839137618138, 8.662103290901541 ], [ -76.55543402463303, 8.603145466144156 ], [ -76.576667066275434, 8.618670834298257 ], [ -76.570723910027425, 8.635614196054917 ], [ -76.605084567096071, 8.646072026210618 ], [ -76.604181245679342, 8.691010984797117 ], [ -76.624196115130189, 8.693734340243964 ], [ -76.632130431911321, 8.730956769780335 ], [ -76.539569248439591, 8.764843009999709 ], [ -76.513835888877452, 8.780942482926207 ], [ -76.510302094294957, 8.803937630691451 ], [ -76.479988095684575, 8.811507650690203 ] ] ] } },
{ "type": "Feature", "properties": { "codigo_dane": "05660", "nombre": "SAN LUIS", "departamento": "ANTIOQUIA", "icv_score": 66.768128620234094, "nbi": 17.6484253547052, "ipm_pct": 19.2356453970127, "icv_hacinamiento": 2.6019521611588199, "icv_menores_6": 1.88097810449172, "icv_seg_social": 2.5233824386935599, "pct_vivienda_acueducto": 92.822422763355505, "icv_paredes": 7.8451348741125404, "icv_pisos": 7.6482773043956103, "subregion": "Resto de Antioquia", "poblacion_2023": 14066.0 }, "geometry": { "type": "Polygon", "coordinates": [ [ [ -74.817592696139002, 6.105517932202474 ], [ -74.765488231045197, 6.049884566551782 ], [ -74.769051396967654, 5.993729499392543 ], [ -74.801255042809942, 5.983801299282447 ], [ -74.844085608828607, 5.926495899857571 ], [ -74.939438665901775, 5.96347348258837 ], [ -74.986868821843018, 5.914252873264559 ], [ -75.069667290283178, 5.983615887758333 ], [ -75.084984895912726, 6.020345492153979 ], [ -75.060351930331421, 6.129135637210311 ], [ -74.954891690871705, 6.100123270636118 ], [ -74.918796290385558, 6.042939707115409 ], [ -74.887148355397301, 6.065643072860723 ], [ -74.845926569129972, 6.064819501243505 ], [ -74.817592696139002, 6.105517932202474 ] ] ] } },
{ "type": "Feature", "properties": { "codigo_dane": "05664", "nombre": "SAN PEDRO DE LOS MILAGROS", "departamento": "ANTIOQUIA", "icv_score": 69.166324403622696, "nbi": 4.4167062716311101, "ipm_pct": 5.8540030814368, "icv_hacinamiento": 2.4885124632993398, "icv_menores_6": 1.9400370664397599, "icv_seg_social": 2.8377073147133198, "pct_vivienda_acueducto": 86.434765403210505, "icv_paredes": 7.6675880779690297, "icv_pisos": 8.1094738088761904, "subregion": "Resto de Antioquia", "poblacion_2023": 22311.0 }, "geometry": { "type": "Polygon", "coordinates": [ [ [ -75.563553300018327, 6.529053626955829 ], [ -75.539620407367181, 6.504311047059559 ], [ -75.462328183917009, 6.511071729258049 ], [ -75.453027213190978, 6.459701967176272 ], [ -75.488318001917378, 6.464995476564411 ], [ -75.469028166903399, 6.433235510791178 ], [ -75.548985331904248, 6.383412867152174 ], [ -75.566489628222484, 6.420961477024775 ], [ -75.591191834204437, 6.434997716627095 ], [ -75.62122376787903, 6.383826708756942 ], [ -75.647681340817257, 6.393638615572627 ], [ -75.662398777933959, 6.40521791689747 ], [ -75.663743340491806, 6.444155447273715 ], [ -75.64487569513318, 6.496818696360492 ], [ -75.611320557123406, 6.51323837312691 ], [ -75.594454302320628, 6.503087390648773 ], [ -75.563553300018327, 6.529053626955829 ] ] ] } },
{ "type": "Feature", "properties": { "codigo_dane": "05665", "nombre": "SAN PEDRO DE URABÁ", "departamento": "ANTIOQUIA", "icv_score": 52.672912239276499, "nbi": 37.861896762945598, "ipm_pct": 16.313913864757499, "icv_hacinamiento": 2.8972093298326098, "icv_menores_6": 2.0352279868465999, "icv_seg_social": 2.3363524666995299, "pct_vivienda_acueducto": 65.513568184973096, "icv_paredes": 4.6643411744718799, "icv_pisos": 3.4535798217366902, "subregion": "Resto de Antioquia", "poblacion_2023": 32182.0 }, "geometry": { "type": "Polygon", "coordinates": [ [ [ -76.279287226992381, 8.593866202325955 ], [ -76.222811069355316, 8.573270137694465 ], [ -76.237229381617112, 8.556331577436822 ], [ -76.2099963697313, 8.522922530761491 ], [ -76.218668462663459, 8.443560473161199 ], [ -76.180428948073768, 8.396064368249142 ], [ -76.242877291938612, 8.369986245785981 ], [ -76.303430392961218, 8.311179062333622 ], [ -76.303275822422052, 8.284522207872271 ], [ -76.353356158785459, 8.194239021724115 ], [ -76.331147758867928, 8.151459392019262 ], [ -76.36815124274392, 8.152946085236351 ], [ -76.374852223759433, 8.111544446224343 ], [ -76.40167998463636, 8.102148519005482 ], [ -76.412669392386761, 8.165073823750561 ], [ -76.394552787713224, 8.216807056164043 ], [ -76.409157487968571, 8.23143161818615 ], [ -76.389439610770467, 8.31903563794981 ], [ -76.404372054431917, 8.372450812562931 ], [ -76.392858965284461, 8.380894125969462 ], [ -76.423744192259448, 8.431792676393457 ], [ -76.402014951401384, 8.444808422731569 ], [ -76.403655545013862, 8.463604365405388 ], [ -76.329480672119985, 8.445783229440678 ], [ -76.307116506902958, 8.520843839215615 ], [ -76.319860117392068, 8.546088810419747 ], [ -76.279287226992381, 8.593866202325955 ] ] ] } },
{ "type": "Feature", "properties": { "codigo_dane": "05667", "nombre": "SAN RAFAEL", "departamento": "ANTIOQUIA", "icv_score": 65.0248355358341, "nbi": 9.2812715105854693, "ipm_pct": 12.988771136661599, "icv_hacinamiento": 2.7047284668136302, "icv_menores_6": 2.1004880454739201, "icv_seg_social": 2.5779524346534402, "pct_vivienda_acueducto": 87.058650298246306, "icv_paredes": 7.4667983892423697, "icv_pisos": 7.2024520678466004, "subregion": "Resto de Antioquia", "poblacion_2023": 16982.0 }, "geometry": { "type": "Polygon", "coordinates": [ [ [ -74.921589183575691, 6.405025008028076 ], [ -74.828221649204465, 6.338663224171114 ], [ -74.862526659190166, 6.307360662040423 ], [ -74.912744599598454, 6.309547512629308 ], [ -74.912939261082386, 6.268249878847143 ], [ -74.976510536778221, 6.27153587835096 ], [ -74.998784600900422, 6.263417389721781 ], [ -74.987697061110168, 6.250652853859833 ], [ -75.01184967736333, 6.24937740414174 ], [ -75.025629395645353, 6.264414408192295 ], [ -75.058022428060042, 6.209764894394482 ], [ -75.094491176760641, 6.214174025155387 ], [ -75.103593418427863, 6.237056671418088 ], [ -75.145878853958379, 6.256498965030289 ], [ -75.140126024819665, 6.300221957689303 ], [ -75.116511109981332, 6.294428144679671 ], [ -75.105949925874882, 6.324625947013772 ], [ -74.921589183575691, 6.405025008028076 ] ] ] } },
{ "type": "Feature", "properties": { "codigo_dane": "05670", "nombre": "SAN ROQUE", "departamento": "ANTIOQUIA", "icv_score": 66.020439790272206, "nbi": 9.0736880734039698, "ipm_pct": 17.106452816248101, "icv_hacinamiento": 3.0521065587373499, "icv_menores_6": 2.3524777806355002, "icv_seg_social": 2.5617405308180499, "pct_vivienda_acueducto": 78.152380573452007, "icv_paredes": 8.1143173502310102, "icv_pisos": 7.1869036529221102, "subregion": "Resto de Antioquia", "poblacion_2023": 23768.0 }, "geometry": { "type": "Polygon", "coordinates": [ [ [ -75.019258076838923, 6.540366054766764 ], [ -74.834273523248044, 6.507562313175185 ], [ -74.811667057053, 6.461183803198708 ], [ -74.841339464901466, 6.436177413046096 ], [ -74.830477909077445, 6.407578978806612 ], [ -74.799251605890333, 6.410375858723114 ], [ -74.815289939429817, 6.363832581422571 ], [ -74.783443338264931, 6.373323427404898 ], [ -74.790388333347039, 6.315598562018806 ], [ -74.922600126842497, 6.405852143264838 ], [ -75.005492429778769, 6.386147887232312 ], [ -75.099142249173156, 6.465732313076899 ], [ -75.10782474370626, 6.486887023360737 ], [ -75.091414062676336, 6.476320461934733 ], [ -75.021922933947849, 6.518123307736971 ], [ -75.019258076838923, 6.540366054766764 ] ] ] } },
{ "type": "Feature", "properties": { "codigo_dane": "05674", "nombre": "SAN VICENTE FERRER", "departamento": "ANTIOQUIA", "icv_score": 69.330900409374493, "nbi": 8.6035194795497496, "ipm_pct": 24.9977867213093, "icv_hacinamiento": 3.4338697610536699, "icv_menores_6": 2.4958544060252601, "icv_seg_social": 3.1217138324918099, "pct_vivienda_acueducto": 97.574165718557794, "icv_paredes": 7.6645141337115996, "icv_pisos": 7.7864936332528503, "subregion": "Resto de Antioquia", "poblacion_2023": 24116.0 }, "geometry": { "type": "Polygon", "coordinates": [ [ [ -75.334833503433174, 6.399387392407903 ], [ -75.302858879661812, 6.389952375866642 ], [ -75.294903762373679, 6.352583627721856 ], [ -75.258166094693649, 6.350546327882284 ], [ -75.227540857437077, 6.294533223397138 ], [ -75.284185424171255, 6.258700356660313 ], [ -75.29914427832307, 6.263062175812422 ], [ -75.323117744314686, 6.225863345037396 ], [ -75.342765899614733, 6.223132819232205 ], [ -75.379676691652548, 6.232582286982961 ], [ -75.39536912771797, 6.267265650599882 ], [ -75.385849387401493, 6.328290698102762 ], [ -75.407059057556523, 6.348019373059174 ], [ -75.403980587015099, 6.365086987190011 ], [ -75.334833503433174, 6.399387392407903 ] ] ] } },
{ "type": "Feature", "properties": { "codigo_dane": "05679", "nombre": "SANTA BÁRBARA", "departamento": "ANTIOQUIA", "icv_score": 68.0592256221572, "nbi": 16.065136169750101, "ipm_pct": 9.7792490587314997, "icv_hacinamiento": 3.0368945351858398, "icv_menores_6": 2.2260760435005902, "icv_seg_social": 2.95961102482037, "pct_vivienda_acueducto": 98.120795789098096, "icv_paredes": 7.3084699699012496, "icv_pisos": 7.85416654361181, "subregion": "Resto de Antioquia", "poblacion_2023": 28829.0 }, "geometry": { "type": "Polygon", "coordinates": [ [ [ -75.593531183815855, 6.005837546820032 ], [ -75.562153761419609, 5.974563368779968 ], [ -75.582650696880478, 5.97304808126637 ], [ -75.550108271820022, 5.957742671174799 ], [ -75.555353758133151, 5.923523983068492 ], [ -75.533367978886702, 5.862467686745219 ], [ -75.564949257031174, 5.723052757183552 ], [ -75.582908495606148, 5.788955973180407 ], [ -75.599426541567766, 5.808974928172404 ], [ -75.622341898211005, 5.807515985733232 ], [ -75.617729609693413, 5.873083481277945 ], [ -75.639354261416258, 5.946225417434391 ], [ -75.593531183815855, 6.005837546820032 ] ] ] } },
{ "type": "Feature", "properties": { "codigo_dane": "05686", "nombre": "SANTA ROSA DE OSOS", "departamento": "ANTIOQUIA", "icv_score": 67.191670288062795, "nbi": 9.1798469161193701, "ipm_pct": 16.807475593192699, "icv_hacinamiento": 2.7244863523938299, "icv_menores_6": 1.94056798192547, "icv_seg_social": 2.7995743494805101, "pct_vivienda_acueducto": 88.968982798320496, "icv_paredes": 7.68027458180359, "icv_pisos": 7.4757365114377903, "subregion": "Resto de Antioquia", "poblacion_2023": 39288.0 }, "geometry": { "type": "Polygon", "coordinates": [ [ [ -75.396891059176767, 6.526654085680832 ], [ -75.427528924959688, 6.544621678594638 ], [ -75.447731057363853, 6.514131200416159 ], [ -75.459932438027124, 6.516989060717663 ], [ -75.508419905612186, 6.564274898600274 ], [ -75.516725712890263, 6.594278417641476 ], [ -75.497178441171968, 6.61183883804847 ], [ -75.537676865666867, 6.648113722969697 ], [ -75.524036607350581, 6.66756581361625 ], [ -75.542529213864043, 6.678720375864884 ], [ -75.56672769903048, 6.664950276750631 ], [ -75.600973057240537, 6.681262553550994 ], [ -75.611944189650217, 6.702956539997672 ], [ -75.598619885240851, 6.75405751964405 ], [ -75.61275563310312, 6.782495885650462 ], [ -75.626166441750001, 6.774221583212807 ], [ -75.614222552588387, 6.807751012316942 ], [ -75.641378841101243, 6.870999575176313 ], [ -75.602293899764391, 6.862417876189966 ], [ -75.575796337391125, 6.893120790831063 ], [ -75.574053168667888, 6.853055008796559 ], [ -75.488505537958815, 6.768055392170027 ], [ -75.426635380814275, 6.785979882085485 ], [ -75.379583706963388, 6.774533819888063 ], [ -75.363442520733486, 6.72842052513414 ], [ -75.303785657905962, 6.694149536172006 ], [ -75.280930442620615, 6.648481895985697 ], [ -75.24616040228949, 6.640713833241591 ], [ -75.197564595998244, 6.590788955851906 ], [ -75.209256597353487, 6.554001287005008 ], [ -75.271219581981882, 6.572783857346849 ], [ -75.315008695190045, 6.549066597366618 ], [ -75.394544559868336, 6.541975804699405 ], [ -75.396891059176767, 6.526654085680832 ] ] ] } },
{ "type": "Feature", "properties": { "codigo_dane": "05690", "nombre": "SANTO DOMINGO", "departamento": "ANTIOQUIA", "icv_score": 67.023232552049393, "nbi": 16.837372716806001, "ipm_pct": 15.6632580132966, "icv_hacinamiento": 3.3659914001848898, "icv_menores_6": 2.4958408166895998, "icv_seg_social": 2.85532922212274, "pct_vivienda_acueducto": 77.124655680587296, "icv_paredes": 7.7637525565333796, "icv_pisos": 7.8721321523668104, "subregion": "Resto de Antioquia", "poblacion_2023": 13254.0 }, "geometry": { "type": "Polygon", "coordinates": [ [ [ -75.230621634854003, 6.547609915988858 ], [ -75.089902313629409, 6.537939628690538 ], [ -75.0804711005581, 6.506692730710768 ], [ -75.065083950897019, 6.535446616737431 ], [ -75.019647332433067, 6.539556574134338 ], [ -75.021922933947849, 6.518123307736971 ], [ -75.059906563224956, 6.493672961713628 ], [ -75.091414062676336, 6.476320461934733 ], [ -75.108492561702121, 6.482880116283809 ], [ -75.032576855706566, 6.418151320896072 ], [ -75.092324077445596, 6.393623015417006 ], [ -75.173127731901388, 6.418735879371809 ], [ -75.197276780941706, 6.449154008077983 ], [ -75.241810277415084, 6.447755231251222 ], [ -75.217126978289969, 6.487204437929449 ], [ -75.263303785781716, 6.509518356739306 ], [ -75.230621634854003, 6.547609915988858 ] ] ] } },
{ "type": "Feature", "properties": { "codigo_dane": "05697", "nombre": "EL SANTUARIO", "departamento": "ANTIOQUIA", "icv_score": 69.615653636060003, "nbi": 4.7535224050395604, "ipm_pct": 24.947378341664901, "icv_hacinamiento": 2.4896066268716202, "icv_menores_6": 1.7810126728822, "icv_seg_social": 2.6794633523554299, "pct_vivienda_acueducto": 99.182023729818098, "icv_paredes": 8.0109226101091693, "icv_pisos": 8.0389416323462797, "subregion": "Resto de Antioquia", "poblacion_2023": 38877.0 }, "geometry": { "type": "Polygon", "coordinates": [ [ [ -75.250756786122281, 6.172380770673101 ], [ -75.166890980831795, 6.101149330764542 ], [ -75.183681952262248, 6.092703403258497 ], [ -75.229042997197723, 6.12429923322378 ], [ -75.268487175103019, 6.080083055199339 ], [ -75.269147177749687, 6.05648864083048 ], [ -75.296266363116786, 6.084063061305358 ], [ -75.28676029966141, 6.096990196854904 ], [ -75.311334448900936, 6.151976692340497 ], [ -75.250756786122281, 6.172380770673101 ] ] ] } },
{ "type": "Feature", "properties": { "codigo_dane": "05736", "nombre": "SEGOVIA", "departamento": "ANTIOQUIA", "icv_score": 62.889426934372999, "nbi": 37.104416034661902, "ipm_pct": 14.888806165145301, "icv_hacinamiento": 2.07922141215295, "icv_menores_6": 1.7494621062092699, "icv_seg_social": 2.5395119110875601, "pct_vivienda_acueducto": 78.717055675040299, "icv_paredes": 6.6588506524405799, "icv_pisos": 6.5308622281556401, "subregion": "Resto de Antioquia", "poblacion_2023": 39062.0 }, "geometry": { "type": "Polygon", "coordinates": [ [ [ -74.38930418390629, 7.266838552714546 ], [ -74.658157598858736, 7.157594708670842 ], [ -74.656172218989013, 7.089324438098799 ], [ -74.689892357885014, 7.063268238139301 ], [ -74.725060080912726, 7.077651278921621 ], [ -74.760511322351476, 7.125443044782173 ], [ -74.783419859877938, 7.122238368927583 ], [ -74.827162406181287, 7.160184066811553 ], [ -74.848123847371028, 7.156864588867052 ], [ -74.876440592170809, 7.224211165113786 ], [ -74.909523982228109, 7.232162479830265 ], [ -74.916214681118674, 7.251639422388905 ], [ -74.915278013313639, 7.263734393030404 ], [ -74.699108991111757, 7.312690400681447 ], [ -74.561269005330985, 7.428264426048713 ], [ -74.494196899656629, 7.344459240918525 ], [ -74.473762754687527, 7.345766294291764 ], [ -74.419405670595552, 7.388585669089707 ], [ -74.412448717130815, 7.460350820093424 ], [ -74.370584630431892, 7.480013460738974 ], [ -74.319365190752933, 7.439914637743641 ], [ -74.397727519663306, 7.347909257652532 ], [ -74.38930418390629, 7.266838552714546 ] ] ] } },
{ "type": "Feature", "properties": { "codigo_dane": "05756", "nombre": "SONSÓN", "departamento": "ANTIOQUIA", "icv_score": 62.636369701438703, "nbi": 22.073326909815801, "ipm_pct": 24.749387756462301, "icv_hacinamiento": 2.7302626627494799, "icv_menores_6": 2.0662129716865101, "icv_seg_social": 2.63114976965374, "pct_vivienda_acueducto": 75.364297781589499, "icv_paredes": 6.80665024461456, "icv_pisos": 6.9534836308100898, "subregion": "Resto de Antioquia", "poblacion_2023": 36248.0 }, "geometry": { "type": "Polygon", "coordinates": [ [ [ -74.865988904699918, 5.854295212917748 ], [ -74.844085608828607, 5.926495899857571 ], [ -74.640466266861097, 5.859168701185354 ], [ -74.664960425552408, 5.768536585746574 ], [ -74.713674925438454, 5.772378031999438 ], [ -74.729443485700017, 5.706467767815298 ], [ -74.772429231316096, 5.689718756725199 ], [ -74.828740610849252, 5.712797518845434 ], [ -74.841091268275477, 5.738430957820583 ], [ -74.901875991095551, 5.75877491994811 ], [ -74.942867741991506, 5.754336709799986 ], [ -74.973955473647436, 5.729966876246465 ], [ -75.132443989307319, 5.761038869406036 ], [ -75.148715222049645, 5.743892668794899 ], [ -75.241875727820513, 5.732103698719015 ], [ -75.208576859602601, 5.705001821206224 ], [ -75.182777369609823, 5.708833024860098 ], [ -75.235551493348908, 5.676167585304938 ], [ -75.263686481872469, 5.680269592605214 ], [ -75.27173009316806, 5.604262706637371 ], [ -75.24788766273474, 5.578796741612393 ], [ -75.253762447253621, 5.528214699356283 ], [ -75.282580623061449, 5.475688820752168 ], [ -75.316320417111569, 5.459164247626461 ], [ -75.310823410403316, 5.508665876246255 ], [ -75.328847827193954, 5.52457257325409 ], [ -75.340209317431572, 5.603009423764888 ], [ -75.376341432092602, 5.610885440735956 ], [ -75.376210558231207, 5.673174175407212 ], [ -75.423722299231599, 5.696038847265072 ], [ -75.409935740273227, 5.744965288641652 ], [ -75.320731810730422, 5.781752623315015 ], [ -75.28444448862416, 5.849237641735385 ], [ -75.266053672991632, 5.850936227035561 ], [ -75.267966377300297, 5.81249918443558 ], [ -75.246810200964774, 5.815526246149034 ], [ -75.209789490981109, 5.872178163803028 ], [ -75.144786620280115, 5.865363758714466 ], [ -75.134507112138635, 5.882505377015718 ], [ -75.07380590126553, 5.892677692702193 ], [ -75.055377104832473, 5.91941612773104 ], [ -75.022954400141998, 5.867934068962711 ], [ -75.021887251039743, 5.825853906723069 ], [ -75.054765615741417, 5.752081117375781 ], [ -74.981216523247838, 5.766424127400569 ], [ -74.945421823262905, 5.785965680439176 ], [ -74.921173534559102, 5.840125161960657 ], [ -74.893231164748954, 5.828636991200767 ], [ -74.865988904699918, 5.854295212917748 ] ] ] } },
{ "type": "Feature", "properties": { "codigo_dane": "05761", "nombre": "SOPETRÁN", "departamento": "ANTIOQUIA", "icv_score": 66.593900703083705, "nbi": 7.8643552995943304, "ipm_pct": 10.2786264018705, "icv_hacinamiento": 2.8267012813471499, "icv_menores_6": 2.1405433664510398, "icv_seg_social": 2.9051307368000998, "pct_vivienda_acueducto": 91.277744534020897, "icv_paredes": 6.9147297601559199, "icv_pisos": 7.3958406344420302, "subregion": "Resto de Antioquia", "poblacion_2023": 16164.0 }, "geometry": { "type": "Polygon", "coordinates": [ [ [ -75.717692968209121, 6.635724950893916 ], [ -75.647616271297807, 6.504501914955028 ], [ -75.732859918160671, 6.490950612380686 ], [ -75.764262594914612, 6.467753063240821 ], [ -75.784241495792799, 6.397787237388457 ], [ -75.799451742778899, 6.394547236155461 ], [ -75.800695216040651, 6.420806260596407 ], [ -75.819612005572651, 6.410137433978605 ], [ -75.821020519246531, 6.510955700966861 ], [ -75.798496736751076, 6.53989275272761 ], [ -75.754364448864635, 6.547698076721076 ], [ -75.765573433791531, 6.590108961182636 ], [ -75.746691724397635, 6.615725874736654 ], [ -75.717692968209121, 6.635724950893916 ] ] ] } },
{ "type": "Feature", "properties": { "codigo_dane": "05789", "nombre": "TÁMESIS", "departamento": "ANTIOQUIA", "icv_score": 64.977104718027803, "nbi": 19.852446686640899, "ipm_pct": 12.8460972974241, "icv_hacinamiento": 2.9297459715117302, "icv_menores_6": 2.2418740545549101, "icv_seg_social": 2.5538459936817599, "pct_vivienda_acueducto": 94.695641886441194, "icv_paredes": 7.7362393598278798, "icv_pisos": 6.8521580597519796, "subregion": "Resto de Antioquia", "poblacion_2023": 16637.0 }, "geometry": { "type": "Polygon", "coordinates": [ [ [ -75.744750031431636, 5.734321620261767 ], [ -75.651554405996706, 5.797798844967303 ], [ -75.639872378643986, 5.763918454581756 ], [ -75.661469063094785, 5.724154291127377 ], [ -75.65782350003559, 5.638094561907792 ], [ -75.692990118134617, 5.556584149254093 ], [ -75.714347360947158, 5.547925579571029 ], [ -75.760356778930429, 5.593649459728795 ], [ -75.757838370685704, 5.639043245587573 ], [ -75.80670174129591, 5.653730052823619 ], [ -75.803041874351038, 5.675858417277141 ], [ -75.770969060149298, 5.689801471865849 ], [ -75.744750031431636, 5.734321620261767 ] ] ] } },
{ "type": "Feature", "properties": { "codigo_dane": "05790", "nombre": "TARAZÁ", "departamento": "ANTIOQUIA", "icv_score": 57.420694354150697, "nbi": 23.0503105277614, "ipm_pct": 28.8630136906581, "icv_hacinamiento": 2.64038661281274, "icv_menores_6": 2.0148348843067199, "icv_seg_social": 2.32444524849141, "pct_vivienda_acueducto": 77.637194833353803, "icv_paredes": 5.67227053489058, "icv_pisos": 5.3229612608747301, "subregion": "Resto de Antioquia", "poblacion_2023": 28729.0 }, "geometry": { "type": "Polygon", "coordinates": [ [ [ -75.454256258599401, 7.746693038108049 ], [ -75.439136173793599, 7.63398415389355 ], [ -75.414558669343819, 7.649108485937404 ], [ -75.383555168287614, 7.644065066825306 ], [ -75.365907162968938, 7.583638758614541 ], [ -75.332235173810545, 7.536109492367302 ], [ -75.27414431202817, 7.534055207168819 ], [ -75.258039394408399, 7.516693973063468 ], [ -75.250348522161573, 7.456870928064177 ], [ -75.217248942653271, 7.447025714386143 ], [ -75.206112372775806, 7.427531069612428 ], [ -75.21473970711321, 7.39565336874756 ], [ -75.165523133024919, 7.356061534641356 ], [ -75.208752454329442, 7.251567852654887 ], [ -75.300818586633341, 7.235264928222421 ], [ -75.299415026273891, 7.272574965128342 ], [ -75.277634735015852, 7.287516665037856 ], [ -75.289173802563653, 7.379076333069122 ], [ -75.274808882611694, 7.388262843065434 ], [ -75.305795727990926, 7.434541480963958 ], [ -75.322897250855817, 7.432471255148073 ], [ -75.33205386309902, 7.388164287918755 ], [ -75.395075020856211, 7.368922028618442 ], [ -75.460943231275166, 7.359793341426439 ], [ -75.499430047768101, 7.386398251663365 ], [ -75.514143427191414, 7.372709672929489 ], [ -75.567914980829755, 7.380035087769613 ], [ -75.542612497638686, 7.441589437432754 ], [ -75.541621918297324, 7.491755507278583 ], [ -75.602599301153248, 7.601092160839812 ], [ -75.552978530679013, 7.627342117679007 ], [ -75.533735843780278, 7.723015406439856 ], [ -75.499493585658797, 7.719101121132439 ], [ -75.481136776676749, 7.742090748745852 ], [ -75.454256258599401, 7.746693038108049 ] ] ] } },
{ "type": "Feature", "properties": { "codigo_dane": "05792", "nombre": "TARSO", "departamento": "ANTIOQUIA", "icv_score": 64.941354435629904, "nbi": 8.4387625994818904, "ipm_pct": 14.6827204187893, "icv_hacinamiento": 2.4217187646894098, "icv_menores_6": 2.0085663062070198, "icv_seg_social": 2.5344271352913199, "pct_vivienda_acueducto": 83.137021022811993, "icv_paredes": 7.8289376010157099, "icv_pisos": 6.9537615136659401, "subregion": "Resto de Antioquia", "poblacion_2023": 6470.0 }, "geometry": { "type": "Polygon", "coordinates": [ [ [ -75.855891936334899, 5.938181906750174 ], [ -75.758537486010994, 5.870080136903539 ], [ -75.783706892669841, 5.822227670932591 ], [ -75.810145634209732, 5.809887426785394 ], [ -75.815096321957753, 5.830503190588445 ], [ -75.846639050667648, 5.819023620305927 ], [ -75.886015088609383, 5.863627135121533 ], [ -75.881574783588349, 5.914740004878524 ], [ -75.855891936334899, 5.938181906750174 ] ] ] } },
{ "type": "Feature", "properties": { "codigo_dane": "05809", "nombre": "TITIRIBÍ", "departamento": "ANTIOQUIA", "icv_score": 66.656943889766794, "nbi": 11.8675835655235, "ipm_pct": 7.9439436253984601, "icv_hacinamiento": 3.0175799050896899, "icv_menores_6": 2.2232909139737198, "icv_seg_social": 3.0021323225595, "pct_vivienda_acueducto": 98.214038108724296, "icv_paredes": 6.7522835651617203, "icv_pisos": 7.21053718183689, "subregion": "Resto de Antioquia", "poblacion_2023": 11348.0 }, "geometry": { "type": "Polygon", "coordinates": [ [ [ -75.766191873153502, 6.131879669196508 ], [ -75.738498354841681, 6.033733261690429 ], [ -75.773380207666946, 5.996012976443694 ], [ -75.840761801169663, 6.008830842631653 ], [ -75.865809957626368, 6.053622307612386 ], [ -75.854920165035537, 6.09963730323966 ], [ -75.803746040008889, 6.103964104237491 ], [ -75.766191873153502, 6.131879669196508 ] ] ] } },
{ "type": "Feature", "properties": { "codigo_dane": "05819", "nombre": "TOLEDO", "departamento": "ANTIOQUIA", "icv_score": 62.819913208528199, "nbi": 15.5649803990907, "ipm_pct": 15.468164722884699, "icv_hacinamiento": 2.4509442894845801, "icv_menores_6": 2.26726741535259, "icv_seg_social": 2.7143243041521501, "pct_vivienda_acueducto": 95.029984037275099, "icv_paredes": 7.19525108012916, "icv_pisos": 6.8469412054504399, "subregion": "Resto de Antioquia", "poblacion_2023": 4905.0 }, "geometry": { "type": "Polygon", "coordinates": [ [ [ -75.687462500410334, 7.084326234824289 ], [ -75.656122258414996, 7.025940552018881 ], [ -75.663266992263118, 6.993562797264417 ], [ -75.706439601980264, 6.932662836671284 ], [ -75.737011261873988, 6.926911293022727 ], [ -75.765673355276817, 7.061771407426193 ], [ -75.687462500410334, 7.084326234824289 ] ] ] } },
{ "type": "Feature", "properties": { "codigo_dane": "05837", "nombre": "TURBO", "departamento": "ANTIOQUIA", "icv_score": 54.212202762589598, "nbi": 38.154415867975999, "ipm_pct": 15.507583741105201, "icv_hacinamiento": 2.9249188372878101, "icv_menores_6": 2.0418638864773802, "icv_seg_social": 2.57588044119862, "pct_vivienda_acueducto": 46.4353135108136, "icv_paredes": 4.5730262481842496, "icv_pisos": 4.4664999488055601, "subregion": "Resto de Antioquia", "poblacion_2023": 129280.0 }, "geometry": { "type": "Polygon", "coordinates": [ [ [ -76.393615349153094, 8.469010393364101 ], [ -76.425523873934878, 8.424428127315082 ], [ -76.39461337014427, 8.388029154411527 ], [ -76.404972211266625, 8.354553749133288 ], [ -76.389439610770467, 8.31903563794981 ], [ -76.409143114014228, 8.231626650674571 ], [ -76.394552787713224, 8.216807056164043 ], [ -76.411503483321724, 8.187785683971981 ], [ -76.399789421122136, 8.147082700347482 ], [ -76.408723798071776, 8.073925120017861 ], [ -76.424971537155727, 8.074293808667221 ], [ -76.551369379193488, 7.952117375397506 ], [ -76.594876339430868, 7.947545283826003 ], [ -76.652973809225784, 7.915608968740514 ], [ -76.680026731211512, 7.931690683756301 ], [ -76.739923174017918, 7.916692748366927 ], [ -76.753891256588645, 7.877252134081232 ], [ -76.778989672028956, 7.883930103834018 ], [ -76.820185135840859, 7.840962294893473 ], [ -76.809380004143122, 7.771442773091223 ], [ -76.819463735990553, 7.727467692301389 ], [ -76.806635830222945, 7.710330747938258 ], [ -76.820262416169726, 7.66504335233833 ], [ -76.788285702017049, 7.658557862958219 ], [ -76.797491441365594, 7.641050876183556 ], [ -76.781215927249207, 7.6191062999971 ], [ -76.762513363625317, 7.620742179247259 ], [ -76.76533302483557, 7.605341115569672 ], [ -76.713454826677605, 7.593729346409646 ], [ -76.695168669350664, 7.538299800574521 ], [ -76.658816451099881, 7.515522411794166 ], [ -76.644106183443171, 7.468331139636916 ], [ -76.683055287722709, 7.46786604820602 ], [ -76.801160770272929, 7.572092594370304 ], [ -76.94295760267488, 7.588860167363919 ], [ -76.960373829889136, 7.640718706774578 ], [ -77.121677022902134, 7.787407648636474 ], [ -77.127552200883429, 7.827572939829281 ], [ -77.095208316235414, 7.825067170890691 ], [ -77.031394152961184, 7.880097019106472 ], [ -77.012310874931643, 7.933825247862444 ], [ -77.021424210801513, 7.948792058399079 ], [ -77.000080446322215, 7.9584288744432 ], [ -76.995654647307958, 8.021151466098047 ], [ -76.939071066348674, 8.06283962299824 ], [ -76.955599821135365, 8.122733719403243 ], [ -76.949332585712284, 8.172336840662979 ], [ -76.966511367346413, 8.191789281652746 ], [ -76.980189751990395, 8.255281793899997 ], [ -76.96228386440265, 8.256126837964587 ], [ -76.948416199187591, 8.252749445587597 ], [ -76.941789516990184, 8.248512859770699 ], [ -76.955842099655513, 8.235491206106587 ], [ -76.968519314710704, 8.24331773035766 ], [ -76.957358670862732, 8.184764905080669 ], [ -76.934733414591904, 8.188838595663981 ], [ -76.943695792949541, 8.210625186812138 ], [ -76.926572550600383, 8.207783457570997 ], [ -76.926208226868482, 8.192336109059852 ], [ -76.919577525605291, 8.196197946187624 ], [ -76.912582499711846, 8.193356216048187 ], [ -76.910250825312346, 8.190805947229876 ], [ -76.926936876128934, 8.189858705347262 ], [ -76.909449310946229, 8.177617409809159 ], [ -76.931681757884746, 8.173635924176722 ], [ -76.932450424428055, 8.158471980888862 ], [ -76.943239555321156, 8.166651677176958 ], [ -76.950336402638243, 8.144764710893924 ], [ -76.931869051380829, 8.091529186006028 ], [ -76.88862995909318, 8.114379746217821 ], [ -76.893562084039331, 8.132302875184564 ], [ -76.829336235118774, 8.141120292289315 ], [ -76.812705995776923, 8.131658560728511 ], [ -76.854051588853679, 8.119979843670251 ], [ -76.854668021377734, 8.091269093879589 ], [ -76.821572414222828, 8.094375314300635 ], [ -76.873155234401906, 8.068060687692537 ], [ -76.829970449808002, 8.050386741702766 ], [ -76.837451982985783, 8.042436705289958 ], [ -76.853405590953457, 8.056847522003011 ], [ -76.87163785560864, 8.053172893929627 ], [ -76.834189132187021, 8.019827307889784 ], [ -76.874510024287417, 8.021356313587091 ], [ -76.890479207257897, 8.04547366285243 ], [ -76.924827179206318, 8.024643583309683 ], [ -76.922248000782474, 7.917593947062926 ], [ -76.862486470666227, 7.900559466419452 ], [ -76.768184612196535, 7.910304693035073 ], [ -76.747075484263121, 7.928282404580273 ], [ -76.7625568367298, 7.944038379434687 ], [ -76.742339865043618, 7.944082384342266 ], [ -76.726270289870229, 7.980937027138566 ], [ -76.747377319337431, 8.02074572011702 ], [ -76.729292636322953, 8.026575986789908 ], [ -76.738239740613665, 8.041551360074664 ], [ -76.719560721852133, 8.040275735184991 ], [ -76.714761014074213, 8.061643606872451 ], [ -76.736046925206495, 8.092514053854302 ], [ -76.743064233828306, 8.063090491215974 ], [ -76.740288254131883, 8.112989073998051 ], [ -76.762530086675952, 8.119920393117411 ], [ -76.739078108393755, 8.168928529147593 ], [ -76.772292522331213, 8.269796107396076 ], [ -76.736939164997068, 8.262417546384768 ], [ -76.726041024355652, 8.282755882359197 ], [ -76.701808120211695, 8.287185164144546 ], [ -76.685703373271963, 8.275228501827712 ], [ -76.683703600583328, 8.306660872417069 ], [ -76.621472480307034, 8.330476480931225 ], [ -76.584565934608918, 8.398662308002599 ], [ -76.499937963887987, 8.388760547129039 ], [ -76.477886787236741, 8.361440403981078 ], [ -76.454225845381586, 8.37442705116905 ], [ -76.431760524393098, 8.36198739667833 ], [ -76.427221332746797, 8.378933286296274 ], [ -76.444690876812217, 8.391449938146252 ], [ -76.439412859781839, 8.444849993202808 ], [ -76.406049674833241, 8.476600576963733 ], [ -76.393615349153094, 8.469010393364101 ] ] ] } },
{ "type": "Feature", "properties": { "codigo_dane": "05842", "nombre": "URAMITA", "departamento": "ANTIOQUIA", "icv_score": 55.971085006625898, "nbi": 41.489493826314302, "ipm_pct": 26.471756332733701, "icv_hacinamiento": 2.9542663384236798, "icv_menores_6": 2.2193755859153201, "icv_seg_social": 2.4084128986559001, "pct_vivienda_acueducto": 46.636338571822499, "icv_paredes": 6.67342534675333, "icv_pisos": 6.0904609004859003, "subregion": "Resto de Antioquia", "poblacion_2023": 7345.0 }, "geometry": { "type": "Polygon", "coordinates": [ [ [ -75.964961860112794, 6.980639998784511 ], [ -75.98709641037027, 6.937898765800469 ], [ -76.095759394305219, 6.898594843768876 ], [ -76.093667018711699, 6.860999130696825 ], [ -76.134734707852374, 6.84917901061533 ], [ -76.155678160264188, 6.8237302492401 ], [ -76.195195521279061, 6.850080231769311 ], [ -76.221563877963661, 6.848295469218613 ], [ -76.245961166749169, 6.876442699094241 ], [ -76.222140939992414, 6.918265936669684 ], [ -76.239373000748515, 6.939822498734657 ], [ -76.234302362661651, 6.963019779278056 ], [ -76.170907261106493, 6.959313973351243 ], [ -76.155305534295792, 6.977591626320645 ], [ -76.073170232371297, 6.93993001638006 ], [ -76.016426699959993, 6.967417388237948 ], [ -75.999739390602713, 7.000453225937747 ], [ -75.964961860112794, 6.980639998784511 ] ] ] } },
{ "type": "Feature", "properties": { "codigo_dane": "05847", "nombre": "URRAO", "departamento": "ANTIOQUIA", "icv_score": 67.042765886979296, "nbi": 5.9608884855917204, "ipm_pct": 17.719793734746901, "icv_hacinamiento": 2.7518924452449198, "icv_menores_6": 2.0746834599137798, "icv_seg_social": 2.6222495031777702, "pct_vivienda_acueducto": 96.924204528188397, "icv_paredes": 7.6554724435571799, "icv_pisos": 7.5335830221142102, "subregion": "Resto de Antioquia", "poblacion_2023": 31559.0 }, "geometry": { "type": "Polygon", "coordinates": [ [ [ -76.375481615390072, 6.590895225736404 ], [ -76.342939313398915, 6.548487091020093 ], [ -76.342210574306876, 6.520667462616586 ], [ -76.31784163367945, 6.506210861431953 ], [ -76.272773128942617, 6.541647721729873 ], [ -76.247747393554903, 6.538543489282176 ], [ -76.22604045788313, 6.571757451366693 ], [ -76.162847116304931, 6.592792726046753 ], [ -76.07693533613724, 6.541313716162961 ], [ -76.057931730652058, 6.507026908754369 ], [ -76.086596295322181, 6.462605064874936 ], [ -76.043250895420726, 6.435449607304349 ], [ -76.043789826630189, 6.378745052824343 ], [ -75.98815858100528, 6.344852816345679 ], [ -76.001942073112787, 6.286542806781824 ], [ -76.049445958339788, 6.254770119057355 ], [ -75.996452172982401, 6.078337255308497 ], [ -76.027787823684662, 6.04863400467849 ], [ -76.057855545370387, 6.051437224011067 ], [ -76.055280234196971, 6.037039032231064 ], [ -76.076900367390294, 6.032891918687767 ], [ -76.096964781663473, 6.003516129392608 ], [ -76.113532830588611, 6.021253907920766 ], [ -76.143820725932699, 5.997631204682705 ], [ -76.172651579674266, 6.01739119583317 ], [ -76.196956524269865, 6.080175259251916 ], [ -76.201207592737262, 6.160302317367893 ], [ -76.237673641998299, 6.208345311670882 ], [ -76.389812347231725, 6.191494804347542 ], [ -76.420830121630843, 6.165723323847601 ], [ -76.44524959163499, 6.168441554401682 ], [ -76.46749936259755, 6.210537325780138 ], [ -76.493591850930216, 6.217692098309556 ], [ -76.511365822609946, 6.196135125714193 ], [ -76.518762480197097, 6.208822489045247 ], [ -76.522814528551351, 6.367172002880523 ], [ -76.549023505112984, 6.436368661827544 ], [ -76.544005058287382, 6.486387686327305 ], [ -76.582167309616239, 6.535041797818565 ], [ -76.546553015738652, 6.584839901261091 ], [ -76.523966234342083, 6.586932654147347 ], [ -76.522620892944303, 6.544778639552646 ], [ -76.470493512707662, 6.48964186658003 ], [ -76.433303403682658, 6.560062630197535 ], [ -76.404333728678068, 6.587617205973629 ], [ -76.375481615390072, 6.590895225736404 ] ] ] } },
{ "type": "Feature", "properties": { "codigo_dane": "05854", "nombre": "VALDIVIA", "departamento": "ANTIOQUIA", "icv_score": 63.574820713926599, "nbi": 18.658836347785002, "ipm_pct": 20.251696743228301, "icv_hacinamiento": 3.1617339094949202, "icv_menores_6": 2.3390559529969601, "icv_seg_social": 2.4598704065792498, "pct_vivienda_acueducto": 89.159031908825298, "icv_paredes": 7.9029906454477699, "icv_pisos": 6.6975628845511599, "subregion": "Resto de Antioquia", "poblacion_2023": 14720.0 }, "geometry": { "type": "Polygon", "coordinates": [ [ [ -75.30424272557832, 7.431974449569111 ], [ -75.274808882611694, 7.388262843065434 ], [ -75.289173802563653, 7.379076333069122 ], [ -75.277634735015852, 7.287516665037856 ], [ -75.305480071426643, 7.257478047892221 ], [ -75.296173423343475, 7.229404161026366 ], [ -75.32611916090292, 7.239940705223262 ], [ -75.343429222437294, 7.202350657830209 ], [ -75.387857429987264, 7.170599365297903 ], [ -75.424163820647266, 7.087022262600101 ], [ -75.460324202617926, 7.074665620592668 ], [ -75.471251205254077, 7.049802239652308 ], [ -75.484825628685655, 7.055587153045281 ], [ -75.500446282116172, 7.124642839262435 ], [ -75.467258550858787, 7.179862878043423 ], [ -75.464571469412022, 7.216674614572582 ], [ -75.437345123929219, 7.244897971339356 ], [ -75.487793747394733, 7.303856719565545 ], [ -75.529595553845354, 7.299506620742306 ], [ -75.513548473402921, 7.376903067713101 ], [ -75.49519563677427, 7.385493628586744 ], [ -75.460943231275166, 7.359793341426439 ], [ -75.395075020856211, 7.368922028618442 ], [ -75.33205386309902, 7.388164287918755 ], [ -75.322827280124272, 7.432593703703731 ], [ -75.30424272557832, 7.431974449569111 ] ] ] } },
{ "type": "Feature", "properties": { "codigo_dane": "05856", "nombre": "VALPARAÍSO", "departamento": "ANTIOQUIA", "icv_score": 65.500747748551305, "nbi": 14.8656796921336, "ipm_pct": 8.4294958932205901, "icv_hacinamiento": 2.80082899928078, "icv_menores_6": 2.08777511623643, "icv_seg_social": 2.7155106410226901, "pct_vivienda_acueducto": 97.2943002883123, "icv_paredes": 6.9554476778958403, "icv_pisos": 7.10078193085298, "subregion": "Resto de Antioquia", "poblacion_2023": 6667.0 }, "geometry": { "type": "Polygon", "coordinates": [ [ [ -75.642353137566886, 5.756528892792687 ], [ -75.616423607349873, 5.739960618390228 ], [ -75.621195195142036, 5.675748933218017 ], [ -75.599498734733118, 5.681200392610094 ], [ -75.572358979726232, 5.664707857924554 ], [ -75.589648143735531, 5.644377743338168 ], [ -75.58015459921188, 5.605637350204802 ], [ -75.652081854032758, 5.571171316177754 ], [ -75.676462968638646, 5.597934197079894 ], [ -75.657409635972897, 5.640234154786867 ], [ -75.661469063094785, 5.724154291127377 ], [ -75.642353137566886, 5.756528892792687 ] ] ] } },
{ "type": "Feature", "properties": { "codigo_dane": "05858", "nombre": "VEGACHÍ", "departamento": "ANTIOQUIA", "icv_score": 64.5510285965523, "nbi": 14.960384248826401, "ipm_pct": 18.5286594069382, "icv_hacinamiento": 2.3889944749722298, "icv_menores_6": 1.7117158695443699, "icv_seg_social": 2.4765298310127899, "pct_vivienda_acueducto": 96.507940607584203, "icv_paredes": 6.7886691071356999, "icv_pisos": 6.59511317848267, "subregion": "Resto de Antioquia", "poblacion_2023": 12114.0 }, "geometry": { "type": "Polygon", "coordinates": [ [ [ -74.578963568571282, 6.781893097648151 ], [ -74.641503552346251, 6.799259198829589 ], [ -74.651974931802215, 6.779072073692475 ], [ -74.674747839782356, 6.795349333236857 ], [ -74.708993857356347, 6.776888370802794 ], [ -74.736905400554633, 6.795100344296145 ], [ -74.847911685793065, 6.727766810699507 ], [ -74.923276047648699, 6.748440808735495 ], [ -74.898110438171614, 6.79881087536512 ], [ -74.90935436130269, 6.82453947115755 ], [ -74.873422120154999, 6.8504753578585 ], [ -74.884034236982018, 6.880879754906289 ], [ -74.867973330558016, 6.900128767746253 ], [ -74.880501194289991, 6.925136903326916 ], [ -74.837982447229649, 6.991838353938192 ], [ -74.844664569897361, 6.957511167225391 ], [ -74.809443816581222, 6.87886232402002 ], [ -74.769457193254311, 6.903189720227431 ], [ -74.703902943379035, 6.896290310190693 ], [ -74.690079017170035, 6.917854072258422 ], [ -74.650009619413595, 6.911941581823726 ], [ -74.633499715788219, 6.925079786598985 ], [ -74.59442298595792, 6.912822434560724 ], [ -74.571973044139327, 6.863991099695681 ], [ -74.591264860838407, 6.815730070624795 ], [ -74.578963568571282, 6.781893097648151 ] ] ] } },
{ "type": "Feature", "properties": { "codigo_dane": "05861", "nombre": "VENECIA", "departamento": "ANTIOQUIA", "icv_score": 67.296208312935804, "nbi": 14.0117660583646, "ipm_pct": 8.1246568013954192, "icv_hacinamiento": 2.9343741309325799, "icv_menores_6": 2.2508604477622902, "icv_seg_social": 2.7671641932498301, "pct_vivienda_acueducto": 98.417777297220397, "icv_paredes": 7.6596999314325904, "icv_pisos": 7.3586880431095203, "subregion": "Resto de Antioquia", "poblacion_2023": 12222.0 }, "geometry": { "type": "Polygon", "coordinates": [ [ [ -75.812623950611396, 5.9977103229661 ], [ -75.736345122830699, 6.005405536774163 ], [ -75.683128237101528, 5.971084605035685 ], [ -75.70183691556241, 5.937777442666118 ], [ -75.775341901638683, 5.918381168884252 ], [ -75.775713124437516, 5.881242606129661 ], [ -75.855891936334899, 5.938181906750174 ], [ -75.83426470824179, 5.980547059740843 ], [ -75.840761801169663, 6.008830842631653 ], [ -75.812623950611396, 5.9977103229661 ] ] ] } },
{ "type": "Feature", "properties": { "codigo_dane": "05873", "nombre": "VIGÍA DEL FUERTE", "departamento": "ANTIOQUIA", "icv_score": 41.146178360358903, "nbi": 55.5608122953955, "ipm_pct": 22.480889916588701, "icv_hacinamiento": 3.5419138568317798, "icv_menores_6": 2.2714307793663302, "icv_seg_social": 2.7962044355761502, "pct_vivienda_acueducto": 22.358623906867901, "icv_paredes": 1.6490978606719, "icv_pisos": 1.3541641689889099, "subregion": "Resto de Antioquia", "poblacion_2023": 10815.0 }, "geometry": { "type": "Polygon", "coordinates": [ [ [ -76.915343944655433, 6.841852889698828 ], [ -76.8997882152172, 6.828164744851563 ], [ -76.92183617410052, 6.784195000957084 ], [ -76.901030607804785, 6.777322694910708 ], [ -76.859767667884853, 6.720940045681061 ], [ -76.870346085285462, 6.681771787331797 ], [ -76.850051552097511, 6.659739625335362 ], [ -76.749999878339224, 6.639948554247951 ], [ -76.700634031081165, 6.664170728007321 ], [ -76.683535176214775, 6.647066377243618 ], [ -76.64048543277022, 6.652051001573511 ], [ -76.573294212190888, 6.633332219752504 ], [ -76.557796225606808, 6.591537534252836 ], [ -76.582167309616239, 6.535041797818565 ], [ -76.544005058287382, 6.486387686327305 ], [ -76.549023505112984, 6.436368661827544 ], [ -76.522814528551351, 6.367172002880523 ], [ -76.523366008337007, 6.219555227253124 ], [ -76.511365822609946, 6.196135125714193 ], [ -76.493591850930216, 6.217692098309556 ], [ -76.457133949395313, 6.204965097683328 ], [ -76.44524959163499, 6.168441554401682 ], [ -76.468677942409784, 6.176573804333657 ], [ -76.48228665635969, 6.160549692932989 ], [ -76.583514112574164, 6.193451433613632 ], [ -76.686744198122199, 6.161523798955614 ], [ -76.718097542954695, 6.172696826089691 ], [ -76.723068651222036, 6.236981177839766 ], [ -76.756476283947961, 6.252152620269612 ], [ -76.748976223002671, 6.279602082293934 ], [ -76.78190796294615, 6.28881535492053 ], [ -76.790245407117141, 6.320236732816966 ], [ -76.777652567290545, 6.327880290760049 ], [ -76.789000765146284, 6.349873833253355 ], [ -76.771385431580541, 6.363242742645355 ], [ -76.787375410566426, 6.377900221660639 ], [ -76.765074370014759, 6.389292349863751 ], [ -76.795263148764661, 6.419970674900981 ], [ -76.761779373876266, 6.43215351432201 ], [ -76.795834219923961, 6.443651069789155 ], [ -76.767985008177959, 6.477991453662355 ], [ -76.800365176707487, 6.507960544742843 ], [ -76.819988780132974, 6.48724971305586 ], [ -76.81935671960548, 6.525476529948889 ], [ -76.841101355803119, 6.521451173257958 ], [ -76.863922147619348, 6.571496095309669 ], [ -76.882989634151954, 6.559968934042104 ], [ -76.89451679362287, 6.570152704155873 ], [ -76.88970741637155, 6.605267221723523 ], [ -76.857993960010901, 6.618439917341561 ], [ -76.909028637648248, 6.629385437863789 ], [ -76.898083118024374, 6.668218244357377 ], [ -76.924847296094811, 6.646898270878978 ], [ -76.938967896552697, 6.68634416277115 ], [ -76.964122578913987, 6.68088339143543 ], [ -76.933648121303065, 6.710918794406382 ], [ -76.967163887020831, 6.743130710145806 ], [ -76.957850129664848, 6.79251498725489 ], [ -76.972308850875208, 6.80901935905041 ], [ -76.933007163853858, 6.812123009389325 ], [ -76.915343944655433, 6.841852889698828 ] ] ] } },
{ "type": "Feature", "properties": { "codigo_dane": "05885", "nombre": "YALÍ", "departamento": "ANTIOQUIA", "icv_score": 64.913479971837006, "nbi": 11.2616431249165, "ipm_pct": 19.0540403473371, "icv_hacinamiento": 2.7313346929957101, "icv_menores_6": 2.1731304644204101, "icv_seg_social": 2.4283796690558801, "pct_vivienda_acueducto": 96.008852055823098, "icv_paredes": 7.2766974669562003, "icv_pisos": 6.5495166815634098, "subregion": "Resto de Antioquia", "poblacion_2023": 7729.0 }, "geometry": { "type": "Polygon", "coordinates": [ [ [ -74.578963568571282, 6.781893097648151 ], [ -74.579888773864127, 6.700836699290733 ], [ -74.600004213384409, 6.706793339261878 ], [ -74.623253388744786, 6.685318585038431 ], [ -74.650194958174097, 6.698522880718372 ], [ -74.682108403930897, 6.669248095379317 ], [ -74.699241110039111, 6.691652809682239 ], [ -74.740529923256474, 6.656256257721566 ], [ -74.773795431611461, 6.666939990995047 ], [ -74.817849265968391, 6.640284102223404 ], [ -74.834943880783271, 6.649990233228436 ], [ -74.912172968788298, 6.636963170803654 ], [ -74.912857373290763, 6.658941964744884 ], [ -74.947972110945841, 6.668842530858171 ], [ -74.949931578890528, 6.706885086071622 ], [ -74.904071830234386, 6.740501092176885 ], [ -74.836883087210538, 6.731181736515566 ], [ -74.759290148886123, 6.791733554742905 ], [ -74.727786993690927, 6.79587676959477 ], [ -74.70887254067884, 6.776891837404264 ], [ -74.674747839782356, 6.795349333236857 ], [ -74.65226955699228, 6.779013148654428 ], [ -74.641503552346251, 6.799259198829589 ], [ -74.578963568571282, 6.781893097648151 ] ] ] } },
{ "type": "Feature", "properties": { "codigo_dane": "05887", "nombre": "YARUMAL", "departamento": "ANTIOQUIA", "icv_score": 67.555425812518905, "nbi": 12.1907730397495, "ipm_pct": 11.479929653093601, "icv_hacinamiento": 2.4401480903854802, "icv_menores_6": 1.86412095855946, "icv_seg_social": 2.5327925901266002, "pct_vivienda_acueducto": 93.045187193844896, "icv_paredes": 7.3752097663666003, "icv_pisos": 7.9390269428818998, "subregion": "Resto de Antioquia", "poblacion_2023": 41983.0 }, "geometry": { "type": "Polygon", "coordinates": [ [ [ -75.317032329846597, 7.239233645191234 ], [ -75.301967347744267, 7.227252591798333 ], [ -75.329227784319244, 7.180218718977301 ], [ -75.329367556000591, 7.081438245902405 ], [ -75.362295312810943, 6.958787682346212 ], [ -75.329826540679335, 6.945032314716059 ], [ -75.375463913904639, 6.901435892086511 ], [ -75.410960978442574, 6.911561736988006 ], [ -75.420884537852203, 6.889924718148791 ], [ -75.43558115469898, 6.891039070163629 ], [ -75.448476644372533, 6.860512759956521 ], [ -75.472054898934857, 6.851642988995309 ], [ -75.489562446258731, 6.772810667441888 ], [ -75.574053168667888, 6.853055008796559 ], [ -75.602728764658536, 6.975833603942306 ], [ -75.658951145330605, 7.028088847783408 ], [ -75.601537599439155, 7.065484480729424 ], [ -75.586376602627752, 7.022805630401706 ], [ -75.558549086111441, 7.017092255301634 ], [ -75.555030572782471, 6.991156939929624 ], [ -75.509903959576832, 7.001378913626297 ], [ -75.499771766276183, 7.047721261892207 ], [ -75.472845266996103, 7.048784903968851 ], [ -75.460324202617926, 7.074665620592668 ], [ -75.424462456818333, 7.086687428785865 ], [ -75.37266139795355, 7.192301811186326 ], [ -75.343429222437294, 7.202350657830209 ], [ -75.317032329846597, 7.239233645191234 ] ] ] } },
{ "type": "Feature", "properties": { "codigo_dane": "05890", "nombre": "YOLOMBÓ", "departamento": "ANTIOQUIA", "icv_score": 63.893689454669499, "nbi": 23.997341803242701, "ipm_pct": 16.7949001776296, "icv_hacinamiento": 2.9459088271711198, "icv_menores_6": 2.4601855236561798, "icv_seg_social": 2.6443019324769201, "pct_vivienda_acueducto": 86.055267058039803, "icv_paredes": 7.79341326692954, "icv_pisos": 6.7704612340876098, "subregion": "Resto de Antioquia", "poblacion_2023": 24454.0 }, "geometry": { "type": "Polygon", "coordinates": [ [ [ -75.026608636442234, 6.834656683242258 ], [ -74.907742900976416, 6.735221969319468 ], [ -74.949931578890528, 6.706885086071622 ], [ -74.947972110945841, 6.668842530858171 ], [ -74.912857373290763, 6.658941964744884 ], [ -74.912172968788298, 6.636963170803654 ], [ -74.801392391733089, 6.64208844716461 ], [ -74.773795431611461, 6.666939990995047 ], [ -74.740529923256474, 6.656256257721566 ], [ -74.701163031069996, 6.691190913561343 ], [ -74.681906657428669, 6.66926402162369 ], [ -74.650194958174097, 6.698522880718372 ], [ -74.623253388744786, 6.685318585038431 ], [ -74.555386445887109, 6.71672269370805 ], [ -74.496893985648683, 6.700009210117457 ], [ -74.558456529750401, 6.637887900887335 ], [ -74.606381647926185, 6.656192694678055 ], [ -74.62392234760199, 6.653994004284243 ], [ -74.645126091566397, 6.618865243916389 ], [ -74.744742709987577, 6.636571172650747 ], [ -74.773468844338083, 6.59589514659109 ], [ -74.801763999011087, 6.614668998776153 ], [ -74.862935000406083, 6.55648499959085 ], [ -74.864393871878292, 6.531313068664076 ], [ -74.839091253939841, 6.509869789636582 ], [ -74.853214014847708, 6.502343662255953 ], [ -74.989440137306872, 6.549398575434338 ], [ -75.034360604956817, 6.538136986020788 ], [ -75.057376002561398, 6.57942297493264 ], [ -75.087490590291111, 6.585207757171531 ], [ -75.143513189078078, 6.54258674671604 ], [ -75.207572217124209, 6.555463485839709 ], [ -75.194316526090915, 6.577551523989655 ], [ -75.161821128771408, 6.585548566583782 ], [ -75.151855483257179, 6.648281531991813 ], [ -75.122649523296786, 6.658140123391661 ], [ -75.126881241139245, 6.692516377921038 ], [ -75.10700116041096, 6.716692616291766 ], [ -75.127992600863479, 6.739765782801612 ], [ -75.109862522348237, 6.782259951936226 ], [ -75.02612146889561, 6.748561260334668 ], [ -75.019406183994477, 6.760583431447515 ], [ -75.04843033108466, 6.796372286988571 ], [ -75.026608636442234, 6.834656683242258 ] ] ] } },
{ "type": "Feature", "properties": { "codigo_dane": "05893", "nombre": "YONDÓ", "departamento": "ANTIOQUIA", "icv_score": 58.0532199150176, "nbi": 15.971569264413301, "ipm_pct": 20.414546003469798, "icv_hacinamiento": 2.5054264571892602, "icv_menores_6": 1.85308908268349, "icv_seg_social": 2.4191549477961298, "pct_vivienda_acueducto": 89.240803579629699, "icv_paredes": 5.07088034059172, "icv_pisos": 5.43492626782455, "subregion": "Resto de Antioquia", "poblacion_2023": 21255.0 }, "geometry": { "type": "Polygon", "coordinates": [ [ [ -73.915852335309921, 7.295583789754744 ], [ -73.938768012651963, 7.182289711056796 ], [ -73.933156095157585, 7.124833603851584 ], [ -73.888175250790994, 7.07021007114912 ], [ -73.881282102016826, 7.019807046203766 ], [ -73.897985917930612, 6.985899726999492 ], [ -74.01064647813422, 6.913279398028408 ], [ -74.077234998746178, 6.841886664583797 ], [ -74.121798982267933, 6.760966865954003 ], [ -74.230998079395079, 6.710316574139824 ], [ -74.256500546592349, 6.675080918659546 ], [ -74.312221822345123, 6.65431171978878 ], [ -74.330225787175436, 6.629572731359872 ], [ -74.39040899311027, 6.647678685598919 ], [ -74.394634059821101, 6.698101238137497 ], [ -74.419916259935178, 6.737383491888806 ], [ -74.452372912885608, 6.754898470980891 ], [ -74.447271724868244, 6.783500243362653 ], [ -74.492216529695213, 6.793035150846492 ], [ -74.48926343891452, 6.813944618167397 ], [ -74.466947708201303, 6.814819807920287 ], [ -74.445222950838399, 6.786944300668324 ], [ -74.426100429874396, 6.79701155380701 ], [ -74.379417827355496, 6.912508936649772 ], [ -74.337624280920465, 6.927018394747847 ], [ -74.321222285707904, 6.917437421619525 ], [ -74.310815002895197, 6.955140115144047 ], [ -74.259328686109029, 6.968863891695435 ], [ -74.244153862417761, 7.004174272693831 ], [ -73.915852335309921, 7.295583789754744 ] ] ] } },
{ "type": "Feature", "properties": { "codigo_dane": "05895", "nombre": "ZARAGOZA", "departamento": "ANTIOQUIA", "icv_score": 58.252654614277297, "nbi": 25.195330338906601, "ipm_pct": 26.3372588472286, "icv_hacinamiento": 2.49700635780377, "icv_menores_6": 1.89395286754606, "icv_seg_social": 2.3043321759083999, "pct_vivienda_acueducto": 46.316009705751398, "icv_paredes": 6.6484853599471396, "icv_pisos": 5.6247451743470798, "subregion": "Resto de Antioquia", "poblacion_2023": 26283.0 }, "geometry": { "type": "Polygon", "coordinates": [ [ [ -74.761029918381666, 7.724773014694506 ], [ -74.770995606116742, 7.648549743266869 ], [ -74.827039153632825, 7.588839746844599 ], [ -74.77614039929108, 7.530945713284325 ], [ -74.780020801017315, 7.495361205768631 ], [ -74.760682915978862, 7.48851856031996 ], [ -74.758148894103726, 7.460469139090378 ], [ -74.726571676347589, 7.439891095576229 ], [ -74.67658968672157, 7.439782929346677 ], [ -74.630457441093313, 7.386734509308496 ], [ -74.607879413786236, 7.386502786899655 ], [ -74.699108991111757, 7.312690400681447 ], [ -74.915278013313639, 7.263734393030404 ], [ -74.892864428140285, 7.335659457756833 ], [ -74.907525117736952, 7.360441559065521 ], [ -74.890302397670553, 7.391330126877733 ], [ -74.907527039234878, 7.449866236290575 ], [ -74.926483096854156, 7.412432767172959 ], [ -74.947646272867985, 7.42064588620616 ], [ -74.986339669701522, 7.38826346200517 ], [ -75.030143988704651, 7.489159955249022 ], [ -75.061005538764846, 7.477227873552863 ], [ -75.12902228300203, 7.540160215705498 ], [ -75.081903015363764, 7.514333642383576 ], [ -75.062857463911257, 7.559903512551386 ], [ -75.003801372366638, 7.578150811423143 ], [ -74.97305448695397, 7.621797993398275 ], [ -74.938983847612633, 7.620177512182693 ], [ -74.908306811658861, 7.654916114148762 ], [ -74.904886705254398, 7.684098731367897 ], [ -74.877334073434099, 7.694740475554909 ], [ -74.842331744755086, 7.667971460052797 ], [ -74.793950601851805, 7.691995939613378 ], [ -74.78320224821681, 7.72476426419837 ], [ -74.761029918381666, 7.724773014694506 ] ] ] } }
]
}
