codigo_dane,anio,semana_epi,temperatura_avg,humedad_avg,precipitacion_sum,presion_avg,pm10_avg,pm25_avg,fuente_pm,metodo_imputacion
05001,2018,1,19.193,75.672,102.942,852.254,32.634,21.065,IMPUTADO_PA,directo
05001,2018,2,19.028,78.116,119.844,851.554,46.135,22.951,IMPUTADO_PA,directo
05001,2018,3,19.336,74.83,39.298,851.071,30.847,11.523,IMPUTADO_PA,directo
05001,2018,4,20.614,69.058,3.554,849.173,37.567,20.317,IMPUTADO_PA,directo
05001,2018,5,20.944,72.929,55.019,849.233,33.908,19.705,IMPUTADO_PA,directo
05001,2018,6,20.973,67.346,0.202,850.429,45.025,23.496,IMPUTADO_PA,directo
05001,2018,7,21.399,70.702,58.16,851.486,47.407,20.056,IMPUTADO_PA,directo
05001,2018,8,20.609,66.843,22.154,852.078,33.866,21.754,IMPUTADO_PA,directo
05001,2018,9,21.318,65.863,7.182,851.597,33.187,21.336,IMPUTADO_PA,directo
05001,2018,10,21.892,62.291,8.573,850.202,39.383,23.492,IMPUTADO_PA,directo
05001,2018,11,21.334,66.957,12.459,850.924,35.081,18.994,IMPUTADO_PA,directo
05001,2018,12,19.968,77.222,124.558,850.584,38.67,24.948,IMPUTADO_PA,directo
05001,2018,13,19.541,77.937,157.524,850.682,37.323,17.964,IMPUTADO_PA,directo
05001,2018,14,19.187,76.613,76.149,851.594,42.214,22.028,IMPUTADO_PA,directo
05001,2018,15,19.221,78.798,140.014,852.352,42.66,21.522,IMPUTADO_PA,directo
05001,2018,16,20.688,71.898,33.08,851.671,36.953,28.836,IMPUTADO_PA,directo
05001,2018,17,19.746,78.378,110.944,852.097,34.176,17.609,IMPUTADO_PA,directo
05001,2018,18,19.594,79.286,97.144,852.241,47.419,22.382,IMPUTADO_PA,directo
05001,2018,19,18.887,83.052,235.891,852.981,33.996,19.294,IMPUTADO_PA,directo
05001,2018,20,19.369,79.518,174.891,851.62,44.158,16.289,IMPUTADO_PA,directo
05001,2018,21,20.285,77.199,90.48,851.75,43.426,22.92,IMPUTADO_PA,directo
05001,2018,22,20.248,77.331,124.488,851.464,41.306,16.961,IMPUTADO_PA,directo
05001,2018,23,21.702,70.223,1.981,851.172,41.214,20.27,IMPUTADO_PA,directo
05001,2018,24,21.073,70.301,40.981,852.302,41.247,23.462,IMPUTADO_PA,directo
05001,2018,25,20.966,68.205,65.938,852.244,40.184,22.648,IMPUTADO_PA,directo
05001,2018,26,19.642,74.077,35.029,851.657,44.026,20.999,IMPUTADO_PA,directo
05001,2018,27,20.839,69.685,45.87,851.012,37.544,13.612,IMPUTADO_PA,directo
05001,2018,28,21.994,60.287,2.033,851.278,35.368,17.786,IMPUTADO_PA,directo
05001,2018,29,21.145,65.176,18.116,851.626,49.914,18.612,IMPUTADO_PA,directo
05001,2018,30,18.926,75.911,28.7,851.213,46.323,16.114,IMPUTADO_PA,directo
05001,2018,31,18.064,79.463,34.6,850.8,37.44,12.657,IMPUTADO_PA,directo
05001,2018,32,21.657,54.146,0.033,851.657,43.719,20.465,IMPUTADO_PA,directo
05001,2018,33,20.106,67.142,38.207,852.105,45.131,22.785,IMPUTADO_PA,directo
05001,2018,34,21.934,58.525,9.211,851.534,36.571,18.301,IMPUTADO_PA,directo
05001,2018,35,21.441,64.527,28.06,851.183,38.419,23.406,IMPUTADO_PA,directo
05001,2018,36,19.648,75.643,167.208,851.484,31.998,14.38,IMPUTADO_PA,directo
05001,2018,37,19.547,77.711,101.313,851.534,43.112,15.887,IMPUTADO_PA,directo
05001,2018,38,21.44,67.0,43.509,850.129,44.43,20.379,IMPUTADO_PA,directo
05001,2018,39,20.383,73.146,132.032,850.671,40.804,17.969,IMPUTADO_PA,directo
05001,2018,40,19.598,78.122,244.417,851.591,37.614,22.423,IMPUTADO_PA,directo
05001,2018,41,19.408,78.723,81.641,852.387,35.211,21.708,IMPUTADO_PA,directo
05001,2018,42,19.419,78.549,107.757,851.268,37.121,18.24,IMPUTADO_PA,directo
05001,2018,43,20.068,77.399,44.153,851.162,43.043,14.718,IMPUTADO_PA,directo
05001,2018,44,19.143,80.647,121.576,851.735,39.808,17.791,IMPUTADO_PA,directo
05001,2018,45,19.776,79.479,36.817,850.704,42.767,21.81,IMPUTADO_PA,directo
05001,2018,46,20.521,78.102,43.536,850.834,39.052,22.591,IMPUTADO_PA,directo
05001,2018,47,20.163,79.355,228.883,851.252,39.18,17.986,IMPUTADO_PA,directo
05001,2018,48,19.569,80.197,38.901,851.671,29.859,12.639,IMPUTADO_PA,directo
05001,2018,49,19.921,73.256,11.767,852.01,32.925,14.181,IMPUTADO_PA,directo
05001,2018,50,20.673,71.449,6.422,852.382,33.551,21.467,IMPUTADO_PA,directo
05001,2018,51,20.359,70.64,5.201,851.42,48.579,18.177,IMPUTADO_PA,directo
05001,2018,52,21.199,65.208,0.0,849.809,44.75,18.269,IMPUTADO_PA,directo
05001,2019,1,21.702,59.878,48.616,850.406,33.46,18.851,IMPUTADO_PA,directo
05001,2019,2,19.182,75.467,44.163,852.573,32.549,18.781,IMPUTADO_PA,directo
05001,2019,3,20.548,70.485,16.539,851.587,23.085,26.355,IMPUTADO_PA,directo
05001,2019,4,21.969,65.426,0.876,850.996,36.481,24.638,IMPUTADO_PA,directo
05001,2019,5,20.58,71.03,19.978,851.458,25.003,20.287,IMPUTADO_PA,directo
05001,2019,6,20.98,71.351,0.732,850.294,31.251,23.105,IMPUTADO_PA,directo
05001,2019,7,21.846,69.851,2.823,851.257,35.009,23.784,IMPUTADO_PA,directo
05001,2019,8,20.703,73.391,105.743,851.477,33.228,29.576,IMPUTADO_PA,directo
05001,2019,9,19.816,76.643,121.411,851.912,36.082,18.47,IMPUTADO_PA,directo
05001,2019,10,21.132,72.284,25.105,851.052,44.125,23.731,IMPUTADO_PA,directo
05001,2019,11,21.176,73.193,14.3,850.623,37.293,26.333,IMPUTADO_PA,directo
05001,2019,12,19.429,80.483,68.6,852.208,26.757,28.99,IMPUTADO_PA,directo
05001,2019,13,20.277,77.78,65.8,851.568,28.544,20.094,IMPUTADO_PA,directo
05001,2019,14,19.479,79.571,81.5,852.8,25.476,21.151,IMPUTADO_PA,directo
05001,2019,15,20.662,76.226,45.8,851.452,33.345,25.487,IMPUTADO_PA,directo
05001,2019,16,20.265,78.427,30.4,851.758,27.937,16.578,IMPUTADO_PA,directo
05001,2019,17,20.518,77.292,35.1,851.69,40.573,24.126,IMPUTADO_PA,directo
05001,2019,18,22.407,64.324,0.0,850.549,54.723,31.246,IMPUTADO_PA,directo
05001,2019,19,20.845,75.451,38.6,851.574,28.115,24.553,IMPUTADO_PA,directo
05001,2019,20,20.026,78.682,73.3,852.001,36.685,13.781,IMPUTADO_PA,directo
05001,2019,21,19.67,81.613,64.3,851.936,32.029,19.361,IMPUTADO_PA,directo
05001,2019,22,19.457,82.327,62.1,852.419,33.9,20.211,IMPUTADO_PA,directo
05001,2019,23,20.989,73.129,37.8,851.965,35.931,27.309,IMPUTADO_PA,directo
05001,2019,24,21.168,74.213,18.4,852.242,27.8,22.129,IMPUTADO_PA,directo
05001,2019,25,22.348,59.165,0.1,851.608,31.545,15.716,IMPUTADO_PA,directo
05001,2019,26,21.652,66.482,3.2,851.004,46.911,22.572,IMPUTADO_PA,directo
05001,2019,27,20.966,68.824,38.1,851.711,41.559,23.351,IMPUTADO_PA,directo
05001,2019,28,20.985,69.167,29.8,851.729,26.783,20.688,IMPUTADO_PA,directo
05001,2019,29,21.875,60.83,10.1,851.404,29.916,18.717,IMPUTADO_PA,directo
05001,2019,30,20.988,67.355,21.4,852.333,29.261,31.804,IMPUTADO_PA,directo
05001,2019,31,21.508,64.693,8.8,851.512,28.705,26.347,IMPUTADO_PA,directo
05001,2019,32,22.545,53.395,0.0,852.419,37.484,26.741,IMPUTADO_PA,directo
05001,2019,33,21.652,61.476,6.1,851.968,34.582,22.137,IMPUTADO_PA,directo
05001,2019,34,22.28,52.794,1.874,852.069,37.901,20.03,IMPUTADO_PA,directo
05001,2019,35,22.217,54.966,3.834,851.249,26.505,20.875,IMPUTADO_PA,directo
05001,2019,36,22.328,58.611,51.072,851.762,36.036,17.394,IMPUTADO_PA,directo
05001,2019,37,22.421,60.291,93.228,851.271,35.951,29.48,IMPUTADO_PA,directo
05001,2019,38,19.658,78.395,72.412,852.301,36.808,22.298,IMPUTADO_PA,directo
05001,2019,39,20.234,74.323,84.449,852.717,36.355,28.325,IMPUTADO_PA,directo
05001,2019,40,19.808,74.012,64.079,851.719,42.401,21.062,IMPUTADO_PA,directo
05001,2019,41,19.936,73.25,33.158,850.552,45.329,24.614,IMPUTADO_PA,directo
05001,2019,42,19.728,74.53,77.337,852.354,26.513,23.575,IMPUTADO_PA,directo
05001,2019,43,19.318,78.911,123.856,851.512,46.114,17.012,IMPUTADO_PA,directo
05001,2019,44,20.32,75.32,99.606,850.954,33.636,30.091,IMPUTADO_PA,directo
05001,2019,45,20.312,76.9,90.394,850.02,44.822,21.179,IMPUTADO_PA,directo
05001,2019,46,19.268,82.193,86.971,851.325,28.761,18.117,IMPUTADO_PA,directo
05001,2019,47,19.33,78.985,179.652,851.596,32.17,25.521,IMPUTADO_PA,directo
05001,2019,48,21.171,72.461,15.971,850.251,33.746,22.778,IMPUTADO_PA,directo
05001,2019,49,20.208,74.135,19.691,851.679,44.454,24.228,IMPUTADO_PA,directo
05001,2019,50,19.788,75.513,65.613,850.989,39.249,23.183,IMPUTADO_PA,directo
05001,2019,51,21.003,73.437,19.577,849.959,34.528,14.127,IMPUTADO_PA,directo
05001,2019,52,21.58,71.317,44.2,850.234,26.552,19.233,IMPUTADO_PA,directo
05001,2020,1,20.113,75.861,30.362,852.305,39.694,15.433,SISAIRE_DIRECTO,directo
05001,2020,2,20.408,62.067,0.0,851.521,42.432,15.71,SISAIRE_DIRECTO,directo
05001,2020,3,22.283,58.61,0.0,850.13,43.914,15.232,SISAIRE_DIRECTO,directo
05001,2020,4,20.119,74.125,74.81,852.48,41.774,16.356,SISAIRE_DIRECTO,directo
05001,2020,5,20.946,69.03,30.737,852.499,46.162,19.591,SISAIRE_DIRECTO,directo
05001,2020,6,21.593,60.648,3.067,851.91,54.96,25.384,SISAIRE_DIRECTO,directo
05001,2020,7,22.2,61.794,11.719,850.425,56.145,26.985,SISAIRE_DIRECTO,directo
05001,2020,8,21.996,65.218,66.928,850.761,48.014,24.179,SISAIRE_DIRECTO,directo
05001,2020,9,21.202,69.242,6.045,852.613,57.349,29.02,SISAIRE_DIRECTO,directo
05001,2020,10,22.291,65.878,2.717,851.541,66.08268,32.49740000000006,SISAIRE_DIRECTO,directo
05001,2020,11,20.877,73.072,58.356,851.831,64.905,32.49740000000006,SISAIRE_DIRECTO,directo
05001,2020,12,20.677,66.525,24.102,852.816,62.961,32.49740000000006,SISAIRE_DIRECTO,directo
05001,2020,13,21.307,64.626,14.557,851.347,60.89,32.49740000000006,SISAIRE_DIRECTO,directo
05001,2020,14,22.622,70.084,17.193,851.058,26.629,16.348,SISAIRE_DIRECTO,directo
05001,2020,15,23.512,66.174,16.224,851.8,17.953,9.581,SISAIRE_DIRECTO,directo
05001,2020,16,21.434,72.132,28.7,853.331,34.646,22.299,SISAIRE_DIRECTO,directo
05001,2020,17,21.92,70.09,5.307,852.564,26.626,14.408,SISAIRE_DIRECTO,directo
05001,2020,18,23.236,66.605,1.909,852.325,27.516,14.697,SISAIRE_DIRECTO,directo
05001,2020,19,24.819,59.667,3.148,851.319,22.865,10.096,SISAIRE_DIRECTO,directo
05001,2020,20,23.539,64.772,3.535,852.135,29.42,13.303,SISAIRE_DIRECTO,directo
05001,2020,21,23.559,64.75,15.329,852.054,31.518,13.879,SISAIRE_DIRECTO,directo
05001,2020,22,21.942,73.94,29.251,852.636,29.913,13.313,SISAIRE_DIRECTO,directo
05001,2020,23,22.179,70.196,4.182,853.039,34.738,14.501,SISAIRE_DIRECTO,directo
05001,2020,24,21.922,70.164,0.728,852.506,34.151,15.271,SISAIRE_DIRECTO,directo
05001,2020,25,21.431,75.14,2.254,852.214,32.309,13.944,SISAIRE_DIRECTO,directo
05001,2020,26,22.361,67.399,1.069,851.278,38.138,16.725,SISAIRE_DIRECTO,directo
05001,2020,27,21.518,73.182,1.376,851.461,33.008,12.88,SISAIRE_DIRECTO,directo
05001,2020,28,21.126,74.515,2.173,852.125,34.811,14.397,SISAIRE_DIRECTO,directo
05001,2020,29,22.684,62.521,1.334,851.327,29.152,10.982,SISAIRE_DIRECTO,directo
05001,2020,30,21.114,74.485,2.478,851.899,26.864,12.024,SISAIRE_DIRECTO,directo
05001,2020,31,22.632,64.06,4.338,851.73,32.236,13.091,SISAIRE_DIRECTO,directo
05001,2020,32,23.714,55.524,0.441,852.142,37.833,17.488,SISAIRE_DIRECTO,directo
05001,2020,33,22.533,68.932,11.477,850.277,35.567,15.589,SISAIRE_DIRECTO,directo
05001,2020,34,21.538,72.213,0.427,852.166,30.57,12.224,SISAIRE_DIRECTO,directo
05001,2020,35,21.289,70.395,0.157,852.193,37.16,14.391,SISAIRE_DIRECTO,directo
05001,2020,36,21.274,71.815,4.556,851.824,39.952,16.346,SISAIRE_DIRECTO,directo
05001,2020,37,21.53,70.323,7.606,851.372,37.778,15.946,SISAIRE_DIRECTO,directo
05001,2020,38,21.172,72.698,0.778,852.624,41.822,19.001,SISAIRE_DIRECTO,directo
05001,2020,39,21.707,71.045,0.004,852.519,36.981,14.472,SISAIRE_DIRECTO,directo
05001,2020,40,20.834,74.486,1.507,851.052,39.064,16.4,SISAIRE_DIRECTO,directo
05001,2020,41,21.179,73.612,0.004,851.951,36.035,16.061,SISAIRE_DIRECTO,directo
05001,2020,42,21.754,69.744,6.502,850.674,37.683,16.008,SISAIRE_DIRECTO,directo
05001,2020,43,21.125,73.404,0.924,851.615,42.569,18.11,SISAIRE_DIRECTO,directo
05001,2020,44,21.113,74.768,4.684,851.786,38.163,16.651,SISAIRE_DIRECTO,directo
05001,2020,45,21.374,72.958,2.657,851.433,38.033,15.694,SISAIRE_DIRECTO,directo
05001,2020,46,20.276,77.396,0.732,852.359,39.002,16.551,SISAIRE_DIRECTO,directo
05001,2020,47,20.816,76.635,0.676,851.741,35.107,14.339,SISAIRE_DIRECTO,directo
05001,2020,48,21.476,73.745,0.175,851.238,41.043,16.371,SISAIRE_DIRECTO,directo
05001,2020,49,21.507,74.03,0.168,851.503,40.875,16.745,SISAIRE_DIRECTO,directo
05001,2020,50,21.877,71.284,0.104,851.936,42.359,17.755,SISAIRE_DIRECTO,directo
05001,2020,51,21.866,71.2,6.224,850.851,47.2,20.145,SISAIRE_DIRECTO,directo
05001,2020,52,21.162,74.574,41.654,850.993,36.743,16.33,SISAIRE_DIRECTO,directo
05001,2020,53,21.343,70.726,1.006,851.321,33.573,15.154,SISAIRE_DIRECTO,directo
05001,2021,1,20.798,72.596,4.157,851.444,35.389,13.939,SISAIRE_DIRECTO,directo
05001,2021,2,22.227,69.404,9.776,850.976,35.277,14.428,SISAIRE_DIRECTO,directo
05001,2021,3,22.061,66.243,3.492,850.587,45.022,18.636,SISAIRE_DIRECTO,directo
05001,2021,4,22.497,64.086,0.004,850.114,46.249,18.265,SISAIRE_DIRECTO,directo
05001,2021,5,23.398,62.156,1.098,850.525,40.057,17.113,SISAIRE_DIRECTO,directo
05001,2021,6,21.886,68.111,2.532,850.927,44.528,21.128,SISAIRE_DIRECTO,directo
05001,2021,7,21.082,70.154,0.768,852.497,42.658,21.041,SISAIRE_DIRECTO,directo
05001,2021,8,22.011,68.726,13.375,850.612,42.308,19.625,SISAIRE_DIRECTO,directo
05001,2021,9,21.064,72.81,51.03,850.892,52.466,26.126,SISAIRE_DIRECTO,directo
05001,2021,10,20.119,75.881,22.298,852.523,42.175,19.402,SISAIRE_DIRECTO,directo
05001,2021,11,19.773,80.122,121.614,851.947,41.14,19.789,SISAIRE_DIRECTO,directo
05001,2021,12,20.633,77.239,53.73,851.36,36.284,16.604,SISAIRE_DIRECTO,directo
05001,2021,13,21.969,72.295,14.651,849.634,30.521,14.046,SISAIRE_DIRECTO,directo
05001,2021,14,21.491,74.724,13.827,851.088,29.33,12.66,SISAIRE_DIRECTO,directo
05001,2021,15,22.434,68.592,9.414,850.788,34.412,14.516,SISAIRE_DIRECTO,directo
05001,2021,16,27.0,46.0,0.0,848.1,40.584,19.39,SISAIRE_DIRECTO,directo
05001,2021,17,22.6665,66.0,0.0,851.1165000000001,40.409,18.766,SISAIRE_DIRECTO,directo
05001,2021,18,18.333,86.0,0.321,854.133,33.256,15.207,SISAIRE_DIRECTO,directo
05001,2021,19,21.725,71.821,13.605,851.904,34.221,13.474,SISAIRE_DIRECTO,directo
05001,2021,20,22.011,74.808,11.27,851.655,34.396,14.219,SISAIRE_DIRECTO,directo
05001,2021,21,21.376,77.083,40.812,852.389,39.043,16.552,SISAIRE_DIRECTO,directo
05001,2021,22,21.812,74.125,44.339,851.655,36.442,14.312,SISAIRE_DIRECTO,directo
05001,2021,23,20.73,79.503,63.645,852.709,41.376,17.371,SISAIRE_DIRECTO,directo
05001,2021,24,21.66,72.827,53.314,852.756,37.558,14.405,SISAIRE_DIRECTO,directo
05001,2021,25,20.596,76.173,35.75,852.935,40.937,16.414,SISAIRE_DIRECTO,directo
05001,2021,26,22.079,67.024,20.0,852.577,37.379,14.765,SISAIRE_DIRECTO,directo
05001,2021,27,22.587,67.539,20.381,851.619,35.765,14.747,SISAIRE_DIRECTO,directo
05001,2021,28,22.665,64.419,57.513,852.139,35.092,14.355,SISAIRE_DIRECTO,directo
05001,2021,29,22.705,62.707,13.932,852.159,34.059,15.219,SISAIRE_DIRECTO,directo
05001,2021,30,22.093,69.806,29.423,852.404,37.66,16.187,SISAIRE_DIRECTO,directo
05001,2021,31,22.598,60.096,14.463,853.253,43.429,20.577,SISAIRE_DIRECTO,directo
05001,2021,32,21.44,77.613,48.203,853.157,34.909,16.264,SISAIRE_DIRECTO,directo
05001,2021,33,20.855,76.803,26.892,851.98,37.279,17.186,SISAIRE_DIRECTO,directo
05001,2021,34,21.303,77.575,29.291,851.317,39.945,18.255,SISAIRE_DIRECTO,directo
05001,2021,35,21.0,76.689,78.581,852.304,37.168,16.542,SISAIRE_DIRECTO,directo
05001,2021,36,20.991,76.804,28.044,852.599,40.196,19.328,SISAIRE_DIRECTO,directo
05001,2021,37,22.91,61.948,30.613,852.503,33.971,16.014,SISAIRE_DIRECTO,directo
05001,2021,38,21.572,72.252,41.942,851.879,37.401,16.936,SISAIRE_DIRECTO,directo
05001,2021,39,21.139,73.744,29.588,851.577,41.879,18.901,SISAIRE_DIRECTO,directo
05001,2021,40,22.261,70.233,26.694,850.724,35.57,16.31,SISAIRE_DIRECTO,directo
05001,2021,41,21.166,76.2,55.467,852.049,43.039,20.426,SISAIRE_DIRECTO,directo
05001,2021,42,21.238,73.208,39.122,852.663,39.827,17.55,SISAIRE_DIRECTO,directo
05001,2021,43,20.471,78.923,70.393,852.706,42.945,19.345,SISAIRE_DIRECTO,directo
05001,2021,44,21.272,74.874,6.029,851.964,38.421,16.718,SISAIRE_DIRECTO,directo
05001,2021,45,20.645,79.564,71.947,851.729,43.292,20.033,SISAIRE_DIRECTO,directo
05001,2021,46,21.21,75.903,32.828,851.089,41.895,20.548,SISAIRE_DIRECTO,directo
05001,2021,47,20.374,82.732,52.711,851.637,43.038,20.356,SISAIRE_DIRECTO,directo
05001,2021,48,21.5,77.528,38.38,851.017,41.657,18.339,SISAIRE_DIRECTO,directo
05001,2021,49,21.983,73.042,1.032,850.78,44.562,20.185,SISAIRE_DIRECTO,directo
05001,2021,50,21.126,74.744,16.234,850.974,47.752,20.47,SISAIRE_DIRECTO,directo
05001,2021,51,21.881,75.03,19.529,851.655,38.733,17.98,SISAIRE_DIRECTO,directo
05001,2021,52,21.107,79.641,16.295,851.519,38.792,19.817,SISAIRE_DIRECTO,directo
05001,2022,1,20.567,78.963,33.311,851.548,40.571,20.077,SISAIRE_DIRECTO,directo
05001,2022,2,20.731,73.802,30.484,852.635,34.498,16.356,SISAIRE_DIRECTO,directo
05001,2022,3,21.971,70.616,0.342,851.16,42.286,20.9,SISAIRE_DIRECTO,directo
05001,2022,4,21.271,70.115,14.853,851.473,46.038,21.864,SISAIRE_DIRECTO,directo
05001,2022,5,21.112,69.792,22.626,851.535,47.508,23.314,SISAIRE_DIRECTO,directo
05001,2022,6,20.737,77.946,33.776,850.89,43.635,21.145,SISAIRE_DIRECTO,directo
05001,2022,7,20.769,79.06,25.029,851.521,46.119,23.091,SISAIRE_DIRECTO,directo
05001,2022,8,21.449,70.275,45.35,851.516,53.325,27.763,SISAIRE_DIRECTO,directo
05001,2022,9,20.103,85.409,118.811,851.955,38.877,18.975,SISAIRE_DIRECTO,directo
05001,2022,10,20.209,76.679,20.006,851.387,39.072,18.412,SISAIRE_DIRECTO,directo
05001,2022,11,20.269,85.923,10.05,852.225,47.776,25.799,SISAIRE_DIRECTO,directo
05001,2022,12,20.976,83.449,131.049,850.786,50.642,28.709,SISAIRE_DIRECTO,directo
05001,2022,13,20.842,81.774,69.94,851.382,40.939,20.193,SISAIRE_DIRECTO,directo
05001,2022,14,21.333,80.518,89.169,851.051,36.055,16.723,SISAIRE_DIRECTO,directo
05001,2022,15,22.692,71.478,18.265,850.225,36.853,19.003,SISAIRE_DIRECTO,directo
05001,2022,16,20.311,82.251,42.083,852.279,32.114,14.462,SISAIRE_DIRECTO,directo
05001,2022,17,21.389,76.875,26.801,851.161,37.29,16.995,SISAIRE_DIRECTO,directo
05001,2022,18,22.072,75.944,56.115,852.237,35.044,16.774,SISAIRE_DIRECTO,directo
05001,2022,19,21.629,81.971,35.074,851.19,38.124,18.126,SISAIRE_DIRECTO,directo
05001,2022,20,20.898,84.984,82.35,853.452,38.708,18.79,SISAIRE_DIRECTO,directo
05001,2022,21,21.516,75.516,22.223,851.666,34.465,15.984,SISAIRE_DIRECTO,directo
05001,2022,22,20.094,84.283,79.474,852.193,35.007,18.527,SISAIRE_DIRECTO,directo
05001,2022,23,19.972,84.084,60.019,852.248,39.223,18.897,SISAIRE_DIRECTO,directo
05001,2022,24,20.262,85.202,72.549,852.226,34.558,17.019,SISAIRE_DIRECTO,directo
05001,2022,25,20.867,81.861,47.241,851.909,34.541,16.517,SISAIRE_DIRECTO,directo
05001,2022,26,20.321,85.106,59.287,852.654,32.998,15.481,SISAIRE_DIRECTO,directo
05001,2022,27,22.783,70.881,4.16,851.655,29.562,12.957,SISAIRE_DIRECTO,directo
05001,2022,28,21.891,78.969,27.189,851.824,36.989,16.266,SISAIRE_DIRECTO,directo
05001,2022,29,22.158,74.601,16.513,851.346,32.377,15.409,SISAIRE_DIRECTO,directo
05001,2022,30,21.071,81.051,84.499,852.111,31.107,14.404,SISAIRE_DIRECTO,directo
05001,2022,31,21.035,81.816,85.81,851.051,35.257,15.917,SISAIRE_DIRECTO,directo
05001,2022,32,22.284,72.097,24.735,852.042,34.717,15.353,SISAIRE_DIRECTO,directo
05001,2022,33,21.58,78.443,37.625,851.796,33.357,15.06,SISAIRE_DIRECTO,directo
05001,2022,34,21.111,77.962,20.379,852.053,42.159,21.526,SISAIRE_DIRECTO,directo
05001,2022,35,21.267,81.333,46.082,851.523,37.28,17.037,SISAIRE_DIRECTO,directo
05001,2022,36,22.179,72.946,12.868,852.4,39.685,20.333,SISAIRE_DIRECTO,directo
05001,2022,37,20.644,82.918,49.145,852.224,38.402,17.505,SISAIRE_DIRECTO,directo
05001,2022,38,19.575,86.667,24.929,852.184,41.632,19.529,SISAIRE_DIRECTO,directo
05001,2022,39,21.167,79.258,19.575,851.703,40.638,17.787,SISAIRE_DIRECTO,directo
05001,2022,40,20.978,80.057,47.7,851.239,34.769,15.241,SISAIRE_DIRECTO,directo
05001,2022,41,21.15,80.237,6.996,852.021,43.159,18.793,SISAIRE_DIRECTO,directo
05001,2022,42,20.287,85.132,57.027,851.852,37.41,18.397,SISAIRE_DIRECTO,directo
05001,2022,43,20.33,86.923,61.111,851.686,34.752,15.679,SISAIRE_DIRECTO,directo
05001,2022,44,20.834,83.488,21.575,851.728,35.427,16.688,SISAIRE_DIRECTO,directo
05001,2022,45,21.18,81.781,16.2975,851.61,30.707,15.519,SISAIRE_DIRECTO,directo
05001,2022,46,21.011,79.354,11.02,851.771,35.876,17.605,SISAIRE_DIRECTO,directo
05001,2022,47,20.842,76.927,5.7425,851.274,37.862,17.19,SISAIRE_DIRECTO,directo
05001,2022,48,20.673,74.5,0.465,850.355,39.167,17.135,SISAIRE_DIRECTO,directo
05001,2022,49,19.698,79.737,0.0,851.135,36.065,17.867,SISAIRE_DIRECTO,directo
05001,2022,50,21.24,78.057,0.223,850.782,41.472,18.761,SISAIRE_DIRECTO,directo
05001,2022,51,21.975,75.673,1.332,851.009,44.31,21.639,SISAIRE_DIRECTO,directo
05001,2022,52,21.013,78.976,15.423,852.287,40.502,20.676,SISAIRE_DIRECTO,directo
05001,2023,1,20.142,82.018,70.404,852.83,30.773,15.317,SISAIRE_DIRECTO,directo
05001,2023,2,20.082,85.785,74.947,852.661,37.489,17.773,SISAIRE_DIRECTO,directo
05001,2023,3,20.753,78.445,38.886,851.416,39.015,18.395,SISAIRE_DIRECTO,directo
05001,2023,4,22.263,68.679,0.044,850.567,40.127,18.919,SISAIRE_DIRECTO,directo
05001,2023,5,21.625,71.464,16.929,851.641,48.916,24.456,SISAIRE_DIRECTO,directo
05001,2023,6,22.293,71.39,2.386,850.242,43.761,21.275,SISAIRE_DIRECTO,directo
05001,2023,7,21.905,77.589,8.618,850.341,37.985,17.931,SISAIRE_DIRECTO,directo
05001,2023,8,21.464,76.068,8.324,851.864,52.685,26.795,SISAIRE_DIRECTO,directo
05001,2023,9,23.304,69.449,9.023,850.601,44.281,22.006,SISAIRE_DIRECTO,directo
05001,2023,10,20.172,86.969,85.636,852.367,39.458,18.611,SISAIRE_DIRECTO,directo
05001,2023,11,20.269,85.725,29.754,852.851,41.251,18.861,SISAIRE_DIRECTO,directo
05001,2023,12,21.302,75.623,1.081,851.582,55.548,30.036,SISAIRE_DIRECTO,directo
05001,2023,13,21.35,81.79,0.261,851.094,44.304,22.773,SISAIRE_DIRECTO,directo
05001,2023,14,22.071,75.623,4.938,850.334,34.16,16.464,SISAIRE_DIRECTO,directo
05001,2023,15,21.789,80.815,43.283,850.894,43.12,19.222,SISAIRE_DIRECTO,directo
05001,2023,16,21.226,82.286,27.216,851.357,40.935,16.507,SISAIRE_DIRECTO,directo
05001,2023,17,21.63,86.444,37.018,852.125,41.181,15.899,SISAIRE_DIRECTO,directo
05001,2023,18,24.325,55.138,0.0,850.118,39.684,15.714,SISAIRE_DIRECTO,directo
05001,2023,19,23.325,58.571,1.691,851.236,45.88,17.265,SISAIRE_DIRECTO,directo
05001,2023,20,22.612,0.0,15.39,851.149,42.823,16.213,SISAIRE_DIRECTO,directo
05001,2023,21,21.234,0.0,45.88,852.085,42.884,16.58,SISAIRE_DIRECTO,directo
05001,2023,22,21.655,0.0,22.333,852.103,46.602,16.782,SISAIRE_DIRECTO,directo
05001,2023,23,22.42,0.0,0.094,852.846,40.636,13.626,SISAIRE_DIRECTO,directo
05001,2023,24,23.803,47.741,0.094,851.374,35.959,12.342,SISAIRE_DIRECTO,directo
05001,2023,25,23.107,76.032,0.094,851.371,37.355,13.498,SISAIRE_DIRECTO,directo
05001,2023,26,23.198,0.0,0.094,851.565,37.536,13.014,SISAIRE_DIRECTO,directo
05001,2023,27,21.725,0.0,0.094,852.562,38.209,14.269,SISAIRE_DIRECTO,directo
05001,2023,28,24.029,0.0,,850.802,36.627,12.808,SISAIRE_DIRECTO,directo
05001,2023,29,23.854,0.0,,852.203,36.431,11.996,SISAIRE_DIRECTO,directo
05001,2023,30,23.495,24.6,,852.266,41.656,16.319,SISAIRE_DIRECTO,directo
05001,2023,31,24.523,71.698,,852.641,37.27,15.476,SISAIRE_DIRECTO,directo
05001,2023,32,24.049,45.4,,852.35,40.482,15.021,SISAIRE_DIRECTO,directo
05001,2023,33,22.863,0.0,,850.901,43.54,16.727,SISAIRE_DIRECTO,directo
05001,2023,34,22.469,0.0,,851.22,39.394,16.272,SISAIRE_DIRECTO,directo
05001,2023,35,23.564,0.0,,852.029,46.754,18.279,SISAIRE_DIRECTO,directo
05001,2023,36,23.673,0.0,,851.49,42.736,16.539,SISAIRE_DIRECTO,directo
05001,2023,37,23.412,0.0,,851.581,40.724,15.195,SISAIRE_DIRECTO,directo
05001,2023,38,23.689,0.0,,850.802,47.259,18.454,SISAIRE_DIRECTO,directo
05001,2023,39,23.486,0.0,,851.476,45.731,16.85,SISAIRE_DIRECTO,directo
05001,2023,40,21.579,0.0,,852.385,48.078,19.387,SISAIRE_DIRECTO,directo
05001,2023,41,22.809,0.0,,851.627,50.294,20.274,SISAIRE_DIRECTO,directo
05001,2023,42,22.809,0.302,,851.94,51.024,20.248,SISAIRE_DIRECTO,directo
05001,2023,43,22.809,0.604,,851.634,44.672,16.507,SISAIRE_DIRECTO,directo
05001,2023,44,22.809,0.044,,851.134,41.408,15.181,SISAIRE_DIRECTO,directo
05001,2023,45,22.809,0.208,,850.465,43.119,15.58,SISAIRE_DIRECTO,directo
05001,2023,46,,0.11,,851.421,42.19,14.724,SISAIRE_DIRECTO,directo
05001,2023,47,,1.111,,851.917,41.938,13.581,SISAIRE_DIRECTO,directo
05001,2023,48,,0.8009999999999999,,850.829,42.632,15.249,SISAIRE_DIRECTO,directo
05001,2023,49,,0.491,,850.423,49.046,18.025,SISAIRE_DIRECTO,directo
05001,2023,50,,0.051,,849.715,47.954,17.704,SISAIRE_DIRECTO,directo
05001,2023,51,,0.096,,850.803,41.597,16.267,SISAIRE_DIRECTO,directo
05001,2023,52,,0.141,,853.257,36.496,15.65,SISAIRE_DIRECTO,directo
05004,2019,11,22.8,86.281,1.0,803.912,,,SIN_DATO,directo
05004,2019,12,22.57614285714286,92.22,78.8,805.7,,,SIN_DATO,directo
05004,2019,13,22.352285714285713,87.631,44.0,805.049,,,SIN_DATO,directo
05004,2019,14,22.12842857142857,92.333,137.0,806.351,,,SIN_DATO,directo
05004,2019,15,21.90457142857143,90.44,62.0,805.333,,,SIN_DATO,directo
05004,2019,16,,93.595,96.8,805.529,,,SIN_DATO,directo
05004,2019,17,,88.685,39.6,805.402,,,SIN_DATO,directo
05004,2019,18,,83.012,0.2,804.473,,,SIN_DATO,directo
05004,2019,19,,91.19,95.2,805.279,,,SIN_DATO,directo
05004,2019,20,,92.399,84.2,805.755,,,SIN_DATO,directo
05004,2019,21,,92.06,95.0,805.605,,,SIN_DATO,directo
05004,2019,22,,92.643,79.4,806.096,,,SIN_DATO,directo
05004,2019,23,,89.905,38.2,805.827,,,SIN_DATO,directo
05004,2019,24,,90.048,54.0,806.076,,,SIN_DATO,directo
05004,2019,25,,79.923,0.0,805.304,,,SIN_DATO,directo
05004,2019,26,,84.917,21.0,804.843,,,SIN_DATO,directo
05004,2019,27,,86.845,43.2,805.38,,,SIN_DATO,directo
05004,2019,28,,87.155,6.8,805.514,,,SIN_DATO,directo
05004,2019,29,,79.161,3.2,805.033,,,SIN_DATO,directo
05004,2019,30,27.737,85.768,23.2,806.012,,,SIN_DATO,directo
05004,2019,31,27.611,85.565,3.2,805.335,,,SIN_DATO,directo
05004,2019,32,18.099,82.464,0.0,806.137,,,SIN_DATO,directo
05004,2019,33,17.707,86.125,26.4,805.753,,,SIN_DATO,directo
05004,2019,34,17.617,81.679,14.0,805.905,,,SIN_DATO,directo
05004,2019,35,17.51,81.248,10.8,805.128,,,SIN_DATO,directo
05004,2019,36,18.056,83.766,4.8,805.599,,,SIN_DATO,directo
05004,2019,37,17.965,84.944,13.8,805.005,,,SIN_DATO,directo
05004,2019,38,15.309,96.576,34.8,805.648,,,SIN_DATO,directo
05004,2019,39,17.257,87.888,2.8,806.013,,,SIN_DATO,directo
05004,2019,40,16.884,88.5,22.0,805.436,,,SIN_DATO,directo
05004,2019,41,16.001,91.354,48.8,804.375,,,SIN_DATO,directo
05004,2019,42,16.437,89.804,23.6,805.919,,,SIN_DATO,directo
05004,2019,43,16.4,92.036,15.0,805.119,,,SIN_DATO,directo
05004,2019,44,17.153,89.018,12.4,804.695,,,SIN_DATO,directo
05004,2019,45,16.696,92.639,21.0,803.754,,,SIN_DATO,directo
05004,2019,46,15.907,95.202,34.2,805.092,,,SIN_DATO,directo
05004,2019,47,12.516,98.72749999999998,8.0,805.3,,,SIN_DATO,directo
05004,2019,50,16.271,91.0,1.0,804.673,,,SIN_DATO,directo
05004,2019,51,17.048,90.218,16.8,803.938,,,SIN_DATO,directo
05004,2019,52,17.593,90.429,7.8,804.129,,,SIN_DATO,directo
05004,2020,1,17.089,89.649,35.2,805.985,,,SIN_DATO,directo
05004,2020,2,16.638,78.572,0.0,804.751,,,SIN_DATO,directo
05004,2020,3,18.627,76.054,0.0,803.627,,,SIN_DATO,directo
05004,2020,4,16.208,91.364,19.8,805.925,,,SIN_DATO,directo
05004,2020,5,17.426,85.333,2.0,805.938,,,SIN_DATO,directo
05004,2020,6,17.585,79.833,0.6,805.532,,,SIN_DATO,directo
05004,2020,7,18.366,80.75,10.8,804.282,,,SIN_DATO,directo
05004,2020,8,18.234,81.632,36.2,804.817,,,SIN_DATO,directo
05004,2020,9,17.556,85.803,10.6,806.09,,,SIN_DATO,directo
05004,2020,10,18.315,83.071,0.0,805.207,,,SIN_DATO,directo
05004,2020,11,17.76,87.149,13.8,805.463,,,SIN_DATO,directo
05004,2020,12,16.902,79.054,0.8,806.351,,,SIN_DATO,directo
05004,2020,13,17.1,81.476,19.0,805.027,,,SIN_DATO,directo
05004,2020,14,17.907,88.581,33.4,804.781,,,SIN_DATO,directo
05004,2020,15,18.182,88.675,49.0,805.634,,,SIN_DATO,directo
05004,2020,16,17.028,90.871,23.4,806.934,,,SIN_DATO,directo
05004,2020,17,17.11,89.944,3.6,805.933,,,SIN_DATO,directo
05004,2020,18,18.01,88.655,15.2,806.086,,,SIN_DATO,directo
05004,2020,19,19.049,86.339,19.0,805.312,,,SIN_DATO,directo
05004,2020,20,17.87,90.893,44.8,805.969,,,SIN_DATO,directo
05004,2020,21,17.992,88.982,12.6,805.98,,,SIN_DATO,directo
05004,2020,22,17.008,92.958,40.2,806.356,,,SIN_DATO,directo
05004,2020,23,17.348,90.774,18.4,806.615,,,SIN_DATO,directo
05004,2020,24,17.135,89.167,16.0,806.083,,,SIN_DATO,directo
05004,2020,25,17.082,89.988,20.0,805.801,,,SIN_DATO,directo
05004,2020,26,13.95,98.72749999999998,0.0,806.6,,,SIN_DATO,directo
05004,2021,16,16.159,93.856,0.0036363636363636364,805.063,,,SIN_DATO,directo
05004,2021,17,18.075,88.542,0.007272727272727273,804.856,,,SIN_DATO,directo
05004,2021,18,15.185,93.038,0.01090909090909091,807.216,,,SIN_DATO,directo
05004,2021,19,17.43,91.711,0.014545454545454545,804.965,,,SIN_DATO,directo
05004,2021,20,16.61,93.023,87.8,805.398,,,SIN_DATO,directo
05004,2021,21,17.179,91.928,35.0,806.046,,,SIN_DATO,directo
05004,2021,22,16.959,92.423,158.3,805.213,,,SIN_DATO,directo
05004,2021,23,16.417,93.072,74.7,806.201,,,SIN_DATO,directo
05004,2021,24,16.891,90.06,93.8,806.255,,,SIN_DATO,directo
05004,2021,25,15.764,91.951,20.2,806.2235000000001,,,SIN_DATO,directo
05004,2021,26,16.998,88.952,3.6,806.192,,,SIN_DATO,directo
05004,2021,27,17.59,87.827,24.8,805.267,,,SIN_DATO,directo
05004,2021,28,18.08,85.833,16.0,805.615,,,SIN_DATO,directo
05004,2021,29,17.72,84.321,9.6,805.609,,,SIN_DATO,directo
05004,2021,30,17.332,87.863,63.8,805.849,,,SIN_DATO,directo
05004,2021,31,17.358,87.976,14.8,806.773,,,SIN_DATO,directo
05004,2021,32,17.047,91.646,36.0,806.634,,,SIN_DATO,directo
05004,2021,33,16.815,92.55,7.3,805.33,,,SIN_DATO,directo
05004,2021,34,16.761,92.73,6.0,804.773,,,SIN_DATO,directo
05004,2021,35,16.042,94.214,94.2,805.945,,,SIN_DATO,directo
05004,2021,36,16.597,90.922,59.1,806.028,,,SIN_DATO,directo
05004,2021,37,17.29,85.503,7.6,806.383,,,SIN_DATO,directo
05004,2021,38,17.706,84.394,26.8,805.49,,,SIN_DATO,directo
05004,2021,39,16.093,91.661,6.6,805.175,,,SIN_DATO,directo
05004,2021,40,17.138,91.399,16.6,804.475,,,SIN_DATO,directo
05004,2021,41,16.635,92.524,71.1,805.646,,,SIN_DATO,directo
05004,2021,42,16.313,91.645,27.7,806.189,,,SIN_DATO,directo
05004,2021,50,16.117,98.72749999999998,26.5,805.067,,,SIN_DATO,directo
05004,2021,51,15.982,94.771,21.3,805.504,,,SIN_DATO,directo
05004,2021,52,15.936,96.886,15.8,805.182,,,SIN_DATO,directo
05004,2022,1,13.46,98.72749999999998,0.0,805.346,,,SIN_DATO,directo
05004,2022,4,14.259,92.931,0.0,805.51,,,SIN_DATO,directo
05004,2022,5,16.148,88.578,3.5,804.804,,,SIN_DATO,directo
05004,2022,6,15.647,93.732,43.9,804.33,,,SIN_DATO,directo
05004,2022,7,15.912,92.869,41.7,804.95,,,SIN_DATO,directo
05004,2022,8,14.733,92.457,0.0,804.714,,,SIN_DATO,directo
05004,2022,42,15.916,95.856,128.5,805.569,,,SIN_DATO,directo
05004,2022,43,15.858,95.062,6.7,805.528,,,SIN_DATO,directo
05004,2022,44,16.569,91.429,2.7,805.55,,,SIN_DATO,directo
05004,2022,46,16.1955,91.292,1.4500000000000002,804.904,,,SIN_DATO,directo
05004,2022,48,15.822,88.633,0.2,803.943,,,SIN_DATO,directo
05004,2022,49,14.228,94.875,0.0,804.684,,,SIN_DATO,directo
05004,2022,50,16.586,90.305,1.2,804.183,,,SIN_DATO,directo
05004,2022,51,17.262,88.81,0.0,804.505,,,SIN_DATO,directo
05004,2022,52,16.657,91.425,4.7,805.493,,,SIN_DATO,directo
05004,2023,1,15.444,92.691,10.2,806.071,,,SIN_DATO,directo
05004,2023,2,15.342,93.018,8.7,805.967,,,SIN_DATO,directo
05004,2023,3,15.927,90.79,2.7,804.749,,,SIN_DATO,directo
05004,2023,4,16.792,86.079,0.0,803.887,,,SIN_DATO,directo
05004,2023,5,16.805,84.79,0.5,804.69,,,SIN_DATO,directo
05004,2023,6,16.612,89.232,2.2,803.687,,,SIN_DATO,directo
05004,2023,7,17.203,89.551,0.2,803.849,,,SIN_DATO,directo
05004,2023,8,16.015,88.729,47.2,805.277,,,SIN_DATO,directo
05004,2023,9,17.379,89.647,8.0,804.195,,,SIN_DATO,directo
05004,2023,10,16.266,93.539,0.2,805.721,,,SIN_DATO,directo
05004,2023,11,15.816,93.96,0.0,806.684,,,SIN_DATO,directo
05030,2018,1,,,104.8,,41.465,7.79,IMPUTADO_PA,directo
05030,2018,2,,,68.0,,48.82,10.708,IMPUTADO_PA,directo
05030,2018,3,,,24.8,,43.945,17.413,IMPUTADO_PA,directo
05030,2018,4,,,2.8,,40.534,5.385,IMPUTADO_PA,directo
05030,2018,5,,,2.6,,40.926,12.664,IMPUTADO_PA,directo
05030,2018,6,,,0.2,,32.624,9.903,IMPUTADO_PA,directo
05030,2018,7,,,17.1,,45.021,10.742,IMPUTADO_PA,directo
05030,2018,8,,,2.6,,41.14,17.879,IMPUTADO_PA,directo
05030,2018,9,,,0.0,,50.066,15.386,IMPUTADO_PA,directo
05030,2018,10,,,5.1,,42.361,19.674,IMPUTADO_PA,directo
05030,2018,11,,,0.8,,33.883,11.671,IMPUTADO_PA,directo
05030,2018,12,,,34.4,,44.931,8.767,IMPUTADO_PA,directo
05030,2018,13,,,43.4,,50.374,11.299,IMPUTADO_PA,directo
05030,2018,14,,,27.2,,32.671,13.801,IMPUTADO_PA,directo
05030,2018,15,,,89.0,,43.707,13.447,IMPUTADO_PA,directo
05030,2018,16,,,0.4,,37.703,6.683,IMPUTADO_PA,directo
05030,2018,17,,,14.9,,38.261,12.985,IMPUTADO_PA,directo
05030,2018,18,,,7.9,,44.419,13.724,IMPUTADO_PA,directo
05030,2018,19,,,20.4,,43.91,26.004,IMPUTADO_PA,directo
05030,2018,20,,,0.2,,33.462,22.567,IMPUTADO_PA,directo
05030,2018,21,,,0.1,,52.925,7.923,IMPUTADO_PA,directo
05030,2018,22,,,0.1,,26.082,10.958,IMPUTADO_PA,directo
05030,2018,23,,,0.0,,42.286,4.65,IMPUTADO_PA,directo
05030,2018,24,,,16.4,,41.178,9.331,IMPUTADO_PA,directo
05030,2018,25,,,52.2,,21.882,14.193,IMPUTADO_PA,directo
05030,2018,26,,,48.0,,53.858,18.968,IMPUTADO_PA,directo
05030,2018,27,,,30.5,,39.198,8.589,IMPUTADO_PA,directo
05030,2018,28,,,14.3,,35.313,8.991,IMPUTADO_PA,directo
05030,2018,29,,,0.4,,52.847,0.982,IMPUTADO_PA,directo
05030,2018,30,,,0.0,,39.53,11.627,IMPUTADO_PA,directo
05030,2018,31,,,0.2,,42.335,6.801,IMPUTADO_PA,directo
05030,2018,32,,,0.0,,41.362,9.66,IMPUTADO_PA,directo
05030,2018,33,,,0.0,,44.827,7.797,IMPUTADO_PA,directo
05030,2018,34,,,0.1,,48.495,11.994,IMPUTADO_PA,directo
05030,2018,35,,,0.0,,49.384,3.072,IMPUTADO_PA,directo
05030,2018,36,,,,,38.368,4.631,IMPUTADO_PA,directo
05030,2018,37,,,,,42.301,23.921,IMPUTADO_PA,directo
05030,2018,38,,,,,42.172,5.594,IMPUTADO_PA,directo
05030,2018,39,,,,,45.276,6.617,IMPUTADO_PA,directo
05030,2018,40,,,,,47.101,22.353,IMPUTADO_PA,directo
05030,2018,41,,,,,31.175,28.083,IMPUTADO_PA,directo
05030,2018,42,,,46.4,,42.701,6.216,IMPUTADO_PA,directo
05030,2018,43,,,67.5,,48.342,10.525,IMPUTADO_PA,directo
05030,2018,44,,,27.3,,38.993,14.332,IMPUTADO_PA,directo
05030,2018,45,,,53.1,,41.715,21.773,IMPUTADO_PA,directo
05030,2018,46,,,17.7,,34.455,7.207,IMPUTADO_PA,directo
05030,2018,47,,,52.0,,42.542,11.184,IMPUTADO_PA,directo
05030,2018,48,,,8.4,,27.276,16.67,IMPUTADO_PA,directo
05030,2018,49,,,10.8,,40.398,14.832,IMPUTADO_PA,directo
05030,2018,50,,,0.0,,41.855,10.482,IMPUTADO_PA,directo
05030,2018,51,,,0.3,,49.223,11.782,IMPUTADO_PA,directo
05030,2018,52,,,0.5,,33.216,5.125,IMPUTADO_PA,directo
05030,2019,1,,,0.2,,42.173,5.29872972972973,IMPUTADO_PA,directo
05030,2019,2,,,6.5,,41.838,5.4724594594594596,IMPUTADO_PA,directo
05030,2019,3,,,0.4,,47.756,5.646189189189189,IMPUTADO_PA,directo
05030,2019,4,,,0.0,,38.408,5.819918918918919,IMPUTADO_PA,directo
05030,2019,5,,,0.4,,50.597,,IMPUTADO_PA,directo
05030,2019,6,,,0.3,,57.021,,IMPUTADO_PA,directo
05030,2019,7,,,0.2,,46.845,,IMPUTADO_PA,directo
05030,2019,8,,,0.9,,49.176,,IMPUTADO_PA,directo
05030,2019,9,,,31.4,,45.631,,IMPUTADO_PA,directo
05030,2019,10,,,74.5,,45.001,,IMPUTADO_PA,directo
05030,2019,11,,,0.1,,36.435,,IMPUTADO_PA,directo
05030,2019,12,,,65.9,,48.757,,IMPUTADO_PA,directo
05030,2019,13,,,48.5,,43.845,,IMPUTADO_PA,directo
05030,2019,14,,,38.4,,66.08268,,IMPUTADO_PA,directo
05030,2019,15,,,10.9,,63.676,,IMPUTADO_PA,directo
05030,2019,16,,,44.3,,49.58,,IMPUTADO_PA,directo
05030,2019,17,,,2.9,,35.942,,IMPUTADO_PA,directo
05030,2019,18,,,0.7,,31.795,,IMPUTADO_PA,directo
05030,2019,19,,,0.2,,59.139,,IMPUTADO_PA,directo
05030,2019,20,,,0.0,,48.119,,IMPUTADO_PA,directo
05030,2019,21,,,22.0,,50.7,,IMPUTADO_PA,directo
05030,2019,22,,,0.0,,24.291,,IMPUTADO_PA,directo
05030,2019,23,,,5.1,,56.009,,IMPUTADO_PA,directo
05030,2019,24,,,0.6,,50.394,,IMPUTADO_PA,directo
05030,2019,25,,,1.9,,31.819,,IMPUTADO_PA,directo
05030,2019,26,,,0.6,,39.403,,IMPUTADO_PA,directo
05030,2019,27,,,2.1,,48.13,,IMPUTADO_PA,directo
05030,2019,28,,,5.4,,45.623,,IMPUTADO_PA,directo
05030,2019,29,,,22.9,,41.532,,IMPUTADO_PA,directo
05030,2019,30,,,969.2000000000086,,43.772,,IMPUTADO_PA,directo
05030,2019,31,,,969.2000000000086,,42.009,,IMPUTADO_PA,directo
05030,2019,32,,,969.2000000000086,,46.811,,IMPUTADO_PA,directo
05030,2019,33,,,969.2000000000086,,62.467,,IMPUTADO_PA,directo
05030,2019,34,,,969.2000000000086,,14.533,,IMPUTADO_PA,directo
05030,2019,35,,,969.2000000000086,,42.188,,IMPUTADO_PA,directo
05030,2019,36,,,969.2000000000086,,47.095,,IMPUTADO_PA,directo
05030,2019,37,,,969.2000000000086,,48.514,,IMPUTADO_PA,directo
05030,2019,38,,,969.2000000000086,,40.585,,IMPUTADO_PA,directo
05030,2019,39,,,969.2000000000086,,24.147,,IMPUTADO_PA,directo
05030,2019,40,,,969.2000000000086,,48.893,,IMPUTADO_PA,directo
05030,2019,41,,,969.2000000000086,,65.504,,IMPUTADO_PA,directo
05030,2019,42,,,969.2000000000086,,26.792,,IMPUTADO_PA,directo
05030,2019,43,,,969.2000000000086,,55.254,,IMPUTADO_PA,directo
05030,2019,44,,,89.9,,41.1,,IMPUTADO_PA,directo
05030,2019,45,,,34.0,,44.272,,IMPUTADO_PA,directo
05030,2019,46,,,44.7,,32.502,,IMPUTADO_PA,directo
05030,2019,47,,,18.0,,41.03,,IMPUTADO_PA,directo
05030,2019,48,,,37.5,,60.432,,IMPUTADO_PA,directo
05030,2019,49,,,0.2,,51.916,,IMPUTADO_PA,directo
05030,2019,50,,,5.6,,65.563,,IMPUTADO_PA,directo
05030,2019,51,,,0.6,,58.976,,IMPUTADO_PA,directo
05030,2019,52,,,0.2,,50.212,,IMPUTADO_PA,directo
05030,2020,45,,,969.2000000000086,,56.21,15.435,SISAIRE_DIRECTO,directo
05030,2020,46,,,969.2000000000086,,38.812,13.502,SISAIRE_DIRECTO,directo
05030,2020,47,,,969.2000000000086,,43.703,14.355,SISAIRE_DIRECTO,directo
05030,2020,48,,,969.2000000000086,,58.52,15.233,SISAIRE_DIRECTO,directo
05030,2020,49,,,969.2000000000086,,59.208,15.504,SISAIRE_DIRECTO,directo
05030,2020,50,,,0.0,,66.08268,17.622,SISAIRE_DIRECTO,directo
05030,2020,51,,,17.4,,66.08268,20.297,SISAIRE_DIRECTO,directo
05030,2020,52,,,32.2,,51.061,14.857,SISAIRE_DIRECTO,directo
05030,2020,53,,,899.2,,54.709,14.305,SISAIRE_DIRECTO,directo
05030,2021,1,,,572.9,,61.008,15.434,SISAIRE_DIRECTO,directo
05030,2021,2,,,969.2000000000086,,66.08268,14.917,SISAIRE_DIRECTO,directo
05030,2021,3,,,969.2000000000086,,66.08268,18.765,SISAIRE_DIRECTO,directo
05030,2021,4,,,969.2000000000086,,66.08268,20.664,SISAIRE_DIRECTO,directo
05030,2021,5,,,969.2000000000086,,66.08268,19.089,SISAIRE_DIRECTO,directo
05030,2021,6,,,969.2000000000086,,66.08268,21.318,SISAIRE_DIRECTO,directo
05030,2021,7,,,969.2000000000086,,63.881,17.783,SISAIRE_DIRECTO,directo
05030,2021,8,,,969.2000000000086,,66.08268,20.067,SISAIRE_DIRECTO,directo
05030,2021,9,,,969.2000000000086,,66.08268,22.895,SISAIRE_DIRECTO,directo
05030,2021,10,,,969.2000000000086,,54.895,16.901,SISAIRE_DIRECTO,directo
05030,2021,11,,,969.2000000000086,,48.779,15.696,SISAIRE_DIRECTO,directo
05030,2021,12,,,969.2000000000086,,48.494,15.614,SISAIRE_DIRECTO,directo
05030,2021,24,,,79.9,,66.08268,14.731,SISAIRE_DIRECTO,directo
05030,2021,25,,,84.8,,65.104,13.099,SISAIRE_DIRECTO,directo
05030,2021,26,,,39.3,,66.08268,14.593,SISAIRE_DIRECTO,directo
05030,2021,27,,,38.5,,66.08268,16.645,SISAIRE_DIRECTO,directo
05030,2021,28,,,75.6,,66.08268,15.907,SISAIRE_DIRECTO,directo
05030,2021,29,,,0.2,,66.08268,16.225,SISAIRE_DIRECTO,directo
05030,2021,30,,,0.1,,66.08268,15.079,SISAIRE_DIRECTO,directo
05030,2021,31,,,20.7,,66.08268,20.039,SISAIRE_DIRECTO,directo
05030,2021,32,,,58.1,,58.301,13.124,SISAIRE_DIRECTO,directo
05030,2021,33,,,69.5,,64.038,14.614,SISAIRE_DIRECTO,directo
05030,2021,34,,,74.5,,65.74,14.198,SISAIRE_DIRECTO,directo
05030,2021,35,,,42.0,,65.711,13.92,SISAIRE_DIRECTO,directo
05030,2021,36,,,12.7,,61.835,15.299,SISAIRE_DIRECTO,directo
05030,2021,37,,,61.8,,66.08268,16.828,SISAIRE_DIRECTO,directo
05030,2021,38,,,47.2,,66.08268,16.916,SISAIRE_DIRECTO,directo
05030,2021,39,,,9.7,,64.975,16.862,SISAIRE_DIRECTO,directo
05030,2021,40,,,1.0,,58.333,15.397,SISAIRE_DIRECTO,directo
05030,2021,41,,,7.0,,63.491,15.453,SISAIRE_DIRECTO,directo
05030,2021,42,,,27.0,,64.89,14.458,SISAIRE_DIRECTO,directo
05030,2021,43,,,54.6,,55.045,13.567,SISAIRE_DIRECTO,directo
05030,2021,44,,,48.0,,66.08268,12.643,SISAIRE_DIRECTO,directo
05030,2021,45,,,19.2,,62.787,14.836,SISAIRE_DIRECTO,directo
05030,2021,46,,,12.8,,65.903,17.328,SISAIRE_DIRECTO,directo
05030,2021,47,,,46.5,,56.421,17.485,SISAIRE_DIRECTO,directo
05030,2021,48,,,18.8,,63.652,15.396,SISAIRE_DIRECTO,directo
05030,2021,49,,,3.7,,66.08268,19.101,SISAIRE_DIRECTO,directo
05030,2021,50,,,0.7,,66.08268,20.341,SISAIRE_DIRECTO,directo
05030,2021,51,,,,,60.86,15.227,SISAIRE_DIRECTO,directo
05030,2021,52,,,0.1,,52.735,17.914,SISAIRE_DIRECTO,directo
05030,2022,1,,,0.0,,49.503,16.787,SISAIRE_DIRECTO,directo
05030,2022,2,,,,,48.807,13.858,SISAIRE_DIRECTO,directo
05030,2022,3,,,,,66.08268,22.759,SISAIRE_DIRECTO,directo
05030,2022,4,,,0.0,,66.08268,21.228,SISAIRE_DIRECTO,directo
05030,2022,5,,,4.9,,66.08268,24.201,SISAIRE_DIRECTO,directo
05030,2022,6,,,11.6,,66.08268,19.035,SISAIRE_DIRECTO,directo
05030,2022,7,,,3.6,,59.019,20.379,SISAIRE_DIRECTO,directo
05030,2022,8,,,,,66.08268,26.891,SISAIRE_DIRECTO,directo
05030,2022,9,,,,,66.08268,24.409,SISAIRE_DIRECTO,directo
05030,2022,10,,,,,66.08268,27.221,SISAIRE_DIRECTO,directo
05030,2022,11,,,,,66.08268,26.731,SISAIRE_DIRECTO,directo
05030,2022,12,,,,,66.08268,32.49740000000006,SISAIRE_DIRECTO,directo
05030,2022,13,,,,,21.85,22.731,SISAIRE_DIRECTO,directo
05030,2022,14,,,,,26.425,20.756,SISAIRE_DIRECTO,directo
05030,2022,15,,,,,32.34,29.548,SISAIRE_DIRECTO,directo
05030,2022,16,,,,,14.707,20.684,SISAIRE_DIRECTO,directo
05030,2022,17,,,,,30.4,25.309,SISAIRE_DIRECTO,directo
05030,2022,18,,,,,31.73,27.7,SISAIRE_DIRECTO,directo
05030,2022,19,,,,,25.62,30.037,SISAIRE_DIRECTO,directo
05030,2022,20,,,,,17.22,25.618,SISAIRE_DIRECTO,directo
05030,2022,21,,,,,29.66,29.27,SISAIRE_DIRECTO,directo
05030,2022,22,,,,,19.967,27.466,SISAIRE_DIRECTO,directo
05030,2022,23,,,,,20.695,24.0,SISAIRE_DIRECTO,directo
05030,2022,24,,,,,18.11,20.788,SISAIRE_DIRECTO,directo
05030,2022,25,,,,,15.853,24.395,SISAIRE_DIRECTO,directo
05030,2022,26,,,,,25.39,30.296,SISAIRE_DIRECTO,directo
05030,2022,27,,,,,33.93,30.181,SISAIRE_DIRECTO,directo
05030,2022,28,,,,,28.75,29.981,SISAIRE_DIRECTO,directo
05030,2022,29,,,,,21.13,30.069,SISAIRE_DIRECTO,directo
05030,2022,30,,,,,25.76,28.49,SISAIRE_DIRECTO,directo
05030,2022,31,,,,,16.98,29.807,SISAIRE_DIRECTO,directo
05030,2022,32,,,,,25.91,31.008,SISAIRE_DIRECTO,directo
05030,2022,33,,,,,27.255,30.084,SISAIRE_DIRECTO,directo
05030,2022,34,,,,,33.215,32.49740000000006,SISAIRE_DIRECTO,directo
05030,2022,35,,,,,21.993,26.388,SISAIRE_DIRECTO,directo
05030,2022,36,,,,,29.425,32.49740000000006,SISAIRE_DIRECTO,directo
05030,2022,37,,,,,19.405,27.5,SISAIRE_DIRECTO,directo
05030,2022,38,,,,,20.453,30.653,SISAIRE_DIRECTO,directo
05030,2022,39,,,,,24.66,29.972,SISAIRE_DIRECTO,directo
05030,2022,40,,,,,18.155,25.685,SISAIRE_DIRECTO,directo
05030,2022,41,,,1.6,,31.103,23.417,SISAIRE_DIRECTO,directo
05030,2022,43,,,2.9,,19.62,19.075,SISAIRE_DIRECTO,directo
05030,2022,44,,,1.4,,20.853,27.66,SISAIRE_DIRECTO,directo
05030,2022,45,,,,,17.54,24.262,SISAIRE_DIRECTO,directo
05030,2022,46,,,,,29.79,30.888,SISAIRE_DIRECTO,directo
05030,2022,47,,,,,22.443,29.413,SISAIRE_DIRECTO,directo
05030,2022,48,,,0.0,,33.05,27.66,SISAIRE_DIRECTO,directo
05030,2022,49,,,0.5,,33.41,28.224,SISAIRE_DIRECTO,directo
05030,2022,50,,,0.0,,36.543,32.49740000000006,SISAIRE_DIRECTO,directo
05030,2022,51,,,11.4,,38.025,32.49740000000006,SISAIRE_DIRECTO,directo
05030,2022,52,,,2.2,,29.5,30.871,SISAIRE_DIRECTO,directo
05030,2023,1,,,,,28.01,27.416,SISAIRE_DIRECTO,directo
05030,2023,2,,,,,25.005,27.041,SISAIRE_DIRECTO,directo
05030,2023,3,,,7.6,,35.905,30.993,SISAIRE_DIRECTO,directo
05030,2023,4,,,0.2,,38.317,32.49740000000006,SISAIRE_DIRECTO,directo
05030,2023,5,,,0.2,,45.33,32.49740000000006,SISAIRE_DIRECTO,directo
05030,2023,6,,,0.2,,46.475,32.49740000000006,SISAIRE_DIRECTO,directo
05030,2023,7,,,25.6,,35.777,29.82,SISAIRE_DIRECTO,directo
05030,2023,8,,,22.0,,55.63,32.49740000000006,SISAIRE_DIRECTO,directo
05030,2023,9,,,20.6,,47.94,32.49740000000006,SISAIRE_DIRECTO,directo
05030,2023,10,,,91.3,,31.013,22.681,SISAIRE_DIRECTO,directo
05030,2023,11,,,40.7,,23.31,22.765,SISAIRE_DIRECTO,directo
05030,2023,12,,,,,51.525,32.49740000000006,SISAIRE_DIRECTO,directo
05030,2023,13,,,,,38.57,32.49740000000006,SISAIRE_DIRECTO,directo
05030,2023,14,,,,,32.04,30.81,SISAIRE_DIRECTO,directo
05030,2023,15,,,,,39.65,32.49740000000006,SISAIRE_DIRECTO,directo
05030,2023,16,,,,,16.69,29.47,SISAIRE_DIRECTO,directo
05030,2023,17,,,,,21.67,27.292,SISAIRE_DIRECTO,directo
05030,2023,18,,,,,44.195,32.49740000000006,SISAIRE_DIRECTO,directo
05030,2023,19,,,,,26.633,32.49740000000006,SISAIRE_DIRECTO,directo
05030,2023,20,,,,,18.53,30.167,SISAIRE_DIRECTO,directo
05030,2023,21,,,,,18.975,25.918,SISAIRE_DIRECTO,directo
05030,2023,24,,,,,31.99,17.0,SISAIRE_DIRECTO,directo
05030,2023,25,,,,,30.66,15.565,SISAIRE_DIRECTO,directo
05030,2023,26,,,,,38.737,19.292,SISAIRE_DIRECTO,directo
05030,2023,27,,,,,22.43,17.484,SISAIRE_DIRECTO,directo
05030,2023,28,,,,,28.43,21.83,SISAIRE_DIRECTO,directo
05030,2023,29,,,,,50.02,18.826,SISAIRE_DIRECTO,directo
05030,2023,30,,,,,39.215,23.57,SISAIRE_DIRECTO,directo
05030,2023,31,,,,,33.345,25.396,SISAIRE_DIRECTO,directo
05030,2023,32,,,,,28.94,24.777,SISAIRE_DIRECTO,directo
05030,2023,33,,,,,29.99,19.282,SISAIRE_DIRECTO,directo
05030,2023,34,,,,,25.2,23.08,SISAIRE_DIRECTO,directo
05030,2023,35,,,,,24.949166666666667,23.893,SISAIRE_DIRECTO,directo
05030,2023,36,,,,,24.698333333333334,21.686,SISAIRE_DIRECTO,directo
05030,2023,37,,,,,24.447499999999998,19.901,SISAIRE_DIRECTO,directo
05030,2023,38,,,,,24.196666666666665,25.414,SISAIRE_DIRECTO,directo
05030,2023,39,,,,,,24.532,SISAIRE_DIRECTO,directo
05030,2023,40,,,,,23.695,18.198,SISAIRE_DIRECTO,directo
05030,2023,41,,,,,35.635,25.191,SISAIRE_DIRECTO,directo
05030,2023,42,,,,,36.275,23.044,SISAIRE_DIRECTO,directo
05030,2023,43,,,,,27.89,19.457,SISAIRE_DIRECTO,directo
05030,2023,44,,,,,23.113,17.29,SISAIRE_DIRECTO,directo
05030,2023,45,,,,,35.05,24.201,SISAIRE_DIRECTO,directo
05030,2023,46,,,,,27.305,20.478,SISAIRE_DIRECTO,directo
05030,2023,47,,,,,29.08,23.183,SISAIRE_DIRECTO,directo
05030,2023,48,,,,,46.31,28.458,SISAIRE_DIRECTO,directo
05030,2023,49,,,,,38.405,30.532,SISAIRE_DIRECTO,directo
05030,2023,50,,,,,32.305,29.66,SISAIRE_DIRECTO,directo
05030,2023,51,,,,,33.88,30.968,SISAIRE_DIRECTO,directo
05030,2023,52,,,,,38.905,21.061,SISAIRE_DIRECTO,directo
05034,2018,1,19.128,85.003,40.7,,16.25,,SIN_DATO,directo
05034,2018,2,19.225,82.778,9.1,,30.036,,SIN_DATO,directo
05034,2018,3,19.125,84.267,32.1,,28.945,,SIN_DATO,directo
05034,2018,4,20.538,75.336,0.3,,26.226,,SIN_DATO,directo
05034,2018,5,21.022,78.63,38.0,,45.671,,SIN_DATO,directo
05034,2018,6,21.358,75.714,3.7,,34.205,,SIN_DATO,directo
05034,2018,7,20.219,80.402,30.7,,35.594,,SIN_DATO,directo
05034,2018,8,19.191,81.592,49.5,,22.598,,SIN_DATO,directo
05034,2018,9,20.269,73.683,8.2,,22.064,,SIN_DATO,directo
05034,2018,10,21.442,73.71,20.3,,30.189,,SIN_DATO,directo
05034,2018,11,21.905,74.042,25.0,,31.257,,SIN_DATO,directo
05034,2018,12,21.345,79.369,52.8,,15.342,,SIN_DATO,directo
05034,2018,13,20.539,82.288,60.6,,28.486,,SIN_DATO,directo
05034,2018,14,19.784,83.445,27.0,,30.01,,SIN_DATO,directo
05034,2018,15,19.609,85.049,70.8,,28.213,,SIN_DATO,directo
05034,2018,16,21.049,81.338,18.1,,23.521,,SIN_DATO,directo
05034,2018,17,19.839,86.541,89.4,,25.669,,SIN_DATO,directo
05034,2018,18,19.756,86.065,24.0,,28.513,,SIN_DATO,directo
05034,2018,19,21.283,80.929,46.9,,30.612,,SIN_DATO,directo
05034,2018,20,20.02,85.466,56.4,,34.643,,SIN_DATO,directo
05034,2018,21,19.705,88.026,81.0,,38.377,,SIN_DATO,directo
05034,2018,22,20.312,85.318,30.9,,27.592,,SIN_DATO,directo
05034,2018,23,20.972,84.253,2.2,,26.323,,SIN_DATO,directo
05034,2018,24,20.617,82.882,23.8,,33.332,,SIN_DATO,directo
05034,2018,25,20.056,84.241,51.2,,34.691,,SIN_DATO,directo
05034,2018,26,19.762,82.954,43.6,,26.495,,SIN_DATO,directo
05034,2018,27,20.38,80.808,29.1,,36.099,,SIN_DATO,directo
05034,2018,28,20.751,77.817,20.4,,37.582,,SIN_DATO,directo
05034,2018,29,21.636,73.84,1.8,,40.03,,SIN_DATO,directo
05034,2018,30,20.052,83.655,89.3,,43.847,,SIN_DATO,directo
05034,2018,31,19.026,85.41,111.3,,23.105,,SIN_DATO,directo
05034,2018,32,21.988,65.334,0.1,,30.009,,SIN_DATO,directo
05034,2018,33,19.923,79.835,46.9,,29.988,,SIN_DATO,directo
05034,2018,34,20.785,76.657,36.0,,29.131,,SIN_DATO,directo
05034,2018,35,21.21,76.593,7.1,,24.808,,SIN_DATO,directo
05034,2018,36,19.919,82.974,73.6,,18.249,,SIN_DATO,directo
05034,2018,37,19.696,84.117,41.7,,30.627,,SIN_DATO,directo
05034,2018,38,22.185,71.585,9.6,,23.874,,SIN_DATO,directo
05034,2018,39,19.984,82.114,33.1,,30.574,,SIN_DATO,directo
05034,2018,40,19.922,81.917,29.4,,23.673,,SIN_DATO,directo
05034,2018,41,19.251,84.645,39.3,,21.276,,SIN_DATO,directo
05034,2018,42,19.49,85.544,75.4,,31.738,,SIN_DATO,directo
05034,2018,43,19.783,85.635,69.8,,31.084,,SIN_DATO,directo
05034,2018,44,19.087,87.729,55.4,,34.443,,SIN_DATO,directo
05034,2018,45,20.008,85.209,44.0,,47.043,,SIN_DATO,directo
05034,2018,46,20.766,82.759,12.1,,32.075,,SIN_DATO,directo
05034,2018,47,20.43,85.818,2.3,,33.704,,SIN_DATO,directo
05034,2018,50,20.231,80.355,0.5,,42.313,,SIN_DATO,directo
05034,2018,51,20.238,79.033,1.4,,22.658,,SIN_DATO,directo
05034,2018,52,20.351,73.892,0.0,,21.713,,SIN_DATO,directo
05034,2019,1,20.929,67.615,0.0,,21.713,,SIN_DATO,directo
05034,2019,2,19.597,78.125,27.2,,21.713,,SIN_DATO,directo
05034,2019,3,20.496,76.623,0.6,,21.713,,SIN_DATO,directo
05034,2019,4,21.823,71.046,2.8,,21.713,,SIN_DATO,directo
05034,2019,5,20.83,75.295,71.6,,,,SIN_DATO,directo
05034,2019,6,21.028,79.973,33.9,,,,SIN_DATO,directo
05034,2019,7,21.688,76.715,26.6,,,,SIN_DATO,directo
05034,2019,8,21.062,78.668,45.4,,,,SIN_DATO,directo
05034,2019,9,20.25,81.735,12.6,,,,SIN_DATO,directo
05034,2019,10,21.431,76.398,23.0,,,,SIN_DATO,directo
05034,2019,11,21.694,76.591,17.8,,,,SIN_DATO,directo
05034,2019,12,19.477,83.953,48.7,,,,SIN_DATO,directo
05034,2019,13,19.914,82.008,22.7,,,,SIN_DATO,directo
05034,2019,14,20.185,80.515,120.8,,,,SIN_DATO,directo
05034,2019,15,20.746,78.253,55.8,,,,SIN_DATO,directo
05034,2019,16,20.224,74.408,112.6,,,,SIN_DATO,directo
05034,2019,17,20.051,80.247,44.5,,,,SIN_DATO,directo
05034,2019,18,21.602,77.741,0.2,,,,SIN_DATO,directo
05034,2019,19,20.741,79.184,47.3,,,,SIN_DATO,directo
05034,2019,20,20.389,77.89,95.5,,,,SIN_DATO,directo
05034,2019,21,20.103,77.205,63.4,,,,SIN_DATO,directo
05034,2019,22,19.717,78.667,72.9,,,,SIN_DATO,directo
05034,2019,23,20.495,76.528,48.0,,,,SIN_DATO,directo
05034,2019,24,20.791,75.815,64.7,,,,SIN_DATO,directo
05034,2019,25,20.862,77.325,0.0,,,,SIN_DATO,directo
05034,2019,26,21.195,75.729,23.3,,,,SIN_DATO,directo
05034,2019,27,20.854,72.935,46.8,,,,SIN_DATO,directo
05034,2019,28,20.231,78.4,59.4,,,,SIN_DATO,directo
05034,2019,29,21.359,72.084,9.5,,,,SIN_DATO,directo
05034,2019,30,20.066,76.33,59.5,,,,SIN_DATO,directo
05034,2019,31,20.855,72.562,42.1,,,,SIN_DATO,directo
05034,2019,32,21.574,69.427,6.0,,,,SIN_DATO,directo
05034,2019,33,20.312,74.498,41.4,,,,SIN_DATO,directo
05034,2019,34,20.619,73.752,21.4,,,,SIN_DATO,directo
05034,2019,35,21.218,70.886,21.9,,,,SIN_DATO,directo
05034,2019,36,21.11,74.611,26.1,,,,SIN_DATO,directo
05034,2019,37,21.312,73.493,18.3,,,,SIN_DATO,directo
05034,2019,38,19.305,73.171,14.9,,,,SIN_DATO,directo
05034,2019,39,20.371,73.04,17.3,,,,SIN_DATO,directo
05034,2019,40,19.8,75.148,1.3,,,,SIN_DATO,directo
05034,2019,41,19.467,71.186,0.2,,,,SIN_DATO,directo
05034,2019,43,18.404,74.579,34.7,,,,SIN_DATO,directo
05034,2019,44,19.938,75.327,40.1,,,,SIN_DATO,directo
05034,2019,45,19.955,73.671,45.7,,,,SIN_DATO,directo
05034,2019,46,19.026,77.328,84.8,,,,SIN_DATO,directo
05034,2019,47,19.491,74.748,50.7,,,,SIN_DATO,directo
05034,2019,48,20.75,76.065,1.8,,,,SIN_DATO,directo
05034,2019,49,20.202,74.584,25.4,,,,SIN_DATO,directo
05034,2019,50,19.483,76.647,32.8,,,,SIN_DATO,directo
05034,2019,51,20.221,77.382,27.9,,,,SIN_DATO,directo
05034,2019,52,21.004,74.674,9.8,,,,SIN_DATO,directo
05034,2020,1,20.163,74.753,21.5,,,,SIN_DATO,directo
05034,2020,2,19.892,69.03,0.0,,,,SIN_DATO,directo
05034,2020,3,21.323,69.576,0.0,,,,SIN_DATO,directo
05034,2020,4,19.876,74.392,17.9,,,,SIN_DATO,directo
05034,2020,5,20.468,73.229,34.5,,,,SIN_DATO,directo
05034,2020,6,20.775,67.493,0.0,,,,SIN_DATO,directo
05034,2020,7,21.791,66.197,0.0,,,,SIN_DATO,directo
05034,2020,8,21.768,65.22,44.4,,,,SIN_DATO,directo
05034,2020,9,21.397,69.886,36.3,,,,SIN_DATO,directo
05034,2020,10,21.781,72.638,0.6,,,,SIN_DATO,directo
05034,2023,19,21.781,72.638,0.6,,,10.34,SISAIRE_DIRECTO,directo
05034,2023,20,21.781,72.638,0.6,,,6.407,SISAIRE_DIRECTO,directo
05034,2023,22,21.781,72.638,0.6,,,7.592,SISAIRE_DIRECTO,directo
05034,2023,23,21.781,72.638,0.6,,,7.224,SISAIRE_DIRECTO,directo
05034,2023,24,,,,,,8.652,SISAIRE_DIRECTO,directo
05034,2023,26,,,,,,7.938,SISAIRE_DIRECTO,directo
05034,2023,27,,,,,,7.28,SISAIRE_DIRECTO,directo
05034,2023,28,,,,,,7.674,SISAIRE_DIRECTO,directo
05034,2023,29,,,,,,7.73,SISAIRE_DIRECTO,directo
05034,2023,30,,,,,,8.35,SISAIRE_DIRECTO,directo
05034,2023,31,,,,,,8.95,SISAIRE_DIRECTO,directo
05034,2023,32,,,,,,8.625,SISAIRE_DIRECTO,directo
05038,2019,9,21.75,88.435,11.8,824.971,,,SIN_DATO,directo
05038,2019,10,21.693521739130436,89.893,36.8,824.09,,11.355228571428572,SIN_DATO,directo
05038,2019,11,21.63704347826087,88.619,13.0,823.689,,11.310457142857143,SIN_DATO,directo
05038,2019,12,21.580565217391303,90.934,42.8,824.814,,11.265685714285715,SIN_DATO,directo
05038,2019,13,21.52408695652174,92.107,37.0,824.346,,11.220914285714287,SIN_DATO,directo
05038,2019,14,13.192,88.173,72.0,825.43,,,SIN_DATO,directo
05038,2019,15,13.367,86.497,16.0,824.268,,,SIN_DATO,directo
05038,2019,16,13.469,90.582,27.6,824.457,,,SIN_DATO,directo
05038,2019,17,13.691,89.073,50.2,824.446,,,SIN_DATO,directo
05038,2019,18,14.074,81.56,54.2,823.552,,,SIN_DATO,directo
05038,2019,19,14.207,87.94,135.4,824.135,,,SIN_DATO,directo
05038,2019,20,13.57,80.904,61.2,824.573,,,SIN_DATO,directo
05038,2019,21,14.205,81.371,113.2,824.439,,,SIN_DATO,directo
05038,2019,22,13.314,85.696,158.0,824.96,,,SIN_DATO,directo
05038,2019,23,13.932,81.164,110.2,824.731,,,SIN_DATO,directo
05038,2019,24,14.026,83.423,39.6,825.098,,,SIN_DATO,directo
05038,2019,25,13.595,72.347,53.6,824.453,,,SIN_DATO,directo
05038,2019,26,13.772,78.446,62.8,823.963,,,SIN_DATO,directo
05038,2019,27,13.061,76.572,61.0,824.398,,,SIN_DATO,directo
05038,2019,28,13.502,81.917,94.2,824.574,,,SIN_DATO,directo
05038,2019,29,13.509,73.771,46.6,824.043,,,SIN_DATO,directo
05038,2019,30,13.385,83.029,124.4,825.199,,,SIN_DATO,directo
05038,2019,31,13.637,78.9935,46.4,824.21,,,SIN_DATO,directo
05038,2019,32,20.451,74.958,31.8,825.41,,,SIN_DATO,directo
05038,2019,33,19.464,79.707,75.4,824.816,,,SIN_DATO,directo
05038,2019,34,20.153,73.133,22.0,824.989,,,SIN_DATO,directo
05038,2019,35,20.002,76.044,63.0,824.251,,,SIN_DATO,directo
05038,2019,36,19.633,81.449,344.4,824.751,,,SIN_DATO,directo
05038,2019,37,20.136,80.603,162.6,824.068,,,SIN_DATO,directo
05038,2019,38,17.597,89.697,17.4,824.297,,,SIN_DATO,directo
05038,2019,39,19.291,85.034,3.8,824.978,,,SIN_DATO,directo
05038,2019,40,17.992,87.414,75.6,824.419,,,SIN_DATO,directo
05038,2019,41,18.356,86.895,62.2,823.19,,,SIN_DATO,directo
05038,2019,42,18.012,88.229,140.6,824.924,,,SIN_DATO,directo
05038,2019,43,18.054,88.946,93.0,824.072,,,SIN_DATO,directo
05038,2019,44,18.814,85.542,25.0,823.671,,,SIN_DATO,directo
05038,2019,45,18.982,87.382,16.8,822.659,,,SIN_DATO,directo
05038,2019,46,18.597,88.282,0.8,823.295,,,SIN_DATO,directo
05038,2019,47,18.03,87.746,1.2,824.5,,,SIN_DATO,directo
05038,2019,48,19.396,87.176,12.0,823.193,,,SIN_DATO,directo
05038,2019,49,18.932,86.506,3.4,824.658,,,SIN_DATO,directo
05038,2019,50,18.115,87.693,11.6,823.707,,,SIN_DATO,directo
05038,2019,51,19.384,87.304,5.4,822.823,,,SIN_DATO,directo
05038,2019,52,19.826,88.298,18.0,823.166,,,SIN_DATO,directo
05038,2020,1,18.727,86.565,2.2,825.082,,,SIN_DATO,directo
05038,2020,2,19.226,73.795,0.2,824.186,,,SIN_DATO,directo
05038,2020,3,20.958,73.482,14.4,823.0,,,SIN_DATO,directo
05038,2020,4,18.251,89.636,8.8,824.809,,,SIN_DATO,directo
05038,2020,5,19.153,82.72,1.6,825.226,,,SIN_DATO,directo
05038,2020,6,19.924,76.398,0.0,824.825,,,SIN_DATO,directo
05038,2020,7,20.157,78.033,0.6,823.574,,,SIN_DATO,directo
05038,2020,8,20.174,82.111,0.0,824.059,,,SIN_DATO,directo
05038,2020,9,19.171,84.293,0.2,825.481,,,SIN_DATO,directo
05038,2020,10,20.163,83.185,0.0,824.609,,,SIN_DATO,directo
05038,2020,11,18.915,90.0,44.0,824.779,,,SIN_DATO,directo
05038,2020,12,18.798,79.214,7.2,825.625,,,SIN_DATO,directo
05038,2020,13,19.318,77.089,18.4,824.321,,,SIN_DATO,directo
05038,2020,14,19.385,89.43,52.4,823.912,,,SIN_DATO,directo
05038,2020,15,20.46,84.54,14.0,824.687,,,SIN_DATO,directo
05038,2020,16,18.87,83.701,40.8,825.881,,,SIN_DATO,directo
05038,2020,17,19.256,85.94,16.6,825.214,,,SIN_DATO,directo
05038,2020,18,19.996,87.518,44.8,825.167,,,SIN_DATO,directo
05038,2020,19,20.701,85.335,25.4,824.334,,,SIN_DATO,directo
05038,2020,20,19.593,86.916,28.6,824.924,,,SIN_DATO,directo
05038,2020,21,20.357,85.198,84.2,824.887,,,SIN_DATO,directo
05038,2020,22,18.957,90.898,74.0,825.244,,,SIN_DATO,directo
05038,2020,23,19.183,87.515,89.2,825.602,,,SIN_DATO,directo
05038,2020,24,18.544,88.798,126.2,825.108,,,SIN_DATO,directo
05038,2020,25,19.399,86.299,51.6,824.802,,,SIN_DATO,directo
05038,2020,26,19.213,85.071,36.2,823.995,,,SIN_DATO,directo
05038,2020,27,18.711,90.404,53.8,824.076,,,SIN_DATO,directo
05038,2020,28,18.421,89.739,71.2,824.679,,,SIN_DATO,directo
05038,2020,29,19.838,79.958,77.4,824.042,,,SIN_DATO,directo
05038,2020,30,18.616,89.826,102.0,824.413,,,SIN_DATO,directo
05038,2020,31,15.6,98.72749999999998,24.6,826.55,,,SIN_DATO,directo
05038,2021,19,20.2,81.745,12.6,823.907,,,SIN_DATO,directo
05038,2021,20,19.614,83.497,49.6,824.304,,,SIN_DATO,directo
05038,2021,21,19.244,83.729,81.8,824.947,,,SIN_DATO,directo
05038,2021,22,19.246,83.351,126.8,824.261,,,SIN_DATO,directo
05038,2021,23,18.341,85.036,92.2,825.165,,,SIN_DATO,directo
05038,2021,24,18.91,83.018,89.4,825.415,,,SIN_DATO,directo
05038,2021,25,18.324,82.934,55.4,825.376,,,SIN_DATO,directo
05038,2021,26,19.289,81.137,40.0,825.246,,,SIN_DATO,directo
05038,2021,27,19.343,82.922,53.2,824.458,,,SIN_DATO,directo
05038,2021,28,19.773,80.012,110.0,824.811,,,SIN_DATO,directo
05038,2021,29,19.992,77.455,67.6,824.755,,,SIN_DATO,directo
05038,2021,30,19.466,80.725,111.8,824.991,,,SIN_DATO,directo
05038,2021,31,19.866,75.796,62.6,825.945,,,SIN_DATO,directo
05038,2021,32,18.444,85.183,123.8,825.74,,,SIN_DATO,directo
05038,2021,33,18.81,84.808,36.0,824.406,,,SIN_DATO,directo
05038,2021,34,19.377,84.212,39.0,823.74,,,SIN_DATO,directo
05038,2021,35,18.607,83.713,71.4,824.814,,,SIN_DATO,directo
05038,2021,36,18.824,84.425,76.4,825.065,,,SIN_DATO,directo
05038,2021,37,19.515,80.56,8.6,825.381,,,SIN_DATO,directo
05038,2021,38,19.343,80.675,81.0,824.511,,,SIN_DATO,directo
05038,2021,39,18.618,84.777,75.4,824.176,,,SIN_DATO,directo
05038,2021,40,19.092,84.018,30.6,823.475,,,SIN_DATO,directo
05038,2021,41,19.03,84.673,64.0,824.561,,,SIN_DATO,directo
05038,2021,42,18.695,83.869,3.6,825.267,,,SIN_DATO,directo
05038,2021,43,18.187,86.285,86.6,825.059,,,SIN_DATO,directo
05038,2021,44,18.017,85.351,36.8,824.65,,,SIN_DATO,directo
05038,2021,45,18.104,85.204,21.0,824.262,,,SIN_DATO,directo
05038,2021,46,18.34,83.94,0.0,823.752,,,SIN_DATO,directo
05038,2021,47,17.884,85.223,34.6,824.126,,,SIN_DATO,directo
05038,2021,48,18.526,85.699,8.2,823.721,,,SIN_DATO,directo
05038,2021,49,18.736,85.611,0.0,823.666,,,SIN_DATO,directo
05038,2021,50,18.413,84.012,1.2,823.651,,,SIN_DATO,directo
05038,2021,51,18.769,84.121,1.4,824.499,,,SIN_DATO,directo
05038,2021,52,18.244,87.288,20.2,824.131,,,SIN_DATO,directo
05038,2022,1,15.92,91.4,0.0,825.4,,,SIN_DATO,directo
05038,2022,4,17.64,76.653,0.0,824.95,,,SIN_DATO,directo
05038,2022,5,17.95,81.452,14.4,824.245,,,SIN_DATO,directo
05038,2022,6,17.876,84.929,61.0,823.521,,,SIN_DATO,directo
05038,2022,7,18.14,85.78,9.8,824.165,,,SIN_DATO,directo
05038,2022,8,18.581,79.093,0.0,824.086,,,SIN_DATO,directo
05038,2022,12,18.371000000000002,83.38,0.0,823.9085,,,SIN_DATO,directo
05038,2022,13,18.161,87.667,35.4,823.731,,,SIN_DATO,directo
05038,2022,14,18.736,85.764,77.8,823.651,,,SIN_DATO,directo
05038,2022,15,19.298,85.503,31.0,823.066,,,SIN_DATO,directo
05038,2022,16,17.017,87.689,153.2,824.767,,,SIN_DATO,directo
05038,2022,17,19.002,82.539,100.6,823.605,,,SIN_DATO,directo
05038,2022,18,19.229,84.242,41.8,824.889,,,SIN_DATO,directo
05038,2022,19,18.602,87.725,82.2,823.812,,,SIN_DATO,directo
05038,2022,20,19.02,85.362,87.6,825.865,,,SIN_DATO,directo
05038,2022,21,18.75,86.245,36.6,824.313,,15.0,SIN_DATO,directo
05038,2022,22,18.273,85.815,28.6,824.518,,,SIN_DATO,directo
05038,2022,23,17.805,86.0,39.4,824.62,,15.0,SIN_DATO,directo
05038,2022,24,18.21,86.0,69.0,824.622,,15.0,SIN_DATO,directo
05038,2022,25,18.018,87.297,55.6,824.445,,15.0,SIN_DATO,directo
05038,2022,26,17.937,88.041,92.2,825.033,,,SIN_DATO,directo
05038,2022,27,19.14,84.482,52.8,824.605,,,SIN_DATO,directo
05038,2022,28,18.861,85.627,79.8,824.805,,,SIN_DATO,directo
05038,2022,29,18.806,85.012,144.0,824.329,,,SIN_DATO,directo
05038,2022,30,18.356,84.922,76.8,824.861,,,SIN_DATO,directo
05038,2022,31,18.676,84.992,29.8,823.798,,,SIN_DATO,directo
05038,2022,32,19.375,82.466,57.2,824.641,,,SIN_DATO,directo
05038,2022,33,18.916,83.451,51.8,824.65,,,SIN_DATO,directo
05038,2022,34,17.87,86.102,44.4,824.863,,,SIN_DATO,directo
05038,2022,35,18.8,84.039,102.8,824.352,,,SIN_DATO,directo
05038,2022,36,19.231,83.571,38.8,825.304,,,SIN_DATO,directo
05038,2022,37,18.394,84.872,12.6,824.72,,,SIN_DATO,directo
05038,2022,38,17.661,86.259,39.8,824.622,,,SIN_DATO,directo
05038,2022,39,18.467,84.172,68.8,824.513,,,SIN_DATO,directo
05038,2022,40,18.265,85.643,52.8,823.982,,,SIN_DATO,directo
05038,2022,41,18.392,85.457,31.8,824.79,,,SIN_DATO,directo
05038,2022,42,17.901,86.967,85.0,824.503,,,SIN_DATO,directo
05038,2022,43,17.542,88.111,33.6,824.325,,,SIN_DATO,directo
05038,2022,44,17.802,85.25,0.6,824.761,,,SIN_DATO,directo
05038,2022,46,17.395,84.075,0.3,824.367,,,SIN_DATO,directo
05038,2022,48,16.988,82.9,0.0,823.335,,,SIN_DATO,directo
05038,2022,49,16.094,86.844,0.0,824.1,,,SIN_DATO,directo
05038,2022,50,17.888,85.621,1.0,823.431,,,SIN_DATO,directo
05038,2022,51,18.772,83.681,0.0,823.883,,,SIN_DATO,directo
05038,2022,52,17.414,87.045,34.2,824.825,,,SIN_DATO,directo
05038,2023,1,17.374,85.593,11.4,825.354,,,SIN_DATO,directo
05038,2023,2,17.522,87.036,47.6,825.174,,,SIN_DATO,directo
05038,2023,3,17.776,83.512,0.4,824.114,,,SIN_DATO,directo
05038,2023,4,18.504,80.319,7.0,823.428,,,SIN_DATO,directo
05038,2023,5,18.267,80.774,0.2,824.307,,,SIN_DATO,directo
05038,2023,6,18.855,84.309,15.2,823.089,,,SIN_DATO,directo
05038,2023,7,18.398,85.363,23.8,823.354,,,SIN_DATO,directo
05038,2023,8,18.143,84.078,8.4,824.767,,,SIN_DATO,directo
05038,2023,9,19.858,82.19,31.8,823.524,,,SIN_DATO,directo
05038,2023,10,17.858,84.964,18.2,824.874,,,SIN_DATO,directo
05038,2023,11,17.134,86.86,44.8,825.687,,,SIN_DATO,directo
05042,2018,1,25.79,76.723,0.3,,7.493,,SIN_DATO,directo
05042,2018,2,25.522,79.988,0.0,,25.02,,SIN_DATO,directo
05042,2018,3,25.685,79.02,0.0,,7.931,,SIN_DATO,directo
05042,2018,4,26.718,74.555,2.0,,20.251,,SIN_DATO,directo
05042,2018,5,28.686,66.226,4.5,,17.699,,SIN_DATO,directo
05042,2018,6,28.93225,56.629,0.0,,4.748,,SIN_DATO,directo
05042,2018,7,27.644,65.72,1.3,,24.151,,SIN_DATO,directo
05042,2018,8,27.407,60.515,1.7,,18.12,,SIN_DATO,directo
05042,2018,9,28.63,56.524,0.4,,4.637,,SIN_DATO,directo
05042,2018,10,28.93225,55.366,0.2,,27.684,,SIN_DATO,directo
05042,2018,11,28.741,63.585,3.9,,32.354,,SIN_DATO,directo
05042,2018,12,27.48,72.524,22.8,,32.786,,SIN_DATO,directo
05042,2018,13,27.446,71.993,11.3,,23.915,,SIN_DATO,directo
05042,2018,14,27.736,68.044,0.4,,21.461,,SIN_DATO,directo
05042,2018,15,28.366,67.654,12.8,,31.516,,SIN_DATO,directo
05042,2018,16,28.609,68.548,1.3,,34.294,,SIN_DATO,directo
05042,2018,17,28.93225,68.093,4.2,,29.99,,SIN_DATO,directo
05042,2018,18,28.358,71.411,1.0,,13.716,,SIN_DATO,directo
05042,2018,19,28.04,71.216,0.8,,22.679,,SIN_DATO,directo
05042,2018,20,28.293,71.788,0.2,,24.547,,SIN_DATO,directo
05042,2018,21,28.031,75.167,0.1,,6.908,,SIN_DATO,directo
05042,2018,35,28.2,69.0,0.1,,20.418,,SIN_DATO,directo
05042,2018,38,28.93225,65.533,0.0,,28.898,,SIN_DATO,directo
05042,2018,39,26.727,77.525,9.6,,21.749,,SIN_DATO,directo
05042,2018,40,25.91,82.606,39.9,,32.159,,SIN_DATO,directo
05042,2018,41,25.766,85.194,20.9,,23.527,,SIN_DATO,directo
05042,2018,42,25.628,82.31,16.2,,25.995,,SIN_DATO,directo
05042,2018,43,26.47,79.322,4.1,,14.565,,SIN_DATO,directo
05042,2018,44,26.14,80.417,22.4,,38.029,,SIN_DATO,directo
05042,2018,45,25.572,88.252,4.0,,24.785,,SIN_DATO,directo
05042,2018,46,26.912,79.894,2.7,,26.692,,SIN_DATO,directo
05042,2018,47,27.046,80.938,18.7,,8.488,,SIN_DATO,directo
05042,2018,48,26.851,76.0,19.8,,14.648,,SIN_DATO,directo
05042,2018,49,27.119,69.375,0.5,,30.808,,SIN_DATO,directo
05042,2018,50,27.321,70.048,0.1,,23.35,,SIN_DATO,directo
05042,2018,51,27.62,66.857,0.0,,6.091,,SIN_DATO,directo
05042,2018,52,28.69,61.375,3.4,,29.243,,SIN_DATO,directo
05042,2019,1,28.93225,57.821,0.0,,,16.107,SIN_DATO,directo
05042,2019,2,28.348,59.429,0.0,,,11.686,SIN_DATO,directo
05042,2019,3,28.93225,57.953,0.0,,,15.849,SIN_DATO,directo
05042,2019,4,28.93225,56.671,0.0,,,10.021,SIN_DATO,directo
05042,2019,5,28.93225,58.186,0.0,,,13.465,SIN_DATO,directo
05042,2019,6,28.93225,57.964,4.7,,,14.073,SIN_DATO,directo
05042,2019,7,28.93225,60.363,0.3,,,12.315,SIN_DATO,directo
05042,2019,8,26.457,75.786,0.0,,,14.256,SIN_DATO,directo
05042,2019,10,26.51795238095238,75.47438095238095,17.2,,,10.595,SIN_DATO,directo
05042,2019,11,26.578904761904763,75.16276190476191,0.2,803.912,,18.428,SIN_DATO,directo
05042,2019,12,26.639857142857142,74.85114285714286,77.4,805.7,,16.495,SIN_DATO,directo
05042,2019,13,26.700809523809525,74.53952380952381,0.0,805.049,,10.206,SIN_DATO,directo
05042,2019,14,22.12842857142857,92.333,0.0,806.351,,14.825,SIN_DATO,directo
05042,2019,15,21.90457142857143,90.44,0.0,805.333,,10.27,SIN_DATO,directo
05042,2019,16,,93.595,0.0,805.529,,8.734,SIN_DATO,directo
05042,2019,17,,88.685,0.0,805.402,,16.442,SIN_DATO,directo
05042,2019,18,,83.012,0.0,804.473,,6.929,SIN_DATO,directo
05042,2019,19,,91.19,34.6,805.279,,16.07,SIN_DATO,directo
05042,2019,20,,92.399,35.4,805.755,,11.972,SIN_DATO,directo
05042,2019,21,,92.06,45.6,805.605,,12.115,SIN_DATO,directo
05042,2019,22,,92.643,74.2,806.096,,14.274,SIN_DATO,directo
05042,2019,23,,89.905,19.0,805.827,,14.869,SIN_DATO,directo
05042,2019,24,,90.048,29.6,806.076,,9.979,SIN_DATO,directo
05042,2019,25,,79.923,0.0,805.304,,15.344,SIN_DATO,directo
05042,2019,26,,84.917,9.2,804.843,,13.244,SIN_DATO,directo
05042,2019,27,,86.845,24.8,805.38,,8.486,SIN_DATO,directo
05042,2019,28,,87.155,9.0,805.514,,12.26,SIN_DATO,directo
05042,2019,29,,79.161,4.6,805.033,,17.649,SIN_DATO,directo
05042,2019,30,27.737,69.242,32.8,806.012,,18.675,SIN_DATO,directo
05042,2019,31,27.611,70.321,11.9,805.335,,15.342,SIN_DATO,directo
05042,2019,32,28.93225,60.187,0.0,806.137,,8.714,SIN_DATO,directo
05042,2019,33,28.363,64.994,9.6,805.753,,14.555,SIN_DATO,directo
05042,2019,34,28.776,62.369,4.5,805.905,,15.806,SIN_DATO,directo
05042,2019,35,28.93225,59.918,0.0,805.128,,15.371,SIN_DATO,directo
05042,2019,36,28.93225,59.952,3.9,805.599,,15.577,SIN_DATO,directo
05042,2019,37,28.93225,62.201,110.7,805.005,,14.112,SIN_DATO,directo
05042,2019,38,25.809,80.663,115.3,805.648,,12.598,SIN_DATO,directo
05042,2019,39,24.7,84.0,34.2,806.013,,10.736,SIN_DATO,directo
05042,2019,40,24.911099999999998,82.8626,17.0,805.436,,6.256,SIN_DATO,directo
05042,2019,41,25.1222,81.7252,10.1,804.375,,14.03,SIN_DATO,directo
05042,2019,42,25.3333,80.5878,42.8,805.919,,13.496,SIN_DATO,directo
05042,2019,43,25.5444,79.4504,113.9,805.119,,14.787,SIN_DATO,directo
05042,2019,44,17.153,89.018,19.4,804.695,,8.203,SIN_DATO,directo
05042,2019,45,16.696,92.639,36.1,803.754,,15.091,SIN_DATO,directo
05042,2019,46,15.907,95.202,10.8,805.092,,19.989,SIN_DATO,directo
05042,2019,47,12.516,98.72749999999998,5.3,805.3,,13.123,SIN_DATO,directo
05042,2019,48,,,1.6,,,12.636,SIN_DATO,directo
05042,2019,49,26.811,72.626,3.4,,,13.924,SIN_DATO,directo
05042,2019,50,27.399,67.976,2.4,804.673,,19.911,SIN_DATO,directo
05042,2019,51,27.891,68.347,5.0,803.938,,9.293,SIN_DATO,directo
05042,2019,52,28.93225,66.79,1.0,804.129,,13.556,SIN_DATO,directo
05042,2020,1,26.808,77.484,109.3,805.985,,,SIN_DATO,directo
05042,2020,2,27.784,57.388,0.0,804.751,,,SIN_DATO,directo
05042,2020,3,28.93225,58.72,0.0,803.627,,,SIN_DATO,directo
05042,2020,4,27.539,72.506,34.0,805.925,,,SIN_DATO,directo
05042,2020,5,28.497,61.572,12.3,805.938,,,SIN_DATO,directo
05042,2020,6,28.93225,58.42,0.0,805.532,,,SIN_DATO,directo
05042,2020,7,28.93225,56.721,0.1,804.282,,,SIN_DATO,directo
05042,2020,8,28.93225,58.873,8.7,804.817,,,SIN_DATO,directo
05042,2020,9,28.93225,55.329,12.7,806.09,,,SIN_DATO,directo
05042,2020,10,28.93225,56.036,0.3,805.207,,,SIN_DATO,directo
05042,2020,11,28.93225,48.35,27.2,805.463,,,SIN_DATO,directo
05042,2020,12,28.93225,52.441,6.1,806.351,,,SIN_DATO,directo
05042,2020,13,28.93225,52.339,6.7,805.027,,,SIN_DATO,directo
05042,2020,14,27.508,77.913,107.4,804.781,,,SIN_DATO,directo
05042,2020,15,28.93225,67.2,18.2,805.634,,,SIN_DATO,directo
05042,2020,16,28.89830625,67.367575,44.2,806.934,,,SIN_DATO,directo
05042,2020,17,28.8643625,67.53515,8.6,805.933,,,SIN_DATO,directo
05042,2020,18,28.83041875,67.702725,5.9,806.086,,,SIN_DATO,directo
05042,2020,19,28.796475,67.8703,53.4,805.312,,,SIN_DATO,directo
05042,2020,20,17.87,90.893,20.7,805.969,,,SIN_DATO,directo
05042,2020,21,17.992,88.982,18.9,805.98,,,SIN_DATO,directo
05042,2020,22,17.008,92.958,70.5,806.356,,,SIN_DATO,directo
05042,2020,23,17.348,90.774,39.8,806.615,,,SIN_DATO,directo
05042,2020,24,17.135,89.167,70.5,806.083,,,SIN_DATO,directo
05042,2020,25,17.082,89.988,34.9,805.801,,,SIN_DATO,directo
05042,2020,26,13.95,98.72749999999998,33.4,806.6,,,SIN_DATO,directo
05042,2020,27,,,103.2,,,,SIN_DATO,directo
05042,2020,28,,,74.0,,,,SIN_DATO,directo
05042,2020,29,,,20.6,,,,SIN_DATO,directo
05042,2020,30,,,34.6,,,,SIN_DATO,directo
05042,2020,31,,,11.0,,,,SIN_DATO,directo
05042,2020,32,,,0.0,,,,SIN_DATO,directo
05042,2020,33,,,23.4,,,,SIN_DATO,directo
05042,2020,34,,,68.2,,,,SIN_DATO,directo
05042,2020,35,,,14.0,,,,SIN_DATO,directo
05042,2020,36,,,22.6,,,,SIN_DATO,directo
05042,2020,37,,,56.2,,,,SIN_DATO,directo
05042,2020,38,,,11.2,,,,SIN_DATO,directo
05042,2020,39,,,41.6,,,,SIN_DATO,directo
05042,2020,40,,,17.0,,,,SIN_DATO,directo
05042,2020,41,,,22.8,,,10.161,SISAIRE_DIRECTO,directo
05042,2020,42,,,11.8,,,11.673,SISAIRE_DIRECTO,directo
05042,2020,43,,,20.8,,,10.893,SISAIRE_DIRECTO,directo
05042,2020,44,,,0.0,,,9.172,SISAIRE_DIRECTO,directo
05042,2020,45,,,20.0,,,10.028,SISAIRE_DIRECTO,directo
05042,2020,46,,,137.2,,,9.4,SISAIRE_DIRECTO,directo
05042,2020,47,,,8.2,,,9.129,SISAIRE_DIRECTO,directo
05042,2020,48,,,3.6,,,10.179,SISAIRE_DIRECTO,directo
05042,2020,49,,,29.8,,,10.618,SISAIRE_DIRECTO,directo
05042,2020,50,,,0.0,,,13.381,SISAIRE_DIRECTO,directo
05042,2020,51,,,0.0,,,14.823,SISAIRE_DIRECTO,directo
05042,2020,52,,,7.6,,,11.697,SISAIRE_DIRECTO,directo
05042,2020,53,,,5.699999999999999,,,11.477,SISAIRE_DIRECTO,directo
05042,2021,1,,,3.8,,,12.2,SISAIRE_DIRECTO,directo
05042,2021,2,,,1.9000000000000004,,,11.239,SISAIRE_DIRECTO,directo
05042,2021,9,,,0.0,,,11.239,SIN_DATO,directo
05042,2021,10,,,60.0,,,11.239,SIN_DATO,directo
05042,2021,11,,,38.8,,,11.239,SIN_DATO,directo
05042,2021,12,,,36.4,,,11.239,SIN_DATO,directo
05042,2021,13,,,3.2,,,,SIN_DATO,directo
05042,2021,14,,,25.4,,,,SIN_DATO,directo
05042,2021,15,,,1.8,,,,SIN_DATO,directo
05042,2021,16,16.159,93.856,2.0,805.063,,,SIN_DATO,directo
05042,2021,17,18.075,88.542,88.9,804.856,,,SIN_DATO,directo
05042,2021,18,15.185,93.038,42.7,807.216,,,SIN_DATO,directo
05042,2021,19,17.43,91.711,9.8,804.965,,,SIN_DATO,directo
05042,2021,20,16.61,93.023,87.8,805.398,,,SIN_DATO,directo
05042,2021,21,17.179,91.928,35.0,806.046,,,SIN_DATO,directo
05042,2021,22,16.959,92.423,158.3,805.213,,,SIN_DATO,directo
05042,2021,23,16.417,93.072,74.7,806.201,,,SIN_DATO,directo
05042,2021,24,16.891,90.06,93.8,806.255,,,SIN_DATO,directo
05042,2021,25,15.764,91.951,20.2,806.2235000000001,,,SIN_DATO,directo
05042,2021,26,16.998,88.952,3.6,806.192,,,SIN_DATO,directo
05042,2021,27,17.59,87.827,24.8,805.267,,,SIN_DATO,directo
05042,2021,28,18.08,85.833,16.0,805.615,,,SIN_DATO,directo
05042,2021,29,17.72,84.321,9.6,805.609,,,SIN_DATO,directo
05042,2021,30,17.332,87.863,63.8,805.849,,,SIN_DATO,directo
05042,2021,31,17.358,87.976,14.8,806.773,,,SIN_DATO,directo
05042,2021,32,17.047,91.646,36.0,806.634,,,SIN_DATO,directo
05042,2021,33,16.815,92.55,7.3,805.33,,,SIN_DATO,directo
05042,2021,34,16.761,92.73,6.0,804.773,,,SIN_DATO,directo
05042,2021,35,16.042,94.214,94.2,805.945,,,SIN_DATO,directo
05042,2021,36,16.597,90.922,59.1,806.028,,,SIN_DATO,directo
05042,2021,37,17.29,85.503,7.6,806.383,,,SIN_DATO,directo
05042,2021,38,17.706,84.394,26.8,805.49,,,SIN_DATO,directo
05042,2021,39,16.093,91.661,6.6,805.175,,,SIN_DATO,directo
05042,2021,40,17.138,91.399,16.6,804.475,,,SIN_DATO,directo
05042,2021,41,16.635,92.524,71.1,805.646,,,SIN_DATO,directo
05042,2021,42,16.313,91.645,27.7,806.189,,,SIN_DATO,directo
05042,2021,43,,,42.3,,,,SIN_DATO,directo
05042,2021,44,,,4.6,,,,SIN_DATO,directo
05042,2021,45,,,24.5,,,,SIN_DATO,directo
05042,2021,46,,,0.6,,,,SIN_DATO,directo
05042,2021,47,,,95.6,,,,SIN_DATO,directo
05042,2021,48,,,7.3,,,,SIN_DATO,directo
05042,2021,49,,,0.8,,,,SIN_DATO,directo
05042,2021,50,16.117,98.72749999999998,26.5,805.067,,,SIN_DATO,directo
05042,2021,51,15.982,94.771,21.3,805.504,,,SIN_DATO,directo
05042,2021,52,15.936,96.886,15.8,805.182,,,SIN_DATO,directo
05042,2022,1,13.46,98.72749999999998,0.0,805.346,,,SIN_DATO,directo
05042,2022,4,14.259,92.931,0.0,805.51,,,SIN_DATO,directo
05042,2022,5,16.148,88.578,3.5,804.804,,,SIN_DATO,directo
05042,2022,6,15.647,93.732,43.9,804.33,,,SIN_DATO,directo
05042,2022,7,15.912,92.869,41.7,804.95,,,SIN_DATO,directo
05042,2022,8,14.733,92.457,0.0,804.714,,,SIN_DATO,directo
05042,2022,13,,,85.3,,,,SIN_DATO,directo
05042,2022,14,,,32.5,,,,SIN_DATO,directo
05042,2022,15,,,44.0,,,,SIN_DATO,directo
05042,2022,16,,,66.9,,,,SIN_DATO,directo
05042,2022,17,,,32.6,,,,SIN_DATO,directo
05042,2022,18,,,34.4,,,,SIN_DATO,directo
05042,2022,19,,,8.2,,,,SIN_DATO,directo
05042,2022,20,,,60.6,,,,SIN_DATO,directo
05042,2022,21,,,5.3,,,,SIN_DATO,directo
05042,2022,22,,,54.4,,,,SIN_DATO,directo
05042,2022,23,,,186.1,,,,SIN_DATO,directo
05042,2022,24,,,104.6,,,,SIN_DATO,directo
05042,2022,25,,,26.0,,,,SIN_DATO,directo
05042,2022,26,,,45.2,,,,SIN_DATO,directo
05042,2022,27,,,3.7,,,,SIN_DATO,directo
05042,2022,28,,,64.6,,,,SIN_DATO,directo
05042,2022,29,,,28.2,,,,SIN_DATO,directo
05042,2022,30,,,40.9,,,,SIN_DATO,directo
05042,2022,31,,,47.7,,,,SIN_DATO,directo
05042,2022,32,,,6.8,,,,SIN_DATO,directo
05042,2022,33,,,62.4,,,,SIN_DATO,directo
05042,2022,34,,,45.7,,,,SIN_DATO,directo
05042,2022,35,,,44.1,,,,SIN_DATO,directo
05042,2022,36,,,16.3,,,,SIN_DATO,directo
05042,2022,37,,,10.4,,,,SIN_DATO,directo
05042,2022,38,,,87.8,,,,SIN_DATO,directo
05042,2022,39,,,10.2,,,,SIN_DATO,directo
05042,2022,40,,,5.0,,,,SIN_DATO,directo
05042,2022,41,,,1.0,,,,SIN_DATO,directo
05042,2022,42,24.859,87.309,128.5,805.569,,,SIN_DATO,directo
05042,2022,43,24.285,89.338,6.7,805.528,,,SIN_DATO,directo
05042,2022,44,24.469,88.107,2.7,805.55,,,SIN_DATO,directo
05042,2022,46,26.272,83.98349999999999,1.4500000000000002,804.904,,,SIN_DATO,directo
05042,2022,48,24.45,79.86,0.2,803.943,,,SIN_DATO,directo
05042,2022,49,24.073,83.935,0.0,804.684,,,SIN_DATO,directo
05042,2022,50,24.939,78.5,1.2,804.183,,,SIN_DATO,directo
05042,2022,51,26.505,71.178,0.0,804.505,,,SIN_DATO,directo
05042,2022,52,25.791,75.718,4.7,805.493,,,SIN_DATO,directo
05042,2023,1,25.643,73.318,10.2,806.071,,,SIN_DATO,directo
05042,2023,2,25.19,76.774,8.7,805.967,,,SIN_DATO,directo
05042,2023,3,26.338,67.434,2.7,804.749,,,SIN_DATO,directo
05042,2023,4,27.363,59.428,0.0,803.887,,,SIN_DATO,directo
05042,2023,5,27.645,56.859,0.5,804.69,,,SIN_DATO,directo
05042,2023,6,27.145,65.308,2.2,803.687,,,SIN_DATO,directo
05042,2023,7,27.537,55.174,0.2,803.849,,,SIN_DATO,directo
05042,2023,8,26.356,65.919,47.2,805.277,,,SIN_DATO,directo
05042,2023,9,27.779,63.652,8.0,804.195,,,SIN_DATO,directo
05042,2023,10,25.655,85.938,132.8,805.721,,,SIN_DATO,directo
05042,2023,11,24.984,87.875,28.5,806.684,,,SIN_DATO,directo
05055,2018,1,18.098,74.146,260.0,767.51,,,SIN_DATO,directo
05055,2018,2,17.699,80.027,756.0,766.629,,,SIN_DATO,directo
05055,2018,3,17.905,73.717,150.0,766.272,,,SIN_DATO,directo
05055,2018,4,19.325,66.801,669.2,764.926,,,SIN_DATO,directo
05055,2018,5,19.727,71.556,789.8,765.046,,,SIN_DATO,directo
05055,2018,6,19.546,67.849,969.2000000000086,765.957,,,SIN_DATO,directo
05055,2018,7,18.805,73.86,497.1,766.768,,,SIN_DATO,directo
05055,2018,8,17.895,72.322,11.2,767.09,,,SIN_DATO,directo
05055,2018,9,19.321,63.146,2.0,766.814,,,SIN_DATO,directo
05055,2018,10,19.978,62.744,1.5,766.053,,,SIN_DATO,directo
05055,2018,11,15.786,81.635,4.6,766.595,,,SIN_DATO,directo
05055,2018,12,19.156,75.042,2.0,766.027,,,SIN_DATO,directo
05055,2018,13,18.578,76.352,2.4,765.999,,,SIN_DATO,directo
05055,2018,14,17.884,76.916,14.6,766.755,,,SIN_DATO,directo
05055,2018,15,14.165,91.18,127.1,767.51,,,SIN_DATO,directo
05055,2018,16,15.246,82.018,26.6,767.21,,,SIN_DATO,directo
05055,2018,17,18.731,79.525,52.6,767.445,,,SIN_DATO,directo
05055,2018,18,18.864,77.481,20.6,767.551,,,SIN_DATO,directo
05055,2018,19,18.457,82.657,71.3,767.929,,,SIN_DATO,directo
05055,2018,20,19.645,78.976,50.7,766.836,,,SIN_DATO,directo
05055,2018,21,20.552,75.334,28.4,767.208,,,SIN_DATO,directo
05055,2018,22,21.106,74.323,38.2,766.938,,,SIN_DATO,directo
05055,2018,23,22.487,68.756,3.5,767.027,,,SIN_DATO,directo
05055,2018,24,20.877,71.94,11.7,767.793,,,SIN_DATO,directo
05055,2018,25,20.014,69.066,13.8,767.578,,,SIN_DATO,directo
05055,2018,26,19.068,72.349,6.7,766.83,,,SIN_DATO,directo
05055,2018,27,20.592,67.747,0.0,766.537,,,SIN_DATO,directo
05055,2018,28,21.932,57.461,2.6,766.992,,,SIN_DATO,directo
05055,2018,29,21.973,54.71,5.4,767.087,,,SIN_DATO,directo
05055,2018,30,20.182,68.171,1.5,767.793,,,SIN_DATO,directo
05055,2018,31,19.14,75.603,9.4,767.135,,,SIN_DATO,directo
05055,2018,32,22.533,47.26,0.0,767.188,,,SIN_DATO,directo
05055,2018,33,21.518,57.856,0.7,767.694,,,SIN_DATO,directo
05055,2018,34,22.541,52.746,6.6,767.125,,,SIN_DATO,directo
05055,2018,35,22.354,58.614,15.8,766.683,,,SIN_DATO,directo
05055,2018,36,20.028,71.75,33.0,766.551,,,SIN_DATO,directo
05055,2018,37,19.024,77.454,23.5,766.622,,,SIN_DATO,directo
05055,2018,38,22.459,59.885,55.7,765.814,,,SIN_DATO,directo
05055,2018,39,20.732,71.835,52.4,765.996,,,SIN_DATO,directo
05055,2018,40,20.429,73.432,53.3,766.61,,,SIN_DATO,directo
05055,2018,41,19.327,74.649,46.9,767.341,,,SIN_DATO,directo
05055,2018,42,20.143,74.138,67.8,766.33,,,SIN_DATO,directo
05055,2018,43,20.688,75.224,55.4,766.508,,,SIN_DATO,directo
05055,2018,44,19.62,78.207,8.1,766.602,,,SIN_DATO,directo
05055,2018,45,19.991,78.153,53.1,765.84,,,SIN_DATO,directo
05055,2018,46,20.618,76.408,100.6,766.123,,,SIN_DATO,directo
05055,2018,47,20.54,74.138,116.4,766.458,,,SIN_DATO,directo
05055,2018,48,19.448,80.079,74.6,766.695,,,SIN_DATO,directo
05055,2018,49,19.823,74.004,30.5,766.885,,,SIN_DATO,directo
05055,2018,50,21.084,68.709,23.6,767.535,,,SIN_DATO,directo
05055,2018,51,20.778,65.917,8.0,766.561,,,SIN_DATO,directo
05055,2018,52,22.407,54.26,8.7,765.302,,,SIN_DATO,directo
05055,2019,1,22.991,50.541,9.2,765.72,,,SIN_DATO,directo
05055,2019,2,19.786,70.911,0.1,767.233,,,SIN_DATO,directo
05055,2019,3,21.377,63.89,4.6,766.678,,,SIN_DATO,directo
05055,2019,4,23.444,55.91,0.0,766.527,,,SIN_DATO,directo
05055,2019,5,21.708,64.746,0.0,766.658,,,SIN_DATO,directo
05055,2019,6,20.742,67.625,0.0,765.692,,,SIN_DATO,directo
05055,2019,7,16.455,82.455,0.0,766.721,,,SIN_DATO,directo
05055,2019,8,19.019,79.378,0.0,766.736,,,SIN_DATO,directo
05055,2019,9,18.377,77.741,0.0,766.918,,,SIN_DATO,directo
05055,2019,10,19.889,74.692,0.0,766.414,,,SIN_DATO,directo
05055,2019,11,20.168,74.274,0.0,766.077,,,SIN_DATO,directo
05055,2019,12,17.907,87.402,0.0,767.132,,,SIN_DATO,directo
05055,2019,13,18.743,79.631,0.0,766.632,,,SIN_DATO,directo
05055,2019,14,18.351,84.57,0.0,767.635,,,SIN_DATO,directo
05055,2019,15,19.563,78.188,0.0,766.784,,,SIN_DATO,directo
05055,2019,16,18.699,83.254,0.0,766.918,,,SIN_DATO,directo
05055,2019,17,18.469,86.367,0.0,766.926,,,SIN_DATO,directo
05055,2019,18,20.669,70.212,0.0,766.276,,,SIN_DATO,directo
05055,2019,19,19.041,82.988,0.0,766.777,,,SIN_DATO,directo
05055,2019,20,18.256,88.418,0.0,767.081,,,SIN_DATO,directo
05055,2019,21,18.049,89.331,0.0,766.959,,,SIN_DATO,directo
05055,2019,22,17.557,89.608,0.0,767.321,,,SIN_DATO,directo
05055,2019,23,19.164,80.794,0.0,767.309,,,SIN_DATO,directo
05055,2019,24,19.17,84.502,0.0,767.552,,,SIN_DATO,directo
05055,2019,25,21.139,61.394,0.0,767.312,,,SIN_DATO,directo
05055,2019,26,20.375,70.293,0.0,766.5,,,SIN_DATO,directo
05055,2019,27,19.576,74.073,0.0,766.988,,,SIN_DATO,directo
05055,2019,29,20.827,62.769,0.0,766.766,,,SIN_DATO,directo
05055,2019,30,19.717,70.431,0.0,767.489,,,SIN_DATO,directo
05055,2019,31,20.325,68.541,0.0,766.935,,,SIN_DATO,directo
05055,2019,32,21.548,55.391,0.0,767.874,,,SIN_DATO,directo
05055,2019,33,20.079,62.642,0.0,767.285,,,SIN_DATO,directo
05055,2019,34,16.298,69.367,0.0,767.535,,,SIN_DATO,directo
05055,2019,35,21.095,58.575,0.0,766.803,,,SIN_DATO,directo
05055,2019,36,21.198,59.728,0.0,767.226,,,SIN_DATO,directo
05055,2019,37,21.163,62.866,0.0,766.716,,,SIN_DATO,directo
05055,2019,38,18.177,84.185,0.0,766.73,,,SIN_DATO,directo
05055,2019,39,18.879,78.077,0.0,767.339,,,SIN_DATO,directo
05055,2019,40,18.22,78.457,0.0,766.731,,,SIN_DATO,directo
05055,2019,41,18.04,82.068,0.0,765.634,,,SIN_DATO,directo
05055,2019,42,17.253,86.662,0.0,767.118,,,SIN_DATO,directo
05055,2019,43,17.041,86.992,0.0,766.343,,,SIN_DATO,directo
05055,2019,44,18.367,82.847,0.0,766.088,,,SIN_DATO,directo
05055,2019,45,18.602,83.389,0.0,765.233,,,SIN_DATO,directo
05055,2019,46,17.289,88.583,0.0,766.256,,,SIN_DATO,directo
05055,2019,47,18.066,80.449,0.0,766.453,,,SIN_DATO,directo
05055,2019,48,19.625,74.879,0.0,765.726,,,SIN_DATO,directo
05055,2019,49,18.172,78.893,0.0,766.945,,,SIN_DATO,directo
05055,2019,50,17.844,83.441,0.0,765.882,,,SIN_DATO,directo
05055,2019,51,18.936,79.084,0.0,765.398,,,SIN_DATO,directo
05055,2019,52,19.825,75.174,0.0,765.739,,,SIN_DATO,directo
05055,2020,1,18.352,76.477,0.0,767.25,,,SIN_DATO,directo
05055,2020,2,19.384,58.936,0.0,766.453,,,SIN_DATO,directo
05055,2020,3,20.752,60.2,0.0,765.462,,,SIN_DATO,directo
05055,2020,4,18.673,77.714,0.0,767.15,,,SIN_DATO,directo
05055,2020,5,19.339,74.858,0.0,767.412,,,SIN_DATO,directo
05055,2020,6,20.141,62.995,0.0,767.119,,,SIN_DATO,directo
05055,2020,7,21.034,62.137,0.0,766.04,,,SIN_DATO,directo
05055,2020,8,20.698,65.841,0.0,766.523,,,SIN_DATO,directo
05055,2020,9,20.122,72.443,0.0,767.542,,,SIN_DATO,directo
05055,2020,10,20.905,69.372,0.0,766.951,,,SIN_DATO,directo
05055,2020,11,20.297,74.383,0.0,766.915,,,SIN_DATO,directo
05055,2020,12,19.969,66.048,0.0,767.619,,,SIN_DATO,directo
05055,2020,13,21.116,62.635,0.0,766.508,,,SIN_DATO,directo
05055,2020,14,19.928,76.83,0.0,766.344,,,SIN_DATO,directo
05055,2020,15,21.09,75.55,0.0,767.223,,,SIN_DATO,directo
05055,2020,16,19.341,78.047,0.0,767.39875,,,SIN_DATO,directo
05055,2020,17,19.887,77.892,0.0,767.5745,,,SIN_DATO,directo
05055,2020,18,20.399,76.57,0.0,767.7502499999999,,,SIN_DATO,directo
05055,2020,19,21.947,67.141,0.0,767.9259999999999,,,SIN_DATO,directo
05055,2020,20,20.793,76.134,0.0,,,,SIN_DATO,directo
05055,2020,21,21.336,70.516,0.0,,,,SIN_DATO,directo
05055,2020,22,19.805,77.446,0.0,,,,SIN_DATO,directo
05055,2020,23,19.346,79.01,0.0,768.629,,,SIN_DATO,directo
05055,2020,24,19.047,77.517,0.0,767.742,,,SIN_DATO,directo
05055,2020,25,19.305,80.515,0.0,767.418,,,SIN_DATO,directo
05055,2020,26,19.783,77.451,0.0,767.31775,,,SIN_DATO,directo
05055,2020,27,18.717,84.207,0.0,767.2175,,,SIN_DATO,directo
05055,2020,28,18.557,83.618,0.0,767.11725,,,SIN_DATO,directo
05055,2020,29,20.17,70.478,0.0,767.017,,,SIN_DATO,directo
05055,2020,30,18.26,83.21,0.0,766.933,,,SIN_DATO,directo
05055,2020,31,20.006,71.963,0.0,766.849,,,SIN_DATO,directo
05055,2020,32,21.396,59.663,0.0,767.821,,,SIN_DATO,directo
05055,2020,33,20.061,76.759,0.0,767.408,,,SIN_DATO,directo
05055,2020,34,18.35,85.562,0.0,766.995,,,SIN_DATO,directo
05055,2020,35,18.02,83.777,0.0,766.582,,,SIN_DATO,directo
05055,2020,36,18.851,80.624,0.0,766.169,,,SIN_DATO,directo
05055,2020,37,18.651,82.338,0.0,765.756,,,SIN_DATO,directo
05055,2021,7,18.18,80.334,0.0,,,,SIN_DATO,directo
05055,2021,8,20.112,72.091,0.0,764.5,,,SIN_DATO,directo
05055,2021,9,18.813,81.807,0.0,764.5,,,SIN_DATO,directo
05055,2021,10,17.459,83.519,0.0,764.5,,,SIN_DATO,directo
05055,2021,11,17.263,84.785,0.0,764.5,,,SIN_DATO,directo
05055,2021,12,18.118,81.854,0.0,764.5,,,SIN_DATO,directo
05055,2021,13,19.827,77.411,0.0,,,,SIN_DATO,directo
05055,2021,14,18.967,84.468,0.0,,,,SIN_DATO,directo
05055,2021,15,19.963,75.034,0.0,,,,SIN_DATO,directo
05055,2021,16,28.613,51.525,0.0,,,,SIN_DATO,directo
05055,2021,17,20.798,83.45,0.0,,,,SIN_DATO,directo
05055,2021,18,,,0.0,,,,SIN_DATO,directo
05055,2021,19,18.913,83.819,0.0,,,,SIN_DATO,directo
05055,2021,20,17.794,85.877,0.0,,,,SIN_DATO,directo
05055,2021,21,,,0.0,,,,SIN_DATO,directo
05055,2021,22,,,0.0,,,,SIN_DATO,directo
05055,2021,23,,,0.0,,,,SIN_DATO,directo
05055,2021,24,,,0.0,,,,SIN_DATO,directo
05055,2021,25,,,0.0,,,,SIN_DATO,directo
05055,2021,26,20.19,72.091,0.0,,,,SIN_DATO,directo
05055,2021,27,20.107,72.02,0.0,,,,SIN_DATO,directo
05055,2021,28,20.094,70.927,0.0,,,,SIN_DATO,directo
05055,2021,29,20.562,64.115,0.0,,,,SIN_DATO,directo
05055,2021,30,19.623,76.37,0.0,,,,SIN_DATO,directo
05055,2021,31,19.968,67.993,0.0,,,,SIN_DATO,directo
05055,2021,32,18.127,84.758,0.0,,,,SIN_DATO,directo
05055,2021,33,18.356,84.57,0.0,,,,SIN_DATO,directo
05055,2021,34,18.501,83.788,0.0,,,,SIN_DATO,directo
05055,2021,35,18.467,80.229,0.0,,,,SIN_DATO,directo
05055,2021,36,18.297,82.902,0.0,,,,SIN_DATO,directo
05055,2021,37,19.859,70.956,0.0,,,,SIN_DATO,directo
05055,2021,38,18.471,79.771,0.0,,,,SIN_DATO,directo
05055,2021,39,18.211,82.699,0.0,,,,SIN_DATO,directo
05055,2021,40,18.859,84.83,0.0,,,,SIN_DATO,directo
05055,2021,41,18.433,84.448,0.0,,,,SIN_DATO,directo
05055,2021,42,18.131,84.059,0.0,,,,SIN_DATO,directo
05055,2021,43,18.018,86.283,0.0,,,,SIN_DATO,directo
05055,2021,44,18.187,82.017,0.0,,57.3,13.3,SIN_DATO,directo
05055,2021,45,17.957,83.757,0.0,,44.45,14.933,SIN_DATO,directo
05055,2021,46,18.137,83.365,0.0,,40.133,17.033,SIN_DATO,directo
05055,2021,47,17.709,85.445,0.0,,36.75,12.5,SIN_DATO,directo
05055,2021,48,18.096,86.716,0.0,,36.425,14.8,SIN_DATO,directo
05055,2021,49,18.76,83.732,0.0,,47.22,17.05,SIN_DATO,directo
05055,2021,50,18.169,83.857,0.0,,50.425,17.425,SIN_DATO,directo
05055,2021,51,19.02,80.012,0.0,,55.925,14.2,SIN_DATO,directo
05055,2021,52,18.191,87.626,0.0,,47.6,15.767,SIN_DATO,directo
05055,2022,1,17.873,81.873,0.0,,47.025,18.325,SIN_DATO,directo
05055,2022,4,18.947,74.657,0.0,,66.08268,21.8,SIN_DATO,directo
05055,2022,5,19.659,64.771,0.0,,57.8,21.767,SIN_DATO,directo
05055,2022,6,18.676,77.029,0.0,,66.08268,12.8,SIN_DATO,directo
05055,2022,7,19.226,78.369,0.0,,65.46568914285714,12.921914285714287,SIN_DATO,directo
05055,2022,8,23.542,64.696,0.0,,64.84869828571428,13.043828571428572,SIN_DATO,directo
05079,2018,1,,,,,26.127,19.986,IMPUTADO_PA,directo
05079,2018,2,,,,,21.558,16.028,IMPUTADO_PA,directo
05079,2018,3,,,,,19.068,12.738,IMPUTADO_PA,directo
05079,2018,4,,,,,16.08,16.726,IMPUTADO_PA,directo
05079,2018,5,,,,,22.216,15.831,IMPUTADO_PA,directo
05079,2018,6,,,,,28.064,17.511,IMPUTADO_PA,directo
05079,2018,7,,,,,27.94,20.318,IMPUTADO_PA,directo
05079,2018,8,,,,,22.984,5.657,IMPUTADO_PA,directo
05079,2018,9,,,,,20.18,7.385,IMPUTADO_PA,directo
05079,2018,10,,,,,27.36,18.98,IMPUTADO_PA,directo
05079,2018,11,,,,,17.103,9.43,IMPUTADO_PA,directo
05079,2018,12,,,,,15.843,12.592,IMPUTADO_PA,directo
05079,2018,13,,,,,25.338,9.55,IMPUTADO_PA,directo
05079,2018,14,,,,,27.182,17.442,IMPUTADO_PA,directo
05079,2018,15,,,,,25.291,2.549,IMPUTADO_PA,directo
05079,2018,16,,,,,25.971,12.761,IMPUTADO_PA,directo
05079,2018,17,,,,,10.583,19.434,IMPUTADO_PA,directo
05079,2018,18,,,,,27.071,9.896,IMPUTADO_PA,directo
05079,2018,19,,,,,32.569,5.615,IMPUTADO_PA,directo
05079,2018,20,,,,,28.659,14.042,IMPUTADO_PA,directo
05079,2018,21,,,,,28.455,9.983,IMPUTADO_PA,directo
05079,2018,22,,,,,24.847,17.067,IMPUTADO_PA,directo
05079,2018,23,,,,,25.079,13.463,IMPUTADO_PA,directo
05079,2018,24,,,,,22.484,8.719,IMPUTADO_PA,directo
05079,2018,25,,,,,25.782,11.791,IMPUTADO_PA,directo
05079,2018,26,,,,,16.824,16.771,IMPUTADO_PA,directo
05079,2018,27,,,,,32.603,11.91,IMPUTADO_PA,directo
05079,2018,28,,,,,18.292,9.237,IMPUTADO_PA,directo
05079,2018,29,,,,,28.645,13.324,IMPUTADO_PA,directo
05079,2018,30,,,,,31.656,12.499,IMPUTADO_PA,directo
05079,2018,31,,,,,28.629,16.152,IMPUTADO_PA,directo
05079,2018,32,,,,,37.86,14.844,IMPUTADO_PA,directo
05079,2018,33,,,,,10.954,11.563,IMPUTADO_PA,directo
05079,2018,34,,,,,20.557,19.382,IMPUTADO_PA,directo
05079,2018,35,,,,,31.535,12.916,IMPUTADO_PA,directo
05079,2018,36,,,,,15.625,5.526,IMPUTADO_PA,directo
05079,2018,37,,,,,18.467,5.53,IMPUTADO_PA,directo
05079,2018,38,,,,,26.656,14.35,IMPUTADO_PA,directo
05079,2018,39,,,,,14.624,13.644,IMPUTADO_PA,directo
05079,2018,40,,,,,23.738,2.467,IMPUTADO_PA,directo
05079,2018,41,,,,,26.254,10.411,IMPUTADO_PA,directo
05079,2018,42,,,,,24.259,15.483,IMPUTADO_PA,directo
05079,2018,43,,,,,24.824,15.735,IMPUTADO_PA,directo
05079,2018,44,,,,,19.023,14.741,IMPUTADO_PA,directo
05079,2018,45,,,,,24.622,11.674,IMPUTADO_PA,directo
05079,2018,46,,,,,20.954,15.996,IMPUTADO_PA,directo
05079,2018,47,,,,,21.749,14.702,IMPUTADO_PA,directo
05079,2018,48,,,,,28.553,11.942,IMPUTADO_PA,directo
05079,2018,49,,,,,15.346,3.837,IMPUTADO_PA,directo
05079,2018,50,,,,,8.903,6.045,IMPUTADO_PA,directo
05079,2018,51,,,,,28.056,9.519,IMPUTADO_PA,directo
05079,2018,52,,,,,24.629,11.219,IMPUTADO_PA,directo
05079,2019,1,,,,,32.766,11.219792452830188,IMPUTADO_PA,directo
05079,2019,2,,,,,34.248,11.220584905660377,IMPUTADO_PA,directo
05079,2019,3,,,,,25.571,11.221377358490566,IMPUTADO_PA,directo
05079,2019,4,,,,,34.409,11.222169811320754,IMPUTADO_PA,directo
05079,2019,5,,,,,26.572,6.292,IMPUTADO_PA,directo
05079,2019,6,,,,,20.798,19.749,IMPUTADO_PA,directo
05079,2019,7,,,,,22.308,17.119,IMPUTADO_PA,directo
05079,2019,8,,,,,16.803,13.431,IMPUTADO_PA,directo
05079,2019,9,,,,,20.483,6.062,IMPUTADO_PA,directo
05079,2019,10,,,,,23.776,13.045,IMPUTADO_PA,directo
05079,2019,11,,,,,30.992,7.072,IMPUTADO_PA,directo
05079,2019,12,,,,,36.69,18.656,IMPUTADO_PA,directo
05079,2019,13,,,,,17.414,15.728,IMPUTADO_PA,directo
05079,2019,14,,,,,28.44,12.528,IMPUTADO_PA,directo
05079,2019,15,,,,,19.536,1.177,IMPUTADO_PA,directo
05079,2019,16,,,,,28.949,7.691,IMPUTADO_PA,directo
05079,2019,17,,,,,25.186,15.184,IMPUTADO_PA,directo
05079,2019,18,,,,,14.626,17.538,IMPUTADO_PA,directo
05079,2019,19,,,,,31.767,17.073,IMPUTADO_PA,directo
05079,2019,20,,,,,22.242,4.962,IMPUTADO_PA,directo
05079,2019,21,,,,,22.683,13.452,IMPUTADO_PA,directo
05079,2019,22,,,,,19.355,16.653,IMPUTADO_PA,directo
05079,2019,23,,,,,21.936,4.665,IMPUTADO_PA,directo
05079,2019,24,,,,,28.658,12.065,IMPUTADO_PA,directo
05079,2019,25,,,,,24.824,13.328,IMPUTADO_PA,directo
05079,2019,26,,,,,28.042,10.752,IMPUTADO_PA,directo
05079,2019,27,,,,,28.248,3.796,IMPUTADO_PA,directo
05079,2019,28,,,,,34.204,10.64,IMPUTADO_PA,directo
05079,2019,29,,,,,23.871,10.633,IMPUTADO_PA,directo
05079,2019,30,,,,,16.826,11.436,IMPUTADO_PA,directo
05079,2019,31,,,,,32.63,9.574,IMPUTADO_PA,directo
05079,2019,32,,,,,23.941,10.114,IMPUTADO_PA,directo
05079,2019,33,,,,,32.924,11.922,IMPUTADO_PA,directo
05079,2019,34,,,,,28.382,14.084,IMPUTADO_PA,directo
05079,2019,35,,,,,25.185,10.735,IMPUTADO_PA,directo
05079,2019,36,,,,,28.167,10.263,IMPUTADO_PA,directo
05079,2019,37,,,,,38.12,12.514,IMPUTADO_PA,directo
05079,2019,38,,,,,38.902,3.488,IMPUTADO_PA,directo
05079,2019,39,,,,,26.431,14.239,IMPUTADO_PA,directo
05079,2019,40,,,,,26.995,12.097,IMPUTADO_PA,directo
05079,2019,41,,,,,32.686,12.278,IMPUTADO_PA,directo
05079,2019,42,,,,,20.747,16.407,IMPUTADO_PA,directo
05079,2019,43,,,,,28.069,3.345,IMPUTADO_PA,directo
05079,2019,44,,,,,25.839,3.251,IMPUTADO_PA,directo
05079,2019,45,,,,,27.95,13.328,IMPUTADO_PA,directo
05079,2019,46,,,,,20.823,12.068,IMPUTADO_PA,directo
05079,2019,47,,,,,16.125,12.863,IMPUTADO_PA,directo
05079,2019,48,,,,,13.122,10.028,IMPUTADO_PA,directo
05079,2019,49,,,,,19.059,15.079,IMPUTADO_PA,directo
05079,2019,50,,,,,23.151,16.281,IMPUTADO_PA,directo
05079,2019,51,,,,,24.179,14.27,IMPUTADO_PA,directo
05079,2019,52,,,,,38.034,10.931,IMPUTADO_PA,directo
05079,2020,1,,,,,28.0,11.261,SISAIRE_DIRECTO,directo
05079,2020,2,,,,,37.65,15.656,SISAIRE_DIRECTO,directo
05079,2020,3,,,,,28.7,13.968,SISAIRE_DIRECTO,directo
05079,2020,4,,,,,29.85,10.146,SISAIRE_DIRECTO,directo
05079,2020,5,,,,,29.933,14.03,SISAIRE_DIRECTO,directo
05079,2020,6,,,,,29.605136363636362,21.362,SISAIRE_DIRECTO,directo
05079,2020,7,,,,,29.277272727272727,24.182,SISAIRE_DIRECTO,directo
05079,2020,8,,,,,28.94940909090909,19.958,SISAIRE_DIRECTO,directo
05079,2020,9,,,,,28.621545454545455,24.445,SISAIRE_DIRECTO,directo
05079,2020,10,,,,,66.08268,26.31,SISAIRE_DIRECTO,directo
05079,2020,11,,,,,63.279,28.893,SISAIRE_DIRECTO,directo
05079,2020,12,,,,,66.08268,30.308,SISAIRE_DIRECTO,directo
05079,2020,13,,,,,65.74,30.933,SISAIRE_DIRECTO,directo
05079,2020,14,,,,,32.415,15.708,SISAIRE_DIRECTO,directo
05079,2020,15,,,,,18.882,9.962,SISAIRE_DIRECTO,directo
05079,2020,16,,,,,39.422,19.753,SISAIRE_DIRECTO,directo
05079,2020,17,,,,,28.911,13.859,SISAIRE_DIRECTO,directo
05079,2020,18,,,,,29.574,13.156,SISAIRE_DIRECTO,directo
05079,2020,19,,,,,24.176,8.32,SISAIRE_DIRECTO,directo
05079,2020,20,,,,,27.483,11.507,SISAIRE_DIRECTO,directo
05079,2020,21,,,,,27.902,10.91,SISAIRE_DIRECTO,directo
05079,2020,22,,,,,25.041,7.269,SISAIRE_DIRECTO,directo
05079,2020,23,,,,,30.286,9.67,SISAIRE_DIRECTO,directo
05079,2020,24,,,,,28.627,8.509,SISAIRE_DIRECTO,directo
05079,2020,25,,,,,28.986,8.16,SISAIRE_DIRECTO,directo
05079,2020,26,,,,,35.615,10.943,SISAIRE_DIRECTO,directo
05079,2020,27,,,,,22.72,8.369,SISAIRE_DIRECTO,directo
05079,2020,28,,,,,21.845,10.428,SISAIRE_DIRECTO,directo
05079,2020,29,,,,,15.615,9.296,SISAIRE_DIRECTO,directo
05079,2020,30,,,,,16.59,8.259,SISAIRE_DIRECTO,directo
05079,2020,31,,,,,12.075,9.094,SISAIRE_DIRECTO,directo
05079,2020,32,,,,,11.802941176470588,17.35,SISAIRE_DIRECTO,directo
05079,2020,33,,,,,11.530882352941177,11.375,SISAIRE_DIRECTO,directo
05079,2020,34,,,,,11.258823529411764,6.794,SISAIRE_DIRECTO,directo
05079,2020,35,,,,,10.986764705882353,10.708,SISAIRE_DIRECTO,directo
05079,2020,36,,,,,32.5,13.484,SISAIRE_DIRECTO,directo
05079,2020,37,,,,,31.761,9.444,SISAIRE_DIRECTO,directo
05079,2020,38,,,,,33.007,11.45,SISAIRE_DIRECTO,directo
05079,2020,39,,,,,30.382,7.231,SISAIRE_DIRECTO,directo
05079,2020,40,,,,,34.562,8.309,SISAIRE_DIRECTO,directo
05079,2020,41,,,,,29.91,7.776,SISAIRE_DIRECTO,directo
05079,2020,42,,,,,31.922,8.632,SISAIRE_DIRECTO,directo
05079,2020,43,,,,,40.311,11.821,SISAIRE_DIRECTO,directo
05079,2020,44,,,,,30.425,9.175,SISAIRE_DIRECTO,directo
05079,2020,45,,,,,28.077,6.835,SISAIRE_DIRECTO,directo
05079,2020,46,,,,,35.837,8.716,SISAIRE_DIRECTO,directo
05079,2020,47,,,,,29.684,5.92,SISAIRE_DIRECTO,directo
05079,2020,48,,,,,7.45,6.956,SISAIRE_DIRECTO,directo
05079,2020,49,,,,,17.915,9.213,SISAIRE_DIRECTO,directo
05079,2020,50,,,,,16.597,9.936,SISAIRE_DIRECTO,directo
05079,2020,51,,,,,18.86,11.498,SISAIRE_DIRECTO,directo
05079,2020,52,,,,,18.06,10.732,SISAIRE_DIRECTO,directo
05079,2020,53,,,,,10.67,8.582,SISAIRE_DIRECTO,directo
05079,2021,1,,,,,16.05,9.095,SISAIRE_DIRECTO,directo
05079,2021,2,,,,,21.555,9.964,SISAIRE_DIRECTO,directo
05079,2021,3,,,,,18.043,13.682,SISAIRE_DIRECTO,directo
05079,2021,4,,,,,29.975,15.66,SISAIRE_DIRECTO,directo
05079,2021,5,,,,,15.29,13.609,SISAIRE_DIRECTO,directo
05079,2021,6,,,,,15.225,14.379,SISAIRE_DIRECTO,directo
05079,2021,7,,,,,27.965,14.305,SISAIRE_DIRECTO,directo
05079,2021,8,,,,,21.275,11.493,SISAIRE_DIRECTO,directo
05079,2021,9,,,,,22.2,19.325,SISAIRE_DIRECTO,directo
05079,2021,10,,,,,27.175,12.609,SISAIRE_DIRECTO,directo
05079,2021,11,,,,,20.687,12.373,SISAIRE_DIRECTO,directo
05079,2021,12,,,,,14.385,10.358,SISAIRE_DIRECTO,directo
05079,2021,13,,,,,16.453,9.385,SISAIRE_DIRECTO,directo
05079,2021,14,,,,,9.91,6.794,SISAIRE_DIRECTO,directo
05079,2021,15,,,,,14.875,9.876,SISAIRE_DIRECTO,directo
05079,2021,16,,,,,13.452,13.605,SISAIRE_DIRECTO,directo
05079,2021,17,,,,,18.532,9.778,SISAIRE_DIRECTO,directo
05079,2021,18,,,,,14.225,6.984,SISAIRE_DIRECTO,directo
05079,2021,19,,,,,13.59,7.076,SISAIRE_DIRECTO,directo
05079,2021,20,,,,,22.45,7.149,SISAIRE_DIRECTO,directo
05079,2021,21,,,,,11.07,7.361,SISAIRE_DIRECTO,directo
05079,2021,22,,,,,10.433,7.639,SISAIRE_DIRECTO,directo
05079,2021,23,,,,,13.57,7.551,SISAIRE_DIRECTO,directo
05079,2021,24,,,,,13.53,8.001,SISAIRE_DIRECTO,directo
05079,2021,25,,,,,13.08,7.376,SISAIRE_DIRECTO,directo
05079,2021,26,,,,,13.693,7.489,SISAIRE_DIRECTO,directo
05079,2021,27,,,,,17.615,7.861,SISAIRE_DIRECTO,directo
05079,2021,28,,,,,14.445,8.749,SISAIRE_DIRECTO,directo
05079,2021,29,,,,,18.413,10.29,SISAIRE_DIRECTO,directo
05079,2021,30,,,,,18.005,7.796,SISAIRE_DIRECTO,directo
05079,2021,31,,,,,31.045,13.326,SISAIRE_DIRECTO,directo
05079,2021,32,,,,,11.897,8.024,SISAIRE_DIRECTO,directo
05079,2021,33,,,,,11.335,7.575,SISAIRE_DIRECTO,directo
05079,2021,34,,,,,15.24,8.613,SISAIRE_DIRECTO,directo
05079,2021,35,,,,,21.745,7.876,SISAIRE_DIRECTO,directo
05079,2021,36,,,,,16.785,9.448,SISAIRE_DIRECTO,directo
05079,2021,37,,,,,11.63,9.163,SISAIRE_DIRECTO,directo
05079,2021,38,,,,,14.63,7.66,SISAIRE_DIRECTO,directo
05079,2021,39,,,,,27.62,8.54,SISAIRE_DIRECTO,directo
05079,2021,40,,,,,14.367,7.206,SISAIRE_DIRECTO,directo
05079,2021,41,,,,,16.9,8.541,SISAIRE_DIRECTO,directo
05079,2021,42,,,,,18.79,10.189,SISAIRE_DIRECTO,directo
05079,2021,43,,,,,14.19,10.052,SISAIRE_DIRECTO,directo
05079,2021,44,,,,,11.507,6.439,SISAIRE_DIRECTO,directo
05079,2021,45,,,,,19.527,11.204,SISAIRE_DIRECTO,directo
05079,2021,46,,,,,18.03,11.101,SISAIRE_DIRECTO,directo
05079,2021,47,,,,,15.74,8.079,SISAIRE_DIRECTO,directo
05079,2021,48,,,,,16.967,7.907,SISAIRE_DIRECTO,directo
05079,2021,49,,,,,23.645,10.722,SISAIRE_DIRECTO,directo
05079,2021,50,,,,,22.49,10.81,SISAIRE_DIRECTO,directo
05079,2021,51,,,,,17.077,8.714,SISAIRE_DIRECTO,directo
05079,2021,52,,,,,20.9,10.737,SISAIRE_DIRECTO,directo
05079,2022,1,,,,,21.34,11.76,SISAIRE_DIRECTO,directo
05079,2022,2,,,,,17.2,8.206,SISAIRE_DIRECTO,directo
05079,2022,3,,,,,22.115,14.028,SISAIRE_DIRECTO,directo
05079,2022,4,,,,,22.43,14.584,SISAIRE_DIRECTO,directo
05079,2022,5,,,,,26.767,16.342,SISAIRE_DIRECTO,directo
05079,2022,6,,,,,23.605,11.258,SISAIRE_DIRECTO,directo
05079,2022,7,,,,,21.235,15.34,SISAIRE_DIRECTO,directo
05079,2022,8,,,,,21.19,19.145,SISAIRE_DIRECTO,directo
05079,2022,9,,,,,23.455,9.919,SISAIRE_DIRECTO,directo
05079,2022,10,,,,,18.36,11.343,SISAIRE_DIRECTO,directo
05079,2022,11,,,,,26.457,18.135,SISAIRE_DIRECTO,directo
05079,2022,12,,,,,21.823500000000003,20.366,SISAIRE_DIRECTO,directo
05079,2022,13,,,,,17.19,11.516,SISAIRE_DIRECTO,directo
05079,2022,14,,,,,7.725,8.369,SISAIRE_DIRECTO,directo
05079,2022,15,,,,,15.11,13.509,SISAIRE_DIRECTO,directo
05079,2022,16,,,,,9.493,6.307,SISAIRE_DIRECTO,directo
05079,2022,17,,,,,15.33,9.091,SISAIRE_DIRECTO,directo
05079,2022,18,,,,,13.96,9.564,SISAIRE_DIRECTO,directo
05079,2022,19,,,,,15.333,8.962,SISAIRE_DIRECTO,directo
05079,2022,20,,,,,13.995,8.61,SISAIRE_DIRECTO,directo
05079,2022,21,,,,,12.985,7.897,SISAIRE_DIRECTO,directo
05079,2022,22,,,,,17.837,10.271,SISAIRE_DIRECTO,directo
05079,2022,23,,,,,14.975,9.726,SISAIRE_DIRECTO,directo
05079,2022,24,,,,,9.245,8.044,SISAIRE_DIRECTO,directo
05079,2022,25,,,,,13.36,7.912,SISAIRE_DIRECTO,directo
05079,2022,26,,,,,13.52,7.618,SISAIRE_DIRECTO,directo
05079,2022,27,,,,,13.395,6.1,SISAIRE_DIRECTO,directo
05079,2022,28,,,,,9.635,7.196,SISAIRE_DIRECTO,directo
05079,2022,29,,,,,10.983,7.07,SISAIRE_DIRECTO,directo
05079,2022,30,,,,,13.73,7.501,SISAIRE_DIRECTO,directo
05079,2022,31,,,,,10.885,7.516,SISAIRE_DIRECTO,directo
05079,2022,32,,,,,16.33,8.591,SISAIRE_DIRECTO,directo
05079,2022,33,,,,,15.765,8.183,SISAIRE_DIRECTO,directo
05079,2022,34,,,,,16.425,11.945,SISAIRE_DIRECTO,directo
05079,2022,35,,,,,16.36,8.226,SISAIRE_DIRECTO,directo
05079,2022,36,,,,,14.445,13.567,SISAIRE_DIRECTO,directo
05079,2022,37,,,,,11.285,7.906,SISAIRE_DIRECTO,directo
05079,2022,38,,,,,10.823,10.145,SISAIRE_DIRECTO,directo
05079,2022,39,,,,,11.02,8.245,SISAIRE_DIRECTO,directo
05079,2022,40,,,,,15.03,9.194,SISAIRE_DIRECTO,directo
05079,2022,41,,,,,20.453,11.22,SISAIRE_DIRECTO,directo
05079,2022,42,,,,,14.355,7.382,SISAIRE_DIRECTO,directo
05079,2022,43,,,,,18.38,6.229,SISAIRE_DIRECTO,directo
05079,2022,44,,,,,17.703,10.214,SISAIRE_DIRECTO,directo
05079,2022,45,,,,,10.385,8.152,SISAIRE_DIRECTO,directo
05079,2022,46,,,,,11.32,7.14,SISAIRE_DIRECTO,directo
05079,2022,47,,,,,15.043,7.321,SISAIRE_DIRECTO,directo
05079,2022,48,,,,,22.445,9.562,SISAIRE_DIRECTO,directo
05079,2022,49,,,,,11.97,9.796,SISAIRE_DIRECTO,directo
05079,2022,50,,,,,21.747,10.682,SISAIRE_DIRECTO,directo
05079,2022,51,,,,,20.645,14.191,SISAIRE_DIRECTO,directo
05079,2022,52,,,,,21.037,12.7,SISAIRE_DIRECTO,directo
05079,2023,1,,,,,23.87,9.541,SISAIRE_DIRECTO,directo
05079,2023,2,,,,,17.635,8.775,SISAIRE_DIRECTO,directo
05079,2023,3,,,,,21.015,11.975,SISAIRE_DIRECTO,directo
05079,2023,4,,,,,20.447,13.997,SISAIRE_DIRECTO,directo
05079,2023,5,,,,,32.905,18.937,SISAIRE_DIRECTO,directo
05079,2023,6,,,,,28.69,16.496,SISAIRE_DIRECTO,directo
05079,2023,7,,,,,22.35,10.224,SISAIRE_DIRECTO,directo
05079,2023,8,,,,,32.48,20.646,SISAIRE_DIRECTO,directo
05079,2023,9,,,,,31.21,17.021,SISAIRE_DIRECTO,directo
05079,2023,10,,,,,23.293,13.175,SISAIRE_DIRECTO,directo
05079,2023,11,,,,,22.02,12.979,SISAIRE_DIRECTO,directo
05079,2023,12,,,,,45.32,24.458,SISAIRE_DIRECTO,directo
05079,2023,13,,,,,16.27,16.809,SISAIRE_DIRECTO,directo
05079,2023,14,,,,,17.635,13.24,SISAIRE_DIRECTO,directo
05079,2023,15,,,,,26.89,9.757,SISAIRE_DIRECTO,directo
05079,2023,16,,,,,23.333,11.1,SISAIRE_DIRECTO,directo
05079,2023,17,,,,,22.58,8.442,SISAIRE_DIRECTO,directo
05079,2023,18,,,,,30.645,12.221,SISAIRE_DIRECTO,directo
05079,2023,19,,,,,17.963,10.818,SISAIRE_DIRECTO,directo
05079,2023,20,,,,,15.07,9.11,SISAIRE_DIRECTO,directo
05079,2023,21,,,,,27.01,11.652,SISAIRE_DIRECTO,directo
05079,2023,22,,,,,31.67,9.925,SISAIRE_DIRECTO,directo
05079,2023,23,,,,,26.505,8.446,SISAIRE_DIRECTO,directo
05079,2023,24,,,,,16.8,10.457,SISAIRE_DIRECTO,directo
05079,2023,25,,,,,18.74,7.928,SISAIRE_DIRECTO,directo
05079,2023,26,,,,,25.277,11.24,SISAIRE_DIRECTO,directo
05079,2023,27,,,,,15.085,8.067,SISAIRE_DIRECTO,directo
05079,2023,28,,,,,13.157,10.033,SISAIRE_DIRECTO,directo
05079,2023,29,,,,,29.45,11.67,SISAIRE_DIRECTO,directo
05079,2023,30,,,,,20.015,12.724,SISAIRE_DIRECTO,directo
05079,2023,31,,,,,19.62,13.513,SISAIRE_DIRECTO,directo
05079,2023,32,,,,,16.123,11.778,SISAIRE_DIRECTO,directo
05079,2023,33,,,,,20.115,8.797,SISAIRE_DIRECTO,directo
05079,2023,34,,,,,9.035,9.414,SISAIRE_DIRECTO,directo
05079,2023,35,,,,,20.88,14.115,SISAIRE_DIRECTO,directo
05079,2023,36,,,,,21.395,12.668,SISAIRE_DIRECTO,directo
05079,2023,37,,,,,18.18,10.985,SISAIRE_DIRECTO,directo
05079,2023,38,,,,,18.617,14.172,SISAIRE_DIRECTO,directo
05079,2023,39,,,,,18.45,10.159,SISAIRE_DIRECTO,directo
05079,2023,40,,,,,21.345,12.042,SISAIRE_DIRECTO,directo
05079,2023,41,,,,,23.423,12.679,SISAIRE_DIRECTO,directo
05079,2023,42,,,,,26.625,13.2,SISAIRE_DIRECTO,directo
05079,2023,43,,,,,25.34,12.677,SISAIRE_DIRECTO,directo
05079,2023,44,,,,,19.897,9.145,SISAIRE_DIRECTO,directo
05079,2023,45,,,,,15.425,9.2,SISAIRE_DIRECTO,directo
05079,2023,46,,,,,28.535,9.756,SISAIRE_DIRECTO,directo
05079,2023,47,,,,,19.08,8.772,SISAIRE_DIRECTO,directo
05079,2023,48,,,,,23.885,12.8,SISAIRE_DIRECTO,directo
05079,2023,49,,,,,26.175,14.85,SISAIRE_DIRECTO,directo
05079,2023,50,,,,,20.5,12.914,SISAIRE_DIRECTO,directo
05079,2023,51,,,,,22.86,11.657,SISAIRE_DIRECTO,directo
05079,2023,52,,,,,21.915,10.488,SISAIRE_DIRECTO,directo
05088,2018,1,20.848,74.988,22.1,859.192,31.479,22.415,IMPUTADO_PA,directo
05088,2018,2,20.886,76.917,5.9,858.515,34.866,19.594,IMPUTADO_PA,directo
05088,2018,3,20.816,75.774,0.0,858.074,38.481,17.242,IMPUTADO_PA,directo
05088,2018,4,22.17,70.667,5.5,856.095,35.28,20.604,IMPUTADO_PA,directo
05088,2018,5,22.569,73.407,18.7,856.23,30.381,22.258,IMPUTADO_PA,directo
05088,2018,6,22.253,67.928,0.4,857.345,53.203,18.324,IMPUTADO_PA,directo
05088,2018,7,21.887,71.783,35.7,858.467,46.097,19.13,IMPUTADO_PA,directo
05088,2018,8,21.208,66.162,10.9,858.981,40.894,18.64,IMPUTADO_PA,directo
05088,2018,9,21.724,66.44,0.8,858.518,36.31,18.089,IMPUTADO_PA,directo
05088,2018,10,23.739,60.055,0.4,857.01,39.976,15.4,IMPUTADO_PA,directo
05088,2018,11,23.391,64.933,5.3,857.702,41.412,15.132,IMPUTADO_PA,directo
05088,2018,12,22.007,74.429,24.9,857.546,39.587,22.338,IMPUTADO_PA,directo
05088,2018,13,21.603,75.912,3.7,857.807,40.12,17.235,IMPUTADO_PA,directo
05088,2018,14,21.029,75.119,0.0,858.682,43.059,17.152,IMPUTADO_PA,directo
05088,2018,15,21.055,78.262,1.5,859.401,35.302,11.486,IMPUTADO_PA,directo
05088,2018,16,22.474,72.256,0.0,858.613,28.226,10.893,IMPUTADO_PA,directo
05088,2018,17,21.732,78.083,1.6,859.124,42.813,23.374,IMPUTADO_PA,directo
05088,2018,18,21.627,77.119,0.2,859.229,28.181,15.623,IMPUTADO_PA,directo
05088,2018,19,20.71,82.821,0.0,860.04,34.033,7.271,IMPUTADO_PA,directo
05088,2018,20,21.026,79.274,0.0,858.608,40.004,27.305,IMPUTADO_PA,directo
05088,2018,21,22.152,76.577,0.0,858.671,40.188,16.218,IMPUTADO_PA,directo
05088,2018,22,22.266,74.97,0.1,858.334,35.536,12.493,IMPUTADO_PA,directo
05088,2018,23,23.576,71.548,0.0,857.985,36.825,18.67,IMPUTADO_PA,directo
05088,2018,24,23.145,69.274,0.0,859.093,39.453,21.242,IMPUTADO_PA,directo
05088,2018,25,22.557,69.541,0.0,859.033,33.149,20.786,IMPUTADO_PA,directo
05088,2018,26,21.214,75.393,0.0,858.696,47.291,21.64,IMPUTADO_PA,directo
05088,2018,27,22.576,71.054,0.0,857.879,31.933,14.691,IMPUTADO_PA,directo
05088,2018,28,24.043,59.387,0.0,857.97,36.182,23.27,IMPUTADO_PA,directo
05088,2018,29,23.221,64.5,0.0,858.321,34.649,23.523,IMPUTADO_PA,directo
05088,2018,30,22.318,72.827,0.0,859.484,38.152,23.713,IMPUTADO_PA,directo
05088,2018,31,21.323,75.946,0.0,859.02,46.899,19.261,IMPUTADO_PA,directo
05088,2018,32,24.322,50.106,0.0,858.088,31.607,16.954,IMPUTADO_PA,directo
05088,2018,33,24.52,56.269,0.0,858.796,40.11,16.631,IMPUTADO_PA,directo
05088,2018,34,26.948,41.448,0.0,857.233,41.24,12.475,IMPUTADO_PA,directo
05088,2018,35,26.699,47.476,0.0,856.754,44.355,16.296,IMPUTADO_PA,directo
05088,2018,36,23.402,66.021,0.0,857.779,32.55,9.392,IMPUTADO_PA,directo
05088,2018,37,23.926,63.355,0.0,857.395,32.308,12.026,IMPUTADO_PA,directo
05088,2018,38,27.409,42.697,0.0,854.391,36.256,19.221,IMPUTADO_PA,directo
05088,2018,39,26.421,49.273,0.0,856.682,36.379,17.357,IMPUTADO_PA,directo
05088,2018,40,26.350153846153844,51.61181818181819,0.0,857.1563636363636,31.195,19.057,IMPUTADO_PA,directo
05088,2018,41,26.279307692307693,53.95063636363636,0.0,857.6307272727273,41.394,20.93,IMPUTADO_PA,directo
05088,2018,42,26.20846153846154,56.28945454545455,0.0,858.1050909090909,40.746,19.733,IMPUTADO_PA,directo
05088,2018,43,26.137615384615383,58.62827272727273,0.0,858.5794545454545,49.77,19.403,IMPUTADO_PA,directo
05088,2018,44,19.143,80.647,121.576,851.735,35.476,17.976,IMPUTADO_PA,directo
05088,2018,45,19.776,79.479,36.817,850.704,31.05,15.497,IMPUTADO_PA,directo
05088,2018,46,20.521,78.102,43.536,850.834,31.926,13.67,IMPUTADO_PA,directo
05088,2018,47,20.163,79.355,228.883,851.252,39.39,18.037,IMPUTADO_PA,directo
05088,2018,48,19.569,80.197,38.901,851.671,32.678,18.49,IMPUTADO_PA,directo
05088,2018,49,19.921,73.256,11.767,852.01,41.862,21.649,IMPUTADO_PA,directo
05088,2018,50,20.673,75.0,0.0,861.9,33.365,17.706,IMPUTADO_PA,directo
05088,2018,51,20.359,60.0,0.0,859.9,38.497,20.34,IMPUTADO_PA,directo
05088,2018,52,25.5,45.0,0.0,857.9,36.935,12.912,IMPUTADO_PA,directo
05088,2019,1,25.5,45.5,0.0,858.5999999999999,1.809,19.475,IMPUTADO_PA,directo
05088,2019,2,25.5,46.0,0.0,859.3,0.0,19.206,IMPUTADO_PA,directo
05088,2019,3,25.5,0.0,0.0,635.4347,14.916,23.471,IMPUTADO_PA,directo
05088,2019,4,25.5,0.0,0.0,635.4347,9.518,17.561,IMPUTADO_PA,directo
05088,2019,5,20.58,0.0,0.0,635.4347,0.243,9.534,IMPUTADO_PA,directo
05088,2019,6,20.98,0.0,0.0,635.4347,0.757,17.407,IMPUTADO_PA,directo
05088,2019,7,21.846,0.0,0.0,635.4347,19.489,21.158,IMPUTADO_PA,directo
05088,2019,8,20.703,0.0,0.0,635.4347,2.189,14.122,IMPUTADO_PA,directo
05088,2019,9,19.816,0.0,0.0,635.4347,17.132,19.376,IMPUTADO_PA,directo
05088,2019,10,21.132,0.0,0.0,635.4347,8.82,13.952,IMPUTADO_PA,directo
05088,2019,11,21.176,0.0,0.0,635.4347,0.0,25.276,IMPUTADO_PA,directo
05088,2019,12,19.429,0.0,0.0,635.4347,4.715,13.734,IMPUTADO_PA,directo
05088,2019,13,20.277,77.78,65.8,851.568,12.259,16.563,IMPUTADO_PA,directo
05088,2019,14,19.479,79.571,81.5,852.8,0.0,19.399,IMPUTADO_PA,directo
05088,2019,15,20.662,76.226,45.8,851.452,3.775,20.418,IMPUTADO_PA,directo
05088,2019,16,20.265,78.427,30.4,851.758,3.47,23.241,IMPUTADO_PA,directo
05088,2019,17,20.518,77.292,35.1,851.69,10.602,16.132,IMPUTADO_PA,directo
05088,2019,18,22.407,64.324,0.0,850.549,10.035,21.338,IMPUTADO_PA,directo
05088,2019,19,20.845,75.451,38.6,851.574,10.584,12.229,IMPUTADO_PA,directo
05088,2019,20,20.026,78.682,73.3,852.001,8.736,14.652,IMPUTADO_PA,directo
05088,2019,21,19.67,81.613,64.3,851.936,10.024,13.203,IMPUTADO_PA,directo
05088,2019,22,19.457,82.327,62.1,852.419,0.0,15.499,IMPUTADO_PA,directo
05088,2019,23,20.989,73.129,37.8,851.965,8.775,21.156,IMPUTADO_PA,directo
05088,2019,24,21.168,74.213,18.4,852.242,16.156,16.216,IMPUTADO_PA,directo
05088,2019,25,22.348,59.165,0.1,851.608,7.496,16.861,IMPUTADO_PA,directo
05088,2019,26,21.652,66.482,3.2,851.004,3.518,19.5,IMPUTADO_PA,directo
05088,2019,27,20.966,68.824,38.1,851.711,4.044,20.253,IMPUTADO_PA,directo
05088,2019,28,20.985,69.167,29.8,851.729,15.616,16.969,IMPUTADO_PA,directo
05088,2019,29,21.875,60.83,10.1,851.404,0.0,14.629,IMPUTADO_PA,directo
05088,2019,30,20.988,0.0,0.0,635.4347,22.858,24.493,IMPUTADO_PA,directo
05088,2019,31,21.508,0.7747340425531916,0.17765957446808509,636.516320212766,0.0,16.992,IMPUTADO_PA,directo
05088,2019,32,22.545,1.5494680851063831,0.35531914893617017,637.597940425532,5.553,17.345,IMPUTADO_PA,directo
05088,2019,33,21.652,2.3242021276595746,0.5329787234042552,638.6795606382979,0.505,17.793,IMPUTADO_PA,directo
05088,2019,34,22.28,3.0989361702127662,0.7106382978723403,639.7611808510638,10.501,20.656,IMPUTADO_PA,directo
05088,2019,35,22.217,54.966,3.834,851.249,11.567,12.94,IMPUTADO_PA,directo
05088,2019,36,22.328,58.611,51.072,851.762,8.349,26.137,IMPUTADO_PA,directo
05088,2019,37,22.421,60.291,93.228,851.271,6.433,17.245,IMPUTADO_PA,directo
05088,2019,38,19.658,78.395,72.412,852.301,0.0,20.789,IMPUTADO_PA,directo
05088,2019,39,20.234,74.323,84.449,852.717,4.917,19.112,IMPUTADO_PA,directo
05088,2019,40,19.808,74.012,64.079,851.719,6.237,25.375,IMPUTADO_PA,directo
05088,2019,41,19.936,73.25,33.158,850.552,0.564,24.705,IMPUTADO_PA,directo
05088,2019,42,19.728,74.53,77.337,852.354,9.249,20.685,IMPUTADO_PA,directo
05088,2019,43,19.318,78.911,123.856,851.512,8.383,15.267,IMPUTADO_PA,directo
05088,2019,44,20.32,75.32,99.606,850.954,5.324,23.011,IMPUTADO_PA,directo
05088,2019,45,20.312,76.9,90.394,850.02,7.193,12.205,IMPUTADO_PA,directo
05088,2019,46,19.268,82.193,86.971,851.325,5.211,15.143,IMPUTADO_PA,directo
05088,2019,47,19.33,78.985,179.652,851.596,0.0,18.196,IMPUTADO_PA,directo
05088,2019,48,21.171,72.461,15.971,850.251,10.242,12.489,IMPUTADO_PA,directo
05088,2019,49,20.208,74.135,19.691,851.679,0.0,16.555,IMPUTADO_PA,directo
05088,2019,50,19.788,75.513,65.613,850.989,8.962,21.42,IMPUTADO_PA,directo
05088,2019,51,21.003,73.437,19.577,849.959,0.0,15.844,IMPUTADO_PA,directo
05088,2019,52,21.58,71.317,44.2,850.234,9.432,21.61,IMPUTADO_PA,directo
05088,2020,1,20.113,75.861,30.362,852.305,23.953,11.635,SISAIRE_DIRECTO,directo
05088,2020,2,20.408,62.067,0.0,851.521,20.37,13.566,SISAIRE_DIRECTO,directo
05088,2020,3,22.283,58.61,0.0,850.13,21.558,15.073,SISAIRE_DIRECTO,directo
05088,2020,4,20.119,74.125,74.81,852.48,21.602,12.032,SISAIRE_DIRECTO,directo
05088,2020,5,20.946,69.03,30.737,852.499,26.723,15.505,SISAIRE_DIRECTO,directo
05088,2020,6,21.593,60.648,3.067,851.91,41.052,21.074,SISAIRE_DIRECTO,directo
05088,2020,7,22.2,61.794,11.719,850.425,44.693,23.571,SISAIRE_DIRECTO,directo
05088,2020,8,21.996,65.218,66.928,850.761,37.094,20.483,SISAIRE_DIRECTO,directo
05088,2020,9,21.202,69.242,6.045,852.613,48.218,24.992,SISAIRE_DIRECTO,directo
05088,2020,10,22.291,65.878,2.717,851.541,57.857,26.256,SISAIRE_DIRECTO,directo
05088,2020,11,20.877,73.072,58.356,851.831,51.882,28.642,SISAIRE_DIRECTO,directo
05088,2020,12,20.677,66.525,24.102,852.816,50.042,26.575,SISAIRE_DIRECTO,directo
05088,2020,13,21.307,64.626,14.557,851.347,54.54,31.75,SISAIRE_DIRECTO,directo
05088,2020,14,22.622,70.084,17.193,851.058,24.952,14.277,SISAIRE_DIRECTO,directo
05088,2020,15,23.512,66.174,16.224,851.8,14.224,7.832,SISAIRE_DIRECTO,directo
05088,2020,16,21.434,72.132,28.7,853.331,33.774,19.541,SISAIRE_DIRECTO,directo
05088,2020,17,21.92,70.09,5.307,852.564,22.479,12.015,SISAIRE_DIRECTO,directo
05088,2020,18,23.236,66.605,1.909,852.325,24.431,12.875,SISAIRE_DIRECTO,directo
05088,2020,19,24.819,59.667,3.148,851.319,18.268,8.316,SISAIRE_DIRECTO,directo
05088,2020,20,23.539,64.772,3.535,852.135,22.506,10.405,SISAIRE_DIRECTO,directo
05088,2020,21,23.559,64.75,15.329,852.054,21.074,10.977,SISAIRE_DIRECTO,directo
05088,2020,22,21.942,73.94,29.251,852.636,22.36,8.959,SISAIRE_DIRECTO,directo
05088,2020,23,22.179,70.196,4.182,853.039,29.13,11.263,SISAIRE_DIRECTO,directo
05088,2020,24,21.922,70.164,0.728,852.506,27.383,10.454,SISAIRE_DIRECTO,directo
05088,2020,25,21.431,75.14,2.254,852.214,28.106,8.843,SISAIRE_DIRECTO,directo
05088,2020,26,22.361,67.399,1.069,851.278,32.692,14.003,SISAIRE_DIRECTO,directo
05088,2020,27,21.518,73.182,1.376,851.461,26.956,9.656,SISAIRE_DIRECTO,directo
05088,2020,28,21.126,74.515,2.173,852.125,31.342,11.185,SISAIRE_DIRECTO,directo
05088,2020,29,22.684,62.521,1.334,851.327,26.108,8.739,SISAIRE_DIRECTO,directo
05088,2020,30,21.114,74.485,2.478,851.899,28.295,9.08,SISAIRE_DIRECTO,directo
05088,2020,31,22.632,64.06,4.338,851.73,27.019,8.911,SISAIRE_DIRECTO,directo
05088,2020,32,23.714,55.524,0.441,852.142,33.704,14.816,SISAIRE_DIRECTO,directo
05088,2020,33,22.533,68.932,11.477,850.277,35.381,13.006,SISAIRE_DIRECTO,directo
05088,2020,34,21.538,72.213,0.427,852.166,31.667,8.693,SISAIRE_DIRECTO,directo
05088,2020,35,21.289,70.395,0.157,852.193,35.375,11.011,SISAIRE_DIRECTO,directo
05088,2020,36,21.274,71.815,4.556,851.824,34.045,11.879,SISAIRE_DIRECTO,directo
05088,2020,37,21.53,70.323,7.606,851.372,32.593,11.695,SISAIRE_DIRECTO,directo
05088,2020,38,21.172,72.698,0.778,852.624,35.321,14.052,SISAIRE_DIRECTO,directo
05088,2020,39,21.707,71.045,0.004,852.519,33.741,10.556,SISAIRE_DIRECTO,directo
05088,2020,40,20.834,74.486,1.507,851.052,31.873,11.424,SISAIRE_DIRECTO,directo
05088,2020,41,21.179,73.612,0.004,851.951,31.248,10.677,SISAIRE_DIRECTO,directo
05088,2020,42,21.754,69.744,6.502,850.674,31.795,11.76,SISAIRE_DIRECTO,directo
05088,2020,43,21.125,73.404,0.924,851.615,37.831,15.719,SISAIRE_DIRECTO,directo
05088,2020,44,21.113,74.768,4.684,851.786,31.219,10.552,SISAIRE_DIRECTO,directo
05088,2020,45,21.374,72.958,2.657,851.433,31.031,11.262,SISAIRE_DIRECTO,directo
05088,2020,46,20.276,77.396,0.732,852.359,34.302,13.501,SISAIRE_DIRECTO,directo
05088,2020,47,20.816,76.635,0.676,851.741,30.006,10.569,SISAIRE_DIRECTO,directo
05088,2020,48,21.476,73.745,0.175,851.238,32.805,11.458,SISAIRE_DIRECTO,directo
05088,2020,49,21.507,74.03,0.168,851.503,33.65,13.444,SISAIRE_DIRECTO,directo
05088,2020,50,21.877,71.284,0.104,851.936,33.6,12.608,SISAIRE_DIRECTO,directo
05088,2020,51,21.866,71.2,6.224,850.851,38.845,15.163,SISAIRE_DIRECTO,directo
05088,2020,52,21.162,74.574,41.654,850.993,33.071,13.658,SISAIRE_DIRECTO,directo
05088,2020,53,21.343,70.726,1.006,851.321,29.685,11.329,SISAIRE_DIRECTO,directo
05088,2021,1,20.798,72.596,4.157,851.444,32.314,10.793,SISAIRE_DIRECTO,directo
05088,2021,2,22.227,69.404,9.776,850.976,29.266,11.148,SISAIRE_DIRECTO,directo
05088,2021,3,22.061,66.243,3.492,850.587,35.346,15.057,SISAIRE_DIRECTO,directo
05088,2021,4,22.497,64.086,0.004,850.114,35.8,16.057,SISAIRE_DIRECTO,directo
05088,2021,5,23.398,62.156,1.098,850.525,34.225,14.665,SISAIRE_DIRECTO,directo
05088,2021,6,21.886,68.111,2.532,850.927,34.21,16.091,SISAIRE_DIRECTO,directo
05088,2021,7,21.082,70.154,0.768,852.497,33.523,13.379,SISAIRE_DIRECTO,directo
05088,2021,8,22.011,68.726,13.375,850.612,35.277,14.211,SISAIRE_DIRECTO,directo
05088,2021,9,21.064,72.81,51.03,850.892,46.151,20.137,SISAIRE_DIRECTO,directo
05088,2021,10,20.119,75.881,22.298,852.523,33.981,15.116,SISAIRE_DIRECTO,directo
05088,2021,11,19.773,80.122,121.614,851.947,35.634,14.622,SISAIRE_DIRECTO,directo
05088,2021,12,20.633,77.239,53.73,851.36,33.87,12.525,SISAIRE_DIRECTO,directo
05088,2021,13,21.969,72.295,14.651,849.634,31.16,11.387,SISAIRE_DIRECTO,directo
05088,2021,14,21.491,74.724,13.827,851.088,30.571,9.293,SISAIRE_DIRECTO,directo
05088,2021,15,22.434,68.592,9.414,850.788,31.627,10.673,SISAIRE_DIRECTO,directo
05088,2021,16,27.0,46.0,0.0,848.1,36.214,15.855,SISAIRE_DIRECTO,directo
05088,2021,17,22.6665,66.0,0.0,851.1165000000001,36.98,14.448,SISAIRE_DIRECTO,directo
05088,2021,18,18.333,86.0,0.321,854.133,29.675,9.072,SISAIRE_DIRECTO,directo
05088,2021,19,21.725,72.825,16.7,737.107,27.738,9.483,SISAIRE_DIRECTO,directo
05088,2021,20,22.011,77.768,28.5,737.327,32.233,9.616,SISAIRE_DIRECTO,directo
05088,2021,21,21.376,80.631,22.0,737.593,36.747,10.852,SISAIRE_DIRECTO,directo
05088,2021,22,21.812,79.256,47.5,737.325,35.51,9.744,SISAIRE_DIRECTO,directo
05088,2021,23,20.73,83.607,0.3,737.767,39.5,12.335,SISAIRE_DIRECTO,directo
05088,2021,24,21.66,76.321,0.0,737.774,33.069,8.968,SISAIRE_DIRECTO,directo
05088,2021,25,20.596,80.798,0.0,737.828,34.149,10.422,SISAIRE_DIRECTO,directo
05088,2021,26,22.079,70.381,0.0,737.686,33.138,9.862,SISAIRE_DIRECTO,directo
05088,2021,27,22.587,73.744,0.0,737.354,33.614,9.901,SISAIRE_DIRECTO,directo
05088,2021,28,22.665,70.583,0.0,737.532,30.462,9.416,SISAIRE_DIRECTO,directo
05088,2021,29,22.705,67.695,0.0,737.529,31.227,11.727,SISAIRE_DIRECTO,directo
05088,2021,30,22.093,73.94,0.0,737.623,34.137,11.589,SISAIRE_DIRECTO,directo
05088,2021,31,22.598,60.256,0.0,737.961,36.049,14.031,SISAIRE_DIRECTO,directo
05088,2021,32,21.44,80.396,0.0,737.933,27.325,10.303,SISAIRE_DIRECTO,directo
05088,2021,33,20.855,76.972,0.0,737.394,23.923,10.58,SISAIRE_DIRECTO,directo
05088,2021,34,21.303,78.472,0.0,737.131,25.609,11.785,SISAIRE_DIRECTO,directo
05088,2021,35,21.0,78.768,0.0,737.588,28.633,11.711,SISAIRE_DIRECTO,directo
05088,2021,36,20.991,81.637,0.0,737.698,31.025,13.05,SISAIRE_DIRECTO,directo
05088,2021,37,22.91,67.554,0.0,737.728,25.2,10.903,SISAIRE_DIRECTO,directo
05088,2021,38,21.572,75.719,0.0,737.457,26.132,11.754,SISAIRE_DIRECTO,directo
05088,2021,39,21.139,77.446,0.0,737.315,29.625,12.914,SISAIRE_DIRECTO,directo
05088,2021,40,22.261,76.357,0.0,736.989,27.281,10.667,SISAIRE_DIRECTO,directo
05088,2021,41,21.166,79.167,0.0,737.466,32.563,15.159,SISAIRE_DIRECTO,directo
05088,2021,42,21.238,75.042,0.0,737.727,27.724,11.626,SISAIRE_DIRECTO,directo
05088,2021,43,20.471,83.411,0.0,737.744,27.565,13.052,SISAIRE_DIRECTO,directo
05088,2021,44,21.272,81.149,0.0,737.479,26.194,11.433,SISAIRE_DIRECTO,directo
05088,2021,45,20.645,79.304,0.0,737.346,33.786,14.958,SISAIRE_DIRECTO,directo
05088,2021,46,21.21,78.952,0.0,737.112,29.96,15.482,SISAIRE_DIRECTO,directo
05088,2021,47,20.374,87.833,0.0,737.338,30.378,14.379,SISAIRE_DIRECTO,directo
05088,2021,48,21.5,79.896,0.0,737.087,25.299,11.992,SISAIRE_DIRECTO,directo
05088,2021,49,21.983,75.958,0.0,737.011,28.856,14.769,SISAIRE_DIRECTO,directo
05088,2021,50,21.126,76.851,0.0,737.077,29.497,15.18,SISAIRE_DIRECTO,directo
05088,2021,51,21.881,75.042,0.0,737.333,25.591,12.221,SISAIRE_DIRECTO,directo
05088,2021,52,21.107,82.013,0.0,737.295,25.83,13.166,SISAIRE_DIRECTO,directo
05088,2022,1,20.567,98.0,0.0,737.9,28.957,14.506,SISAIRE_DIRECTO,directo
05088,2022,2,20.731,65.36666666666667,0.0,737.7516666666667,25.612,11.825,SISAIRE_DIRECTO,directo
05088,2022,3,21.971,32.733333333333334,0.0,737.6033333333334,31.636,15.621,SISAIRE_DIRECTO,directo
05088,2022,4,21.271,0.1,0.0,737.455,33.18,15.51,SISAIRE_DIRECTO,directo
05088,2022,5,21.112,0.137,0.0,737.321,35.256,17.6,SISAIRE_DIRECTO,directo
05088,2022,6,20.737,0.128,0.0,737.044,31.126,15.061,SISAIRE_DIRECTO,directo
05088,2022,7,20.769,3.798,0.0,737.3,33.599,17.707,SISAIRE_DIRECTO,directo
05088,2022,8,21.449,0.14,0.0,737.286,39.649,21.567,SISAIRE_DIRECTO,directo
05088,2022,9,20.103,0.14780000000000001,0.0,737.0383333333333,27.988,14.167,SISAIRE_DIRECTO,directo
05088,2022,10,20.209,0.15560000000000002,0.0,736.7906666666667,25.547,13.44,SISAIRE_DIRECTO,directo
05088,2022,11,20.269,0.1634,0.0,736.5429999999999,38.393,20.16,SISAIRE_DIRECTO,directo
05088,2022,12,20.976,0.1712,0.0,736.2953333333332,41.553,22.223,SISAIRE_DIRECTO,directo
05088,2022,13,20.842,0.179,0.0,851.382,32.9,14.809,SISAIRE_DIRECTO,directo
05088,2022,14,21.333,5.783,0.0,735.8,27.464,11.141,SISAIRE_DIRECTO,directo
05088,2022,15,22.692,0.049,0.0,737.025,29.485,15.234,SISAIRE_DIRECTO,directo
05088,2022,16,20.311,2.06,0.0,738.25,24.558,9.376,SISAIRE_DIRECTO,directo
05088,2022,17,21.389,2.114,0.0,737.683,26.327,11.87,SISAIRE_DIRECTO,directo
05088,2022,18,22.072,3.713,0.0,738.125,25.927,11.823,SISAIRE_DIRECTO,directo
05088,2022,19,21.629,0.069,0.0,738.4125,30.331,12.802,SISAIRE_DIRECTO,directo
05088,2022,20,20.898,0.922,0.0,738.7,29.289,11.993,SISAIRE_DIRECTO,directo
05088,2022,21,21.516,0.078,0.0,738.3714285714286,27.135,11.273,SISAIRE_DIRECTO,directo
05088,2022,22,20.094,1.164,0.0,738.0428571428572,27.404,13.508,SISAIRE_DIRECTO,directo
05088,2022,23,19.972,1.631,0.0,737.7142857142858,27.356,12.026,SISAIRE_DIRECTO,directo
05088,2022,24,20.262,2.007,0.0,737.3857142857142,26.303,12.304,SISAIRE_DIRECTO,directo
05088,2022,25,20.867,0.696,0.0,851.909,24.261,10.254,SISAIRE_DIRECTO,directo
05088,2022,26,20.321,0.821,0.0,852.654,25.862,11.873,SISAIRE_DIRECTO,directo
05088,2022,27,22.783,0.071,13.2,736.4,21.506,9.474,SISAIRE_DIRECTO,directo
05088,2022,28,21.891,0.0,25.5,736.4857142857143,25.422,10.055,SISAIRE_DIRECTO,directo
05088,2022,29,22.158,0.014,11.4,736.5714285714286,23.148,10.346,SISAIRE_DIRECTO,directo
05088,2022,30,21.071,0.0,41.0,736.6571428571428,24.469,10.138,SISAIRE_DIRECTO,directo
05088,2022,31,21.035,0.008,0.2,736.7428571428571,26.793,11.567,SISAIRE_DIRECTO,directo
05088,2022,32,22.284,0.0,0.0,852.042,26.233,11.705,SISAIRE_DIRECTO,directo
05088,2022,33,21.58,0.009,0.0,851.796,26.102,11.808,SISAIRE_DIRECTO,directo
05088,2022,34,21.111,0.0,0.0,852.053,30.344,16.689,SISAIRE_DIRECTO,directo
05088,2022,35,21.267,0.0,0.0,851.523,24.577,12.505,SISAIRE_DIRECTO,directo
05088,2022,36,22.179,0.0,0.0,852.4,28.739,15.259,SISAIRE_DIRECTO,directo
05088,2022,37,20.644,0.0,0.0,852.224,25.503,11.873,SISAIRE_DIRECTO,directo
05088,2022,38,19.575,0.0,0.0,852.184,28.158,12.953,SISAIRE_DIRECTO,directo
05088,2022,39,21.167,0.0,0.0,851.703,26.386,13.637,SISAIRE_DIRECTO,directo
05088,2022,40,20.978,0.0,0.0,851.239,25.438,12.468,SISAIRE_DIRECTO,directo
05088,2022,41,21.15,0.0,0.0,737.6,27.174,14.983,SISAIRE_DIRECTO,directo
05088,2022,42,20.287,0.0,0.0,736.8,25.118,13.285,SISAIRE_DIRECTO,directo
05088,2022,43,20.33,0.0,0.0,736.8,24.291,11.669,SISAIRE_DIRECTO,directo
05088,2022,44,20.834,0.0,0.0,736.8,28.407,14.006,SISAIRE_DIRECTO,directo
05088,2022,45,21.18,0.0,0.0,736.8,26.667,12.346,SISAIRE_DIRECTO,directo
05088,2022,46,21.011,0.0,0.0,736.8,25.076,13.387,SISAIRE_DIRECTO,directo
05088,2022,47,20.842,0.0,0.0,851.274,25.873,12.018,SISAIRE_DIRECTO,directo
05088,2022,48,20.673,0.0,0.0,850.355,25.975,13.636,SISAIRE_DIRECTO,directo
05088,2022,49,19.698,0.0,0.0,851.135,24.711,13.052,SISAIRE_DIRECTO,directo
05088,2022,50,21.24,0.0,0.0,850.782,28.828,14.485,SISAIRE_DIRECTO,directo
05088,2022,51,21.975,0.0,0.0,851.009,34.082,17.643,SISAIRE_DIRECTO,directo
05088,2022,52,21.013,0.011,1.1,852.287,31.15,15.991,SISAIRE_DIRECTO,directo
05088,2023,1,20.142,0.007,19.5,852.83,22.62,12.031,SISAIRE_DIRECTO,directo
05088,2023,2,20.082,0.007,6.4,852.661,27.374,13.856,SISAIRE_DIRECTO,directo
05088,2023,3,20.753,0.0,1.7,851.416,27.933,15.452,SISAIRE_DIRECTO,directo
05088,2023,4,22.263,0.043,0.0,850.567,31.006,16.548,SISAIRE_DIRECTO,directo
05088,2023,5,21.625,0.043,0.0,851.641,37.994,21.253,SISAIRE_DIRECTO,directo
05088,2023,6,22.293,0.043,0.0,850.242,32.882,20.167,SISAIRE_DIRECTO,directo
05088,2023,7,21.905,0.043,0.0,850.341,27.833,15.08,SISAIRE_DIRECTO,directo
05088,2023,8,21.464,0.043,0.0,851.864,40.702,22.674,SISAIRE_DIRECTO,directo
05088,2023,9,23.304,69.449,9.023,850.601,36.967,19.727,SISAIRE_DIRECTO,directo
05088,2023,10,20.172,86.969,85.636,852.367,29.871,16.313,SISAIRE_DIRECTO,directo
05088,2023,11,20.269,85.725,29.754,852.851,32.59,16.465,SISAIRE_DIRECTO,directo
05088,2023,12,21.302,75.623,1.081,851.582,42.446,25.119,SISAIRE_DIRECTO,directo
05088,2023,13,21.35,81.79,0.261,851.094,33.462,19.311,SISAIRE_DIRECTO,directo
05088,2023,14,22.071,75.623,4.938,850.334,27.605,14.884,SISAIRE_DIRECTO,directo
05088,2023,15,21.789,80.815,43.283,850.894,31.145,15.862,SISAIRE_DIRECTO,directo
05088,2023,16,21.226,82.286,27.216,851.357,30.019,14.39,SISAIRE_DIRECTO,directo
05088,2023,17,21.63,86.444,37.018,852.125,28.377,13.426,SISAIRE_DIRECTO,directo
05088,2023,18,24.325,55.138,0.0,850.118,28.436,13.82,SISAIRE_DIRECTO,directo
05088,2023,19,23.325,58.571,1.691,851.236,28.94,13.761,SISAIRE_DIRECTO,directo
05088,2023,20,22.612,0.0,15.39,851.149,27.81,13.578,SISAIRE_DIRECTO,directo
05088,2023,21,21.234,0.0,45.88,852.085,30.45,13.851,SISAIRE_DIRECTO,directo
05088,2023,22,21.655,0.0,22.333,852.103,33.727,14.714,SISAIRE_DIRECTO,directo
05088,2023,23,22.42,0.0,0.094,852.846,28.428,11.939,SISAIRE_DIRECTO,directo
05088,2023,24,23.803,47.741,0.094,851.374,26.232,12.011,SISAIRE_DIRECTO,directo
05088,2023,25,23.107,76.032,0.094,851.371,24.791,11.371,SISAIRE_DIRECTO,directo
05088,2023,26,23.198,0.0,0.094,851.565,25.062,12.505,SISAIRE_DIRECTO,directo
05088,2023,27,21.725,0.0,0.094,852.562,25.97,15.104,SISAIRE_DIRECTO,directo
05088,2023,28,24.029,0.0,,850.802,24.39,13.377,SISAIRE_DIRECTO,directo
05088,2023,29,23.854,0.0,,852.203,21.836,10.325,SISAIRE_DIRECTO,directo
05088,2023,30,23.495,24.6,,852.266,26.256,13.488,SISAIRE_DIRECTO,directo
05088,2023,31,24.523,71.698,,852.641,29.583,12.914,SISAIRE_DIRECTO,directo
05088,2023,32,24.049,45.4,,852.35,28.561,12.39,SISAIRE_DIRECTO,directo
05088,2023,33,22.863,0.0,,850.901,27.299,12.441,SISAIRE_DIRECTO,directo
05088,2023,34,22.469,0.0,,851.22,27.736,13.922,SISAIRE_DIRECTO,directo
05088,2023,35,23.564,0.0,,852.029,30.406,16.768,SISAIRE_DIRECTO,directo
05088,2023,36,23.673,0.0,,851.49,29.698,14.129,SISAIRE_DIRECTO,directo
05088,2023,37,23.412,0.0,,851.581,28.224,12.832,SISAIRE_DIRECTO,directo
05088,2023,38,23.689,0.0,,850.802,31.266,15.146,SISAIRE_DIRECTO,directo
05088,2023,39,23.486,0.0,,851.476,29.107,14.139,SISAIRE_DIRECTO,directo
05088,2023,40,21.579,0.0,,852.385,34.375,16.07,SISAIRE_DIRECTO,directo
05088,2023,41,22.809,0.0,,851.627,34.204,17.365,SISAIRE_DIRECTO,directo
05088,2023,42,22.809,0.302,,851.94,33.809,17.206,SISAIRE_DIRECTO,directo
05088,2023,43,22.809,0.604,,851.634,30.204,14.049,SISAIRE_DIRECTO,directo
05088,2023,44,22.809,0.044,,851.134,21.15,13.44,SISAIRE_DIRECTO,directo
05088,2023,45,22.809,0.208,,850.465,21.795,14.454,SISAIRE_DIRECTO,directo
05088,2023,46,,0.11,,851.421,22.675,13.181,SISAIRE_DIRECTO,directo
05088,2023,47,,1.111,,851.917,20.574,10.833,SISAIRE_DIRECTO,directo
05088,2023,48,,0.8009999999999999,,850.829,22.947,13.517,SISAIRE_DIRECTO,directo
05088,2023,49,,0.491,,850.423,26.448,17.599,SISAIRE_DIRECTO,directo
05088,2023,50,,0.051,,849.715,25.146,14.919,SISAIRE_DIRECTO,directo
05088,2023,51,,0.096,,850.803,22.873,13.754,SISAIRE_DIRECTO,directo
05088,2023,52,,0.141,,853.257,21.726,14.522,SISAIRE_DIRECTO,directo
05101,2018,1,22.211,67.39,23.1,,3.598,,SIN_DATO,directo
05101,2018,2,20.946,71.56,8.0,,28.856,,SIN_DATO,directo
05101,2018,3,21.71,70.137,33.9,,15.092,,SIN_DATO,directo
05101,2018,4,22.952,64.027,24.3,,10.723,,SIN_DATO,directo
05101,2018,5,23.389,66.76,19.9,,13.651,,SIN_DATO,directo
05101,2018,6,23.425,65.132,0.5,,4.214,,SIN_DATO,directo
05101,2018,7,21.58,72.797,28.8,,26.961,,SIN_DATO,directo
05101,2018,8,21.523,67.946,9.7,,12.717,,SIN_DATO,directo
05101,2018,9,23.176,59.346,0.2,,26.524,,SIN_DATO,directo
05101,2018,10,23.799,60.229,0.1,,16.205,,SIN_DATO,directo
05101,2018,11,22.983,64.285,4.1,,27.011,,SIN_DATO,directo
05101,2018,12,22.755,69.164,0.1,,17.813,,SIN_DATO,directo
05101,2018,13,22.338,70.545,10.6,,22.492,,SIN_DATO,directo
05101,2018,14,21.023,69.199,24.2,,21.44,,SIN_DATO,directo
05101,2018,15,21.578,64.056,46.6,,20.688,,SIN_DATO,directo
05101,2018,16,22.172,73.674,21.3,,18.529,,SIN_DATO,directo
05101,2018,17,21.007,73.853,103.1,,13.974,,SIN_DATO,directo
05101,2018,18,21.492,71.239,25.1,,30.822,,SIN_DATO,directo
05101,2018,19,22.009,68.759,15.5,,8.687,,SIN_DATO,directo
05101,2018,20,21.774,70.023,67.1,,15.834,,SIN_DATO,directo
05101,2018,21,21.186,76.632,81.9,,15.917,,SIN_DATO,directo
05101,2018,22,21.289,74.728,43.7,,18.956,,SIN_DATO,directo
05101,2018,23,23.001,73.895,27.5,,12.432,,SIN_DATO,directo
05101,2018,24,22.311,71.122,47.8,,18.268,,SIN_DATO,directo
05101,2018,25,21.68,71.592,62.8,,14.476,,SIN_DATO,directo
05101,2018,26,21.153,74.276,83.2,,3.393,,SIN_DATO,directo
05101,2018,27,22.347,68.379,42.3,,15.875,,SIN_DATO,directo
05101,2018,28,23.282,64.809,5.6,,7.169,,SIN_DATO,directo
05101,2018,29,23.636,62.487,0.0,,2.198,,SIN_DATO,directo
05101,2018,30,21.685,72.835,26.0,,16.873,,SIN_DATO,directo
05101,2018,31,20.855,73.435,58.3,,19.626,,SIN_DATO,directo
05101,2018,32,24.126,54.026,0.0,,19.931,,SIN_DATO,directo
05101,2018,33,21.912,65.432,80.8,,20.248,,SIN_DATO,directo
05101,2018,34,23.061,63.493,21.9,,0.644,,SIN_DATO,directo
05101,2018,35,23.398,64.517,1.0,,5.126,,SIN_DATO,directo
05101,2018,36,21.509,69.434,5.0,,31.277,,SIN_DATO,directo
05101,2018,37,21.008,71.418,32.2,,7.587,,SIN_DATO,directo
05101,2018,38,23.068,64.754,0.7,,20.591,,SIN_DATO,directo
05101,2018,39,22.173,69.743,18.4,,10.413,,SIN_DATO,directo
05101,2018,40,21.526,69.345,45.9,,16.425,,SIN_DATO,directo
05101,2018,41,21.054,66.706,31.0,,10.834,,SIN_DATO,directo
05101,2018,42,21.187,69.473,53.4,,20.204,,SIN_DATO,directo
05101,2018,43,21.349,72.106,36.3,,16.873,,SIN_DATO,directo
05101,2018,44,20.83,74.272,46.9,,12.284,,SIN_DATO,directo
05101,2018,45,21.554,72.909,19.4,,7.564,,SIN_DATO,directo
05101,2018,46,22.579,72.336,33.1,,17.9,,SIN_DATO,directo
05101,2018,47,21.981,72.169,5.8,,6.289,,SIN_DATO,directo
05101,2018,50,23.005,68.827,6.7,,26.389,,SIN_DATO,directo
05101,2018,51,22.946,66.705,2.1,,21.434,,SIN_DATO,directo
05101,2018,52,24.028,60.003,7.1,,15.129,,SIN_DATO,directo
05101,2019,1,24.727,51.494,0.0,,,15.578,IMPUTADO_PA,directo
05101,2019,2,21.841,64.165,3.0,,,8.76,IMPUTADO_PA,directo
05101,2019,3,23.421,62.393,1.2,,,8.647,IMPUTADO_PA,directo
05101,2019,4,25.008,55.904,0.5,,,6.72,IMPUTADO_PA,directo
05101,2019,5,23.258,63.717,58.5,,,10.138,IMPUTADO_PA,directo
05101,2019,6,23.317,64.918,22.8,,,9.472,IMPUTADO_PA,directo
05101,2019,7,23.728,64.105,27.5,,,11.649,IMPUTADO_PA,directo
05101,2019,8,22.83,67.241,29.8,,,5.489,IMPUTADO_PA,directo
05101,2019,9,21.957,68.491,47.4,,,5.787,IMPUTADO_PA,directo
05101,2019,10,23.365,67.952,54.1,,,5.635,IMPUTADO_PA,directo
05101,2019,11,23.783,65.547,3.6,,,10.048,IMPUTADO_PA,directo
05101,2019,12,21.659,71.871,26.2,,,12.506,IMPUTADO_PA,directo
05101,2019,13,21.943,74.49,32.4,,,5.706,IMPUTADO_PA,directo
05101,2019,14,22.049,68.474,58.0,,,5.824,IMPUTADO_PA,directo
05101,2019,15,22.647,71.273,0.6,,,8.391,IMPUTADO_PA,directo
05101,2019,16,22.102,71.562,0.3,,,6.446,IMPUTADO_PA,directo
05101,2019,17,22.175,72.186,12.0,,,10.608,IMPUTADO_PA,directo
05101,2019,18,23.721,66.741,16.3,,,0.035349999999999944,IMPUTADO_PA,directo
05101,2019,19,22.388,70.105,0.1,,,4.428,IMPUTADO_PA,directo
05101,2019,20,21.575,70.491,0.1,,,4.581,IMPUTADO_PA,directo
05101,2019,21,21.422,71.59,0.1,,,0.035349999999999944,IMPUTADO_PA,directo
05101,2019,22,21.208,71.332,0.1,,,3.952,IMPUTADO_PA,directo
05101,2019,23,22.084,72.963,0.0,,,4.12,IMPUTADO_PA,directo
05101,2019,24,21.595,68.3,0.0,,,6.601,IMPUTADO_PA,directo
05101,2019,25,23.888,62.53,0.0,,,11.167,IMPUTADO_PA,directo
05101,2019,26,23.071,69.585,9.0,,,6.449,IMPUTADO_PA,directo
05101,2019,27,22.634,65.174,3.4,,,3.718,IMPUTADO_PA,directo
05101,2019,28,22.289,70.042,0.1,,,7.102,IMPUTADO_PA,directo
05101,2019,29,23.771,59.578,0.0,,,10.945,IMPUTADO_PA,directo
05101,2019,30,22.486,65.711,0.1,,,3.909,IMPUTADO_PA,directo
05101,2019,31,23.048,66.157,0.0,,,4.136,IMPUTADO_PA,directo
05101,2019,32,24.019,60.541,0.0,,,9.241,IMPUTADO_PA,directo
05101,2019,33,22.943,63.111,0.0,,,6.53,IMPUTADO_PA,directo
05101,2019,34,23.177,60.015,0.0,,,9.55,IMPUTADO_PA,directo
05101,2019,35,24.224,57.921,5.1,,,7.253,IMPUTADO_PA,directo
05101,2019,36,23.869,59.543,0.6,,,9.738,IMPUTADO_PA,directo
05101,2019,37,24.556,57.441,126.6,,,3.704,IMPUTADO_PA,directo
05101,2019,38,21.178,68.73,31.5,,,7.258,IMPUTADO_PA,directo
05101,2019,39,22.323,66.011,40.8,,,6.568,IMPUTADO_PA,directo
05101,2019,40,21.178,68.625,11.7,,,3.075,IMPUTADO_PA,directo
05101,2019,41,21.281666666666666,68.73366666666666,22.066666666666663,,,1.868,IMPUTADO_PA,directo
05101,2019,42,21.385333333333335,68.84233333333333,32.43333333333333,,,9.683,IMPUTADO_PA,directo
05101,2019,43,21.489,68.951,42.8,,,6.081,IMPUTADO_PA,directo
05101,2019,44,22.363,66.526,76.4,,,3.748,IMPUTADO_PA,directo
05101,2019,45,22.072,70.605,22.9,,,6.966,IMPUTADO_PA,directo
05101,2019,46,20.54,74.073,32.3,,,11.219,IMPUTADO_PA,directo
05101,2019,47,21.561,68.13,20.7,,,0.035349999999999944,IMPUTADO_PA,directo
05101,2019,48,23.244,67.36,6.1,,,2.1,IMPUTADO_PA,directo
05101,2019,49,22.335,70.612,11.9,,,4.093,IMPUTADO_PA,directo
05101,2019,50,21.335,70.969,0.2,,,12.377,IMPUTADO_PA,directo
05101,2019,51,22.742,70.18,0.0,,,8.282,IMPUTADO_PA,directo
05101,2019,52,23.606,68.564,0.0,,,9.966,IMPUTADO_PA,directo
05101,2020,1,22.07,67.696,0.0,,,9.966,SIN_DATO,directo
05101,2020,2,23.59,53.955,0.0,,,9.966,SIN_DATO,directo
05101,2020,3,24.417,55.533,0.0,,,9.966,SIN_DATO,directo
05101,2020,4,21.996,68.681,2.7,,,9.966,SIN_DATO,directo
05101,2020,5,22.873,63.124,0.0,,,,SIN_DATO,directo
05101,2020,6,23.649,58.397,0.0,,,,SIN_DATO,directo
05101,2020,7,24.497,57.806,0.9,,,,SIN_DATO,directo
05101,2020,8,24.478,55.834,3.4,,,,SIN_DATO,directo
05101,2020,9,23.205,63.435,0.0,,,,SIN_DATO,directo
05101,2020,10,24.676,60.945,0.0,,,,SIN_DATO,directo
05101,2020,11,22.638,68.044,31.4,,,,SIN_DATO,directo
05101,2020,12,23.18,56.615,0.9,,,,SIN_DATO,directo
05101,2020,13,23.962,58.821,3.5,,,,SIN_DATO,directo
05101,2020,14,22.944,66.35,61.4,,,,SIN_DATO,directo
05101,2020,15,23.708,66.924,14.3,,,,SIN_DATO,directo
05101,2020,16,21.583,67.511,77.0,,,,SIN_DATO,directo
05101,2020,17,22.32,69.215,35.1,,,,SIN_DATO,directo
05101,2020,18,22.821,71.279,40.0,,,,SIN_DATO,directo
05101,2020,19,24.415,64.507,6.9,,,,SIN_DATO,directo
05101,2020,20,22.951,69.446,52.5,,,,SIN_DATO,directo
05101,2020,21,23.443,69.039,13.9,,,,SIN_DATO,directo
05101,2020,22,21.94,72.752,23.7,,,,SIN_DATO,directo
05101,2020,23,21.874,72.411,62.7,,,,SIN_DATO,directo
05101,2020,24,22.359,67.153,26.7,,,,SIN_DATO,directo
05101,2020,25,21.553,71.662,66.7,,,,SIN_DATO,directo
05101,2020,26,22.069,68.376,104.3,,,,SIN_DATO,directo
05101,2020,27,21.395,71.201,117.5,,,,SIN_DATO,directo
05101,2020,28,21.195,70.168,125.9,,,,SIN_DATO,directo
05101,2020,29,22.571,68.254,46.3,,,,SIN_DATO,directo
05101,2020,30,21.108,69.462,116.8,,,,SIN_DATO,directo
05101,2020,31,22.629,68.919,46.7,,,,SIN_DATO,directo
05101,2020,32,23.802,65.463,12.3,,,,SIN_DATO,directo
05101,2020,33,22.57,67.98,62.3,,,,SIN_DATO,directo
05101,2020,34,21.074,72.805,105.4,,,,SIN_DATO,directo
05101,2020,35,20.783,70.173,37.3,,,,SIN_DATO,directo
05101,2020,36,21.672,68.381,80.0,,,,SIN_DATO,directo
05101,2020,37,21.436,68.708,65.5,,,,SIN_DATO,directo
05101,2020,38,21.769,66.704,63.0,,,,SIN_DATO,directo
05101,2020,39,21.764,70.115,72.5,,,,SIN_DATO,directo
05101,2020,40,21.323,70.122,24.2,,,,SIN_DATO,directo
05101,2020,41,22.187,68.374,35.4,,,,SIN_DATO,directo
05101,2020,42,21.958,70.69,55.1,,,,SIN_DATO,directo
05101,2020,43,21.281,71.306,102.6,,,,SIN_DATO,directo
05101,2020,44,21.823,68.755,37.2,,,,SIN_DATO,directo
05101,2020,45,22.097,66.146,11.6,,,,SIN_DATO,directo
05101,2020,46,20.65,69.14,65.7,,,,SIN_DATO,directo
05101,2020,47,21.58,66.283,69.8,,,,SIN_DATO,directo
05101,2020,48,22.33,68.269,13.7,,,,SIN_DATO,directo
05101,2020,49,22.479,68.031,49.9,,,,SIN_DATO,directo
05101,2020,50,22.654,68.566,15.1,,,,SIN_DATO,directo
05101,2020,51,21.972,70.398,46.1,,,,SIN_DATO,directo
05101,2020,52,21.669,68.885,26.2,,,,SIN_DATO,directo
05101,2020,53,21.727,67.783,26.6,,,,SIN_DATO,directo
05101,2021,1,21.678,66.77,0.5,,,,SIN_DATO,directo
05101,2021,2,22.066,66.817,0.7,,,,SIN_DATO,directo
05101,2021,3,22.683,65.904,0.5,,,,SIN_DATO,directo
05101,2021,4,23.152,64.098,0.2,,,,SIN_DATO,directo
05101,2021,5,23.435,64.178,0.1,,,,SIN_DATO,directo
05101,2021,6,21.623,68.118,0.1,,,,SIN_DATO,directo
05101,2021,7,20.533,72.034,0.2,,,,SIN_DATO,directo
05101,2021,8,23.01,65.975,0.1,,,,SIN_DATO,directo
05101,2021,9,21.986,67.448,0.1,,,,SIN_DATO,directo
05101,2021,10,20.475,69.733,0.2,,,,SIN_DATO,directo
05101,2021,11,20.239,68.919,0.1,,,,SIN_DATO,directo
05101,2021,12,21.004,70.665,0.1,,,,SIN_DATO,directo
05101,2021,13,22.375,71.902,0.1,,,,SIN_DATO,directo
05101,2021,14,21.214,73.122,71.6,,,,SIN_DATO,directo
05101,2021,15,22.488,71.642,10.3,,,,SIN_DATO,directo
05101,2021,16,28.93225,39.748,0.0,,,,SIN_DATO,directo
05101,2021,17,23.782,69.404,0.0,,,,SIN_DATO,directo
05101,2021,19,21.755,62.304,31.6,,,,SIN_DATO,directo
05101,2021,20,20.68,67.252,14.5,,,,SIN_DATO,directo
05101,2021,26,21.818,68.559,41.4,,,,SIN_DATO,directo
05101,2021,27,22.3,68.637,86.7,,,,SIN_DATO,directo
05101,2021,28,22.487,67.76,82.5,,,,SIN_DATO,directo
05101,2021,29,22.557,65.14,7.3,,,,SIN_DATO,directo
05101,2021,30,22.0,67.393,28.5,,,,SIN_DATO,directo
05101,2021,31,22.276,68.68,13.7,,,,SIN_DATO,directo
05101,2021,32,20.924,70.978,0.5,,,,SIN_DATO,directo
05101,2021,33,20.455,70.952,0.1,,,,SIN_DATO,directo
05113,2019,1,,,,,,5.896,IMPUTADO_PA,directo
05113,2019,2,,,,,,5.896,IMPUTADO_PA,directo
05113,2019,3,,,,,,5.902,IMPUTADO_PA,directo
05113,2019,4,,,,,,5.9,IMPUTADO_PA,directo
05113,2019,5,,,,,,5.902,IMPUTADO_PA,directo
05113,2019,6,,,,,,5.899,IMPUTADO_PA,directo
05113,2019,7,,,,,,5.901,IMPUTADO_PA,directo
05113,2019,8,,,,,,5.901,IMPUTADO_PA,directo
05113,2019,9,,,,,,5.903,IMPUTADO_PA,directo
05113,2019,10,,,,,,5.903,IMPUTADO_PA,directo
05113,2019,11,25.35,78.429,0.0,870.736,,5.894,IMPUTADO_PA,directo
05113,2019,12,25.206952380952384,89.685,59.4,873.222,,5.892,IMPUTADO_PA,directo
05113,2019,13,25.063904761904762,86.179,32.4,872.387,,5.904,IMPUTADO_PA,directo
05113,2019,14,24.920857142857145,88.417,69.2,873.936,,5.904,IMPUTADO_PA,directo
05113,2019,15,24.777809523809523,89.179,33.4,872.718,,5.896,IMPUTADO_PA,directo
05113,2019,16,,91.369,142.4,873.017,,5.893,IMPUTADO_PA,directo
05113,2019,17,,86.649,32.6,872.725,,5.9,IMPUTADO_PA,directo
05113,2019,18,,84.31,1.4,871.582,,5.903,IMPUTADO_PA,directo
05113,2019,19,,88.357,74.8,872.651,,5.907,IMPUTADO_PA,directo
05113,2019,20,,89.976,140.4,873.29,,5.902,IMPUTADO_PA,directo
05113,2019,21,,89.226,110.0,873.154,,5.899,IMPUTADO_PA,directo
05113,2019,22,,88.405,89.4,873.793,,5.897,IMPUTADO_PA,directo
05113,2019,23,,88.631,75.2,873.37,,5.9,IMPUTADO_PA,directo
05113,2019,24,,89.232,38.8,873.627,,5.899,IMPUTADO_PA,directo
05113,2019,25,,83.476,0.0,872.397,,5.896,IMPUTADO_PA,directo
05113,2019,26,,87.018,14.8,872.226,,5.908,IMPUTADO_PA,directo
05113,2019,27,,83.768,17.8,872.762,,5.907,IMPUTADO_PA,directo
05113,2019,28,,87.393,17.8,873.182,,5.904,IMPUTADO_PA,directo
05113,2019,29,,81.744,8.8,872.343,,5.897,IMPUTADO_PA,directo
05113,2019,30,,86.899,52.4,873.716,,5.903,IMPUTADO_PA,directo
05113,2019,31,,86.595,16.0,872.849,,5.902,IMPUTADO_PA,directo
05113,2019,32,22.346,83.405,0.6,873.623,,5.902,IMPUTADO_PA,directo
05113,2019,33,21.309,86.911,52.0,873.451,,5.905,IMPUTADO_PA,directo
05113,2019,34,21.474,84.476,9.0,873.428,,5.902,IMPUTADO_PA,directo
05113,2019,35,21.792,81.534,5.4,872.511,,5.903,IMPUTADO_PA,directo
05113,2019,36,21.986,83.327,30.6,873.118,,5.902,IMPUTADO_PA,directo
05113,2019,37,21.959,85.215,68.4,872.437,,5.901,IMPUTADO_PA,directo
05113,2019,38,19.418,94.939,43.0,873.606,,5.893,IMPUTADO_PA,directo
05113,2019,39,21.386,85.774,22.0,873.841,,5.9,IMPUTADO_PA,directo
05113,2019,40,20.571,88.6,25.6,873.176,,5.898,IMPUTADO_PA,directo
05113,2019,41,20.042,89.847,49.2,872.033,,5.895,IMPUTADO_PA,directo
05113,2019,42,20.124,90.661,119.8,873.782,,5.906,IMPUTADO_PA,directo
05113,2019,43,20.317,90.44,76.2,872.897,,5.906,IMPUTADO_PA,directo
05113,2019,44,20.73,86.957,45.0,872.327,,5.905,IMPUTADO_PA,directo
05113,2019,45,20.85,84.78206666666667,54.4,871.173,,5.901,IMPUTADO_PA,directo
05113,2019,46,21.118,82.60713333333332,18.8,872.049,,5.905,IMPUTADO_PA,directo
05113,2019,47,20.684,80.4322,42.6,873.116,,5.9,IMPUTADO_PA,directo
05113,2019,48,21.951,78.25726666666667,39.0,871.511,,5.901,IMPUTADO_PA,directo
05113,2019,49,21.351,,35.8,873.336,,5.896,IMPUTADO_PA,directo
05113,2019,50,20.846,,50.6,872.282,,5.901,IMPUTADO_PA,directo
05113,2019,51,21.203,,11.2,871.308,,5.9,IMPUTADO_PA,directo
05113,2019,52,21.546,,12.8,871.474,,5.895,IMPUTADO_PA,directo
05113,2020,1,21.216,,37.4,873.63,,0.035349999999999944,SISAIRE_DIRECTO,directo
05113,2020,2,21.11,,0.0,872.095,,0.035349999999999944,SISAIRE_DIRECTO,directo
05113,2020,3,22.733,,4.6,870.574,,0.035349999999999944,SISAIRE_DIRECTO,directo
05113,2020,4,20.927,,15.2,873.64,,0.035349999999999944,SISAIRE_DIRECTO,directo
05113,2020,5,21.585,,17.2,873.506,,0.035349999999999944,SISAIRE_DIRECTO,directo
05120,2019,10,21.762,93.268,194.5,,28.524,8.036,SIN_DATO,directo
05120,2019,11,22.332,90.982,322.9,,28.641,6.582,SIN_DATO,directo
05120,2019,12,20.862,95.941,128.5,,37.07,9.372,SIN_DATO,directo
05120,2019,13,20.9303,95.84985,1.6,,26.329,3.78,SIN_DATO,directo
05120,2019,14,20.9986,95.7587,104.2,,18.179,10.481,SIN_DATO,directo
05120,2019,15,21.0669,95.66755,16.2,,22.008,3.887,SIN_DATO,directo
05120,2019,16,21.135199999999998,95.5764,172.2,,34.761,13.708,SIN_DATO,directo
05120,2019,17,,,103.6,,27.086,2.039,SIN_DATO,directo
05120,2019,18,,,22.6,,31.188,4.204,SIN_DATO,directo
05120,2019,19,,,58.6,,35.201,9.45,SIN_DATO,directo
05120,2019,20,,,75.2,,22.49,13.782,SIN_DATO,directo
05120,2019,21,,,214.4,,36.249,9.095,SIN_DATO,directo
05120,2019,22,,,166.6,,31.658,9.956,SIN_DATO,directo
05120,2019,23,,,34.6,,12.03,8.061,SIN_DATO,directo
05120,2019,24,,,87.6,,44.594,4.434,SIN_DATO,directo
05120,2019,25,,,10.4,,20.959,6.297,SIN_DATO,directo
05120,2019,26,,,134.2,,6.917,3.789,SIN_DATO,directo
05120,2019,27,,,73.4,,14.338,3.557,SIN_DATO,directo
05120,2019,28,,,57.8,,14.63,9.396,SIN_DATO,directo
05120,2019,29,,,796.5,,27.685,4.098,SIN_DATO,directo
05120,2019,30,,,969.2000000000086,,23.719,9.11,SIN_DATO,directo
05120,2019,31,,,969.2000000000086,,22.953,3.477,SIN_DATO,directo
05120,2019,32,22.228,94.118,969.2000000000086,,34.588,9.03,SIN_DATO,directo
05120,2019,33,21.365,95.208,969.2000000000086,,31.184,6.302,SIN_DATO,directo
05120,2019,34,22.17,93.071,482.0,,30.894,12.887,SIN_DATO,directo
05120,2019,35,21.968,92.426,257.2,,32.035,9.125,SIN_DATO,directo
05120,2019,36,21.774,92.381,969.2000000000086,,34.545,12.294,SIN_DATO,directo
05120,2019,37,22.502,92.806,969.2000000000086,,1.409,5.374,SIN_DATO,directo
05120,2019,38,20.602,94.95,645.8,,22.617,8.195,SIN_DATO,directo
05120,2019,39,21.37,93.786,64.8,,0.53,4.591,SIN_DATO,directo
05120,2019,40,21.055,94.339,30.2,,27.489,6.563,SIN_DATO,directo
05120,2019,41,20.808,95.18,47.8,,26.994,7.089,SIN_DATO,directo
05120,2019,42,20.708,93.28,85.0,,39.768,5.478,SIN_DATO,directo
05120,2019,43,20.657,94.235,67.2,,41.496,3.777,SIN_DATO,directo
05120,2019,44,21.704,93.28,31.8,,29.517,3.089,SIN_DATO,directo
05120,2019,45,21.614,91.869,169.7,,20.964,0.035349999999999944,SIN_DATO,directo
05120,2019,46,21.051,93.071,226.9,,32.951,4.33,SIN_DATO,directo
05120,2019,47,20.802,93.179,6.2,,20.628,10.18,SIN_DATO,directo
05120,2019,48,21.88,92.964,11.4,,27.033,2.446,SIN_DATO,directo
05120,2019,49,21.513,94.292,57.8,,39.045,3.246,SIN_DATO,directo
05120,2019,50,21.336,92.0,41.2,,20.265,14.223,SIN_DATO,directo
05120,2019,51,21.649,95.315,59.6,,36.85,5.788,SIN_DATO,directo
05120,2019,52,21.513,96.958,2.8,,35.29,9.115,SIN_DATO,directo
05120,2020,1,21.531,91.589,0.0,,12.016,,SIN_DATO,directo
05120,2020,2,22.127,85.714,0.0,,22.051,,SIN_DATO,directo
05120,2020,3,23.235,89.946,0.0,,18.607,,SIN_DATO,directo
05120,2020,4,20.555,96.128,8.2,,0.0,,SIN_DATO,directo
05120,2020,5,21.284,90.44,0.0,,8.268,,SIN_DATO,directo
05120,2020,6,22.67,86.839,0.0,,32.824,,SIN_DATO,directo
05120,2020,7,22.527,90.25,0.0,,3.345,,SIN_DATO,directo
05120,2020,8,22.683,90.792,0.0,,0.0,,SIN_DATO,directo
05120,2020,9,21.543,90.524,0.0,,6.978,,SIN_DATO,directo
05120,2020,10,22.41,90.601,389.7,,25.106,,SIN_DATO,directo
05120,2020,11,21.469,92.381,969.2000000000086,,43.478,,SIN_DATO,directo
05120,2020,12,22.24,83.911,969.2000000000086,,38.091,,SIN_DATO,directo
05120,2020,13,22.805,84.11,256.5,,53.375,,SIN_DATO,directo
05120,2020,14,21.831,93.75,5.6,,52.13709677419355,,SIN_DATO,directo
05120,2020,15,22.577,92.927,30.4,,50.899193548387096,,SIN_DATO,directo
05120,2020,16,22.232,88.345,13.6,,49.66129032258065,,SIN_DATO,directo
05120,2020,17,22.023,92.583,55.6,,48.42338709677419,,SIN_DATO,directo
05120,2020,18,22.312,94.429,86.6,,,,SIN_DATO,directo
05120,2020,19,22.746,93.232,18.0,,,,SIN_DATO,directo
05120,2020,20,22.018,94.976,25.0,,,,SIN_DATO,directo
05120,2020,21,22.366,94.256,22.8,,,,SIN_DATO,directo
05120,2020,22,21.205,96.625,34.4,,,,SIN_DATO,directo
05120,2020,23,21.611,93.131,18.4,,,,SIN_DATO,directo
05120,2020,24,21.332,92.399,81.4,,,,SIN_DATO,directo
05120,2020,25,21.429,93.524,39.0,,,,SIN_DATO,directo
05120,2020,26,21.4,89.0,56.2,,,,SIN_DATO,directo
05120,2020,27,21.37351111111111,89.08704444444444,48.2,,,,SIN_DATO,directo
05120,2020,28,21.347022222222222,89.17408888888889,95.4,,,,SIN_DATO,directo
05120,2020,29,21.320533333333334,89.26113333333333,20.2,,,,SIN_DATO,directo
05120,2020,30,21.29404444444444,89.34817777777778,3.4,,,,SIN_DATO,directo
05120,2021,18,20.208,92.917,0.0,,16.975,,SIN_DATO,directo
05120,2021,19,21.696,94.92,11.4,,17.625,,SIN_DATO,directo
05120,2021,20,21.349,94.815,39.6,,20.15425,,SIN_DATO,directo
05120,2021,21,21.429,92.583,51.4,,22.683500000000002,,SIN_DATO,directo
05120,2021,22,21.323,92.815,136.8,,25.21275,,SIN_DATO,directo
05120,2021,23,20.692,94.75,84.6,,27.742,,SIN_DATO,directo
05120,2021,24,21.335,92.286,144.0,,23.117,,SIN_DATO,directo
05120,2021,25,20.701,90.917,90.8,,16.241,,SIN_DATO,directo
05120,2021,26,20.982,94.613,79.8,,19.062,,SIN_DATO,directo
05120,2021,27,21.242,93.899,196.0,,20.831,,SIN_DATO,directo
05120,2021,28,21.692,91.792,110.0,,27.132,,SIN_DATO,directo
05120,2021,29,22.177,92.577,74.6,,30.434,,SIN_DATO,directo
05120,2021,30,21.232,93.738,159.4,,24.5,,SIN_DATO,directo
05120,2021,31,21.41,93.357,90.2,,25.094,,SIN_DATO,directo
05120,2021,32,20.958,94.674,52.8,,19.407,,SIN_DATO,directo
05120,2021,33,20.674,95.035,86.8,,16.2,,SIN_DATO,directo
05120,2021,34,21.085,93.516,80.0,,20.857,,SIN_DATO,directo
05120,2021,35,20.931,93.327,39.0,,20.308,,SIN_DATO,directo
05120,2021,36,20.895,93.53,969.2000000000086,,18.483,,SIN_DATO,directo
05120,2021,37,21.252,93.726,969.2000000000086,,22.411,,SIN_DATO,directo
05120,2021,38,21.558,93.31,358.1,,21.593,,SIN_DATO,directo
05120,2021,39,20.83,93.19,195.2,,21.006,,SIN_DATO,directo
05120,2021,40,21.224,93.351,491.7,,20.454,,SIN_DATO,directo
05120,2021,41,21.026,94.762,23.2,,19.525,,SIN_DATO,directo
05120,2021,42,21.081,93.838,81.1,,18.93,,SIN_DATO,directo
05120,2021,43,20.876,92.833,468.0,,16.761,,SIN_DATO,directo
05120,2021,44,20.546,94.411,129.6,,14.977,,SIN_DATO,directo
05120,2021,45,21.064,93.024,1.8,,33.225,,SIN_DATO,directo
05120,2021,46,21.24,92.655,3.4,,24.899,,SIN_DATO,directo
05120,2021,47,20.333,94.804,10.2,,19.968,,SIN_DATO,directo
05120,2021,48,21.016,95.215,2.8,,30.994,,SIN_DATO,directo
05120,2021,49,21.178,95.316,0.0,,44.573,,SIN_DATO,directo
05120,2021,50,21.2,92.951,0.2,,37.488,,SIN_DATO,directo
05120,2021,51,21.235,93.561,0.2,,29.83,,SIN_DATO,directo
05120,2021,52,21.289,93.931,0.0,,35.503,,SIN_DATO,directo
05120,2022,24,20.082,92.98,6.0,,13.368,,SIN_DATO,directo
05120,2022,25,20.389,92.076,0.0,,14.335,,SIN_DATO,directo
05120,2022,26,20.198,92.626,0.0,,14.386,,SIN_DATO,directo
05120,2022,27,21.28,91.141,0.0,,16.374,,SIN_DATO,directo
05120,2022,28,21.133,91.675,0.0,,27.379,,SIN_DATO,directo
05120,2022,29,20.896,91.282,0.0,,14.673,,SIN_DATO,directo
05120,2022,30,20.725,92.357,0.0,,17.465,,SIN_DATO,directo
05120,2022,31,20.64,92.195,0.0,,16.833,,SIN_DATO,directo
05120,2022,32,21.386,91.043,0.0,,,,SIN_DATO,directo
05120,2022,33,21.385,89.4,0.0,,22.375,,SIN_DATO,directo
05120,2022,34,19.916,91.958,0.0,,16.421,,SIN_DATO,directo
05120,2022,35,20.673,90.617,0.0,,,,SIN_DATO,directo
05120,2022,36,21.042,90.579,0.0,,,,SIN_DATO,directo
05120,2022,37,20.731,88.24,0.0,,,,SIN_DATO,directo
05120,2022,38,20.166,89.093,0.0,,15.774714285714285,,SIN_DATO,directo
05120,2022,39,20.794,88.348,0.0,,15.128428571428572,,SIN_DATO,directo
05120,2022,40,20.52,89.214,0.0,,14.482142857142858,,SIN_DATO,directo
05120,2022,41,20.996,87.411,0.0,,13.835857142857144,,SIN_DATO,directo
05120,2022,42,20.59,89.379,0.0,,,,SIN_DATO,directo
05120,2022,43,20.102,90.667,0.0,,,,SIN_DATO,directo
05120,2022,44,20.562,89.196,0.0,,11.897,,SIN_DATO,directo
05120,2022,48,20.673,83.517,0.0,,22.203,,SIN_DATO,directo
05120,2022,49,18.809,84.375,0.0,,35.714,,SIN_DATO,directo
05120,2022,50,20.68,86.644,0.0,,32.145,,SIN_DATO,directo
05120,2022,51,21.15,85.613,0.0,,42.613,,SIN_DATO,directo
05120,2022,52,20.384,85.611,0.0,,33.796,,SIN_DATO,directo
05120,2023,3,20.479,85.155,0.0,,36.376,,SIN_DATO,directo
05120,2023,4,21.023,84.94,0.0,,45.015,,SIN_DATO,directo
05120,2023,5,20.711,83.333,0.0,,42.396,,SIN_DATO,directo
05120,2023,6,21.264,86.804,0.0,,50.366,,SIN_DATO,directo
05120,2023,7,21.023,85.137,0.0,,39.306,,SIN_DATO,directo
05120,2023,8,21.214,83.423,0.0,,47.477,,SIN_DATO,directo
05120,2023,9,21.359,85.53,0.0,,44.0,,SIN_DATO,directo
05120,2023,10,20.19,84.321,0.0,,39.878,,SIN_DATO,directo
05120,2023,11,19.95,83.634,0.0,,34.367,,SIN_DATO,directo
05129,2018,1,,,104.8,,41.465,19.639,IMPUTADO_PA,directo
05129,2018,2,,,68.0,,48.82,27.627,IMPUTADO_PA,directo
05129,2018,3,,,24.8,,43.945,19.909,IMPUTADO_PA,directo
05129,2018,4,,,2.8,,40.534,20.051,IMPUTADO_PA,directo
05129,2018,5,,,2.6,,40.926,15.183,IMPUTADO_PA,directo
05129,2018,6,,,0.2,,32.624,16.636,IMPUTADO_PA,directo
05129,2018,7,,,17.1,,45.021,22.069,IMPUTADO_PA,directo
05129,2018,8,,,2.6,,41.14,12.14,IMPUTADO_PA,directo
05129,2018,9,,,0.0,,50.066,24.162,IMPUTADO_PA,directo
05129,2018,10,,,5.1,,42.361,24.293,IMPUTADO_PA,directo
05129,2018,11,,,0.8,,33.883,16.209,IMPUTADO_PA,directo
05129,2018,12,,,34.4,,44.931,21.349,IMPUTADO_PA,directo
05129,2018,13,,,43.4,,50.374,25.423,IMPUTADO_PA,directo
05129,2018,14,,,27.2,,32.671,19.289,IMPUTADO_PA,directo
05129,2018,15,,,89.0,,43.707,18.481,IMPUTADO_PA,directo
05129,2018,16,,,0.4,,37.703,18.987,IMPUTADO_PA,directo
05129,2018,17,,,14.9,,38.261,20.953,IMPUTADO_PA,directo
05129,2018,18,,,7.9,,44.419,17.146,IMPUTADO_PA,directo
05129,2018,19,,,20.4,,43.91,18.123,IMPUTADO_PA,directo
05129,2018,20,,,0.2,,33.462,21.041,IMPUTADO_PA,directo
05129,2018,21,,,0.1,,52.925,17.781,IMPUTADO_PA,directo
05129,2018,22,,,0.1,,26.082,14.839,IMPUTADO_PA,directo
05129,2018,23,,,0.0,,42.286,11.815,IMPUTADO_PA,directo
05129,2018,24,,,16.4,,41.178,19.994,IMPUTADO_PA,directo
05129,2018,25,,,52.2,,21.882,25.107,IMPUTADO_PA,directo
05129,2018,26,,,48.0,,53.858,21.571,IMPUTADO_PA,directo
05129,2018,27,,,30.5,,39.198,14.987,IMPUTADO_PA,directo
05129,2018,28,,,14.3,,35.313,16.607,IMPUTADO_PA,directo
05129,2018,29,,,0.4,,52.847,18.45,IMPUTADO_PA,directo
05129,2018,30,,,0.0,,39.53,27.799,IMPUTADO_PA,directo
05129,2018,31,,,0.2,,42.335,28.092,IMPUTADO_PA,directo
05129,2018,32,,,0.0,,41.362,27.438,IMPUTADO_PA,directo
05129,2018,33,,,0.0,,44.827,20.426,IMPUTADO_PA,directo
05129,2018,34,,,0.1,,48.495,32.49740000000006,IMPUTADO_PA,directo
05129,2018,35,,,0.0,,49.384,16.804,IMPUTADO_PA,directo
05129,2018,36,,,,,38.368,18.297,IMPUTADO_PA,directo
05129,2018,37,,,,,42.301,23.786,IMPUTADO_PA,directo
05129,2018,38,,,,,42.172,21.064,IMPUTADO_PA,directo
05129,2018,39,,,,,45.276,21.314,IMPUTADO_PA,directo
05129,2018,40,,,,,47.101,11.49,IMPUTADO_PA,directo
05129,2018,41,,,,,31.175,15.617,IMPUTADO_PA,directo
05129,2018,42,,,46.4,,42.701,19.608,IMPUTADO_PA,directo
05129,2018,43,,,67.5,,48.342,16.863,IMPUTADO_PA,directo
05129,2018,44,,,27.3,,38.993,14.06,IMPUTADO_PA,directo
05129,2018,45,,,53.1,,41.715,17.333,IMPUTADO_PA,directo
05129,2018,46,,,17.7,,34.455,21.065,IMPUTADO_PA,directo
05129,2018,47,,,52.0,,42.542,22.99,IMPUTADO_PA,directo
05129,2018,48,,,8.4,,27.276,11.685,IMPUTADO_PA,directo
05129,2018,49,,,10.8,,40.398,19.807,IMPUTADO_PA,directo
05129,2018,50,,,0.0,,41.855,19.413,IMPUTADO_PA,directo
05129,2018,51,,,0.3,,49.223,20.835,IMPUTADO_PA,directo
05129,2018,52,,,0.5,,33.216,15.059,IMPUTADO_PA,directo
05129,2019,1,,,0.2,,25.343,15.03354716981132,IMPUTADO_PA,directo
05129,2019,2,,,6.5,,35.782,15.008094339622641,IMPUTADO_PA,directo
05129,2019,3,,,0.4,,43.002,14.982641509433961,IMPUTADO_PA,directo
05129,2019,4,,,0.0,,30.343,14.957188679245283,IMPUTADO_PA,directo
05129,2019,5,,,0.4,,14.708,,IMPUTADO_PA,directo
05129,2019,6,,,0.3,,20.732,,IMPUTADO_PA,directo
05129,2019,7,,,0.2,,27.309,,IMPUTADO_PA,directo
05129,2019,8,,,0.9,,29.388,,IMPUTADO_PA,directo
05129,2019,9,,,31.4,,30.516,,IMPUTADO_PA,directo
05129,2019,10,14.444,92.306,74.5,750.112,33.891,,IMPUTADO_PA,directo
05129,2019,11,14.335,92.667,0.1,749.938,31.246,,IMPUTADO_PA,directo
05129,2019,12,13.233,95.506,65.9,750.861,41.524,,IMPUTADO_PA,directo
05129,2019,13,14.368,94.156,48.5,750.433,28.495,,IMPUTADO_PA,directo
05129,2019,14,13.73,93.339,38.4,751.308,27.088,,IMPUTADO_PA,directo
05129,2019,15,14.27,92.006,10.9,750.527,37.216,,IMPUTADO_PA,directo
05129,2019,16,14.067,93.494,44.3,750.642,22.003,,IMPUTADO_PA,directo
05129,2019,17,14.253,93.03,2.9,750.662,36.543,,IMPUTADO_PA,directo
05129,2019,18,15.03,83.359,0.7,750.102,34.374,,IMPUTADO_PA,directo
05129,2019,19,14.58,89.659,0.2,750.476,32.487,,IMPUTADO_PA,directo
05129,2019,20,14.03,92.892,0.0,750.786,45.594,,IMPUTADO_PA,directo
05129,2019,21,14.074,93.464,22.0,750.646,28.901,,IMPUTADO_PA,directo
05129,2019,22,13.488,94.155,0.0,750.968,49.159,,IMPUTADO_PA,directo
05129,2019,23,14.54,89.072,5.1,750.995,31.898,,IMPUTADO_PA,directo
05129,2019,24,14.425,89.687,0.6,751.26,23.956,,IMPUTADO_PA,directo
05129,2019,25,14.86,80.262,1.9,751.023,34.128,,IMPUTADO_PA,directo
05129,2019,26,14.549,85.423,0.6,750.227,25.472,,IMPUTADO_PA,directo
05129,2019,27,14.246,85.903,2.1,750.666,27.923,,IMPUTADO_PA,directo
05129,2019,28,13.707,86.904,5.4,750.614,36.598,,IMPUTADO_PA,directo
05129,2019,29,14.286,83.473,22.9,750.5,37.796,,IMPUTADO_PA,directo
05129,2019,30,13.822,86.837,969.2000000000086,751.136,28.901,,IMPUTADO_PA,directo
05129,2019,31,14.191,85.808,969.2000000000086,750.607,41.057,,IMPUTADO_PA,directo
05129,2019,32,14.351,80.289,969.2000000000086,751.521,42.341,,IMPUTADO_PA,directo
05129,2019,33,14.028,84.945,969.2000000000086,750.889,44.447,,IMPUTADO_PA,directo
05129,2019,34,14.18,79.363,969.2000000000086,751.147,37.598,,IMPUTADO_PA,directo
05129,2019,35,14.463,79.815,969.2000000000086,750.46,43.896,,IMPUTADO_PA,directo
05129,2019,36,14.727,80.994,969.2000000000086,750.913,19.397,,IMPUTADO_PA,directo
05129,2019,37,14.835,82.796,969.2000000000086,750.399,31.199,,IMPUTADO_PA,directo
05129,2019,38,12.336,97.212,969.2000000000086,750.261,27.053,,IMPUTADO_PA,directo
05129,2019,39,14.036,87.068,969.2000000000086,751.002,34.5,,IMPUTADO_PA,directo
05129,2019,40,13.325,88.777,969.2000000000086,750.333,29.285,,IMPUTADO_PA,directo
05129,2019,41,13.221,91.811,969.2000000000086,749.315,32.345,,IMPUTADO_PA,directo
05129,2019,42,13.003,91.629,969.2000000000086,750.754,47.814,,IMPUTADO_PA,directo
05129,2019,43,12.927,93.948,969.2000000000086,749.895,32.318,,IMPUTADO_PA,directo
05129,2019,44,12.996,93.992,89.9,749.896,36.725,,IMPUTADO_PA,directo
05129,2019,45,13.466,93.418,34.0,749.072,31.846,,IMPUTADO_PA,directo
05129,2019,46,13.104,94.962,44.7,749.877,34.172,,IMPUTADO_PA,directo
05129,2019,47,13.223,93.384,18.0,750.179,33.645,,IMPUTADO_PA,directo
05129,2019,48,14.357,89.269,37.5,749.474,36.986,,IMPUTADO_PA,directo
05129,2019,49,13.44,90.818,0.2,750.604,42.4,,IMPUTADO_PA,directo
05129,2019,50,13.398,92.569,5.6,749.581,46.041,,IMPUTADO_PA,directo
05129,2019,51,14.124,90.581,0.6,749.143,35.938,,IMPUTADO_PA,directo
05129,2019,52,14.607,89.542,0.2,749.58,38.052,,IMPUTADO_PA,directo
05129,2020,1,13.956,91.245,,750.879,29.0,13.71,SISAIRE_DIRECTO,directo
05129,2020,2,13.223,80.683,,750.11,28.0,14.76,SISAIRE_DIRECTO,directo
05129,2020,3,14.61,83.167,,749.457,34.4,16.366,SISAIRE_DIRECTO,directo
05129,2020,4,12.873,93.467,,750.761,19.35,15.141,SISAIRE_DIRECTO,directo
05129,2020,5,14.26,87.615,,751.122,33.8,20.287,SISAIRE_DIRECTO,directo
05129,2020,6,14.135,83.06,,750.838,44.3,26.418,SISAIRE_DIRECTO,directo
05129,2020,7,14.368,85.049,,749.858,43.52657894736842,28.803,SISAIRE_DIRECTO,directo
05129,2020,8,14.683,86.531,,750.335,42.75315789473684,25.806,SISAIRE_DIRECTO,directo
05129,2020,9,14.281,91.837,,751.342,41.97973684210526,30.107,SISAIRE_DIRECTO,directo
05129,2020,10,14.96,88.431,,750.778,41.206315789473685,31.147,SISAIRE_DIRECTO,directo
05129,2020,11,14.346,92.024,,750.69,,32.49740000000006,SISAIRE_DIRECTO,directo
05129,2020,12,13.821,88.419,,751.308,,29.707,SISAIRE_DIRECTO,directo
05129,2020,13,14.195,88.413,,750.31,,32.49740000000006,SISAIRE_DIRECTO,directo
05129,2020,14,14.86,90.427,,750.136,,17.843,SISAIRE_DIRECTO,directo
05129,2020,15,15.413,89.067,,751.007,,11.056,SISAIRE_DIRECTO,directo
05129,2020,16,13.51,93.431,,751.738,,21.046,SISAIRE_DIRECTO,directo
05129,2020,17,13.943,91.187,,751.214,,14.911,SISAIRE_DIRECTO,directo
05129,2020,18,14.624,90.423,,751.357,,16.323,SISAIRE_DIRECTO,directo
05129,2020,19,15.682,82.575,,750.818,,11.341,SISAIRE_DIRECTO,directo
05129,2020,20,14.917,89.417,,751.149,,15.057,SISAIRE_DIRECTO,directo
05129,2020,21,15.101,87.596,,751.283,,13.101,SISAIRE_DIRECTO,directo
05129,2020,22,14.304,90.958,,751.274,,11.81,SISAIRE_DIRECTO,directo
05129,2020,23,14.139,88.608,,751.699,,14.209,SISAIRE_DIRECTO,directo
05129,2020,24,13.79,89.749,,751.101,,14.538,SISAIRE_DIRECTO,directo
05129,2020,25,14.035,90.488,,750.899,29.605,12.998,SISAIRE_DIRECTO,directo
05129,2020,26,14.101,87.383,,750.179,30.96,16.717,SISAIRE_DIRECTO,directo
05129,2020,27,13.63,90.988,,750.052,25.61,11.943,SISAIRE_DIRECTO,directo
05129,2020,28,13.48,91.204,,750.594,29.3,13.241,SISAIRE_DIRECTO,directo
05129,2020,29,14.061,83.229,,750.25,20.49,11.75,SISAIRE_DIRECTO,directo
05129,2020,30,13.283,89.946,,750.317,17.325,12.367,SISAIRE_DIRECTO,directo
05129,2020,31,14.324,86.4,,750.823,21.805,13.136,SISAIRE_DIRECTO,directo
05129,2020,32,,,,,21.8378,19.627,SISAIRE_DIRECTO,directo
05129,2020,33,,,,,21.8706,15.215,SISAIRE_DIRECTO,directo
05129,2020,34,,,,,21.903399999999998,11.978,SISAIRE_DIRECTO,directo
05129,2020,35,,,,,21.9362,15.389,SISAIRE_DIRECTO,directo
05129,2020,36,,,,,,14.838,SISAIRE_DIRECTO,directo
05129,2020,37,,,,,,15.026,SISAIRE_DIRECTO,directo
05129,2020,38,,,,,,17.094,SISAIRE_DIRECTO,directo
05129,2020,39,,,,,,15.175,SISAIRE_DIRECTO,directo
05129,2020,40,,,,,,17.139,SISAIRE_DIRECTO,directo
05129,2020,41,,,,,22.133,16.993,SISAIRE_DIRECTO,directo
05129,2020,42,,,,,29.96,17.35,SISAIRE_DIRECTO,directo
05129,2020,43,13.768,88.07533333333333,,750.57,26.75,16.519,SISAIRE_DIRECTO,directo
05129,2020,44,13.212,89.75066666666667,,750.04,18.543,13.707,SISAIRE_DIRECTO,directo
05129,2020,45,,,969.2000000000086,,31.125,15.435,SISAIRE_DIRECTO,directo
05129,2020,46,,,969.2000000000086,,26.4,13.502,SISAIRE_DIRECTO,directo
05129,2020,47,,,969.2000000000086,,21.41,14.355,SISAIRE_DIRECTO,directo
05129,2020,48,,,969.2000000000086,,27.07,15.233,SISAIRE_DIRECTO,directo
05129,2020,49,,,969.2000000000086,,29.9,15.504,SISAIRE_DIRECTO,directo
05129,2020,50,,,0.0,,32.427,17.622,SISAIRE_DIRECTO,directo
05129,2020,51,,,17.4,,36.59,20.297,SISAIRE_DIRECTO,directo
05129,2020,52,,,32.2,,28.98,14.857,SISAIRE_DIRECTO,directo
05129,2020,53,,,899.2,,22.995,14.305,SISAIRE_DIRECTO,directo
05129,2021,1,,,572.9,,25.36,15.434,SISAIRE_DIRECTO,directo
05129,2021,2,,,969.2000000000086,,32.82,14.917,SISAIRE_DIRECTO,directo
05129,2021,3,,,969.2000000000086,,34.49,18.765,SISAIRE_DIRECTO,directo
05129,2021,4,,,969.2000000000086,,37.66,20.664,SISAIRE_DIRECTO,directo
05129,2021,5,,,969.2000000000086,,28.323,19.089,SISAIRE_DIRECTO,directo
05129,2021,6,,,969.2000000000086,,35.125,21.318,SISAIRE_DIRECTO,directo
05129,2021,7,12.656,91.426,969.2000000000086,750.326,18.11,17.783,SISAIRE_DIRECTO,directo
05129,2021,8,13.805,89.554,969.2000000000086,749.021,36.225,20.067,SISAIRE_DIRECTO,directo
05129,2021,9,12.953,91.114,969.2000000000086,749.37,39.007,22.895,SISAIRE_DIRECTO,directo
05129,2021,10,12.507,91.077,969.2000000000086,750.532,27.79,16.901,SISAIRE_DIRECTO,directo
05129,2021,11,12.472,92.708,969.2000000000086,749.96,21.853,15.696,SISAIRE_DIRECTO,directo
05129,2021,12,13.069,93.329,969.2000000000086,749.799,29.34,15.614,SISAIRE_DIRECTO,directo
05129,2021,13,14.232,90.826,,748.649,34.52,15.204,SISAIRE_DIRECTO,directo
05129,2021,14,14.33,89.885,,749.715,25.437,13.937,SISAIRE_DIRECTO,directo
05129,2021,15,14.485,87.681,,749.799,35.99,17.893,SISAIRE_DIRECTO,directo
05129,2021,16,13.902,90.036,,750.273,35.383,19.902,SISAIRE_DIRECTO,directo
05129,2021,17,13.373,95.06,,750.061,16.865,12.861,SISAIRE_DIRECTO,directo
05129,2021,18,11.819,93.5,,751.631,22.453,13.742,SISAIRE_DIRECTO,directo
05129,2021,19,14.756,88.581,,750.145,13.805,14.692,SISAIRE_DIRECTO,directo
05129,2021,20,14.436,90.113,,750.424,23.875,14.684,SISAIRE_DIRECTO,directo
05129,2021,21,14.047,91.844,,750.906,29.375,15.717,SISAIRE_DIRECTO,directo
05129,2021,22,14.321,90.802,,750.357,19.307,14.861,SISAIRE_DIRECTO,directo
05129,2021,23,13.245,92.94,,750.976,22.735,13.606,SISAIRE_DIRECTO,directo
05129,2021,24,13.962,88.399,79.9,751.199,25.315,14.731,SISAIRE_DIRECTO,directo
05129,2021,25,13.286,89.355,84.8,751.047,21.47,13.099,SISAIRE_DIRECTO,directo
05129,2021,26,13.747,86.084,39.3,751.095,27.073,14.593,SISAIRE_DIRECTO,directo
05129,2021,27,14.263,85.719,38.5,750.383,32.545,16.645,SISAIRE_DIRECTO,directo
05129,2021,28,14.081,83.24,75.6,750.846,24.135,15.907,SISAIRE_DIRECTO,directo
05129,2021,29,14.22,83.655,0.2,750.838,33.995,16.225,SISAIRE_DIRECTO,directo
05129,2021,30,13.976,86.228,0.1,750.99,34.165,15.079,SISAIRE_DIRECTO,directo
05129,2021,31,13.791,84.03,20.7,751.753,35.425,20.039,SISAIRE_DIRECTO,directo
05129,2021,32,13.44,90.261,58.1,751.48,20.603,13.124,SISAIRE_DIRECTO,directo
05129,2021,33,13.65,87.301,69.5,750.221,28.23,14.614,SISAIRE_DIRECTO,directo
05129,2021,34,13.873,88.297,74.5,749.728,28.147,14.198,SISAIRE_DIRECTO,directo
05129,2021,35,13.51,87.096,42.0,750.689,26.57,13.92,SISAIRE_DIRECTO,directo
05129,2021,36,13.199,89.274,12.7,750.902,27.19,15.299,SISAIRE_DIRECTO,directo
05129,2021,37,13.754,80.372,61.8,751.201,28.757,16.828,SISAIRE_DIRECTO,directo
05129,2021,38,13.876,84.599,47.2,750.493,38.18,16.916,SISAIRE_DIRECTO,directo
05129,2021,39,13.436,87.339,9.7,750.072,29.24,16.862,SISAIRE_DIRECTO,directo
05129,2021,40,14.113,86.357,1.0,749.543,27.58,15.397,SISAIRE_DIRECTO,directo
05129,2021,41,13.631,88.223,7.0,750.564,30.85,15.453,SISAIRE_DIRECTO,directo
05129,2021,42,13.232,87.036,27.0,751.008,27.69,14.458,SISAIRE_DIRECTO,directo
05129,2021,43,13.259,88.497,54.6,750.908,29.915,13.567,SISAIRE_DIRECTO,directo
05129,2021,44,13.21,88.012,48.0,750.372,24.633,12.643,SISAIRE_DIRECTO,directo
05129,2021,45,13.034,89.283,19.2,750.015,27.593,14.836,SISAIRE_DIRECTO,directo
05129,2021,46,13.212,89.577,12.8,749.576,25.915,17.328,SISAIRE_DIRECTO,directo
05129,2021,47,13.226,90.988,46.5,749.901,27.94,17.485,SISAIRE_DIRECTO,directo
05129,2021,48,13.712,89.718,18.8,749.645,27.323,15.396,SISAIRE_DIRECTO,directo
05129,2021,49,13.804,89.22,3.7,749.565,32.84,19.101,SISAIRE_DIRECTO,directo
05129,2021,50,13.269,89.048,0.7,749.481,39.7,20.341,SISAIRE_DIRECTO,directo
05129,2021,51,14.042,88.581,,750.294,27.893,15.227,SISAIRE_DIRECTO,directo
05129,2021,52,13.533,91.136,0.1,750.01,32.505,17.914,SISAIRE_DIRECTO,directo
05129,2022,1,10.98,95.2,0.0,751.0,25.62,16.787,SISAIRE_DIRECTO,directo
05129,2022,2,,,,,24.42,13.858,SISAIRE_DIRECTO,directo
05129,2022,3,,,,,36.51,22.759,SISAIRE_DIRECTO,directo
05129,2022,4,12.768,85.263,0.0,750.252,34.29,21.228,SISAIRE_DIRECTO,directo
05129,2022,5,12.67,87.875,4.9,749.796,33.965,24.201,SISAIRE_DIRECTO,directo
05129,2022,6,13.006,90.252,11.6,749.285,35.835,19.035,SISAIRE_DIRECTO,directo
05129,2022,7,12.839,90.614,3.6,749.831,43.12,20.379,SISAIRE_DIRECTO,directo
05129,2022,8,12.914,86.256,,749.679,29.975,26.891,SISAIRE_DIRECTO,directo
05129,2022,9,,,,,21.93,15.038,SISAIRE_DIRECTO,directo
05129,2022,10,,,,,29.495,15.638,SISAIRE_DIRECTO,directo
05129,2022,11,,,,,28.473,21.364,SISAIRE_DIRECTO,directo
05129,2022,12,,,,,25.1615,25.232,SISAIRE_DIRECTO,directo
05129,2022,13,13.545,89.957,,749.697,21.85,17.69,SISAIRE_DIRECTO,directo
05129,2022,14,13.965,88.054,,749.686,26.425,15.314,SISAIRE_DIRECTO,directo
05129,2022,15,14.232,86.168,,749.275,32.34,17.983,SISAIRE_DIRECTO,directo
05129,2022,16,13.005,89.12,,750.362,14.707,9.624,SISAIRE_DIRECTO,directo
05129,2022,17,13.79,86.362,,749.729,30.4,13.987,SISAIRE_DIRECTO,directo
05129,2022,18,14.216,85.527,,750.901,31.73,15.5,SISAIRE_DIRECTO,directo
05129,2022,19,14.072,89.495,,749.957,25.62,16.477,SISAIRE_DIRECTO,directo
05129,2022,20,13.929,88.945,,751.762,17.22,12.338,SISAIRE_DIRECTO,directo
05129,2022,21,13.571,87.046,,750.243,29.66,14.927,SISAIRE_DIRECTO,directo
05129,2022,22,12.906,89.994,,750.28,19.967,13.838,SISAIRE_DIRECTO,directo
05129,2022,23,12.734,90.246,,750.329,20.695,13.025,SISAIRE_DIRECTO,directo
05129,2022,24,13.278,90.154,,750.331,18.11,12.284,SISAIRE_DIRECTO,directo
05129,2022,25,13.053,88.813,,750.188,15.853,13.453,SISAIRE_DIRECTO,directo
05129,2022,26,13.029,89.492,,750.742,25.39,12.193,SISAIRE_DIRECTO,directo
05129,2022,27,13.777,84.029,,750.631,33.93,14.852,SISAIRE_DIRECTO,directo
05129,2022,28,14.174,85.712,,750.518,28.75,14.805,SISAIRE_DIRECTO,directo
05129,2022,29,14.003,85.949,,750.283,21.13,14.037,SISAIRE_DIRECTO,directo
05129,2022,30,13.239,89.242,,750.605,25.76,13.004,SISAIRE_DIRECTO,directo
05129,2022,31,13.469,88.406,,749.722,16.98,13.329,SISAIRE_DIRECTO,directo
05129,2022,32,13.773,83.397,,750.628,25.91,15.558,SISAIRE_DIRECTO,directo
05129,2022,33,13.712,86.616,,750.459,27.255,12.795,SISAIRE_DIRECTO,directo
05129,2022,34,13.155,87.65,,750.518,33.215,18.315,SISAIRE_DIRECTO,directo
05129,2022,35,13.631,88.575,,750.181,21.993,13.767,SISAIRE_DIRECTO,directo
05129,2022,36,13.86,85.991,,751.039,29.425,18.23,SISAIRE_DIRECTO,directo
05129,2022,37,12.722,89.352,,750.56,19.405,13.242,SISAIRE_DIRECTO,directo
05129,2022,38,12.571,90.457,,750.351,20.453,13.319,SISAIRE_DIRECTO,directo
05129,2022,39,13.184,89.282,,750.275,24.66,16.033,SISAIRE_DIRECTO,directo
05129,2022,40,13.43,88.457,,749.847,18.155,13.624,SISAIRE_DIRECTO,directo
05129,2022,41,13.313,88.993,1.6,750.588,31.103,17.644,SISAIRE_DIRECTO,directo
05129,2022,42,12.63,92.647,,750.677,26.445,14.602,SISAIRE_DIRECTO,directo
05129,2022,43,13.448,91.077,2.9,749.838,19.62,9.233,SISAIRE_DIRECTO,directo
05129,2022,44,13.482,89.84,1.4,750.575,20.853,12.053,SISAIRE_DIRECTO,directo
05129,2022,45,,,,,17.54,11.133,SISAIRE_DIRECTO,directo
05129,2022,46,13.076666666666666,89.98533333333333,,750.091,29.79,15.165,SISAIRE_DIRECTO,directo
05129,2022,47,12.671333333333333,90.13066666666667,,749.425,22.443,12.931,SISAIRE_DIRECTO,directo
05129,2022,48,12.266,90.276,0.0,748.788,33.05,12.488,SISAIRE_DIRECTO,directo
05129,2022,49,11.897,94.812,0.5,749.347,33.41,16.626,SISAIRE_DIRECTO,directo
05129,2022,50,13.081,88.186,0.0,749.253,36.543,17.67,SISAIRE_DIRECTO,directo
05129,2022,51,13.633,89.53,11.4,749.651,38.025,22.681,SISAIRE_DIRECTO,directo
05129,2022,52,12.469,93.358,2.2,750.431,29.5,18.475,SISAIRE_DIRECTO,directo
05129,2023,1,,,,,28.01,14.177,SISAIRE_DIRECTO,directo
05129,2023,2,,,,,25.005,14.322,SISAIRE_DIRECTO,directo
05129,2023,3,12.576,90.227,7.6,749.642,35.905,18.709,SISAIRE_DIRECTO,directo
05129,2023,4,13.774,80.916,0.2,749.221,38.317,21.482,SISAIRE_DIRECTO,directo
05129,2023,5,13.338,85.153,0.2,749.926,45.33,25.268,SISAIRE_DIRECTO,directo
05129,2023,6,13.619,88.583,0.2,749.068,46.475,24.64825,SISAIRE_DIRECTO,directo
05129,2023,7,13.704,91.371,25.6,749.12,35.777,24.0285,SISAIRE_DIRECTO,directo
05129,2023,8,13.311,88.784,22.0,750.329,55.63,23.40875,SISAIRE_DIRECTO,directo
05129,2023,9,14.692,88.413,20.6,749.618,47.94,22.789,SISAIRE_DIRECTO,directo
05129,2023,10,12.989,93.156,91.3,750.444,31.013,15.291,SISAIRE_DIRECTO,directo
05129,2023,11,12.598,93.03,40.7,751.176,23.31,10.891,SISAIRE_DIRECTO,directo
05129,2023,12,,,,,51.525,26.88,SISAIRE_DIRECTO,directo
05129,2023,13,,,,,38.57,23.871,SISAIRE_DIRECTO,directo
05129,2023,14,,,,,32.04,14.947,SISAIRE_DIRECTO,directo
05129,2023,15,,,,,39.65,18.902,SISAIRE_DIRECTO,directo
05129,2023,16,,,,,16.69,11.68,SISAIRE_DIRECTO,directo
05129,2023,17,,,,,21.67,12.235,SISAIRE_DIRECTO,directo
05129,2023,18,,,,,44.195,17.076,SISAIRE_DIRECTO,directo
05129,2023,19,,,,,26.633,16.626,SISAIRE_DIRECTO,directo
05129,2023,20,,,,,18.53,11.854,SISAIRE_DIRECTO,directo
05129,2023,21,,,,,18.975,11.746,SISAIRE_DIRECTO,directo
05129,2023,22,,,,,31.317,11.089,SISAIRE_DIRECTO,directo
05129,2023,23,,,,,31.6535,12.667,SISAIRE_DIRECTO,directo
05129,2023,24,,,,,31.99,13.137,SISAIRE_DIRECTO,directo
05129,2023,25,,,,,30.66,11.962,SISAIRE_DIRECTO,directo
05129,2023,26,,,,,38.737,13.77,SISAIRE_DIRECTO,directo
05129,2023,27,,,,,22.43,10.968,SISAIRE_DIRECTO,directo
05129,2023,28,,,,,28.43,13.164,SISAIRE_DIRECTO,directo
05129,2023,29,,,,,50.02,13.747,SISAIRE_DIRECTO,directo
05129,2023,30,,,,,39.215,16.254,SISAIRE_DIRECTO,directo
05129,2023,31,,,,,33.345,17.119,SISAIRE_DIRECTO,directo
05129,2023,32,,,,,28.94,17.132,SISAIRE_DIRECTO,directo
05129,2023,33,,,,,29.99,13.304,SISAIRE_DIRECTO,directo
05129,2023,34,,,,,25.2,13.114,SISAIRE_DIRECTO,directo
05129,2023,35,,,,,24.949166666666667,16.906,SISAIRE_DIRECTO,directo
05129,2023,36,,,,,24.698333333333334,16.343,SISAIRE_DIRECTO,directo
05129,2023,37,,,,,24.447499999999998,13.98,SISAIRE_DIRECTO,directo
05129,2023,38,,,,,24.196666666666665,17.937,SISAIRE_DIRECTO,directo
05129,2023,39,,,,,,17.886,SISAIRE_DIRECTO,directo
05129,2023,40,,,,,23.695,13.788,SISAIRE_DIRECTO,directo
05129,2023,41,,,,,35.635,20.382,SISAIRE_DIRECTO,directo
05129,2023,42,,,,,36.275,19.141,SISAIRE_DIRECTO,directo
05129,2023,43,,,,,27.89,12.779,SISAIRE_DIRECTO,directo
05129,2023,44,,,,,23.113,11.853,SISAIRE_DIRECTO,directo
05129,2023,45,,,,,35.05,18.515,SISAIRE_DIRECTO,directo
05129,2023,46,,,,,27.305,12.364,SISAIRE_DIRECTO,directo
05129,2023,47,,,,,29.08,12.944,SISAIRE_DIRECTO,directo
05129,2023,48,,,,,46.31,19.235,SISAIRE_DIRECTO,directo
05129,2023,49,,,,,38.405,21.712,SISAIRE_DIRECTO,directo
05129,2023,50,,,,,32.305,18.563,SISAIRE_DIRECTO,directo
05129,2023,51,,,,,33.88,20.838,SISAIRE_DIRECTO,directo
05129,2023,52,,,,,38.905,15.302,SISAIRE_DIRECTO,directo
05138,2018,8,19.959,75.696,5.7,,,,SIN_DATO,directo
05138,2018,9,21.134,75.851,0.3,,,,SIN_DATO,directo
05138,2018,10,21.289,79.569,0.0,,,,SIN_DATO,directo
05138,2018,25,20.894,83.507,15.5,,,,SIN_DATO,directo
05138,2018,26,20.273,86.043,49.9,,,,SIN_DATO,directo
05138,2018,27,20.948,83.787,28.6,,,,SIN_DATO,directo
05138,2018,28,21.327,83.063,12.6,,,,SIN_DATO,directo
05138,2018,29,20.795,85.204,8.6,,,,SIN_DATO,directo
05138,2018,43,20.869,91.653,0.0,872.554,,,SIN_DATO,directo
05138,2018,44,20.189,91.25,0.0,873.024,,,SIN_DATO,directo
05138,2018,45,20.945,89.417,0.0,871.953,,,SIN_DATO,directo
05138,2018,46,21.08,90.259,0.0,872.19,,,SIN_DATO,directo
05138,2018,47,20.898,90.5,0.0,872.873,,,SIN_DATO,directo
05138,2019,11,25.35,78.429,0.0,870.736,,5.894,SIN_DATO,directo
05138,2019,12,25.206952380952384,89.685,59.4,873.222,,5.892,SIN_DATO,directo
05138,2019,13,25.063904761904762,86.179,32.4,872.387,,5.904,SIN_DATO,directo
05138,2019,14,24.920857142857145,88.417,69.2,873.936,,5.904,SIN_DATO,directo
05138,2019,15,24.777809523809523,89.179,33.4,872.718,,5.896,SIN_DATO,directo
05138,2019,16,,91.369,142.4,873.017,,5.893,SIN_DATO,directo
05138,2019,17,,86.649,32.6,872.725,,5.9,SIN_DATO,directo
05138,2019,18,,84.31,1.4,871.582,,5.903,SIN_DATO,directo
05138,2019,19,,88.357,74.8,872.651,,5.907,SIN_DATO,directo
05138,2019,20,,89.976,140.4,873.29,,5.902,SIN_DATO,directo
05138,2019,21,,89.226,110.0,873.154,,5.899,SIN_DATO,directo
05138,2019,22,,88.405,89.4,873.793,,5.897,SIN_DATO,directo
05138,2019,23,,88.631,75.2,873.37,,5.9,SIN_DATO,directo
05138,2019,24,,89.232,38.8,873.627,,5.899,SIN_DATO,directo
05138,2019,25,,83.476,0.0,872.397,,5.896,SIN_DATO,directo
05138,2019,26,,87.018,14.8,872.226,,5.908,SIN_DATO,directo
05138,2019,27,,83.768,17.8,872.762,,5.907,SIN_DATO,directo
05138,2019,28,,87.393,17.8,873.182,,5.904,SIN_DATO,directo
05138,2019,29,,81.744,8.8,872.343,,5.897,SIN_DATO,directo
05138,2019,30,27.737,86.899,52.4,873.716,,5.903,SIN_DATO,directo
05138,2019,31,27.611,86.595,16.0,872.849,,5.902,SIN_DATO,directo
05138,2019,32,22.346,83.405,0.6,873.623,,5.902,SIN_DATO,directo
05138,2019,33,21.309,86.911,52.0,873.451,,5.905,SIN_DATO,directo
05138,2019,34,21.474,84.476,9.0,873.428,,5.902,SIN_DATO,directo
05138,2019,35,21.792,81.534,5.4,872.511,,5.903,SIN_DATO,directo
05138,2019,36,21.986,83.327,30.6,873.118,,5.902,SIN_DATO,directo
05138,2019,37,21.959,85.215,68.4,872.437,,5.901,SIN_DATO,directo
05138,2019,38,19.418,94.939,43.0,873.606,,5.893,SIN_DATO,directo
05138,2019,39,21.386,85.774,22.0,873.841,,5.9,SIN_DATO,directo
05138,2019,40,20.571,88.6,25.6,873.176,,5.898,SIN_DATO,directo
05138,2019,41,20.042,89.847,49.2,872.033,,5.895,SIN_DATO,directo
05138,2019,42,20.124,90.661,119.8,873.782,,5.906,SIN_DATO,directo
05138,2019,43,20.317,90.44,76.2,872.897,,5.906,SIN_DATO,directo
05138,2019,44,20.73,86.957,45.0,872.327,,5.905,SIN_DATO,directo
05138,2019,45,20.85,84.78206666666667,54.4,871.173,,5.901,SIN_DATO,directo
05138,2019,46,21.118,82.60713333333332,18.8,872.049,,5.905,SIN_DATO,directo
05138,2019,47,20.684,80.4322,42.6,873.116,,5.9,SIN_DATO,directo
05138,2019,48,21.951,78.25726666666667,39.0,871.511,,5.901,SIN_DATO,directo
05138,2019,49,21.351,,35.8,873.336,,5.896,SIN_DATO,directo
05138,2019,50,20.846,91.0,50.6,872.282,,5.901,SIN_DATO,directo
05138,2019,51,21.203,90.218,11.2,871.308,,5.9,SIN_DATO,directo
05138,2019,52,21.546,90.429,12.8,871.474,,5.895,SIN_DATO,directo
05138,2020,1,21.216,89.649,37.4,873.63,,0.035349999999999944,SIN_DATO,directo
05138,2020,2,21.11,78.572,0.0,872.095,,0.035349999999999944,SIN_DATO,directo
05138,2020,3,22.733,76.054,4.6,870.574,,0.035349999999999944,SIN_DATO,directo
05138,2020,4,20.927,91.364,15.2,873.64,,0.035349999999999944,SIN_DATO,directo
05138,2020,5,21.585,85.333,17.2,873.506,,0.035349999999999944,SIN_DATO,directo
05138,2020,6,22.184,79.833,0.2,872.917,,,SIN_DATO,directo
05138,2020,7,22.508,54.333,0.0,871.497,,,SIN_DATO,directo
05138,2020,8,22.786,62.777,0.0,872.021,,,SIN_DATO,directo
05138,2020,9,22.258,61.104,0.0,873.606,,,SIN_DATO,directo
05138,2020,10,22.391,62.184,0.0,872.548,,,SIN_DATO,directo
05138,2020,11,22.221,63.244,0.0,872.986,,,SIN_DATO,directo
05138,2020,12,21.878,57.787,0.0,874.051,,,SIN_DATO,directo
05138,2020,13,21.92,59.186,0.0,872.416,,,SIN_DATO,directo
05138,2020,14,21.912,67.602,33.4,872.191,,,SIN_DATO,directo
05138,2020,15,21.912,69.561,49.0,873.026,,,SIN_DATO,directo
05138,2020,16,21.327,66.138,23.4,874.654,,,SIN_DATO,directo
05138,2020,17,21.182,67.85,3.6,873.896,,,SIN_DATO,directo
05138,2020,18,21.944,68.677,15.2,873.564,,,SIN_DATO,directo
05138,2020,19,22.678,67.247,19.0,872.625,,,SIN_DATO,directo
05138,2020,20,22.074,68.606,44.8,873.45,,,SIN_DATO,directo
05138,2020,21,22.125,68.048,12.6,873.429,,,SIN_DATO,directo
05138,2020,22,21.028,70.623,40.2,874.117,,,SIN_DATO,directo
05138,2020,23,20.949,58.0,18.4,874.355,,,SIN_DATO,directo
05138,2020,24,20.995,62.357,16.0,873.795,,,SIN_DATO,directo
05138,2020,25,20.763,71.404,20.0,873.463,,,SIN_DATO,directo
05138,2020,26,19.4,77.0,0.0,874.2,,,SIN_DATO,directo
05138,2021,34,20.543,77.0,6.0,873.209,,,SIN_DATO,directo
05138,2021,35,20.105,77.0,94.2,873.919,,,SIN_DATO,directo
05138,2021,42,20.297,77.0,27.7,874.467,,,SIN_DATO,directo
05138,2022,17,20.297,77.0,,874.4,,,SIN_DATO,directo
05142,2018,1,21.68,85.19,104.1,,,,SIN_DATO,directo
05142,2018,2,21.061,86.726,13.7,,,,SIN_DATO,directo
05142,2018,7,22.846,76.036,234.0,,,,SIN_DATO,directo
05142,2018,9,21.976,76.446,27.3,,,,SIN_DATO,directo
05142,2018,10,23.685,75.677,36.2,,,,SIN_DATO,directo
05142,2018,12,22.465,85.399,3.7,,,,SIN_DATO,directo
05142,2018,38,22.867,84.28,98.4,,,,SIN_DATO,directo
05142,2018,39,22.423,86.03,172.1,,,,SIN_DATO,directo
05142,2018,40,22.004,85.833,14.6,,,,SIN_DATO,directo
05142,2018,41,21.217,90.006,22.5,,,,SIN_DATO,directo
05142,2018,42,21.657,89.06,26.1,,,,SIN_DATO,directo
05142,2018,43,21.608,91.929,34.8,,,,SIN_DATO,directo
05142,2018,44,21.962,88.952,83.5,,,,SIN_DATO,directo
05142,2018,45,21.551,90.714,68.8,,,,SIN_DATO,directo
05142,2018,46,22.619,86.857,5.0,,,,SIN_DATO,directo
05142,2018,47,22.09,90.071,16.2,,,,SIN_DATO,directo
05142,2018,48,21.735,87.0,29.7,,,,SIN_DATO,directo
05142,2018,49,21.838,82.196,20.4,,,,SIN_DATO,directo
05142,2018,50,22.821,85.351,0.0,,,,SIN_DATO,directo
05142,2018,51,22.564,83.357,8.8,,,,SIN_DATO,directo
05142,2018,52,23.404,82.333,40.7,,,,SIN_DATO,directo
05142,2019,1,23.338,76.417,0.1,,,,SIN_DATO,directo
05142,2019,2,21.394,80.06,22.6,,,,SIN_DATO,directo
05142,2019,3,22.845,80.054,44.3,,,,SIN_DATO,directo
05142,2019,4,23.829,81.113,0.3,,,,SIN_DATO,directo
05142,2019,5,22.188,81.381,0.6,,,,SIN_DATO,directo
05142,2019,6,22.69,79.994,0.2,,,,SIN_DATO,directo
05142,2019,7,23.309,79.643,0.0,,,,SIN_DATO,directo
05142,2019,8,22.799,83.274,0.0,,,,SIN_DATO,directo
05142,2019,9,22.777,80.357,0.0,,,,SIN_DATO,directo
05142,2019,10,23.3,82.399,0.0,916.021,,,SIN_DATO,directo
05142,2019,11,23.519,82.69,0.0,915.83,,,SIN_DATO,directo
05142,2019,12,21.853,86.405,146.7,917.427,,,SIN_DATO,directo
05142,2019,13,22.555,86.185,82.7,916.769,,,SIN_DATO,directo
05142,2019,14,22.603,82.208,52.9,917.917,,,SIN_DATO,directo
05142,2019,15,22.811,86.554,0.2,916.61,,,SIN_DATO,directo
05142,2019,16,22.277,88.702,0.0,916.942,,,SIN_DATO,directo
05142,2019,17,22.558,86.083,0.0,917.023,,,SIN_DATO,directo
05142,2019,18,24.264,82.274,0.0,915.596,,,SIN_DATO,directo
05142,2019,19,22.63,87.226,0.0,916.511,,,SIN_DATO,directo
05142,2019,20,22.345,86.69,0.0,917.222,,,SIN_DATO,directo
05142,2019,21,22.176,88.768,0.0,917.059,,,SIN_DATO,directo
05142,2019,22,21.474,91.958,0.0,917.782,,,SIN_DATO,directo
05142,2019,23,22.932,84.375,0.0,917.314,,,SIN_DATO,directo
05142,2019,24,22.619,88.161,0.0,917.632,,,SIN_DATO,directo
05142,2019,25,23.62,73.149,0.1,916.923,,,SIN_DATO,directo
05142,2019,26,23.277,80.911,13.0,916.336,,,SIN_DATO,directo
05142,2019,27,23.314,78.286,15.2,916.897,,,SIN_DATO,directo
05142,2019,28,22.663,83.268,57.6,917.274,,,SIN_DATO,directo
05142,2019,29,23.298,78.101,46.3,916.664,,,SIN_DATO,directo
05142,2019,30,22.274,83.494,20.4,917.964,,,SIN_DATO,directo
05142,2019,31,23.1,81.458,6.8,916.909,,,SIN_DATO,directo
05142,2019,32,24.036,70.774,1.6,917.943,,,SIN_DATO,directo
05142,2019,33,23.033,77.667,15.8,917.61,,,SIN_DATO,directo
05142,2019,34,24.061,76.208,8.9,917.476,,,SIN_DATO,directo
05142,2019,35,23.389,78.789,135.3,916.629,,,SIN_DATO,directo
05142,2019,36,23.571,80.923,171.9,917.121,,,SIN_DATO,directo
05142,2019,37,23.714,81.535,117.0,916.012,,,SIN_DATO,directo
05142,2019,38,21.492,88.425,107.5,917.358,,,SIN_DATO,directo
05142,2019,39,22.511,83.351,5.1,917.646,,,SIN_DATO,directo
05142,2019,40,22.199,84.72,24.5,917.148,,,SIN_DATO,directo
05142,2019,41,22.049,86.274,15.6,915.915,,,SIN_DATO,directo
05142,2019,42,21.711,85.69,86.8,917.939,,,SIN_DATO,directo
05142,2019,43,21.656,87.711,1.6,916.977,,,SIN_DATO,directo
05142,2019,44,22.829,84.655,47.0,916.217,,,SIN_DATO,directo
05142,2019,45,23.255,84.31,64.2,914.992,,,SIN_DATO,directo
05142,2019,46,21.698,87.458,107.4,916.732,,,SIN_DATO,directo
05142,2019,47,22.025,83.333,17.8,917.182,,,SIN_DATO,directo
05142,2019,48,23.361,84.381,123.8,915.463,,,SIN_DATO,directo
05142,2019,49,22.198,86.321,60.8,917.314,,,SIN_DATO,directo
05142,2019,50,22.132,81.768,3.2,916.403,,,SIN_DATO,directo
05142,2019,51,23.107,84.423,166.7,915.183,,,SIN_DATO,directo
05142,2019,52,23.362,86.28,65.5,915.461,,,SIN_DATO,directo
05142,2020,1,22.255,83.357,21.2,917.763,,,SIN_DATO,directo
05142,2020,2,23.009,73.613,0.1,916.823,,,SIN_DATO,directo
05142,2020,3,24.667,71.161,0.0,915.119,,,SIN_DATO,directo
05142,2020,4,22.073,83.542,29.7,917.595,,,SIN_DATO,directo
05142,2020,5,22.988,77.244,8.9,917.846,,,SIN_DATO,directo
05142,2020,6,24.009,73.786,0.0,917.11,,,SIN_DATO,directo
05142,2020,7,24.624,72.756,1.5,915.703,,,SIN_DATO,directo
05142,2020,8,24.303,77.25,0.7,916.38,,,SIN_DATO,directo
05142,2020,9,23.183,76.351,0.0,917.971,,,SIN_DATO,directo
05142,2020,10,24.405,75.506,0.0,916.737,,,SIN_DATO,directo
05142,2020,11,23.028,81.482,0.0,917.226,,,SIN_DATO,directo
05142,2020,12,23.068,73.631,0.0,918.29,,,SIN_DATO,directo
05142,2020,13,23.862,73.03,0.0,916.535,,,SIN_DATO,directo
05142,2020,14,22.983,85.679,0.0,916.392,,,SIN_DATO,directo
05142,2020,15,23.453,84.874,0.0,916.972,,,SIN_DATO,directo
05142,2020,16,22.278,84.298,0.0,918.441,,,SIN_DATO,directo
05142,2020,17,22.923,85.179,0.0,917.786,,,SIN_DATO,directo
05142,2020,18,23.349,86.095,0.0,917.661,,,SIN_DATO,directo
05142,2020,19,23.807,82.375,0.0,916.67,,,SIN_DATO,directo
05142,2020,20,23.134,87.399,0.0,917.398,,,SIN_DATO,directo
05142,2020,21,23.619,85.101,0.0,917.31,,,SIN_DATO,directo
05142,2020,22,22.237,88.327,0.0,918.043,,,SIN_DATO,directo
05142,2020,23,21.992,88.506,0.0,918.519,,,SIN_DATO,directo
05142,2020,24,22.189,84.815,0.0,918.014,,,SIN_DATO,directo
05142,2020,25,22.282,86.357,0.0,917.635,,,SIN_DATO,directo
05142,2020,26,22.81,85.494,0.0,916.543,,,SIN_DATO,directo
05142,2020,27,21.879,88.607,0.0,916.836,,,SIN_DATO,directo
05142,2020,28,21.677,89.108,0.0,917.657,,,SIN_DATO,directo
05142,2020,29,23.082,79.911,0.0,916.703,,,SIN_DATO,directo
05142,2020,30,21.418,90.137,0.0,917.433,,,SIN_DATO,directo
05142,2020,31,22.999,78.798,0.0,917.161,,,SIN_DATO,directo
05142,2020,32,23.528,70.452,0.0,917.808,,,SIN_DATO,directo
05142,2020,33,23.029,83.745,0.0,915.627,,,SIN_DATO,directo
05142,2020,34,21.793,89.25,0.0,917.61,,,SIN_DATO,directo
05142,2020,35,21.781,86.762,0.0,917.713,,,SIN_DATO,directo
05142,2020,36,22.052,86.683,0.0,917.041,,,SIN_DATO,directo
05142,2020,37,21.488,88.385,0.0,916.888,,,SIN_DATO,directo
05142,2020,38,,,0.0,917.908,,,SIN_DATO,directo
05142,2020,39,,,0.0,917.759,,,SIN_DATO,directo
05142,2020,40,,,0.0,916.167,,,SIN_DATO,directo
05142,2020,41,,,0.0,917.698,,,SIN_DATO,directo
05142,2020,42,,,0.0,915.925,,,SIN_DATO,directo
05142,2020,43,,,0.0,916.882,,,SIN_DATO,directo
05142,2020,44,,,0.0,916.922,,,SIN_DATO,directo
05142,2020,45,,,0.0,916.798,,,SIN_DATO,directo
05142,2020,46,,,0.0,917.704,,,SIN_DATO,directo
05142,2020,47,,,0.0,917.29,,,SIN_DATO,directo
05142,2020,48,,,0.0,916.637,,,SIN_DATO,directo
05142,2020,49,,,0.0,916.833,,,SIN_DATO,directo
05142,2020,51,,,0.0,916.271,,,SIN_DATO,directo
05142,2020,52,,,0.0,916.396,,,SIN_DATO,directo
05142,2021,1,,,0.0,,,,SIN_DATO,directo
05142,2021,2,,,0.0,,,,SIN_DATO,directo
05142,2021,3,,,0.0,,,,SIN_DATO,directo
05142,2021,4,,,0.0,,,,SIN_DATO,directo
05142,2021,5,,,0.0,,,,SIN_DATO,directo
05142,2021,6,,,0.0,,,,SIN_DATO,directo
05142,2021,7,,,0.0,,,,SIN_DATO,directo
05142,2021,8,,,0.0,916.4147499999999,,,SIN_DATO,directo
05142,2021,9,,,0.0,916.4335,,,SIN_DATO,directo
05142,2021,10,,,0.0,,,,SIN_DATO,directo
05142,2021,11,,,0.0,,,,SIN_DATO,directo
05142,2021,12,,,0.0,,,,SIN_DATO,directo
05142,2021,13,,,0.0,,,,SIN_DATO,directo
05142,2021,14,,,0.0,,,,SIN_DATO,directo
05142,2021,15,,,0.0,,,,SIN_DATO,directo
05142,2021,16,,,0.0,,,,SIN_DATO,directo
05142,2021,17,,,0.0,,,,SIN_DATO,directo
05142,2021,18,,,0.0,,,,SIN_DATO,directo
05142,2021,19,23.714,82.562,0.0,,,,SIN_DATO,directo
05142,2021,20,22.751,89.268,0.0,,,,SIN_DATO,directo
05142,2021,21,22.462,89.333,0.0,,,,SIN_DATO,directo
05142,2021,22,22.763,86.506,0.0,,,,SIN_DATO,directo
05142,2021,23,21.743,88.006,0.0,,,,SIN_DATO,directo
05142,2021,24,22.21,88.923,0.0,,,,SIN_DATO,directo
05142,2021,25,21.426,88.101,0.0,,,,SIN_DATO,directo
05142,2021,26,22.373,82.685,0.0,,,,SIN_DATO,directo
05142,2021,27,22.679,84.542,0.0,916.45225,,,SIN_DATO,directo
05142,2021,28,22.832,83.512,0.0,,,,SIN_DATO,directo
05142,2021,29,22.912,77.744,0.0,,,,SIN_DATO,directo
05142,2021,30,22.351,90.667,0.0,,,,SIN_DATO,directo
05142,2021,31,22.738,85.673,0.0,,,,SIN_DATO,directo
05142,2021,32,22.022,0.556,0.0,,,,SIN_DATO,directo
05142,2021,33,21.597,0.09,0.0,,,,SIN_DATO,directo
05142,2021,34,22.301,0.623,0.0,916.471,,,SIN_DATO,directo
05142,2021,35,21.689,0.095,0.0,917.796,,,SIN_DATO,directo
05142,2021,36,21.987,0.94,0.0,918.097,,,SIN_DATO,directo
05142,2021,37,22.548,0.077,0.0,918.351,,,SIN_DATO,directo
05142,2021,38,22.733,0.899,0.0,917.427,,,SIN_DATO,directo
05142,2021,39,22.158,23.28,0.0,916.983,,,SIN_DATO,directo
05142,2021,40,22.156,90.417,0.0,916.139,,,SIN_DATO,directo
05142,2021,41,22.069,91.071,0.0,917.423,,,SIN_DATO,directo
05142,2021,42,21.907,90.44,0.0,918.246,,,SIN_DATO,directo
05142,2021,43,21.423,91.327,0.0,918.109,,,SIN_DATO,directo
05142,2021,44,21.33,32.958,0.0,917.621,,,SIN_DATO,directo
05142,2021,45,21.76,0.593,0.0,917.04,,,SIN_DATO,directo
05142,2021,46,21.792,9.155,0.0,916.442,,,SIN_DATO,directo
05142,2021,47,21.097,0.095,0.0,917.21,,,SIN_DATO,directo
05142,2021,48,22.112,0.049,0.0,916.445,,,SIN_DATO,directo
05142,2021,49,22.339,0.077,0.0,916.194,,,SIN_DATO,directo
05142,2021,50,21.756,0.042,0.0,916.362,,,SIN_DATO,directo
05142,2021,51,22.134,0.03,0.0,917.228,,,SIN_DATO,directo
05142,2021,52,22.157,0.039,0.0,916.845,,,SIN_DATO,directo
05142,2022,1,20.64,0.0,0.0,918.06,,,SIN_DATO,directo
05142,2022,4,21.955,0.049,0.0,917.894,,,SIN_DATO,directo
05142,2022,5,21.669,6.0,0.0,917.233,,,SIN_DATO,directo
05142,2022,6,21.855,0.038,0.0,916.304,,,SIN_DATO,directo
05142,2022,7,21.908,0.417,0.0,917.034,,,SIN_DATO,directo
05142,2022,8,22.333,0.163,0.0,916.963,,,SIN_DATO,directo
05147,2018,25,26.98,84.5,4.2,,,,SIN_DATO,directo
05147,2018,26,25.808,88.24,39.4,,,,SIN_DATO,directo
05147,2018,27,26.31,87.864,45.2,,,,SIN_DATO,directo
05147,2018,28,27.477,86.525,18.2,,,,SIN_DATO,directo
05147,2018,29,25.62,89.4,0.2,,,,SIN_DATO,directo
05147,2018,39,26.102,89.176,94.8,,,,SIN_DATO,directo
05147,2018,40,26.648,85.769,32.4,,,,SIN_DATO,directo
05147,2018,41,25.596,88.254,7.6,,,,SIN_DATO,directo
05147,2019,7,26.0,79.176,0.0,,,,SIN_DATO,directo
05147,2019,8,26.04784,80.56,0.4,,,,SIN_DATO,directo
05147,2019,9,26.09568,78.69,0.0,,,,SIN_DATO,directo
05147,2019,10,26.14352,81.851,2.4,,,,SIN_DATO,directo
05147,2019,11,26.19136,78.482,0.0,,,,SIN_DATO,directo
05147,2019,12,27.477,83.887,22.8,,,,SIN_DATO,directo
05147,2019,13,27.707,84.685,7.2,,,,SIN_DATO,directo
05147,2019,14,27.228,87.78,49.2,,,,SIN_DATO,directo
05147,2019,15,27.824,86.381,45.8,,,,SIN_DATO,directo
05147,2019,16,27.219,89.006,199.6,,,,SIN_DATO,directo
05147,2019,17,28.343,84.476,46.2,938.7611499999999,,,SIN_DATO,directo
05147,2019,18,28.51,87.369,146.6,938.7611499999999,,,SIN_DATO,directo
05147,2019,19,27.695,88.089,165.8,938.7611499999999,,,SIN_DATO,directo
05147,2019,20,26.897,88.661,177.4,938.7611499999999,,,SIN_DATO,directo
05147,2019,21,27.366,88.167,160.4,938.7611499999999,,,SIN_DATO,directo
05147,2019,22,27.392666666666667,87.167,69.2,938.7611499999999,,,SIN_DATO,directo
05147,2019,23,27.419333333333334,88.649,16.4,,,,SIN_DATO,directo
05147,2019,24,27.445999999999998,90.542,89.4,,,,SIN_DATO,directo
05147,2019,25,27.472666666666665,89.911,151.8,,,,SIN_DATO,directo
05147,2019,26,,90.006,33.0,,,,SIN_DATO,directo
05147,2019,27,27.526,89.524,159.2,,,,SIN_DATO,directo
05147,2019,28,26.856,88.601,107.6,,,,SIN_DATO,directo
05147,2019,29,27.557,86.917,80.0,938.7611499999999,,,SIN_DATO,directo
05147,2019,30,26.705,88.577,53.8,938.7611499999999,,,SIN_DATO,directo
05147,2019,31,27.385,89.524,16.6,938.7611499999999,,,SIN_DATO,directo
05147,2019,32,27.196,88.583,118.4,938.7611499999999,,,SIN_DATO,directo
05147,2019,33,26.798,88.31,109.4,938.7611499999999,,,SIN_DATO,directo
05147,2019,34,26.949,89.119,71.8,,,,SIN_DATO,directo
05147,2019,35,27.164,89.62,33.0,,,,SIN_DATO,directo
05147,2019,36,26.614,89.713,129.6,,,,SIN_DATO,directo
05147,2019,37,27.462,88.569,48.6,,,,SIN_DATO,directo
05147,2019,38,25.464,90.212,4.0,,,,SIN_DATO,directo
05147,2019,39,26.399,88.348,36.2,,,,SIN_DATO,directo
05147,2019,40,25.888,88.05,23.6,,,,SIN_DATO,directo
05147,2019,41,26.576,87.222,143.2,,,,SIN_DATO,directo
05147,2019,42,26.174,88.524,87.0,,,,SIN_DATO,directo
05147,2019,43,26.602,86.5,77.6,,,,SIN_DATO,directo
05147,2019,44,26.654,88.552,85.6,,,,SIN_DATO,directo
05147,2019,45,26.386,91.108,13.6,938.7611499999999,,,SIN_DATO,directo
05147,2019,46,26.532,89.2,31.6,938.7611499999999,,,SIN_DATO,directo
05147,2019,47,27.18,86.109,1.4,938.7611499999999,,,SIN_DATO,directo
05147,2019,48,27.159,89.321,57.0,938.7611499999999,,,SIN_DATO,directo
05147,2019,49,26.441,90.464,24.0,938.7611499999999,,,SIN_DATO,directo
05147,2019,50,27.04,87.317,44.4,938.7611499999999,,,SIN_DATO,directo
05147,2019,51,26.819,90.179,46.0,938.7611499999999,,,SIN_DATO,directo
05147,2019,52,26.766,92.012,30.0,938.7611499999999,,,SIN_DATO,directo
05147,2020,1,26.651,88.78,45.4,,,,SIN_DATO,directo
05147,2020,2,27.763,83.717,0.0,938.7611499999999,,,SIN_DATO,directo
05147,2020,3,28.513,83.363,0.0,938.7611499999999,,,SIN_DATO,directo
05147,2020,4,26.685,87.327,19.8,938.7611499999999,,,SIN_DATO,directo
05147,2020,5,27.582,85.174,5.0,938.7611499999999,,,SIN_DATO,directo
05147,2020,6,27.982,83.042,0.2,938.7611499999999,,,SIN_DATO,directo
05147,2020,7,28.179,81.516,0.0,,,,SIN_DATO,directo
05147,2020,8,27.861,83.09,5.2,938.7611499999999,,,SIN_DATO,directo
05147,2020,9,27.557,81.503,17.6,938.7611499999999,,,SIN_DATO,directo
05147,2020,10,27.86,80.202,0.0,938.7611499999999,,,SIN_DATO,directo
05147,2020,11,27.434,81.113,0.6,938.7611499999999,,,SIN_DATO,directo
05147,2020,12,27.754,78.899,30.0,938.7611499999999,,,SIN_DATO,directo
05147,2020,13,28.103,78.97,0.0,,,,SIN_DATO,directo
05147,2020,14,27.29,81.737,18.0,,,,SIN_DATO,directo
05147,2020,15,27.717,79.161,9.6,,,,SIN_DATO,directo
05147,2020,16,27.679,72.476,9.4,,,,SIN_DATO,directo
05147,2020,17,27.286,72.494,51.6,,,,SIN_DATO,directo
05147,2020,18,27.576,72.321,5.2,,,,SIN_DATO,directo
05147,2020,19,27.668,66.387,89.2,,,,SIN_DATO,directo
05147,2020,20,26.92,68.179,75.6,,,,SIN_DATO,directo
05147,2020,21,27.16,69.399,56.8,,,,SIN_DATO,directo
05147,2020,22,26.567,75.357,35.0,,,,SIN_DATO,directo
05147,2020,23,26.589,77.94,27.6,,,,SIN_DATO,directo
05147,2020,24,26.867,80.179,88.8,,,,SIN_DATO,directo
05147,2020,25,26.607,83.083,64.2,,,,SIN_DATO,directo
05147,2020,26,26.1,90.0,0.0,,,,SIN_DATO,directo
05147,2021,16,27.8,82.52,0.0,,,,SIN_DATO,directo
05147,2021,17,26.41,84.881,61.4,,,,SIN_DATO,directo
05147,2021,18,25.427,84.154,4.4,,,,SIN_DATO,directo
05147,2021,19,27.135,84.263,140.6,,,,SIN_DATO,directo
05147,2021,20,26.719,81.268,45.8,,,,SIN_DATO,directo
05147,2021,21,26.656,81.119,181.4,,,,SIN_DATO,directo
05147,2021,22,26.777,83.22,75.6,,,,SIN_DATO,directo
05147,2021,23,25.813,83.107,11.4,,,,SIN_DATO,directo
05147,2021,24,26.923,80.595,11.4,,,,SIN_DATO,directo
05147,2021,25,26.265,80.518,11.4,,,,SIN_DATO,directo
05147,2021,26,26.933,83.482,11.4,,,,SIN_DATO,directo
05147,2021,27,27.185,84.696,11.4,,,,SIN_DATO,directo
05147,2021,28,27.151,86.339,104.1,,,,SIN_DATO,directo
05147,2021,29,27.355,85.851,37.1,,,,SIN_DATO,directo
05147,2021,30,27.552,85.185,28.9,,,,SIN_DATO,directo
05147,2021,31,26.687,83.226,40.4,,,,SIN_DATO,directo
05147,2021,32,26.324,84.375,86.0,,,,SIN_DATO,directo
05147,2021,33,26.451,85.319,76.7,,,,SIN_DATO,directo
05147,2021,34,26.836,86.711,40.3,,,,SIN_DATO,directo
05147,2021,35,26.942,84.548,63.6,,,,SIN_DATO,directo
05147,2021,36,26.252,84.089,76.3,,,,SIN_DATO,directo
05147,2021,37,26.751,83.905,84.3,,,,SIN_DATO,directo
05147,2021,38,26.538,84.756,129.6,,,,SIN_DATO,directo
05147,2021,39,26.892,83.869,152.2,,,,SIN_DATO,directo
05147,2021,40,26.605,83.435,41.6,,,,SIN_DATO,directo
05147,2021,41,27.41,84.369,72.2,,,,SIN_DATO,directo
05147,2021,42,26.939,84.077,33.0,,,,SIN_DATO,directo
05147,2021,43,27.165,83.411,25.8,,,,SIN_DATO,directo
05147,2021,44,27.122,83.411,59.8,,,,SIN_DATO,directo
05147,2021,45,26.832,83.923,25.6,,,,SIN_DATO,directo
05147,2021,46,27.11,83.263,56.4,,,,SIN_DATO,directo
05147,2021,47,26.548,82.631,119.3,,,,SIN_DATO,directo
05147,2021,48,26.822,83.618,25.9,,,,SIN_DATO,directo
05147,2021,49,27.466,83.554,4.1,,,,SIN_DATO,directo
05147,2021,50,26.722,83.077,66.8,,,,SIN_DATO,directo
05147,2021,51,26.72,84.22,4.0,,,,SIN_DATO,directo
05147,2021,52,26.368,82.258,8.7,,,,SIN_DATO,directo
05147,2022,1,24.94,81.0,0.1,,,,SIN_DATO,directo
05147,2022,4,26.692,80.017,1.5,,,,SIN_DATO,directo
05147,2022,5,27.086,77.232,0.5,,,,SIN_DATO,directo
05147,2022,6,26.644,79.16,84.9,,,,SIN_DATO,directo
05147,2022,7,26.919,78.101,29.9,,,,SIN_DATO,directo
05147,2022,8,27.619,75.256,0.0,,,,SIN_DATO,directo
05147,2022,13,26.586,80.948,60.6,,,,SIN_DATO,directo
05147,2022,14,26.621,81.75,160.4,,,,SIN_DATO,directo
05147,2022,15,26.969,82.096,135.7,938.7611499999999,,,SIN_DATO,directo
05147,2022,16,26.535,80.196,117.4,935.00613125,,,SIN_DATO,directo
05147,2022,17,27.091,81.443,148.8,931.2511125,,,SIN_DATO,directo
05147,2022,18,27.086,83.78,13.9,927.49609375,,,SIN_DATO,directo
05147,2022,19,27.117,83.147,13.6,923.7410749999999,,,SIN_DATO,directo
05147,2022,20,26.279,84.406,29.7,,,,SIN_DATO,directo
05147,2022,21,26.477,84.601,14.1,,,,SIN_DATO,directo
05147,2022,22,26.261,84.063,43.5,,,,SIN_DATO,directo
05147,2022,23,25.21,84.232,67.8,908.721,,,SIN_DATO,directo
05147,2022,24,25.847,84.49,37.7,914.555,,,SIN_DATO,directo
05147,2022,25,25.966,86.222,23.9,918.9,,,SIN_DATO,directo
05147,2022,26,26.546,84.553,14.7,924.718,,,SIN_DATO,directo
05147,2022,27,26.995,86.174,0.3,934.282,,,SIN_DATO,directo
05147,2022,28,26.926,85.816,0.0,935.274,,,SIN_DATO,directo
05147,2022,29,26.746,86.184,0.0,938.7611499999999,,,SIN_DATO,directo
05147,2022,30,26.023,86.204,0.1,938.094,,,SIN_DATO,directo
05147,2022,31,26.052,87.025,0.0,938.7611499999999,,,SIN_DATO,directo
05147,2022,32,26.194,87.459,0.0,932.987,,,SIN_DATO,directo
05147,2022,33,26.606,87.035,0.0,932.987,,,SIN_DATO,directo
05147,2022,34,26.261,86.356,0.0,932.987,,,SIN_DATO,directo
05147,2022,35,26.358,84.695,,,,,SIN_DATO,directo
05147,2022,36,26.404,85.702,,,,,SIN_DATO,directo
05147,2022,37,26.57,87.26,,,,,SIN_DATO,directo
05147,2022,38,26.222,88.336,,,,,SIN_DATO,directo
05147,2022,39,27.085,86.348,,,,,SIN_DATO,directo
05147,2022,40,26.864,87.165,,,,,SIN_DATO,directo
05147,2022,41,26.279,86.559,,,,,SIN_DATO,directo
05147,2022,42,26.258,87.253,0.0,932.987,,,SIN_DATO,directo
05147,2022,43,26.477,87.802,0.0,932.987,,,SIN_DATO,directo
05147,2022,44,26.789,87.321,,,,,SIN_DATO,directo
05147,2022,48,26.06,87.65,0.0,,,,SIN_DATO,directo
05147,2022,49,25.241,90.844,0.0,,,,SIN_DATO,directo
05147,2022,50,26.083,89.0,0.0,,,,SIN_DATO,directo
05147,2022,51,27.051,86.089,0.0,,,,SIN_DATO,directo
05147,2022,52,26.596,85.321,0.0,,,,SIN_DATO,directo
05147,2023,1,26.501,84.934,,,,,SIN_DATO,directo
05147,2023,2,25.492,87.982,,,,,SIN_DATO,directo
05147,2023,3,26.582,85.595,0.0,,,,SIN_DATO,directo
05147,2023,4,27.403,84.351,0.0,,,,SIN_DATO,directo
05147,2023,5,26.8,82.774,0.0,,,,SIN_DATO,directo
05147,2023,6,27.815,83.137,0.0,,,,SIN_DATO,directo
05147,2023,7,27.239,84.256,0.0,,,,SIN_DATO,directo
05147,2023,8,27.559,80.554,0.0,,,,SIN_DATO,directo
05147,2023,9,27.342,83.363,0.0,,,,SIN_DATO,directo
05147,2023,10,26.771,82.333,0.0,,,,SIN_DATO,directo
05147,2023,11,27.153,82.743,0.0,,,,SIN_DATO,directo
05154,2018,1,,,0.0,,13.401,,IMPUTADO_PA,directo
05154,2018,2,,,0.0,,26.331,,IMPUTADO_PA,directo
05154,2018,3,,,0.0,,38.838,,IMPUTADO_PA,directo
05154,2018,4,,,0.0,,37.934,,IMPUTADO_PA,directo
05154,2018,5,,,0.0,,29.974,,IMPUTADO_PA,directo
05154,2018,6,,,3.6,,38.182,,IMPUTADO_PA,directo
05154,2018,7,,,1.2,,33.37,,IMPUTADO_PA,directo
05154,2018,8,,,0.0,,42.0,,IMPUTADO_PA,directo
05154,2018,9,,,1.2,,30.92,,IMPUTADO_PA,directo
05154,2018,10,,,4.4,,23.073,,IMPUTADO_PA,directo
05154,2018,11,,,4.300000000000001,,31.485,,IMPUTADO_PA,directo
05154,2018,12,,,4.2,,0.0,,IMPUTADO_PA,directo
05154,2018,13,,,0.4,,32.057,,IMPUTADO_PA,directo
05154,2018,14,,,0.0,,0.0,,IMPUTADO_PA,directo
05154,2018,15,,,14.9,,6.436,,IMPUTADO_PA,directo
05154,2018,16,,,87.8,,32.895,,IMPUTADO_PA,directo
05154,2018,17,,,3.0,,33.209,,IMPUTADO_PA,directo
05154,2018,18,,,92.8,,13.26,,IMPUTADO_PA,directo
05154,2018,19,,,99.8,,18.738,,IMPUTADO_PA,directo
05154,2018,20,,,93.8,,44.071,,IMPUTADO_PA,directo
05154,2018,21,,,2.5,,21.512,,IMPUTADO_PA,directo
05154,2018,22,,,1.4,,54.683,,IMPUTADO_PA,directo
05154,2018,23,,,0.7,,27.377,,IMPUTADO_PA,directo
05154,2018,24,,,0.8,,32.363,,IMPUTADO_PA,directo
05154,2018,25,,,3.3,,47.068,,IMPUTADO_PA,directo
05154,2018,26,,,1.1,,28.994,,IMPUTADO_PA,directo
05154,2018,27,,,0.0,,15.208,,IMPUTADO_PA,directo
05154,2018,28,,,0.0,,26.065,,IMPUTADO_PA,directo
05154,2018,29,,,0.0,,26.967,,IMPUTADO_PA,directo
05154,2018,30,,,0.0,,10.799,,IMPUTADO_PA,directo
05154,2018,31,,,0.0,,24.288,,IMPUTADO_PA,directo
05154,2018,32,,,0.0,,18.372,,IMPUTADO_PA,directo
05154,2018,33,,,0.0,,38.644,,IMPUTADO_PA,directo
05154,2018,34,,,0.0,,27.821,,IMPUTADO_PA,directo
05154,2018,35,,,0.0,,23.96,,IMPUTADO_PA,directo
05154,2018,36,,,0.0,,26.108,,IMPUTADO_PA,directo
05154,2018,37,,,0.0,,30.114,,IMPUTADO_PA,directo
05154,2018,38,,,0.0,,34.903,,IMPUTADO_PA,directo
05154,2018,39,,,0.0,,15.24,,IMPUTADO_PA,directo
05154,2018,40,,,0.0,,14.73,,IMPUTADO_PA,directo
05154,2018,41,,,0.5,,40.837,,IMPUTADO_PA,directo
05154,2018,42,,,11.6,,22.384,,IMPUTADO_PA,directo
05154,2018,43,,,5.9,,10.166,,IMPUTADO_PA,directo
05154,2018,44,,,0.0,,32.799,,IMPUTADO_PA,directo
05154,2018,45,,,0.0,,33.036,,IMPUTADO_PA,directo
05154,2018,46,,,0.0,,8.78,,IMPUTADO_PA,directo
05154,2018,47,,,0.0,,30.191,,IMPUTADO_PA,directo
05154,2018,48,,,0.0,,36.348,,IMPUTADO_PA,directo
05154,2018,49,,,0.0,,31.954,,IMPUTADO_PA,directo
05154,2018,50,,,0.0,,35.087,,IMPUTADO_PA,directo
05154,2018,51,,,0.0,,10.319,,IMPUTADO_PA,directo
05154,2018,52,,,0.0,,31.427,,IMPUTADO_PA,directo
05154,2019,1,,,0.0,,23.369,,IMPUTADO_PA,directo
05154,2019,2,,,0.1,,21.177,,IMPUTADO_PA,directo
05154,2019,3,,,0.0,,37.639,,IMPUTADO_PA,directo
05154,2019,4,,,0.0,,45.044,,IMPUTADO_PA,directo
05154,2019,5,,,0.0,,48.877,,IMPUTADO_PA,directo
05154,2019,6,,,0.0,,43.043,,IMPUTADO_PA,directo
05154,2019,7,,,0.0,,25.715,,IMPUTADO_PA,directo
05154,2019,8,,,0.0,,31.34,,IMPUTADO_PA,directo
05154,2019,9,,,0.0,,36.378,,IMPUTADO_PA,directo
05154,2019,10,21.762,93.268,10.8,,28.524,8.036,IMPUTADO_PA,directo
05154,2019,11,22.332,90.982,3.0,,28.641,6.582,IMPUTADO_PA,directo
05154,2019,12,20.862,95.941,22.8,,37.07,9.372,IMPUTADO_PA,directo
05154,2019,13,20.9303,95.84985,1.0,,26.329,3.78,IMPUTADO_PA,directo
05154,2019,14,20.9986,95.7587,11.4,,18.179,10.481,IMPUTADO_PA,directo
05154,2019,15,21.0669,95.66755,6.2,,22.008,3.887,IMPUTADO_PA,directo
05154,2019,16,21.135199999999998,95.5764,19.6,,34.761,13.708,IMPUTADO_PA,directo
05154,2019,17,,,0.4,,27.086,2.039,IMPUTADO_PA,directo
05154,2019,18,,,1.4,,31.188,4.204,IMPUTADO_PA,directo
05154,2019,19,,,10.6,,35.201,9.45,IMPUTADO_PA,directo
05154,2019,20,,,129.2,,22.49,13.782,IMPUTADO_PA,directo
05154,2019,21,,,227.0,,36.249,9.095,IMPUTADO_PA,directo
05154,2019,22,,,91.0,,31.658,9.956,IMPUTADO_PA,directo
05154,2019,23,,,44.0,,12.03,8.061,IMPUTADO_PA,directo
05154,2019,24,,,74.2,,44.594,4.434,IMPUTADO_PA,directo
05154,2019,25,,,0.4,,20.959,6.297,IMPUTADO_PA,directo
05154,2019,26,,,49.2,,6.917,3.789,IMPUTADO_PA,directo
05154,2019,27,,,1.0,,14.338,3.557,IMPUTADO_PA,directo
05154,2019,28,,,67.8,,14.63,9.396,IMPUTADO_PA,directo
05154,2019,29,,,42.4,,27.685,4.098,IMPUTADO_PA,directo
05154,2019,30,,,36.6,,23.719,9.11,IMPUTADO_PA,directo
05154,2019,31,,,0.0,,22.953,3.477,IMPUTADO_PA,directo
05154,2019,32,22.228,94.118,40.2,,34.588,9.03,IMPUTADO_PA,directo
05154,2019,33,21.365,95.208,4.6,,31.184,6.302,IMPUTADO_PA,directo
05154,2019,34,22.17,93.071,23.8,,30.894,12.887,IMPUTADO_PA,directo
05154,2019,35,21.968,92.426,40.6,,32.035,9.125,IMPUTADO_PA,directo
05154,2019,36,21.774,92.381,47.4,,34.545,12.294,IMPUTADO_PA,directo
05154,2019,37,22.502,92.806,99.0,,1.409,5.374,IMPUTADO_PA,directo
05154,2019,38,20.602,94.95,19.4,,22.617,8.195,IMPUTADO_PA,directo
05154,2019,39,21.37,93.786,1.7,,0.53,4.591,IMPUTADO_PA,directo
05154,2019,40,21.055,94.339,4.6,,27.489,6.563,IMPUTADO_PA,directo
05154,2019,41,20.808,95.18,0.4,,26.994,7.089,IMPUTADO_PA,directo
05154,2019,42,20.708,93.28,30.0,,39.768,5.478,IMPUTADO_PA,directo
05154,2019,43,20.657,94.235,109.2,,41.496,3.777,IMPUTADO_PA,directo
05154,2019,44,21.704,93.28,4.0,,29.517,3.089,IMPUTADO_PA,directo
05154,2019,45,21.614,91.869,21.8,,20.964,0.035349999999999944,IMPUTADO_PA,directo
05154,2019,46,21.051,93.071,16.6,,32.951,4.33,IMPUTADO_PA,directo
05154,2019,47,20.802,93.179,4.8,,20.628,10.18,IMPUTADO_PA,directo
05154,2019,48,21.88,92.964,31.0,,27.033,2.446,IMPUTADO_PA,directo
05154,2019,49,21.513,94.292,45.6,,39.045,3.246,IMPUTADO_PA,directo
05154,2019,50,21.336,92.0,15.6,,20.265,14.223,IMPUTADO_PA,directo
05154,2019,51,21.649,95.315,4.6,,36.85,5.788,IMPUTADO_PA,directo
05154,2019,52,21.513,96.958,1.2,,35.29,9.115,IMPUTADO_PA,directo
05154,2020,1,21.531,91.589,0.0,,12.016,,SISAIRE_DIRECTO,directo
05154,2020,2,22.127,85.714,0.0,,22.051,,SISAIRE_DIRECTO,directo
05154,2020,3,23.235,89.946,0.0,,18.607,,SISAIRE_DIRECTO,directo
05154,2020,4,20.555,96.128,0.2,,0.0,,SISAIRE_DIRECTO,directo
05154,2020,5,21.284,90.44,0.2,,8.268,,SISAIRE_DIRECTO,directo
05154,2020,6,22.67,86.839,0.0,,32.824,,SISAIRE_DIRECTO,directo
05154,2020,7,22.527,90.25,0.0,,3.345,,SISAIRE_DIRECTO,directo
05154,2020,8,22.683,90.792,0.4,,0.0,,SISAIRE_DIRECTO,directo
05154,2020,9,21.543,90.524,0.0,,6.978,,SISAIRE_DIRECTO,directo
05154,2020,10,22.41,90.601,0.0,,25.106,,SISAIRE_DIRECTO,directo
05154,2020,11,21.469,92.381,0.0,,43.478,,SISAIRE_DIRECTO,directo
05154,2020,12,22.24,83.911,1.0,,38.091,,SISAIRE_DIRECTO,directo
05154,2020,13,22.805,84.11,0.0,,53.375,,SISAIRE_DIRECTO,directo
05154,2020,14,21.831,93.75,0.0,,52.13709677419355,,SIN_DATO,directo
05154,2020,15,22.577,92.927,0.0,,50.899193548387096,,SIN_DATO,directo
05154,2020,16,22.232,88.345,3.8,,49.66129032258065,,SIN_DATO,directo
05154,2020,17,22.023,92.583,10.0,,48.42338709677419,,SIN_DATO,directo
05154,2020,18,22.312,94.429,0.0,,,,SIN_DATO,directo
05154,2020,19,22.746,93.232,28.4,,,,SIN_DATO,directo
05154,2020,20,22.018,94.976,3.4,,,,SIN_DATO,directo
05154,2020,21,22.366,94.256,6.4,,,,SIN_DATO,directo
05154,2020,22,21.205,96.625,0.0,,,,SIN_DATO,directo
05154,2020,23,21.611,93.131,0.4,,,,SIN_DATO,directo
05154,2020,24,21.332,92.399,0.0,,,,SIN_DATO,directo
05154,2020,25,21.429,93.524,36.5,,,,SIN_DATO,directo
05154,2020,26,21.4,89.0,0.6,,,,SIN_DATO,directo
05154,2020,27,21.37351111111111,89.08704444444444,79.4,,,,SIN_DATO,directo
05154,2020,28,21.347022222222222,89.17408888888889,39.6,,,,SIN_DATO,directo
05154,2020,29,21.320533333333334,89.26113333333333,0.6,,,,SIN_DATO,directo
05154,2020,30,21.29404444444444,89.34817777777778,0.8,,,,SIN_DATO,directo
05154,2020,31,,,1.2,,,,SIN_DATO,directo
05154,2020,32,,,7.4,,,,SIN_DATO,directo
05154,2020,33,,,39.0,,,,SIN_DATO,directo
05154,2020,34,,,33.6,,,,SIN_DATO,directo
05154,2020,35,,,0.8,,,,SIN_DATO,directo
05154,2020,36,,,0.8,,,,SIN_DATO,directo
05154,2020,37,,,0.6,,,,SIN_DATO,directo
05154,2020,38,,,1.0,,,,SIN_DATO,directo
05154,2020,39,,,0.6,,,,SIN_DATO,directo
05154,2020,40,,,0.0,,,,SIN_DATO,directo
05154,2020,41,,,0.4,,,,SIN_DATO,directo
05154,2020,42,,,1.2,,,,SIN_DATO,directo
05154,2020,43,,,0.0,,,,SIN_DATO,directo
05154,2020,44,,,0.0,,15.0,,SISAIRE_DIRECTO,directo
05154,2020,45,,,0.0,,16.858,,SISAIRE_DIRECTO,directo
05154,2020,46,,,0.0,,15.328,,SISAIRE_DIRECTO,directo
05154,2020,47,,,0.0,,15.445,,SISAIRE_DIRECTO,directo
05154,2020,48,,,0.8,,19.132,,SISAIRE_DIRECTO,directo
05154,2020,49,,,0.0,,19.821,,SISAIRE_DIRECTO,directo
05154,2020,50,,,0.0,,29.884,,SISAIRE_DIRECTO,directo
05154,2020,51,,,0.0,,33.907,,SISAIRE_DIRECTO,directo
05154,2020,52,,,1.0,,31.825,,SISAIRE_DIRECTO,directo
05154,2020,53,,,0.0,,32.641,,SISAIRE_DIRECTO,directo
05154,2021,1,,,0.0,,32.729,,SISAIRE_DIRECTO,directo
05154,2021,2,,,0.0,,38.922,,SISAIRE_DIRECTO,directo
05154,2021,3,,,0.0,,52.954,,SISAIRE_DIRECTO,directo
05154,2021,4,,,0.0,,54.926,,SISAIRE_DIRECTO,directo
05154,2021,5,,,0.0,,66.08268,,SISAIRE_DIRECTO,directo
05154,2021,6,,,0.0,,60.203786666666666,,SIN_DATO,directo
05154,2021,7,,,0.0,,54.32489333333333,,SIN_DATO,directo
05154,2021,8,,,0.2,,48.446,,SISAIRE_DIRECTO,directo
05154,2021,9,,,0.0,,49.657,,SISAIRE_DIRECTO,directo
05154,2021,10,,,1.0,,33.748,,SISAIRE_DIRECTO,directo
05154,2021,11,,,41.2,,31.932,,SISAIRE_DIRECTO,directo
05154,2021,12,,,12.0,,31.166,,SISAIRE_DIRECTO,directo
05154,2021,13,,,0.0,,39.715,,SISAIRE_DIRECTO,directo
05154,2021,14,,,2.2,,24.484,,SISAIRE_DIRECTO,directo
05154,2021,15,,,2.0,,26.448,,SISAIRE_DIRECTO,directo
05154,2021,16,,,0.0,,40.252,,SISAIRE_DIRECTO,directo
05154,2021,17,,,0.0,,31.006,,SISAIRE_DIRECTO,directo
05154,2021,18,20.208,92.917,0.6,,16.975,,SISAIRE_DIRECTO,directo
05154,2021,19,21.696,94.92,0.0,,17.625,,SISAIRE_DIRECTO,directo
05154,2021,20,21.349,94.815,0.0,,20.15425,,SIN_DATO,directo
05154,2021,21,21.429,92.583,0.0,,22.683500000000002,,SIN_DATO,directo
05154,2021,22,21.323,92.815,0.0,,25.21275,,SIN_DATO,directo
05154,2021,23,20.692,94.75,0.0,,27.742,,SISAIRE_DIRECTO,directo
05154,2021,24,21.335,92.286,0.0,,23.117,,SISAIRE_DIRECTO,directo
05154,2021,25,20.701,90.917,0.0,,16.241,,SISAIRE_DIRECTO,directo
05154,2021,26,20.982,94.613,0.0,,19.062,,SISAIRE_DIRECTO,directo
05154,2021,27,21.242,93.899,0.0,,20.831,,SISAIRE_DIRECTO,directo
05154,2021,28,21.692,91.792,0.0,,27.132,,SISAIRE_DIRECTO,directo
05154,2021,29,22.177,92.577,0.0,,30.434,,SISAIRE_DIRECTO,directo
05154,2021,30,21.232,93.738,0.0,,24.5,,SISAIRE_DIRECTO,directo
05154,2021,31,21.41,93.357,0.0,,25.094,,SISAIRE_DIRECTO,directo
05154,2021,32,20.958,94.674,0.0,,19.407,,SISAIRE_DIRECTO,directo
05154,2021,33,20.674,95.035,15.8,,16.2,,SISAIRE_DIRECTO,directo
05154,2021,34,21.085,93.516,26.4,,20.857,,SISAIRE_DIRECTO,directo
05154,2021,35,20.931,93.327,41.2,,20.308,,SISAIRE_DIRECTO,directo
05154,2021,36,20.895,93.53,53.8,,18.483,,SISAIRE_DIRECTO,directo
05154,2021,37,21.252,93.726,80.0,,22.411,,SISAIRE_DIRECTO,directo
05154,2021,38,21.558,93.31,1.0,,21.593,,SISAIRE_DIRECTO,directo
05154,2021,39,20.83,93.19,22.6,,21.006,,SISAIRE_DIRECTO,directo
05154,2021,40,21.224,93.351,156.0,,20.454,,SISAIRE_DIRECTO,directo
05154,2021,41,21.026,94.762,4.6,,19.525,,SISAIRE_DIRECTO,directo
05154,2021,42,21.081,93.838,20.0,,18.93,,SISAIRE_DIRECTO,directo
05154,2021,43,20.876,92.833,20.6,,16.761,,SISAIRE_DIRECTO,directo
05154,2021,44,20.546,94.411,9.8,,14.977,,SISAIRE_DIRECTO,directo
05154,2021,45,21.064,93.024,1.2,,33.225,,SISAIRE_DIRECTO,directo
05154,2021,46,21.24,92.655,20.8,,24.899,,SISAIRE_DIRECTO,directo
05154,2021,47,20.333,94.804,10.6,,19.968,,SISAIRE_DIRECTO,directo
05154,2021,48,21.016,95.215,39.8,,30.994,,SISAIRE_DIRECTO,directo
05154,2021,49,21.178,95.316,0.0,,44.573,,SISAIRE_DIRECTO,directo
05154,2021,50,21.2,92.951,0.2,,37.488,,SISAIRE_DIRECTO,directo
05154,2021,51,21.235,93.561,16.8,,29.83,,SISAIRE_DIRECTO,directo
05154,2021,52,21.289,93.931,0.0,,35.503,,SISAIRE_DIRECTO,directo
05154,2022,1,,,0.0,,39.405,,SISAIRE_DIRECTO,directo
05154,2022,2,,,0.0,,31.603,,SISAIRE_DIRECTO,directo
05154,2022,3,,,0.0,,44.698,,SISAIRE_DIRECTO,directo
05154,2022,4,,,0.0,,43.293,,SISAIRE_DIRECTO,directo
05154,2022,5,,,0.0,,42.978,,SISAIRE_DIRECTO,directo
05154,2022,6,,,8.6,,38.541,,SISAIRE_DIRECTO,directo
05154,2022,7,,,0.2,,53.363,,SISAIRE_DIRECTO,directo
05154,2022,8,,,0.0,,52.973,,SISAIRE_DIRECTO,directo
05154,2022,9,,,0.16,,29.59,,SISAIRE_DIRECTO,directo
05154,2022,10,,,0.32,,33.91,,SISAIRE_DIRECTO,directo
05154,2022,11,,,0.48,,52.006,,SISAIRE_DIRECTO,directo
05154,2022,12,,,0.64,,52.416,,SISAIRE_DIRECTO,directo
05154,2022,13,,,0.8,,27.493,,SISAIRE_DIRECTO,directo
05154,2022,14,,,7.2,,28.159,,SISAIRE_DIRECTO,directo
05154,2022,15,,,0.4,,26.592,,SISAIRE_DIRECTO,directo
05154,2022,16,,,46.2,,15.0,,SISAIRE_DIRECTO,directo
05154,2022,17,,,69.4,,16.748,,SISAIRE_DIRECTO,directo
05154,2022,18,,,9.7,,24.143,,SISAIRE_DIRECTO,directo
05154,2022,19,,,5.5,,15.848,,SISAIRE_DIRECTO,directo
05154,2022,20,,,1.8,,20.79,,SISAIRE_DIRECTO,directo
05154,2022,21,,,0.0,,17.962,,SISAIRE_DIRECTO,directo
05154,2022,22,,,0.0,,15.375,,SISAIRE_DIRECTO,directo
05154,2022,23,,,0.0,,14.818,,SISAIRE_DIRECTO,directo
05154,2022,24,20.082,92.98,0.0,,13.368,,SISAIRE_DIRECTO,directo
05154,2022,25,20.389,92.076,0.0,,14.335,,SISAIRE_DIRECTO,directo
05154,2022,26,20.198,92.626,1.3777777777777778,,14.386,,SISAIRE_DIRECTO,directo
05154,2022,27,21.28,91.141,2.7555555555555555,,16.374,,SISAIRE_DIRECTO,directo
05154,2022,28,21.133,91.675,4.133333333333333,,27.379,,SISAIRE_DIRECTO,directo
05154,2022,29,20.896,91.282,5.511111111111111,,14.673,,SISAIRE_DIRECTO,directo
05154,2022,30,20.725,92.357,91.4,,17.465,,SISAIRE_DIRECTO,directo
05154,2022,31,20.64,92.195,123.3,,16.833,,SISAIRE_DIRECTO,directo
05154,2022,33,21.385,89.4,117.9,,22.375,,SISAIRE_DIRECTO,directo
05154,2022,34,19.916,91.958,103.1,,16.421,,SISAIRE_DIRECTO,directo
05154,2022,38,20.166,89.093,12.4,,15.774714285714285,,SIN_DATO,directo
05154,2022,39,20.794,88.348,48.8,,15.128428571428572,,SIN_DATO,directo
05154,2022,40,20.52,89.214,23.8,,14.482142857142858,,SIN_DATO,directo
05154,2022,41,20.996,87.411,28.4,,13.835857142857144,,SIN_DATO,directo
05154,2022,42,20.59,89.379,69.4,,,,SIN_DATO,directo
05154,2022,43,20.102,90.667,6.8,,,,SIN_DATO,directo
05154,2022,44,20.562,89.196,2.8,,11.897,,SISAIRE_DIRECTO,directo
05154,2022,45,,,7.3999999999999995,,12.902,,SISAIRE_DIRECTO,directo
05154,2022,46,,,12.0,,15.422,,SISAIRE_DIRECTO,directo
05154,2022,47,,,16.599999999999998,,15.442,,SISAIRE_DIRECTO,directo
05154,2022,48,20.673,83.517,21.2,,22.203,,SISAIRE_DIRECTO,directo
05154,2022,49,18.809,84.375,0.0,,35.714,,SISAIRE_DIRECTO,directo
05154,2022,50,20.68,86.644,0.0,,32.145,,SISAIRE_DIRECTO,directo
05154,2022,51,21.15,85.613,15.0,,42.613,,SISAIRE_DIRECTO,directo
05154,2022,52,20.384,85.611,0.0,,33.796,,SIN_DATO,directo
05154,2023,1,,,0.0,,24.979,,SISAIRE_DIRECTO,directo
05154,2023,2,,,0.0,,22.892,,SISAIRE_DIRECTO,directo
05154,2023,3,20.479,85.155,0.0,,36.376,,SISAIRE_DIRECTO,directo
05154,2023,4,21.023,84.94,0.0,,45.015,,SISAIRE_DIRECTO,directo
05154,2023,5,20.711,83.333,0.0,,42.396,,SISAIRE_DIRECTO,directo
05154,2023,6,21.264,86.804,0.0,,50.366,,SISAIRE_DIRECTO,directo
05154,2023,7,21.023,85.137,0.2,,39.306,,SISAIRE_DIRECTO,directo
05154,2023,8,21.214,83.423,0.0,,47.477,,SISAIRE_DIRECTO,directo
05154,2023,9,21.359,85.53,0.0,,44.0,,SISAIRE_DIRECTO,directo
05154,2023,10,20.19,84.321,0.0,,39.878,,SISAIRE_DIRECTO,directo
05154,2023,11,19.95,83.634,1.8,,34.367,,SISAIRE_DIRECTO,directo
05154,2023,12,,,1.44,,46.125,,SISAIRE_DIRECTO,directo
05154,2023,13,,,1.08,,47.935,,SISAIRE_DIRECTO,directo
05154,2023,14,,,0.72,,43.291,,SISAIRE_DIRECTO,directo
05154,2023,15,,,0.3600000000000001,,38.423,,SISAIRE_DIRECTO,directo
05154,2023,16,,,0.0,,36.776,,SISAIRE_DIRECTO,directo
05154,2023,17,,,0.0,,27.3,,SISAIRE_DIRECTO,directo
05154,2023,18,,,0.0,,41.543,,SISAIRE_DIRECTO,directo
05154,2023,19,,,0.0,,38.333,,SISAIRE_DIRECTO,directo
05154,2023,20,,,0.0,,30.108,,SISAIRE_DIRECTO,directo
05154,2023,21,,,100.7,,18.061,,SISAIRE_DIRECTO,directo
05154,2023,22,,,121.2,,18.209,,SISAIRE_DIRECTO,directo
05154,2023,23,,,114.8,,18.586,,SISAIRE_DIRECTO,directo
05154,2023,24,,,32.6,,18.625,,SISAIRE_DIRECTO,directo
05154,2023,27,,,138.3,,16.821,,SISAIRE_DIRECTO,directo
05154,2023,28,,,36.5,,16.878,,SISAIRE_DIRECTO,directo
05154,2023,29,,,6.4,,26.475,,SISAIRE_DIRECTO,directo
05154,2023,30,,,104.4,,23.484,,SISAIRE_DIRECTO,directo
05154,2023,31,,,24.0,,18.716,,SISAIRE_DIRECTO,directo
05154,2023,32,,,26.7,,18.472,,SISAIRE_DIRECTO,directo
05154,2023,33,,,16.4,,22.682,,SISAIRE_DIRECTO,directo
05154,2023,34,,,16.6,,15.238,,SISAIRE_DIRECTO,directo
05154,2023,35,,,15.4,,19.16,,SISAIRE_DIRECTO,directo
05154,2023,36,,,35.4,,21.58,,SISAIRE_DIRECTO,directo
05154,2023,37,,,3.2,,20.034,,SISAIRE_DIRECTO,directo
05154,2023,38,,,6.4,,21.531,,SISAIRE_DIRECTO,directo
05154,2023,39,,,30.8,,21.362,,SISAIRE_DIRECTO,directo
05154,2023,40,,,22.4,,18.778,,SISAIRE_DIRECTO,directo
05154,2023,41,,,12.3,,24.46,,SISAIRE_DIRECTO,directo
05154,2023,42,,,39.6,,22.252,,SISAIRE_DIRECTO,directo
05154,2023,43,,,16.4,,20.906,,SISAIRE_DIRECTO,directo
05154,2023,44,,,14.2,,18.012,,SISAIRE_DIRECTO,directo
05154,2023,45,,,12.7,,19.75,,SISAIRE_DIRECTO,directo
05154,2023,46,,,17.2,,19.493,,SISAIRE_DIRECTO,directo
05154,2023,47,,,21.0,,19.764,,SISAIRE_DIRECTO,directo
05154,2023,48,,,0.1,,32.65,,SISAIRE_DIRECTO,directo
05154,2023,49,,,0.0,,32.711,,SISAIRE_DIRECTO,directo
05154,2023,50,,,0.0,,25.592,,SISAIRE_DIRECTO,directo
05154,2023,51,,,0.0,,20.15,,SISAIRE_DIRECTO,directo
05154,2023,52,,,0.0,,23.335,,SISAIRE_DIRECTO,directo
05172,2018,1,25.872,84.405,61.0,,,,SIN_DATO,directo
05172,2018,2,25.055,87.565,117.9,,,,SIN_DATO,directo
05172,2018,3,25.436,86.679,13.8,,,,SIN_DATO,directo
05172,2018,4,26.879,82.75,14.6,938.7611499999999,,,SIN_DATO,directo
05172,2018,5,27.206,77.185,0.2,938.7611499999999,,,SIN_DATO,directo
05172,2018,6,27.062,75.701,0.0,938.7611499999999,,,SIN_DATO,directo
05172,2018,7,27.223,74.786,0.2,938.7611499999999,,,SIN_DATO,directo
05172,2018,8,27.245,72.701,0.0,938.7611499999999,,,SIN_DATO,directo
05172,2018,9,26.715,70.607,0.0,938.7611499999999,,,SIN_DATO,directo
05172,2018,10,27.203,74.09,1.3,,,,SIN_DATO,directo
05172,2018,11,27.237,76.207,8.8,,,,SIN_DATO,directo
05172,2018,12,27.162,76.798,0.0,,,,SIN_DATO,directo
05172,2018,13,27.405,73.671,4.5,,,,SIN_DATO,directo
05172,2018,14,27.194,74.18,12.8,,,,SIN_DATO,directo
05172,2018,15,26.638,79.399,54.7,,,,SIN_DATO,directo
05172,2018,16,26.787,83.786,65.9,,,,SIN_DATO,directo
05172,2018,17,25.565,88.238,36.5,,,,SIN_DATO,directo
05172,2018,18,25.623,87.583,1.3,,,,SIN_DATO,directo
05172,2018,19,25.443,86.655,0.7,,,,SIN_DATO,directo
05172,2018,20,25.431,84.916,2.4,,,,SIN_DATO,directo
05172,2018,21,26.29,87.681,33.4,,,,SIN_DATO,directo
05172,2018,22,26.842,87.56,63.3,,,,SIN_DATO,directo
05172,2018,23,26.751,89.56,66.5,,,,SIN_DATO,directo
05172,2018,24,26.793,87.732,109.3,,,,SIN_DATO,directo
05172,2018,25,26.447,87.926,58.2,,,,SIN_DATO,directo
05172,2018,26,26.09,87.333,83.8,,,,SIN_DATO,directo
05172,2018,27,26.87,86.935,52.9,,,,SIN_DATO,directo
05172,2018,28,27.14,87.458,115.0,,,,SIN_DATO,directo
05172,2018,29,26.989,89.977,10.6,,,,SIN_DATO,directo
05172,2018,30,26.24,91.774,87.4,,,,SIN_DATO,directo
05172,2018,31,26.535,89.774,51.0,,,,SIN_DATO,directo
05172,2018,32,28.032,89.417,40.5,,,,SIN_DATO,directo
05172,2018,33,26.897,90.256,53.9,,,,SIN_DATO,directo
05172,2018,34,27.456,90.732,32.4,,,,SIN_DATO,directo
05172,2018,35,27.201,92.25,46.9,,,,SIN_DATO,directo
05172,2018,36,26.814,92.417,83.2,,,,SIN_DATO,directo
05172,2018,37,26.598,92.179,125.7,,,,SIN_DATO,directo
05172,2018,38,27.838,88.964,21.0,,,,SIN_DATO,directo
05172,2018,39,26.42,94.887,64.9,,,,SIN_DATO,directo
05172,2018,40,27.317,87.94,4.9,,,,SIN_DATO,directo
05172,2018,41,26.602,87.405,1.0,,,,SIN_DATO,directo
05172,2018,42,26.379,93.036,5.0,,,,SIN_DATO,directo
05172,2018,43,26.946,91.113,0.2,,,,SIN_DATO,directo
05172,2018,44,26.082,96.161,0.0,,,,SIN_DATO,directo
05172,2018,45,26.904,93.327,0.0,,,,SIN_DATO,directo
05172,2018,46,26.848,95.494,0.0,,,,SIN_DATO,directo
05172,2018,47,26.867,93.661,0.0,,,,SIN_DATO,directo
05172,2018,48,26.766,91.958,0.4,,,,SIN_DATO,directo
05172,2018,49,26.785,92.077,22.0,,,,SIN_DATO,directo
05172,2018,50,27.752,88.161,40.0,,,,SIN_DATO,directo
05172,2018,51,27.39,89.423,27.2,,,,SIN_DATO,directo
05172,2018,52,28.158,85.137,0.0,,,,SIN_DATO,directo
05172,2019,1,28.076,83.935,0.0,938.7611499999999,,,SIN_DATO,directo
05172,2019,2,27.18,82.821,7.4,938.7611499999999,,,SIN_DATO,directo
05172,2019,3,27.749,84.53,0.0,938.7611499999999,,,SIN_DATO,directo
05172,2019,4,27.961,83.756,0.0,938.7611499999999,,,SIN_DATO,directo
05172,2019,5,27.803,80.75,0.0,938.7611499999999,,,SIN_DATO,directo
05172,2019,6,28.337,78.494,0.0,,,,SIN_DATO,directo
05172,2019,7,28.347,79.167,0.0,,,,SIN_DATO,directo
05172,2019,8,28.605,80.512,0.1,,,,SIN_DATO,directo
05172,2019,9,28.659,78.756,0.1,,,,SIN_DATO,directo
05172,2019,10,28.005,83.268,1.7,,,,SIN_DATO,directo
05172,2019,11,28.571,78.315,0.2,,,,SIN_DATO,directo
05172,2019,12,27.477,86.298,123.7,,,,SIN_DATO,directo
05172,2019,13,27.707,86.625,1.6,,,,SIN_DATO,directo
05172,2019,14,27.228,92.089,145.1,,,,SIN_DATO,directo
05172,2019,15,27.824,90.399,142.6,,,,SIN_DATO,directo
05172,2019,16,27.219,93.855,262.5,,,,SIN_DATO,directo
05172,2019,17,28.343,87.649,84.4,938.7611499999999,,,SIN_DATO,directo
05172,2019,18,28.51,92.536,19.8,938.7611499999999,,,SIN_DATO,directo
05172,2019,19,27.695,92.875,144.4,938.7611499999999,,,SIN_DATO,directo
05172,2019,20,26.897,93.072,135.8,938.7611499999999,,,SIN_DATO,directo
05172,2019,21,27.366,12.234,97.2,938.7611499999999,,,SIN_DATO,directo
05172,2019,22,27.392666666666667,0.0,35.4,938.7611499999999,,,SIN_DATO,directo
05172,2019,23,27.419333333333334,0.0,42.2,,,,SIN_DATO,directo
05172,2019,24,27.445999999999998,0.0,5.2,,,,SIN_DATO,directo
05172,2019,25,27.472666666666665,0.0,42.6,,,,SIN_DATO,directo
05172,2019,26,,0.0,15.2,,,,SIN_DATO,directo
05172,2019,27,27.526,39.183,25.4,,,,SIN_DATO,directo
05172,2019,28,26.856,81.78,127.7,,,,SIN_DATO,directo
05172,2019,29,27.557,82.701,100.7,938.7611499999999,,,SIN_DATO,directo
05172,2019,30,26.705,84.783,123.4,938.7611499999999,,,SIN_DATO,directo
05172,2019,31,27.385,85.56,68.8,938.7611499999999,,,SIN_DATO,directo
05172,2019,32,27.41,84.804,216.3,938.7611499999999,,,SIN_DATO,directo
05172,2019,33,26.864,85.902,207.4,938.7611499999999,,,SIN_DATO,directo
05172,2019,34,27.368,83.831,43.9,,,,SIN_DATO,directo
05172,2019,35,27.619,82.971,110.7,,,,SIN_DATO,directo
05172,2019,36,26.756,87.488,88.2,,,,SIN_DATO,directo
05172,2019,37,27.832,85.035,197.4,,,,SIN_DATO,directo
05172,2019,38,26.597,84.742,39.5,,,,SIN_DATO,directo
05172,2019,39,26.848,85.521,67.9,,,,SIN_DATO,directo
05172,2019,40,26.326,85.395,126.3,,,,SIN_DATO,directo
05172,2019,41,27.103,83.03,119.1,,,,SIN_DATO,directo
05172,2019,42,26.525,86.875,115.8,,,,SIN_DATO,directo
05172,2019,43,27.544,80.108,138.2,,,,SIN_DATO,directo
05172,2019,44,27.858,78.786,152.5,,,,SIN_DATO,directo
05172,2019,45,27.264,82.464,106.3,938.7611499999999,,,SIN_DATO,directo
05172,2019,46,27.289,81.099,144.5,938.7611499999999,,,SIN_DATO,directo
05172,2019,47,28.029,77.79,0.1,938.7611499999999,,,SIN_DATO,directo
05172,2019,48,27.822,84.446,66.7,938.7611499999999,,,SIN_DATO,directo
05172,2019,49,27.093,86.619,17.4,938.7611499999999,,,SIN_DATO,directo
05172,2019,50,27.499,84.633,39.1,938.7611499999999,,,SIN_DATO,directo
05172,2019,51,26.956,91.006,124.2,938.7611499999999,,,SIN_DATO,directo
05172,2019,52,27.08,91.845,72.2,938.7611499999999,,,SIN_DATO,directo
05172,2020,1,27.231,86.143,123.9,,,,SIN_DATO,directo
05172,2020,2,28.317,80.792,0.1,938.7611499999999,,,SIN_DATO,directo
05172,2020,3,28.93225,79.756,0.0,938.7611499999999,,,SIN_DATO,directo
05172,2020,4,27.038,85.372,0.8,938.7611499999999,,,SIN_DATO,directo
05172,2020,5,27.846,82.661,0.0,938.7611499999999,,,SIN_DATO,directo
05172,2020,6,28.457,79.31,0.0,938.7611499999999,,,SIN_DATO,directo
05172,2020,7,28.905,76.56,0.0,,,,SIN_DATO,directo
05172,2020,8,28.293,80.0,0.0,938.7611499999999,,,SIN_DATO,directo
05172,2020,9,27.717,80.669,0.0,938.7611499999999,,,SIN_DATO,directo
05172,2020,10,28.338,76.204,0.0,938.7611499999999,,,SIN_DATO,directo
05172,2020,11,27.778,78.524,0.0,938.7611499999999,,,SIN_DATO,directo
05172,2020,12,28.431,75.055,0.0,938.7611499999999,,,SIN_DATO,directo
05172,2020,13,28.647,75.341,0.0,,,,SIN_DATO,directo
05172,2020,14,27.551,85.162,0.0,,,,SIN_DATO,directo
05172,2020,15,27.816,88.09,0.0,,,,SIN_DATO,directo
05172,2020,16,27.805,82.902,0.0,,,,SIN_DATO,directo
05172,2020,17,27.715,86.006,1.0,,,,SIN_DATO,directo
05172,2020,18,28.318,83.353,5.6,,,,SIN_DATO,directo
05172,2020,19,28.549,84.012,6.6,,,,SIN_DATO,directo
05172,2020,20,27.398,89.539,0.0,,,,SIN_DATO,directo
05172,2020,21,28.651,80.25,0.0,,,,SIN_DATO,directo
05172,2020,22,27.28,85.815,0.0,,,,SIN_DATO,directo
05172,2020,23,27.61,82.982,0.0,,,,SIN_DATO,directo
05172,2020,24,27.802,81.994,0.0,,,,SIN_DATO,directo
05172,2020,25,26.91,85.9,0.0,,,,SIN_DATO,directo
05172,2020,26,26.96015,86.37,0.0,,,,SIN_DATO,directo
05172,2020,27,27.0103,86.84,0.0,,,,SIN_DATO,directo
05172,2020,28,27.06045,87.31,0.0,,,,SIN_DATO,directo
05172,2020,29,27.1106,87.78,0.0,,,,SIN_DATO,directo
05172,2020,30,,,0.0,,,,SIN_DATO,directo
05172,2020,31,,,0.0,,,,SIN_DATO,directo
05172,2020,32,,,0.0,,,,SIN_DATO,directo
05172,2020,33,,,0.0,,,,SIN_DATO,directo
05172,2020,34,,,0.0,,,,SIN_DATO,directo
05172,2020,35,,,0.0,,,,SIN_DATO,directo
05172,2020,36,,,0.0,,,,SIN_DATO,directo
05172,2020,37,,,0.0,,,,SIN_DATO,directo
05172,2020,38,,,0.0,,,,SIN_DATO,directo
05172,2020,39,,,0.0,,,,SIN_DATO,directo
05172,2020,40,,,0.0,,,,SIN_DATO,directo
05172,2020,41,,,0.0,,,,SIN_DATO,directo
05172,2020,42,,,0.0,,,,SIN_DATO,directo
05172,2020,43,,,0.0,,,,SIN_DATO,directo
05172,2020,44,,,0.0,,,,SIN_DATO,directo
05172,2021,16,27.913,95.3,0.0,,,,SIN_DATO,directo
05172,2021,17,26.876,97.178,82.0,,,,SIN_DATO,directo
05172,2021,18,25.788,97.615,3.9,,,,SIN_DATO,directo
05172,2021,19,27.398,98.72749999999998,66.7,,,,SIN_DATO,directo
05172,2021,20,26.982,98.72749999999998,138.8,,,,SIN_DATO,directo
05172,2021,21,27.172,98.72749999999998,115.0,,,,SIN_DATO,directo
05172,2021,22,26.988500000000002,98.51374999999999,41.2,,,,SIN_DATO,directo
05172,2021,23,26.805,98.3,39.5,,,,SIN_DATO,directo
05172,2021,24,26.529642857142857,98.33053571428572,173.6,,,,SIN_DATO,directo
05172,2021,25,26.254285714285714,98.36107142857142,25.1,,,,SIN_DATO,directo
05172,2021,26,25.978928571428572,98.39160714285714,90.8,,,,SIN_DATO,directo
05172,2021,27,25.70357142857143,98.42214285714284,93.0,,,,SIN_DATO,directo
05172,2021,28,27.151,86.339,104.1,,,,SIN_DATO,directo
05172,2021,29,27.355,85.851,37.1,,,,SIN_DATO,directo
05172,2021,30,27.552,85.185,28.9,,,,SIN_DATO,directo
05172,2021,31,26.687,83.226,40.4,,,,SIN_DATO,directo
05172,2021,32,26.324,84.375,86.0,,,,SIN_DATO,directo
05172,2021,33,26.451,85.319,76.7,,,,SIN_DATO,directo
05172,2021,34,26.836,86.711,40.3,,,,SIN_DATO,directo
05172,2021,35,26.942,84.548,63.6,,,,SIN_DATO,directo
05172,2021,36,26.252,84.089,76.3,,,,SIN_DATO,directo
05172,2021,37,22.95,98.72749999999998,84.3,,,,SIN_DATO,directo
05172,2021,38,23.7028,98.47499999999998,129.6,,,,SIN_DATO,directo
05172,2021,39,24.4556,98.22249999999998,152.2,,,,SIN_DATO,directo
05172,2021,40,25.208399999999997,97.97,41.6,,,,SIN_DATO,directo
05172,2021,41,25.961199999999998,97.7175,72.2,,,,SIN_DATO,directo
05172,2021,42,26.714,97.465,33.0,,,,SIN_DATO,directo
05172,2021,43,27.133,97.916,25.8,,,,SIN_DATO,directo
05172,2021,44,27.154,97.658,59.8,,,,SIN_DATO,directo
05172,2021,45,26.886,98.693,25.6,,,,SIN_DATO,directo
05172,2021,46,27.129,98.72749999999998,56.4,,,,SIN_DATO,directo
05172,2021,47,26.595,98.606,119.3,,,,SIN_DATO,directo
05172,2021,48,26.885,98.72749999999998,25.9,,,,SIN_DATO,directo
05172,2021,49,27.573,98.72749999999998,4.1,,,,SIN_DATO,directo
05172,2021,50,26.72,98.72749999999998,66.8,,,,SIN_DATO,directo
05172,2021,51,26.707,98.72749999999998,4.0,,,,SIN_DATO,directo
05172,2021,52,26.68,98.72749999999998,8.7,,,,SIN_DATO,directo
05172,2022,1,25.02,98.72749999999998,0.1,,,,SIN_DATO,directo
05172,2022,4,27.448,96.222,1.5,,,,SIN_DATO,directo
05172,2022,5,27.96,92.845,0.5,,,,SIN_DATO,directo
05172,2022,6,27.447,97.212,84.9,,,,SIN_DATO,directo
05172,2022,7,27.508,97.298,29.9,,,,SIN_DATO,directo
05172,2022,8,28.205,93.953,0.0,,,,SIN_DATO,directo
05172,2022,13,27.665,98.283,60.6,,,,SIN_DATO,directo
05172,2022,14,26.949,98.72749999999998,160.4,,,,SIN_DATO,directo
05172,2022,15,27.403,98.72749999999998,135.7,938.7611499999999,,,SIN_DATO,directo
05172,2022,16,27.093,96.896,117.4,935.00613125,,,SIN_DATO,directo
05172,2022,17,28.301,96.701,148.8,931.2511125,,,SIN_DATO,directo
05172,2022,18,28.284,98.345,13.9,927.49609375,,,SIN_DATO,directo
05172,2022,19,28.93225,73.938,13.6,923.7410749999999,,,SIN_DATO,directo
05172,2022,20,28.93225,69.776,29.7,,,,SIN_DATO,directo
05172,2022,21,28.93225,77.446,14.1,,,,SIN_DATO,directo
05172,2022,22,28.93225,86.658,43.5,,,,SIN_DATO,directo
05172,2022,23,28.93225,84.052,67.8,908.721,,,SIN_DATO,directo
05172,2022,24,28.93225,88.047,37.7,914.555,,,SIN_DATO,directo
05172,2022,25,28.93225,89.381,23.9,918.9,,,SIN_DATO,directo
05172,2022,26,28.93225,81.843,14.7,924.718,,,SIN_DATO,directo
05172,2022,27,28.93225,87.538,0.3,934.282,,,SIN_DATO,directo
05172,2022,28,28.93225,84.981,0.0,935.274,,,SIN_DATO,directo
05172,2022,29,28.93225,86.805,0.0,938.7611499999999,,,SIN_DATO,directo
05172,2022,30,28.93225,92.689,0.1,938.094,,,SIN_DATO,directo
05172,2022,31,28.93225,95.219,0.0,938.7611499999999,,,SIN_DATO,directo
05172,2022,32,28.93225,89.517,0.0,932.987,,,SIN_DATO,directo
05172,2022,33,28.93225,81.462,0.0,932.987,,,SIN_DATO,directo
05172,2022,34,28.93225,90.0,0.0,932.987,,,SIN_DATO,directo
05172,2022,42,28.93225,90.0,0.0,932.987,,,SIN_DATO,directo
05172,2022,43,28.93225,90.0,0.0,932.987,,,SIN_DATO,directo
05172,2022,48,28.93225,90.0,0.0,,,,SIN_DATO,directo
05172,2022,49,28.93225,90.0,0.0,,,,SIN_DATO,directo
05172,2022,50,26.083,89.0,0.0,,,,SIN_DATO,directo
05172,2022,51,27.051,86.089,0.0,,,,SIN_DATO,directo
05172,2022,52,26.596,85.321,0.0,,,,SIN_DATO,directo
05172,2023,3,26.582,85.595,0.0,,,,SIN_DATO,directo
05172,2023,4,27.403,84.351,0.0,,,,SIN_DATO,directo
05172,2023,5,26.8,82.774,0.0,,,,SIN_DATO,directo
05172,2023,6,27.815,83.137,0.0,,,,SIN_DATO,directo
05172,2023,7,27.239,84.256,0.0,,,,SIN_DATO,directo
05172,2023,8,27.559,80.554,0.0,,,,SIN_DATO,directo
05172,2023,9,27.342,83.363,0.0,,,,SIN_DATO,directo
05172,2023,10,26.771,82.333,0.0,,,,SIN_DATO,directo
05172,2023,11,27.153,82.743,0.0,,,,SIN_DATO,directo
05197,2018,1,19.969,79.297,71.4,,,,SIN_DATO,directo
05197,2018,2,19.611,83.695,170.4,,,,SIN_DATO,directo
05197,2018,3,20.215,80.089,68.8,,,,SIN_DATO,directo
05197,2018,4,21.013,79.361,58.2,,,,SIN_DATO,directo
05197,2018,5,20.856,83.59,42.5,,,,SIN_DATO,directo
05197,2018,6,21.113,76.941,5.2,,,,SIN_DATO,directo
05197,2018,7,20.562,80.078,62.6,,,,SIN_DATO,directo
05197,2018,8,19.822,77.009,73.5,,,,SIN_DATO,directo
05197,2018,9,20.074,78.681,84.1,,,,SIN_DATO,directo
05197,2018,10,21.582,75.779,25.9,,,,SIN_DATO,directo
05197,2018,11,21.263,78.765,51.5,,,,SIN_DATO,directo
05197,2018,12,20.99,81.466,119.0,,,,SIN_DATO,directo
05197,2018,13,20.371,83.597,74.9,,,,SIN_DATO,directo
05197,2018,14,19.615,82.575,172.4,,,,SIN_DATO,directo
05197,2018,15,19.642,83.901,125.1,,,,SIN_DATO,directo
05197,2018,17,20.516,83.834,176.9,,,,SIN_DATO,directo
05197,2018,18,20.722,80.487,99.3,,,,SIN_DATO,directo
05197,2018,19,20.811,81.467,47.2,,,,SIN_DATO,directo
05197,2018,20,20.211,81.465,213.7,,,,SIN_DATO,directo
05197,2018,21,20.859,82.788,96.4,,,,SIN_DATO,directo
05197,2018,22,21.309,79.656,124.5,,,,SIN_DATO,directo
05197,2018,23,21.858,78.798,23.5,,,,SIN_DATO,directo
05197,2018,24,21.31,79.221,53.1,,,,SIN_DATO,directo
05197,2018,25,20.901,77.065,55.5,,,,SIN_DATO,directo
05197,2018,26,20.41,78.128,32.1,,,,SIN_DATO,directo
05197,2018,27,21.096,76.378,24.7,,,,SIN_DATO,directo
05197,2018,28,22.054,68.939,22.9,,,,SIN_DATO,directo
05197,2018,29,22.006,71.803,19.8,,,,SIN_DATO,directo
05197,2018,30,20.848,78.62,45.0,,,,SIN_DATO,directo
05197,2018,31,20.254,79.584,149.4,,,,SIN_DATO,directo
05197,2018,32,22.32,62.625,0.0,,,,SIN_DATO,directo
05197,2018,33,21.097,74.277,56.8,,,,SIN_DATO,directo
05197,2018,34,21.753,71.912,108.7,,,,SIN_DATO,directo
05197,2018,35,21.363,75.114,91.7,,,,SIN_DATO,directo
05197,2018,36,21.008,77.576,93.4,,,,SIN_DATO,directo
05197,2018,37,20.184,78.688,207.7,,,,SIN_DATO,directo
05197,2018,38,21.672,75.919,88.1,,,,SIN_DATO,directo
05197,2018,39,21.049,77.227,107.5,,,,SIN_DATO,directo
05197,2018,40,20.591,75.437,91.7,,,,SIN_DATO,directo
05197,2018,41,20.09,80.073,73.0,,,,SIN_DATO,directo
05197,2018,42,20.222,81.328,70.3,788.49,,,SIN_DATO,directo
05197,2018,43,20.108,80.173,153.7,788.582,,,SIN_DATO,directo
05197,2018,44,19.939,79.713,188.7,788.831,,,SIN_DATO,directo
05197,2018,45,20.157,78.742,69.9,788.058,,,SIN_DATO,directo
05197,2018,46,21.256,79.632,93.8,788.042,,,SIN_DATO,directo
05197,2018,47,21.129,77.666,130.9,,,,SIN_DATO,directo
05197,2018,48,20.37,80.642,49.1,,,,SIN_DATO,directo
05197,2018,49,20.311,79.56,16.4,,,,SIN_DATO,directo
05197,2018,50,21.141,79.446,71.9,,,,SIN_DATO,directo
05197,2018,51,20.622,79.293,53.0,,,,SIN_DATO,directo
05197,2018,52,21.633,77.069,14.5,,,,SIN_DATO,directo
05197,2019,1,21.822,71.017,2.2,,,,SIN_DATO,directo
05197,2019,2,19.21,80.514,153.5,,,,SIN_DATO,directo
05197,2019,3,20.704,78.117,81.8,,,,SIN_DATO,directo
05197,2019,4,22.178,75.646,56.9,,,,SIN_DATO,directo
05197,2019,5,20.643,80.319,79.4,,,,SIN_DATO,directo
05197,2019,6,20.968,80.122,61.2,,,,SIN_DATO,directo
05197,2019,7,21.789,79.217,74.3,,,,SIN_DATO,directo
05197,2019,8,20.497,80.791,0.1,788.88,,,SIN_DATO,directo
05197,2019,9,20.487,80.645,50.8,789.202,,,SIN_DATO,directo
05197,2019,10,21.184,79.317,102.8,788.748,,,SIN_DATO,directo
05197,2019,11,21.283,78.649,177.2,788.416,,,SIN_DATO,directo
05197,2019,12,20.163,83.385,113.1,789.411,,,SIN_DATO,directo
05197,2019,13,20.39,82.968,32.2,788.958,,,SIN_DATO,directo
05197,2019,14,20.765,79.642,67.2,789.932,,,SIN_DATO,directo
05197,2019,15,21.37,78.922,115.0,789.039,,,SIN_DATO,directo
05197,2019,16,20.848,78.424,163.7,789.139,,,SIN_DATO,directo
05197,2019,17,20.763,82.111,73.8,789.181,,,SIN_DATO,directo
05197,2019,18,22.75,75.379,0.0,788.547,,,SIN_DATO,directo
05197,2019,19,21.308,78.649,156.3,788.899,,,SIN_DATO,directo
05197,2019,20,20.932,78.867,131.2,789.31,,,SIN_DATO,directo
05197,2019,21,20.882,76.083,203.9,789.174,,,SIN_DATO,directo
05197,2019,22,20.295,80.17,114.3,789.578,,,SIN_DATO,directo
05197,2019,23,21.61,76.84,100.0,789.542,,,SIN_DATO,directo
05197,2019,24,20.507,83.756,0.2,789.82,,,SIN_DATO,directo
05197,2019,25,22.35,72.136,0.0,789.552,,,SIN_DATO,directo
05197,2019,26,21.689,75.77,25.1,788.801,,,SIN_DATO,directo
05197,2019,27,21.378,73.799,114.1,789.27,,,SIN_DATO,directo
05197,2019,28,21.07,77.018,124.4,789.302,,,SIN_DATO,directo
05197,2019,29,21.945,70.693,40.1,789.117,,,SIN_DATO,directo
05197,2019,30,21.13,76.301,61.3,789.844,,,SIN_DATO,directo
05197,2019,31,21.771,74.355,19.1,789.252,,,SIN_DATO,directo
05197,2019,32,21.916,66.37,8.6,790.227,,,SIN_DATO,directo
05197,2019,33,21.955,69.062,0.0,789.579,,,SIN_DATO,directo
05197,2019,34,22.555,61.758,0.0,789.862,,,SIN_DATO,directo
05197,2019,35,22.012,68.823,35.4,789.114,,,SIN_DATO,directo
05197,2019,36,22.102,72.552,132.0,789.506,,,SIN_DATO,directo
05197,2019,37,22.483,71.793,327.6,788.955,,,SIN_DATO,directo
05197,2019,38,20.12,80.223,69.0,788.945,,,SIN_DATO,directo
05197,2019,39,21.21,74.545,60.6,789.619,,,SIN_DATO,directo
05197,2019,40,20.395,76.8,114.9,789.02,,,SIN_DATO,directo
05197,2019,41,21.076,73.184,32.6,787.88,,,SIN_DATO,directo
05197,2019,42,20.403,75.439,116.9,789.484,,,SIN_DATO,directo
05197,2019,43,19.716,79.637,51.9,788.643,,,SIN_DATO,directo
05197,2019,44,21.187,74.69,92.1,788.379,,,SIN_DATO,directo
05197,2019,45,21.622,78.165,55.7,787.514,,,SIN_DATO,directo
05197,2019,46,19.998,81.502,105.1,788.399,,,SIN_DATO,directo
05197,2019,47,20.428,78.134,107.3,788.81,,,SIN_DATO,directo
05197,2019,48,21.963,77.463,61.1,787.957,,,SIN_DATO,directo
05197,2019,49,21.087,76.302,67.9,789.268,,,SIN_DATO,directo
05197,2019,50,20.55,76.756,81.4,788.233,,,SIN_DATO,directo
05197,2019,51,21.706,74.904,72.6,787.648,,,SIN_DATO,directo
05197,2019,52,22.198,75.274,43.5,788.042,,,SIN_DATO,directo
05197,2020,1,21.118,77.621,53.0,789.548,,,SIN_DATO,directo
05197,2020,2,21.709,67.357,0.0,788.901,,,SIN_DATO,directo
05197,2020,3,22.607,69.399,16.5,787.964,,,SIN_DATO,directo
05197,2020,4,20.627,81.53,27.4,789.416,,,SIN_DATO,directo
05197,2020,5,21.816,76.744,30.6,789.822,,,SIN_DATO,directo
05197,2020,6,22.496,71.207,0.1,789.529,,,SIN_DATO,directo
05197,2020,7,22.453,72.628,59.9,788.411,,,SIN_DATO,directo
05197,2020,8,22.038,76.376,68.5,788.835,,,SIN_DATO,directo
05197,2020,9,21.326,79.058,40.2,790.008,,,SIN_DATO,directo
05197,2020,10,21.864,76.491,82.2,789.332,,,SIN_DATO,directo
05197,2020,11,20.853,79.57,129.5,789.298,,,SIN_DATO,directo
05197,2020,12,20.466,76.652,54.2,790.082,,,SIN_DATO,directo
05197,2020,13,21.894,73.868,54.9,788.945,,,SIN_DATO,directo
05197,2020,14,21.611,74.955,136.7,788.672,,,SIN_DATO,directo
05197,2020,15,22.257,75.518,164.5,789.512,,,SIN_DATO,directo
05197,2020,16,20.799,78.724,50.2,790.437,,,SIN_DATO,directo
05197,2020,17,21.673,75.981,35.4,789.873,,,SIN_DATO,directo
05197,2020,18,21.755,75.62,95.3,789.963,,,SIN_DATO,directo
05197,2020,19,22.676,73.162,73.7,789.301,,,SIN_DATO,directo
05197,2020,20,21.995,76.804,38.3,789.718,,,SIN_DATO,directo
05197,2020,21,22.52,75.052,62.6,789.838,,,SIN_DATO,directo
05197,2020,22,21.2,77.86,96.2,789.92,,,SIN_DATO,directo
05197,2020,23,21.115,77.328,41.7,790.38,,,SIN_DATO,directo
05197,2020,24,20.721,76.4,137.5,789.779,,,SIN_DATO,directo
05197,2020,25,21.168,77.89,111.5,789.538,,,SIN_DATO,directo
05197,2020,26,21.271,75.427,95.3,789.427,,,SIN_DATO,directo
05197,2020,27,20.86,74.909,210.4,,,,SIN_DATO,directo
05197,2020,28,20.685,75.169,100.8,,,,SIN_DATO,directo
05197,2020,29,21.752,70.87,50.4,,,,SIN_DATO,directo
05197,2020,30,20.444,75.67,119.2,,,,SIN_DATO,directo
05197,2020,31,22.131,68.351,55.3,,,,SIN_DATO,directo
05197,2020,32,21.751,67.254,8.5,,,,SIN_DATO,directo
05197,2020,33,21.616,73.627,149.1,,,,SIN_DATO,directo
05197,2020,34,20.494,76.868,146.7,,,,SIN_DATO,directo
05197,2020,35,20.147,78.079,74.5,,,,SIN_DATO,directo
05197,2020,36,21.066,73.591,128.6,,,,SIN_DATO,directo
05197,2020,37,21.12,73.936,117.0,,,,SIN_DATO,directo
05197,2020,38,20.674,73.497,87.6,,,,SIN_DATO,directo
05197,2020,39,21.095,75.469,129.6,,,,SIN_DATO,directo
05197,2021,8,21.294,77.075,77.0,787.456,,,SIN_DATO,directo
05197,2021,9,20.304,75.744,87.1,788.133,,,SIN_DATO,directo
05197,2021,10,21.585,70.885,47.2,789.392,,,SIN_DATO,directo
05197,2021,11,19.812,74.137,90.4,788.67,,,SIN_DATO,directo
05197,2021,12,19.666,77.307,1.9,789.046,,,SIN_DATO,directo
05197,2021,13,20.926,79.475,5.4,,,,SIN_DATO,directo
05197,2021,14,21.318,75.459,1.6,,,,SIN_DATO,directo
05197,2021,15,21.44,73.782,1.1,,,,SIN_DATO,directo
05197,2021,16,24.655,64.976,0.0,,,,SIN_DATO,directo
05197,2021,17,19.049,79.305,2.2,,,,SIN_DATO,directo
05197,2021,18,24.6,65.997,0.0,,,,SIN_DATO,directo
05197,2021,19,20.597,75.312,133.4,,,,SIN_DATO,directo
05197,2021,20,20.019,70.22,8.4,,,,SIN_DATO,directo
05197,2021,26,21.648,70.736,4.9,,,,SIN_DATO,directo
05197,2021,27,21.437,73.113,56.0,,,,SIN_DATO,directo
05197,2021,28,21.357,71.75,81.5,,,,SIN_DATO,directo
05197,2021,29,21.516,71.082,30.1,,,,SIN_DATO,directo
05197,2021,30,21.085,73.832,92.9,,,,SIN_DATO,directo
05197,2021,31,21.019,66.612,33.2,,,,SIN_DATO,directo
05197,2021,32,20.925,72.469,98.3,,,,SIN_DATO,directo
05197,2021,33,20.597,79.224,44.4,,,,SIN_DATO,directo
05197,2021,34,20.605,75.939,171.7,,,,SIN_DATO,directo
05197,2021,35,20.876,76.513,100.2,,,,SIN_DATO,directo
05197,2021,36,20.704,76.505,112.7,,,,SIN_DATO,directo
05197,2021,37,21.716,71.187,55.7,,,,SIN_DATO,directo
05197,2021,38,21.122,74.124,43.9,,,,SIN_DATO,directo
05197,2021,39,20.793,74.593,144.9,,,,SIN_DATO,directo
05197,2021,40,21.078,73.301,59.5,,,,SIN_DATO,directo
05197,2021,41,21.179,73.652,55.8,,,,SIN_DATO,directo
05197,2021,42,20.733,75.952,88.9,,,,SIN_DATO,directo
05197,2021,43,20.305,75.638,110.5,,,,SIN_DATO,directo
05197,2021,44,20.051,74.457,96.8,,,,SIN_DATO,directo
05197,2021,45,20.743,75.014,152.2,,,,SIN_DATO,directo
05197,2021,46,20.711,77.328,62.0,,,,SIN_DATO,directo
05197,2021,47,20.326,74.073,189.4,,,,SIN_DATO,directo
05197,2021,48,20.645,74.26,129.6,,,,SIN_DATO,directo
05197,2021,49,21.171,78.239,32.0,,,,SIN_DATO,directo
05197,2021,50,20.927,77.125,37.8,,,,SIN_DATO,directo
05197,2021,51,21.152,76.955,116.1,,,,SIN_DATO,directo
05197,2021,52,20.445,77.305,67.8,,,,SIN_DATO,directo
05197,2022,1,20.001,77.49,43.1,,,,SIN_DATO,directo
05197,2022,2,19.53,77.996,45.1,,,,SIN_DATO,directo
05197,2022,3,21.457,77.644,39.8,,,,SIN_DATO,directo
05197,2022,4,20.035,78.19,30.7,,,,SIN_DATO,directo
05197,2022,5,20.274,75.162,39.6,,,,SIN_DATO,directo
05197,2022,6,20.8,76.311,38.9,,,,SIN_DATO,directo
05197,2022,7,20.657,77.059,6.9,,,,SIN_DATO,directo
05197,2022,8,24.404,58.937,0.0,,,,SIN_DATO,directo
05197,2022,14,20.972,73.465,171.0,,,,SIN_DATO,directo
05197,2022,15,21.357,76.84,42.8,,,,SIN_DATO,directo
05197,2022,16,18.864,18.542,37.9,,,,SIN_DATO,directo
05197,2022,17,23.08,47.157,29.4,,,,SIN_DATO,directo
05197,2022,18,23.456,67.806,16.1,,,,SIN_DATO,directo
05197,2022,19,22.781,51.634,24.9,,,,SIN_DATO,directo
05197,2022,20,23.272,69.781,10.4,,,,SIN_DATO,directo
05197,2022,21,22.271,71.984,38.9,,,,SIN_DATO,directo
05197,2022,22,21.365,65.11,136.9,,,,SIN_DATO,directo
05197,2022,23,21.993,55.884,28.7,,,,SIN_DATO,directo
05197,2022,24,21.871,58.155,34.0,,,,SIN_DATO,directo
05197,2022,25,21.201,49.757,55.9,,,,SIN_DATO,directo
05197,2022,26,21.452,41.963,27.2,,,,SIN_DATO,directo
05197,2022,27,22.792,66.356,19.9,,,,SIN_DATO,directo
05197,2022,28,22.755,63.31,81.8,,,,SIN_DATO,directo
05197,2022,29,21.998,58.273,4.6,,,,SIN_DATO,directo
05197,2022,30,21.601,58.19,112.0,,,,SIN_DATO,directo
05197,2022,31,20.634,73.072,76.8,,,,SIN_DATO,directo
05197,2022,32,21.454,66.174,17.0,,,,SIN_DATO,directo
05197,2022,40,20.097,75.171,72.6,,,,SIN_DATO,directo
05197,2022,41,21.124,74.628,7.5,,,,SIN_DATO,directo
05197,2022,42,20.389,74.265,108.7,,,,SIN_DATO,directo
05197,2022,43,19.852,74.606,122.4,,,,SIN_DATO,directo
05197,2022,44,20.253,76.388,25.4,,,,SIN_DATO,directo
05197,2022,45,21.279,69.688,15.899999999999999,,,,SIN_DATO,directo
05197,2022,48,20.269,75.768,6.4,,,,SIN_DATO,directo
05197,2022,49,18.926,78.64,22.9,,,,SIN_DATO,directo
05197,2022,50,20.395,76.534,30.7,,,,SIN_DATO,directo
05197,2022,51,21.194,75.98,71.9,,,,SIN_DATO,directo
05197,2022,52,20.223,77.978,46.2,,,,SIN_DATO,directo
05197,2023,1,19.463,77.264,162.1,,,,SIN_DATO,directo
05197,2023,2,19.983,75.488,122.8,,,,SIN_DATO,directo
05197,2023,3,19.885,76.968,57.6,,,,SIN_DATO,directo
05197,2023,4,21.627,73.388,0.7,,,,SIN_DATO,directo
05197,2023,5,21.394,73.034,2.1,,,,SIN_DATO,directo
05197,2023,6,21.11,74.752,47.1,,,,SIN_DATO,directo
05197,2023,7,20.639,76.867,146.4,,,,SIN_DATO,directo
05197,2023,8,20.5,77.616,49.9,,,,SIN_DATO,directo
05197,2023,9,21.897,76.072,72.9,,,,SIN_DATO,directo
05197,2023,10,19.575,78.038,188.7,,,,SIN_DATO,directo
05197,2023,11,19.697,78.164,97.0,,,,SIN_DATO,directo
05197,2023,12,20.789,74.394,45.1,,,,SIN_DATO,directo
05197,2023,13,20.836,75.908,106.6,,,,SIN_DATO,directo
05197,2023,14,21.04,78.693,29.5,,,,SIN_DATO,directo
05197,2023,15,21.536,76.642,86.5,,,,SIN_DATO,directo
05197,2023,16,19.687,82.412,71.6,,,,SIN_DATO,directo
05197,2023,17,21.163,75.825,43.6,,,,SIN_DATO,directo
05197,2023,18,23.176,72.152,16.3,,,,SIN_DATO,directo
05197,2023,19,22.581,76.683,41.8,,,,SIN_DATO,directo
05197,2023,20,22.357,76.981,24.1,,,,SIN_DATO,directo
05197,2023,21,21.02,77.502,144.9,,,,SIN_DATO,directo
05197,2023,22,21.853,74.537,92.9,,,,SIN_DATO,directo
05197,2023,23,22.108,76.17,12.8,,,,SIN_DATO,directo
05197,2023,24,22.651,71.085,0.8,,,,SIN_DATO,directo
05197,2023,25,22.243,67.892,32.1,,,,SIN_DATO,directo
05197,2023,26,22.812,69.539,16.2,,,,SIN_DATO,directo
05197,2023,27,21.682,73.285,108.0,,,,SIN_DATO,directo
05197,2023,28,22.362,73.289,13.9,,,,SIN_DATO,directo
05197,2023,29,22.656,64.269,0.0,,,,SIN_DATO,directo
05197,2023,30,22.166,71.174,80.4,,,,SIN_DATO,directo
05197,2023,31,22.573,66.957,3.4,,,,SIN_DATO,directo
05197,2023,32,23.043,72.722,37.7,,,,SIN_DATO,directo
05197,2023,33,22.263,84.046,158.3,,,,SIN_DATO,directo
05197,2023,34,21.921,84.18,57.3,,,,SIN_DATO,directo
05197,2023,38,23.36,84.18,6.1,,,,SIN_DATO,directo
05209,2019,20,18.384,85.097,86.9,,,,SIN_DATO,directo
05209,2019,21,18.07,84.726,129.8,,,,SIN_DATO,directo
05209,2019,22,17.491,85.56,71.9,,,,SIN_DATO,directo
05209,2019,23,18.851,82.215,53.5,,,,SIN_DATO,directo
05209,2019,24,18.825,82.349,76.0,,,,SIN_DATO,directo
05209,2019,25,21.013,64.058,0.1,,,,SIN_DATO,directo
05209,2019,26,19.643,75.457,23.8,,,,SIN_DATO,directo
05209,2019,27,19.27,74.002,63.3,,,,SIN_DATO,directo
05209,2019,28,19.006,77.069,8.4,,,,SIN_DATO,directo
05209,2019,29,20.259,65.488,23.5,,,,SIN_DATO,directo
05209,2019,30,19.091,74.109,69.9,,,,SIN_DATO,directo
05209,2019,31,19.802,73.171,14.6,,,,SIN_DATO,directo
05209,2019,32,20.891,64.256,2.6,,,,SIN_DATO,directo
05209,2019,33,19.601,70.047,17.9,,,,SIN_DATO,directo
05209,2019,34,20.314,63.491,5.7,,,,SIN_DATO,directo
05209,2019,35,20.923,61.86,37.2,,,,SIN_DATO,directo
05209,2019,36,20.555,64.525,0.3,,,,SIN_DATO,directo
05209,2019,37,20.932,63.666,104.1,,,,SIN_DATO,directo
05209,2019,38,17.398,84.566,60.1,,,,SIN_DATO,directo
05209,2019,39,18.343,77.322,55.1,,,,SIN_DATO,directo
05209,2019,40,17.56,79.831,61.8,,,,SIN_DATO,directo
05209,2019,41,17.766,80.439,75.6,,,,SIN_DATO,directo
05209,2019,42,17.242,82.847,51.5,,,,SIN_DATO,directo
05209,2019,43,16.627,85.842,32.1,,,,SIN_DATO,directo
05209,2019,44,19.021,77.507,8.6,,,,SIN_DATO,directo
05209,2019,45,18.518,81.936,16.9,,,,SIN_DATO,directo
05209,2019,46,16.857,86.163,38.5,,,,SIN_DATO,directo
05209,2019,47,17.662,80.542,53.8,,,,SIN_DATO,directo
05209,2019,48,19.324,76.523,19.4,,,,SIN_DATO,directo
05209,2019,49,18.552,77.293,16.5,,,,SIN_DATO,directo
05209,2019,50,17.285,82.642,80.9,,,,SIN_DATO,directo
05209,2019,51,18.997,78.948,3.4,,,,SIN_DATO,directo
05209,2019,52,19.679,76.491,10.8,,,,SIN_DATO,directo
05209,2020,1,18.556,76.231,25.6,,,,SIN_DATO,directo
05209,2020,2,19.38,61.524,0.0,,,,SIN_DATO,directo
05209,2020,3,20.331,63.136,0.0,,,,SIN_DATO,directo
05209,2020,4,18.523,77.789,21.2,,,,SIN_DATO,directo
05209,2020,5,19.262,72.402,17.6,,,,SIN_DATO,directo
05209,2020,6,19.717,65.321,7.6,,,,SIN_DATO,directo
05209,2020,7,20.603,64.511,0.0,,,,SIN_DATO,directo
05209,2020,8,20.288,65.969,36.1,,,,SIN_DATO,directo
05209,2020,9,19.21,72.62,92.1,,,,SIN_DATO,directo
05209,2020,10,20.467,69.926,6.0,,,,SIN_DATO,directo
05209,2020,11,19.192,74.208,4.1,,,,SIN_DATO,directo
05209,2020,12,18.705,67.625,6.5,,,,SIN_DATO,directo
05209,2020,13,20.014,65.61,2.9,,,,SIN_DATO,directo
05209,2020,14,19.24,75.109,58.7,,,,SIN_DATO,directo
05209,2020,15,19.573,75.85,5.3,,,,SIN_DATO,directo
05209,2020,16,17.983,76.117,60.3,,,,SIN_DATO,directo
05209,2020,17,18.881,73.873,2.3,,,,SIN_DATO,directo
05209,2020,18,19.434,76.156,3.4,,,,SIN_DATO,directo
05209,2020,19,21.119,70.039,13.4,,,,SIN_DATO,directo
05209,2020,20,19.459,75.815,47.6,,,,SIN_DATO,directo
05209,2020,21,20.004,73.332,25.9,,,,SIN_DATO,directo
05209,2020,22,18.452,77.707,11.0,,,,SIN_DATO,directo
05209,2020,23,18.34,77.532,42.9,,,,SIN_DATO,directo
05209,2020,24,18.498,76.593,19.6,,,,SIN_DATO,directo
05209,2020,25,18.326,75.978,27.9,,,,SIN_DATO,directo
05209,2020,26,19.054,73.824,58.6,,,,SIN_DATO,directo
05209,2020,27,17.75,78.006,79.6,,,,SIN_DATO,directo
05209,2020,28,17.583,77.033,113.3,,,,SIN_DATO,directo
05209,2020,29,19.269,72.795,45.9,,,,SIN_DATO,directo
05209,2020,30,17.456,78.117,114.8,,,,SIN_DATO,directo
05209,2020,31,19.158,72.472,49.3,,,,SIN_DATO,directo
05209,2020,32,20.617,67.715,0.0,,,,SIN_DATO,directo
05209,2020,33,19.064,75.319,137.8,,,,SIN_DATO,directo
05209,2020,34,17.543,80.035,148.8,,,,SIN_DATO,directo
05209,2020,35,17.215,79.086,43.8,,,,SIN_DATO,directo
05209,2020,36,18.121,74.454,51.2,,,,SIN_DATO,directo
05209,2020,37,17.77,77.181,69.3,,,,SIN_DATO,directo
05209,2020,38,17.698,75.847,87.5,,,,SIN_DATO,directo
05209,2020,39,18.395,75.782,42.3,,,,SIN_DATO,directo
05209,2020,40,17.896,78.046,35.6,,,,SIN_DATO,directo
05209,2020,41,18.587,74.512,82.8,,,,SIN_DATO,directo
05209,2020,42,18.254,79.14,80.5,,,,SIN_DATO,directo
05209,2020,43,17.492,80.186,14.4,,,,SIN_DATO,directo
05209,2020,44,17.514,80.098,48.1,,,,SIN_DATO,directo
05209,2020,45,17.829,76.145,27.4,,,,SIN_DATO,directo
05209,2020,46,16.742,80.577,89.1,,,,SIN_DATO,directo
05209,2020,47,17.364,78.814,119.7,,,,SIN_DATO,directo
05209,2020,48,18.218,77.368,46.1,,,,SIN_DATO,directo
05209,2020,49,18.303,76.191,42.8,,,,SIN_DATO,directo
05209,2020,50,18.191,76.58,0.7,,,,SIN_DATO,directo
05209,2020,51,17.84,80.056,8.6,,,,SIN_DATO,directo
05209,2020,52,17.09,80.832,63.9,,,,SIN_DATO,directo
05209,2020,53,17.744,76.257,23.9,,,,SIN_DATO,directo
05209,2021,1,17.961,74.387,4.0,,,,SIN_DATO,directo
05209,2021,2,18.375,75.841,8.6,,,,SIN_DATO,directo
05209,2021,3,18.699,71.851,9.4,,,,SIN_DATO,directo
05209,2021,4,19.0,71.289,2.3,,,,SIN_DATO,directo
05209,2021,5,19.953,70.318,4.4,,,,SIN_DATO,directo
05209,2021,6,18.101,77.107,11.3,,,,SIN_DATO,directo
05209,2021,7,16.969,79.604,78.2,,,,SIN_DATO,directo
05209,2021,8,19.127,75.836,7.2,,,,SIN_DATO,directo
05209,2021,9,17.73,78.347,14.2,,,,SIN_DATO,directo
05209,2021,10,16.294,81.791,45.6,,,,SIN_DATO,directo
05209,2021,11,16.364,80.575,78.7,,,,SIN_DATO,directo
05209,2021,12,17.321,79.584,65.3,,,,SIN_DATO,directo
05209,2021,13,18.623,79.072,58.6,,,,SIN_DATO,directo
05209,2021,14,18.04,75.394,97.6,,,,SIN_DATO,directo
05209,2021,15,19.628,77.245,1.0,,,,SIN_DATO,directo
05209,2021,16,25.517,56.909,0.0,,,,SIN_DATO,directo
05209,2021,17,18.276,89.109,0.4,,,,SIN_DATO,directo
05209,2021,19,18.402,86.67433333333334,31.9,,,,SIN_DATO,directo
05209,2021,20,18.528,84.23966666666666,13.0,,,,SIN_DATO,directo
05209,2021,26,18.654,81.805,7.9,,,,SIN_DATO,directo
05209,2021,27,18.685,82.147,39.0,,,,SIN_DATO,directo
05209,2021,28,19.117,76.869,46.8,,,,SIN_DATO,directo
05209,2021,29,19.176,73.697,40.5,,,,SIN_DATO,directo
05209,2021,30,18.955,80.546,12.9,,,,SIN_DATO,directo
05209,2021,31,18.922,78.86,57.6,,,,SIN_DATO,directo
05209,2021,32,17.268,88.012,58.7,,,,SIN_DATO,directo
05209,2021,33,17.388,86.54,132.0,,,,SIN_DATO,directo
05209,2021,34,17.575,87.563,30.0,,,,SIN_DATO,directo
05209,2021,35,17.89,83.164,25.4,,,,SIN_DATO,directo
05209,2021,36,17.603,83.039,70.0,,,,SIN_DATO,directo
05209,2021,37,19.095,75.059,27.0,,,,SIN_DATO,directo
05209,2021,38,17.753,81.428,42.4,,,,SIN_DATO,directo
05209,2021,39,17.639,82.298,50.6,,,,SIN_DATO,directo
05209,2021,40,18.213,82.068,25.2,,,,SIN_DATO,directo
05209,2021,41,17.682,82.062,66.1,,,,SIN_DATO,directo
05209,2021,42,17.38,78.999,61.3,,,,SIN_DATO,directo
05209,2021,43,17.103,71.96,79.0,,,,SIN_DATO,directo
05209,2021,44,17.313,65.536,12.2,,,,SIN_DATO,directo
05209,2021,45,17.031,44.933,96.7,,,,SIN_DATO,directo
05209,2021,46,17.318,51.63,9.9,,,,SIN_DATO,directo
05209,2021,47,17.046,52.59130434782609,56.4,,,,SIN_DATO,directo
05209,2021,48,17.597,53.552608695652175,59.2,,,,SIN_DATO,directo
05209,2021,49,17.815,54.51391304347826,12.7,,,,SIN_DATO,directo
05209,2021,50,17.368,55.47521739130435,2.4,,,,SIN_DATO,directo
05209,2021,51,18.161,,39.5,,,,SIN_DATO,directo
05209,2021,52,17.431,,53.2,,,,SIN_DATO,directo
05209,2022,1,16.982,,43.3,,,,SIN_DATO,directo
05209,2022,2,17.309,,3.3,,,,SIN_DATO,directo
05209,2022,3,18.714,,0.8,,,,SIN_DATO,directo
05209,2022,4,17.946,,0.3,,,,SIN_DATO,directo
05209,2022,5,18.298,,0.1,,,,SIN_DATO,directo
05209,2022,6,17.566,,71.2,,,,SIN_DATO,directo
05209,2022,7,17.667,,87.3,,,,SIN_DATO,directo
05209,2022,8,20.543,,13.1,,,,SIN_DATO,directo
05209,2022,14,17.843,,29.0,,,,SIN_DATO,directo
05209,2022,15,18.495,,32.0,,,,SIN_DATO,directo
05209,2022,16,16.155,,60.7,,,,SIN_DATO,directo
05209,2022,17,17.425,,122.5,,,,SIN_DATO,directo
05209,2022,18,18.167,,68.2,,,,SIN_DATO,directo
05209,2022,19,18.199,,17.8,,,,SIN_DATO,directo
05209,2022,20,17.818,,105.4,,,,SIN_DATO,directo
05209,2022,21,17.631,,2.9,,,,SIN_DATO,directo
05209,2022,22,16.459,,85.1,,,,SIN_DATO,directo
05209,2022,23,16.497,,75.6,,,,SIN_DATO,directo
05209,2022,24,16.805,,55.5,,,,SIN_DATO,directo
05209,2022,25,17.091,,25.7,,,,SIN_DATO,directo
05209,2022,26,16.543,,60.0,,,,SIN_DATO,directo
05209,2022,27,18.5,,5.6,,,,SIN_DATO,directo
05209,2022,28,17.376,,38.2,,,,SIN_DATO,directo
05209,2022,29,18.166,,31.9,,,,SIN_DATO,directo
05209,2022,30,17.372,,96.5,,,,SIN_DATO,directo
05209,2022,31,17.22,,118.6,,,,SIN_DATO,directo
05209,2022,32,18.082,,11.8,,,,SIN_DATO,directo
05209,2022,33,17.549,,60.2,,,,SIN_DATO,directo
05209,2022,34,16.853,,48.3,,,,SIN_DATO,directo
05209,2022,35,17.498,,42.1,,,,SIN_DATO,directo
05209,2022,36,18.055,,9.6,,,,SIN_DATO,directo
05209,2022,37,17.159,,49.5,,,,SIN_DATO,directo
05209,2022,38,16.294,,86.6,,,,SIN_DATO,directo
05209,2022,39,17.409,,36.2,,,,SIN_DATO,directo
05209,2022,40,17.138,,35.4,,,,SIN_DATO,directo
05209,2022,41,17.607,,15.0,,,,SIN_DATO,directo
05209,2022,42,16.91,,136.1,,,,SIN_DATO,directo
05209,2022,43,16.843,,40.2,,,,SIN_DATO,directo
05209,2022,44,17.508,,20.3,,,,SIN_DATO,directo
05209,2022,45,16.805,95.85,10.15,,,,SIN_DATO,directo
05209,2022,48,17.544,95.1965,0.0,,,,SIN_DATO,directo
05209,2022,49,16.074,94.54299999999999,1.7,,,,SIN_DATO,directo
05209,2022,50,17.707,93.8895,0.0,,,,SIN_DATO,directo
05209,2022,51,18.28,93.23599999999999,26.4,,,,SIN_DATO,directo
05209,2022,52,17.071,,17.9,,,,SIN_DATO,directo
05209,2023,1,16.725,,39.9,,,,SIN_DATO,directo
05209,2023,2,16.235,,13.7,,,,SIN_DATO,directo
05209,2023,5,18.697,,14.5,,,,SIN_DATO,directo
05209,2023,6,18.846,,7.8,,,,SIN_DATO,directo
05209,2023,7,18.327,,34.1,,,,SIN_DATO,directo
05209,2023,8,17.746,,17.3,,,,SIN_DATO,directo
05209,2023,9,19.466,,31.3,,,,SIN_DATO,directo
05209,2023,10,16.721,,90.9,,,,SIN_DATO,directo
05209,2023,11,16.543,,77.2,,,,SIN_DATO,directo
05209,2023,12,17.773,,18.7,,,,SIN_DATO,directo
05209,2023,13,18.348,,2.7,,,,SIN_DATO,directo
05209,2023,14,18.347,,23.3,,,,SIN_DATO,directo
05209,2023,15,18.35,84.087,59.3,,,,SIN_DATO,directo
05209,2023,16,17.12,86.228,8.5,,,,SIN_DATO,directo
05209,2023,17,17.762,83.821,27.2,,,,SIN_DATO,directo
05209,2023,18,20.529,69.567,3.6,,,,SIN_DATO,directo
05209,2023,19,19.553,79.885,4.2,,,,SIN_DATO,directo
05209,2023,20,19.166,84.107,33.1,,,,SIN_DATO,directo
05209,2023,21,17.518,90.256,131.0,,,,SIN_DATO,directo
05209,2023,22,18.326,86.195,58.4,,,,SIN_DATO,directo
05209,2023,23,18.522,84.732,8.6,,,,SIN_DATO,directo
05209,2023,24,19.88,71.335,11.6,,,,SIN_DATO,directo
05209,2023,25,20.29,68.651,33.9,,,,SIN_DATO,directo
05209,2023,26,19.81,75.911,21.1,,,,SIN_DATO,directo
05209,2023,27,17.974,87.51,121.3,,,,SIN_DATO,directo
05209,2023,28,19.743,74.478,19.1,,,,SIN_DATO,directo
05209,2023,29,21.167,53.953,0.0,,,,SIN_DATO,directo
05209,2023,30,19.746,76.841,17.6,,,,SIN_DATO,directo
05209,2023,31,20.656,63.938,3.2,,,,SIN_DATO,directo
05209,2023,32,20.19,67.87,0.2,,,,SIN_DATO,directo
05209,2023,33,18.462,82.018,100.4,,,,SIN_DATO,directo
05209,2023,34,17.111,89.92,52.5,,,,SIN_DATO,directo
05209,2023,38,20.249,89.92,0.0,,,,SIN_DATO,directo
05212,2018,1,20.848,74.988,22.1,859.192,38.187,10.34,IMPUTADO_PA,directo
05212,2018,2,20.886,76.917,5.9,858.515,31.394,16.62,IMPUTADO_PA,directo
05212,2018,3,20.816,75.774,0.0,858.074,23.907,11.071,IMPUTADO_PA,directo
05212,2018,4,22.17,70.667,5.5,856.095,34.827,11.924,IMPUTADO_PA,directo
05212,2018,5,22.569,73.407,18.7,856.23,34.008,10.337,IMPUTADO_PA,directo
05212,2018,6,22.253,67.928,0.4,857.345,29.01,9.25,IMPUTADO_PA,directo
05212,2018,7,21.887,71.783,35.7,858.467,49.647,14.383,IMPUTADO_PA,directo
05212,2018,8,21.208,66.162,10.9,858.981,42.067,8.735,IMPUTADO_PA,directo
05212,2018,9,21.724,66.44,0.8,858.518,33.803,14.536,IMPUTADO_PA,directo
05212,2018,10,23.739,60.055,0.4,857.01,34.064,14.416,IMPUTADO_PA,directo
05212,2018,11,23.391,64.933,5.3,857.702,41.927,13.383,IMPUTADO_PA,directo
05212,2018,12,22.007,74.429,24.9,857.546,39.42,12.233,IMPUTADO_PA,directo
05212,2018,13,21.603,75.912,3.7,857.807,30.131,11.519,IMPUTADO_PA,directo
05212,2018,14,21.029,75.119,0.0,858.682,34.145,9.895,IMPUTADO_PA,directo
05212,2018,15,21.055,78.262,1.5,859.401,29.997,19.456,IMPUTADO_PA,directo
05212,2018,16,22.474,72.256,0.0,858.613,21.917,13.219,IMPUTADO_PA,directo
05212,2018,17,21.732,78.083,1.6,859.124,18.192,13.096,IMPUTADO_PA,directo
05212,2018,18,21.627,77.119,0.2,859.229,32.367,10.499,IMPUTADO_PA,directo
05212,2018,19,20.71,82.821,0.0,860.04,52.483,18.977,IMPUTADO_PA,directo
05212,2018,20,21.026,79.274,0.0,858.608,41.781,11.739,IMPUTADO_PA,directo
05212,2018,21,22.152,76.577,0.0,858.671,29.422,14.893,IMPUTADO_PA,directo
05212,2018,22,22.266,74.97,0.1,858.334,31.082,15.61,IMPUTADO_PA,directo
05212,2018,23,23.576,71.548,0.0,857.985,27.419,14.386,IMPUTADO_PA,directo
05212,2018,24,23.145,69.274,0.0,859.093,18.575,8.656,IMPUTADO_PA,directo
05212,2018,25,22.557,69.541,0.0,859.033,28.445,16.448,IMPUTADO_PA,directo
05212,2018,26,21.214,75.393,0.0,858.696,30.666,11.703,IMPUTADO_PA,directo
05212,2018,27,22.576,71.054,0.0,857.879,32.005,16.986,IMPUTADO_PA,directo
05212,2018,28,24.043,59.387,0.0,857.97,40.153,11.475,IMPUTADO_PA,directo
05212,2018,29,23.221,64.5,0.0,858.321,34.453,19.965,IMPUTADO_PA,directo
05212,2018,30,22.318,72.827,0.0,859.484,40.275,17.665,IMPUTADO_PA,directo
05212,2018,31,21.323,75.946,0.0,859.02,35.384,18.259,IMPUTADO_PA,directo
05212,2018,32,24.322,50.106,0.0,858.088,34.648,16.239,IMPUTADO_PA,directo
05212,2018,33,24.52,56.269,0.0,858.796,36.059,9.799,IMPUTADO_PA,directo
05212,2018,34,26.948,41.448,0.0,857.233,24.41,8.817,IMPUTADO_PA,directo
05212,2018,35,26.699,47.476,0.0,856.754,37.145,18.918,IMPUTADO_PA,directo
05212,2018,36,23.402,66.021,0.0,857.779,28.484,19.616,IMPUTADO_PA,directo
05212,2018,37,23.926,63.355,0.0,857.395,28.727,9.59,IMPUTADO_PA,directo
05212,2018,38,27.409,42.697,0.0,854.391,31.215,14.354,IMPUTADO_PA,directo
05212,2018,39,26.421,49.273,0.0,856.682,27.786,18.273,IMPUTADO_PA,directo
05212,2018,40,26.350153846153844,51.61181818181819,0.0,857.1563636363636,22.899,15.304,IMPUTADO_PA,directo
05212,2018,41,26.279307692307693,53.95063636363636,0.0,857.6307272727273,30.624,15.677,IMPUTADO_PA,directo
05212,2018,42,26.20846153846154,56.28945454545455,0.0,858.1050909090909,28.763,11.119,IMPUTADO_PA,directo
05212,2018,43,26.137615384615383,58.62827272727273,0.0,858.5794545454545,28.496,13.267,IMPUTADO_PA,directo
05212,2018,44,19.143,80.647,121.576,851.735,29.833,20.695,IMPUTADO_PA,directo
05212,2018,45,19.776,79.479,36.817,850.704,14.261,13.04,IMPUTADO_PA,directo
05212,2018,46,20.521,78.102,43.536,850.834,28.551,10.57,IMPUTADO_PA,directo
05212,2018,47,20.163,79.355,228.883,851.252,41.363,11.362,IMPUTADO_PA,directo
05212,2018,48,19.569,80.197,38.901,851.671,40.637,13.34,IMPUTADO_PA,directo
05212,2018,49,19.921,73.256,11.767,852.01,30.89,14.201,IMPUTADO_PA,directo
05212,2018,50,20.673,75.0,0.0,861.9,30.63,13.629,IMPUTADO_PA,directo
05212,2018,51,20.359,60.0,0.0,859.9,12.53,20.495,IMPUTADO_PA,directo
05212,2018,52,25.5,45.0,0.0,857.9,26.369,6.364,IMPUTADO_PA,directo
05212,2019,1,25.5,45.5,0.0,858.5999999999999,32.713,6.4619245283018865,IMPUTADO_PA,directo
05212,2019,2,25.5,46.0,0.0,859.3,37.976,6.559849056603774,IMPUTADO_PA,directo
05212,2019,3,25.5,0.0,0.0,635.4347,36.285,6.6577735849056605,IMPUTADO_PA,directo
05212,2019,4,25.5,0.0,0.0,635.4347,29.607,6.755698113207547,IMPUTADO_PA,directo
05212,2019,5,20.58,0.0,0.0,635.4347,40.538,6.292,IMPUTADO_PA,directo
05212,2019,6,20.98,0.0,0.0,635.4347,40.625,19.749,IMPUTADO_PA,directo
05212,2019,7,21.846,0.0,0.0,635.4347,34.034,17.119,IMPUTADO_PA,directo
05212,2019,8,20.703,0.0,0.0,635.4347,40.099,13.431,IMPUTADO_PA,directo
05212,2019,9,19.816,0.0,0.0,635.4347,34.724,6.062,IMPUTADO_PA,directo
05212,2019,10,21.132,0.0,0.0,635.4347,28.226,13.045,IMPUTADO_PA,directo
05212,2019,11,21.176,0.0,0.0,635.4347,38.036,7.072,IMPUTADO_PA,directo
05212,2019,12,19.429,0.0,0.0,635.4347,33.462,18.656,IMPUTADO_PA,directo
05212,2019,13,20.277,77.78,65.8,851.568,32.61,15.728,IMPUTADO_PA,directo
05212,2019,14,19.479,79.571,81.5,852.8,44.074,12.528,IMPUTADO_PA,directo
05212,2019,15,20.662,76.226,45.8,851.452,13.508,1.177,IMPUTADO_PA,directo
05212,2019,16,20.265,78.427,30.4,851.758,21.556,7.691,IMPUTADO_PA,directo
05212,2019,17,20.518,77.292,35.1,851.69,23.353,15.184,IMPUTADO_PA,directo
05212,2019,18,22.407,64.324,0.0,850.549,29.77,17.538,IMPUTADO_PA,directo
05212,2019,19,20.845,75.451,38.6,851.574,30.617,17.073,IMPUTADO_PA,directo
05212,2019,20,20.026,78.682,73.3,852.001,20.858,4.962,IMPUTADO_PA,directo
05212,2019,21,19.67,81.613,64.3,851.936,24.926,13.452,IMPUTADO_PA,directo
05212,2019,22,19.457,82.327,62.1,852.419,25.894,16.653,IMPUTADO_PA,directo
05212,2019,23,20.989,73.129,37.8,851.965,51.743,4.665,IMPUTADO_PA,directo
05212,2019,24,21.168,74.213,18.4,852.242,46.635,12.065,IMPUTADO_PA,directo
05212,2019,25,22.348,59.165,0.1,851.608,29.393,13.328,IMPUTADO_PA,directo
05212,2019,26,21.652,66.482,3.2,851.004,29.768,10.752,IMPUTADO_PA,directo
05212,2019,27,20.966,68.824,38.1,851.711,23.648,3.796,IMPUTADO_PA,directo
05212,2019,28,20.985,69.167,29.8,851.729,17.736,10.64,IMPUTADO_PA,directo
05212,2019,29,21.875,60.83,10.1,851.404,31.69,10.633,IMPUTADO_PA,directo
05212,2019,30,20.988,0.0,0.0,635.4347,24.827,11.436,IMPUTADO_PA,directo
05212,2019,31,21.508,0.7747340425531916,0.17765957446808509,636.516320212766,31.939,9.574,IMPUTADO_PA,directo
05212,2019,32,22.545,1.5494680851063831,0.35531914893617017,637.597940425532,20.135,10.114,IMPUTADO_PA,directo
05212,2019,33,21.652,2.3242021276595746,0.5329787234042552,638.6795606382979,26.664,11.922,IMPUTADO_PA,directo
05212,2019,34,22.28,3.0989361702127662,0.7106382978723403,639.7611808510638,33.758,14.084,IMPUTADO_PA,directo
05212,2019,35,22.217,54.966,3.834,851.249,35.453,10.735,IMPUTADO_PA,directo
05212,2019,36,22.328,58.611,51.072,851.762,35.852,10.263,IMPUTADO_PA,directo
05212,2019,37,22.421,60.291,93.228,851.271,22.314,12.514,IMPUTADO_PA,directo
05212,2019,38,19.658,78.395,72.412,852.301,39.258,3.488,IMPUTADO_PA,directo
05212,2019,39,20.234,74.323,84.449,852.717,26.366,14.239,IMPUTADO_PA,directo
05212,2019,40,19.808,74.012,64.079,851.719,37.53,12.097,IMPUTADO_PA,directo
05212,2019,41,19.936,73.25,33.158,850.552,32.517,12.278,IMPUTADO_PA,directo
05212,2019,42,19.728,74.53,77.337,852.354,21.878,16.407,IMPUTADO_PA,directo
05212,2019,43,19.318,78.911,123.856,851.512,30.137,3.345,IMPUTADO_PA,directo
05212,2019,44,20.32,75.32,99.606,850.954,35.446,3.251,IMPUTADO_PA,directo
05212,2019,45,20.312,76.9,90.394,850.02,37.375,13.328,IMPUTADO_PA,directo
05212,2019,46,19.268,82.193,86.971,851.325,31.502,12.068,IMPUTADO_PA,directo
05212,2019,47,19.33,78.985,179.652,851.596,44.532,12.863,IMPUTADO_PA,directo
05212,2019,48,21.171,72.461,15.971,850.251,40.448,10.028,IMPUTADO_PA,directo
05212,2019,49,20.208,74.135,19.691,851.679,30.601,15.079,IMPUTADO_PA,directo
05212,2019,50,19.788,75.513,65.613,850.989,38.443,16.281,IMPUTADO_PA,directo
05212,2019,51,21.003,73.437,19.577,849.959,47.664,14.27,IMPUTADO_PA,directo
05212,2019,52,21.58,71.317,44.2,850.234,47.872,10.931,IMPUTADO_PA,directo
05212,2020,1,20.113,75.861,30.362,852.305,22.5,11.554,SISAIRE_DIRECTO,directo
05212,2020,2,20.408,62.067,0.0,851.521,32.65,12.582,SISAIRE_DIRECTO,directo
05212,2020,3,22.283,58.61,0.0,850.13,34.1,13.771,SISAIRE_DIRECTO,directo
05212,2020,4,20.119,74.125,74.81,852.48,23.15,11.174,SISAIRE_DIRECTO,directo
05212,2020,5,20.946,69.03,30.737,852.499,28.1,14.98,SISAIRE_DIRECTO,directo
05212,2020,6,21.593,60.648,3.067,851.91,44.7,20.841,SISAIRE_DIRECTO,directo
05212,2020,7,22.2,61.794,11.719,850.425,43.401842105263164,23.62,SISAIRE_DIRECTO,directo
05212,2020,8,21.996,65.218,66.928,850.761,42.10368421052632,20.406,SISAIRE_DIRECTO,directo
05212,2020,9,21.202,69.242,6.045,852.613,40.80552631578948,23.056,SISAIRE_DIRECTO,directo
05212,2020,10,22.291,65.878,2.717,851.541,39.50736842105263,25.496,SISAIRE_DIRECTO,directo
05212,2020,11,20.877,73.072,58.356,851.831,63.279,27.747,SISAIRE_DIRECTO,directo
05212,2020,12,20.677,66.525,24.102,852.816,66.08268,26.4,SISAIRE_DIRECTO,directo
05212,2020,13,21.307,64.626,14.557,851.347,65.74,31.419,SISAIRE_DIRECTO,directo
05212,2020,14,22.622,70.084,17.193,851.058,32.415,12.496,SISAIRE_DIRECTO,directo
05212,2020,15,23.512,66.174,16.224,851.8,18.882,7.753,SISAIRE_DIRECTO,directo
05212,2020,16,21.434,72.132,28.7,853.331,39.422,18.14,SISAIRE_DIRECTO,directo
05212,2020,17,21.92,70.09,5.307,852.564,28.911,11.608,SISAIRE_DIRECTO,directo
05212,2020,18,23.236,66.605,1.909,852.325,29.574,12.835,SISAIRE_DIRECTO,directo
05212,2020,19,24.819,59.667,3.148,851.319,24.176,8.951,SISAIRE_DIRECTO,directo
05212,2020,20,23.539,64.772,3.535,852.135,27.483,10.72,SISAIRE_DIRECTO,directo
05212,2020,21,23.559,64.75,15.329,852.054,27.902,10.508,SISAIRE_DIRECTO,directo
05212,2020,22,21.942,73.94,29.251,852.636,25.041,9.92,SISAIRE_DIRECTO,directo
05212,2020,23,22.179,70.196,4.182,853.039,30.286,10.676,SISAIRE_DIRECTO,directo
05212,2020,24,21.922,70.164,0.728,852.506,28.627,11.017,SISAIRE_DIRECTO,directo
05212,2020,25,21.431,75.14,2.254,852.214,20.035,9.156,SISAIRE_DIRECTO,directo
05212,2020,26,22.361,67.399,1.069,851.278,15.26,12.382,SISAIRE_DIRECTO,directo
05212,2020,27,21.518,73.182,1.376,851.461,18.63,8.115,SISAIRE_DIRECTO,directo
05212,2020,28,21.126,74.515,2.173,852.125,25.26,9.801,SISAIRE_DIRECTO,directo
05212,2020,29,22.684,62.521,1.334,851.327,25.2405,7.849,SISAIRE_DIRECTO,directo
05212,2020,30,21.114,74.485,2.478,851.899,25.221,8.29,SISAIRE_DIRECTO,directo
05212,2020,31,22.632,64.06,4.338,851.73,25.201500000000003,8.734,SISAIRE_DIRECTO,directo
05212,2020,32,23.714,55.524,0.441,852.142,25.182000000000002,14.89,SISAIRE_DIRECTO,directo
05212,2020,33,22.533,68.932,11.477,850.277,27.738,11.44,SISAIRE_DIRECTO,directo
05212,2020,34,21.538,72.213,0.427,852.166,26.682,8.273,SISAIRE_DIRECTO,directo
05212,2020,35,21.289,70.395,0.157,852.193,35.021,10.589,SISAIRE_DIRECTO,directo
05212,2020,36,21.274,71.815,4.556,851.824,32.5,10.673,SISAIRE_DIRECTO,directo
05212,2020,37,21.53,70.323,7.606,851.372,31.761,10.789,SISAIRE_DIRECTO,directo
05212,2020,38,21.172,72.698,0.778,852.624,33.007,13.128,SISAIRE_DIRECTO,directo
05212,2020,39,21.707,71.045,0.004,852.519,30.382,9.265,SISAIRE_DIRECTO,directo
05212,2020,40,20.834,74.486,1.507,851.052,34.562,9.704,SISAIRE_DIRECTO,directo
05212,2020,41,21.179,73.612,0.004,851.951,29.91,9.752,SISAIRE_DIRECTO,directo
05212,2020,42,21.754,69.744,6.502,850.674,31.922,10.812,SISAIRE_DIRECTO,directo
05212,2020,43,21.125,73.404,0.924,851.615,40.311,13.753,SISAIRE_DIRECTO,directo
05212,2020,44,21.113,74.768,4.684,851.786,30.425,10.413,SISAIRE_DIRECTO,directo
05212,2020,45,21.374,72.958,2.657,851.433,28.077,9.145,SISAIRE_DIRECTO,directo
05212,2020,46,20.276,77.396,0.732,852.359,35.837,12.093,SISAIRE_DIRECTO,directo
05212,2020,47,20.816,76.635,0.676,851.741,29.684,8.764,SISAIRE_DIRECTO,directo
05212,2020,48,21.476,73.745,0.175,851.238,24.87,11.278,SISAIRE_DIRECTO,directo
05212,2020,49,21.507,74.03,0.168,851.503,23.38,11.797,SISAIRE_DIRECTO,directo
05212,2020,50,21.877,71.284,0.104,851.936,23.543,12.439,SISAIRE_DIRECTO,directo
05212,2020,51,21.866,71.2,6.224,850.851,23.07,13.75,SISAIRE_DIRECTO,directo
05212,2020,52,21.162,74.574,41.654,850.993,16.64,13.511,SISAIRE_DIRECTO,directo
05212,2020,53,21.343,70.726,1.006,851.321,16.085,10.147,SISAIRE_DIRECTO,directo
05212,2021,1,20.798,72.596,4.157,851.444,19.28,10.304,SISAIRE_DIRECTO,directo
05212,2021,2,22.227,69.404,9.776,850.976,24.51,10.95,SISAIRE_DIRECTO,directo
05212,2021,3,22.061,66.243,3.492,850.587,26.31,14.733,SISAIRE_DIRECTO,directo
05212,2021,4,22.497,64.086,0.004,850.114,23.5,16.823,SISAIRE_DIRECTO,directo
05212,2021,5,23.398,62.156,1.098,850.525,15.733,14.421,SISAIRE_DIRECTO,directo
05212,2021,6,21.886,68.111,2.532,850.927,23.72,14.593,SISAIRE_DIRECTO,directo
05212,2021,7,21.082,70.154,0.768,852.497,27.207,13.656,SISAIRE_DIRECTO,directo
05212,2021,8,22.011,68.726,13.375,850.612,25.275,16.506,SISAIRE_DIRECTO,directo
05212,2021,9,21.064,72.81,51.03,850.892,34.25,20.892,SISAIRE_DIRECTO,directo
05212,2021,10,20.119,75.881,22.298,852.523,18.36,14.201,SISAIRE_DIRECTO,directo
05212,2021,11,19.773,80.122,121.614,851.947,22.917,13.693,SISAIRE_DIRECTO,directo
05212,2021,12,20.633,77.239,53.73,851.36,19.025,12.606,SISAIRE_DIRECTO,directo
05212,2021,13,21.969,72.295,14.651,849.634,25.155,11.465,SISAIRE_DIRECTO,directo
05212,2021,14,21.491,74.724,13.827,851.088,18.55,8.726,SISAIRE_DIRECTO,directo
05212,2021,15,22.434,68.592,9.414,850.788,27.045,10.919,SISAIRE_DIRECTO,directo
05212,2021,16,27.0,46.0,0.0,848.1,27.69,15.12,SISAIRE_DIRECTO,directo
05212,2021,17,22.6665,66.0,0.0,851.1165000000001,28.465,13.65,SISAIRE_DIRECTO,directo
05212,2021,18,18.333,86.0,0.321,854.133,12.445,8.245,SISAIRE_DIRECTO,directo
05212,2021,19,21.725,72.825,16.7,737.107,18.63,8.48,SISAIRE_DIRECTO,directo
05212,2021,20,22.011,77.768,28.5,737.327,14.825,10.158,SISAIRE_DIRECTO,directo
05212,2021,21,21.376,80.631,22.0,737.593,27.655,10.05,SISAIRE_DIRECTO,directo
05212,2021,22,21.812,79.256,47.5,737.325,17.293,8.531,SISAIRE_DIRECTO,directo
05212,2021,23,20.73,83.607,0.3,737.767,23.725,11.075,SISAIRE_DIRECTO,directo
05212,2021,24,21.66,76.321,0.0,737.774,22.54,9.264,SISAIRE_DIRECTO,directo
05212,2021,25,20.596,80.798,0.0,737.828,16.143,10.178,SISAIRE_DIRECTO,directo
05212,2021,26,22.079,70.381,0.0,737.686,20.043,8.277,SISAIRE_DIRECTO,directo
05212,2021,27,22.587,73.744,0.0,737.354,24.43,10.291,SISAIRE_DIRECTO,directo
05212,2021,28,22.665,70.583,0.0,737.532,20.7,9.335,SISAIRE_DIRECTO,directo
05212,2021,29,22.705,67.695,0.0,737.529,25.623,12.009,SISAIRE_DIRECTO,directo
05212,2021,30,22.093,73.94,0.0,737.623,23.03,10.595,SISAIRE_DIRECTO,directo
05212,2021,31,22.598,60.256,0.0,737.961,34.54,14.535,SISAIRE_DIRECTO,directo
05212,2021,32,21.44,80.396,0.0,737.933,15.123,8.633,SISAIRE_DIRECTO,directo
05212,2021,33,20.855,76.972,0.0,737.394,18.925,10.117,SISAIRE_DIRECTO,directo
05212,2021,34,21.303,78.472,0.0,737.131,25.24,10.63,SISAIRE_DIRECTO,directo
05212,2021,35,21.0,78.768,0.0,737.588,26.165,10.179,SISAIRE_DIRECTO,directo
05212,2021,36,20.991,81.637,0.0,737.698,31.735,12.988,SISAIRE_DIRECTO,directo
05212,2021,37,22.91,67.554,0.0,737.728,17.397,10.518,SISAIRE_DIRECTO,directo
05212,2021,38,21.572,75.719,0.0,737.457,29.84,10.974,SISAIRE_DIRECTO,directo
05212,2021,39,21.139,77.446,0.0,737.315,26.82,12.902,SISAIRE_DIRECTO,directo
05212,2021,40,22.261,76.357,0.0,736.989,20.493,9.966,SISAIRE_DIRECTO,directo
05212,2021,41,21.166,79.167,0.0,737.466,20.93,13.864,SISAIRE_DIRECTO,directo
05212,2021,42,21.238,75.042,0.0,737.727,27.405,10.916,SISAIRE_DIRECTO,directo
05212,2021,43,20.471,83.411,0.0,737.744,24.275,11.284,SISAIRE_DIRECTO,directo
05212,2021,44,21.272,81.149,0.0,737.479,18.01,9.645,SISAIRE_DIRECTO,directo
05212,2021,45,20.645,79.304,0.0,737.346,35.815,13.456,SISAIRE_DIRECTO,directo
05212,2021,46,21.21,78.952,0.0,737.112,18.22,12.217,SISAIRE_DIRECTO,directo
05212,2021,47,20.374,87.833,0.0,737.338,31.79,13.439,SISAIRE_DIRECTO,directo
05212,2021,48,21.5,79.896,0.0,737.087,26.47,12.304,SISAIRE_DIRECTO,directo
05212,2021,49,21.983,75.958,0.0,737.011,26.512,14.029,SISAIRE_DIRECTO,directo
05212,2021,50,21.126,76.851,0.0,737.077,26.554,14.073,SISAIRE_DIRECTO,directo
05212,2021,51,21.881,75.042,0.0,737.333,26.596,11.674,SISAIRE_DIRECTO,directo
05212,2021,52,21.107,82.013,0.0,737.295,26.637999999999998,12.749,SISAIRE_DIRECTO,directo
05212,2022,1,20.567,98.0,0.0,737.9,26.68,14.855,SISAIRE_DIRECTO,directo
05212,2022,2,20.731,65.36666666666667,0.0,737.7516666666667,23.97,12.119,SISAIRE_DIRECTO,directo
05212,2022,3,21.971,32.733333333333334,0.0,737.6033333333334,33.285,16.285,SISAIRE_DIRECTO,directo
05212,2022,4,21.271,0.1,0.0,737.455,40.71,15.403,SISAIRE_DIRECTO,directo
05212,2022,5,21.112,0.137,0.0,737.321,29.37,17.357,SISAIRE_DIRECTO,directo
05212,2022,6,20.737,0.128,0.0,737.044,37.63,14.621,SISAIRE_DIRECTO,directo
05212,2022,7,20.769,3.798,0.0,737.3,31.58,18.531,SISAIRE_DIRECTO,directo
05212,2022,8,21.449,0.14,0.0,737.286,27.695,20.137,SISAIRE_DIRECTO,directo
05212,2022,9,20.103,0.14780000000000001,0.0,737.0383333333333,32.49,13.986,SISAIRE_DIRECTO,directo
05212,2022,10,20.209,0.15560000000000002,0.0,736.7906666666667,27.94,13.483,SISAIRE_DIRECTO,directo
05212,2022,11,20.269,0.1634,0.0,736.5429999999999,30.103,19.681,SISAIRE_DIRECTO,directo
05212,2022,12,20.976,0.1712,0.0,736.2953333333332,41.52,22.286,SISAIRE_DIRECTO,directo
05212,2022,13,20.842,0.179,0.0,851.382,22.68,13.895,SISAIRE_DIRECTO,directo
05212,2022,14,21.333,5.783,0.0,735.8,27.225,10.521,SISAIRE_DIRECTO,directo
05212,2022,15,22.692,0.049,0.0,737.025,27.365,14.252,SISAIRE_DIRECTO,directo
05212,2022,16,20.311,2.06,0.0,738.25,20.33,8.979,SISAIRE_DIRECTO,directo
05212,2022,17,21.389,2.114,0.0,737.683,27.815,10.59,SISAIRE_DIRECTO,directo
05212,2022,18,22.072,3.713,0.0,738.125,26.885,11.612,SISAIRE_DIRECTO,directo
05212,2022,19,21.629,0.069,0.0,738.4125,21.097,11.457,SISAIRE_DIRECTO,directo
05212,2022,20,20.898,0.922,0.0,738.7,19.645,11.198,SISAIRE_DIRECTO,directo
05212,2022,21,21.516,0.078,0.0,738.3714285714286,31.15,10.997,SISAIRE_DIRECTO,directo
05212,2022,22,20.094,1.164,0.0,738.0428571428572,25.383,11.866,SISAIRE_DIRECTO,directo
05212,2022,23,19.972,1.631,0.0,737.7142857142858,20.86,10.755,SISAIRE_DIRECTO,directo
05212,2022,24,20.262,2.007,0.0,737.3857142857142,21.465,12.034,SISAIRE_DIRECTO,directo
05212,2022,25,20.867,0.696,0.0,851.909,19.397,9.437,SISAIRE_DIRECTO,directo
05212,2022,26,20.321,0.821,0.0,852.654,24.25,10.805,SISAIRE_DIRECTO,directo
05212,2022,27,22.783,0.071,13.2,736.4,25.085,8.699,SISAIRE_DIRECTO,directo
05212,2022,28,21.891,0.0,25.5,736.4857142857143,19.865,9.521,SISAIRE_DIRECTO,directo
05212,2022,29,22.158,0.014,11.4,736.5714285714286,21.273,9.793,SISAIRE_DIRECTO,directo
05212,2022,30,21.071,0.0,41.0,736.6571428571428,23.315,9.907,SISAIRE_DIRECTO,directo
05212,2022,31,21.035,0.008,0.2,736.7428571428571,21.64,10.208,SISAIRE_DIRECTO,directo
05212,2022,32,22.284,0.0,0.0,852.042,24.513,10.342,SISAIRE_DIRECTO,directo
05212,2022,33,21.58,0.009,0.0,851.796,22.48,10.711,SISAIRE_DIRECTO,directo
05212,2022,34,21.111,0.0,0.0,852.053,26.475,16.392,SISAIRE_DIRECTO,directo
05212,2022,35,21.267,0.0,0.0,851.523,25.697,11.413,SISAIRE_DIRECTO,directo
05212,2022,36,22.179,0.0,0.0,852.4,24.895,14.896,SISAIRE_DIRECTO,directo
05212,2022,37,20.644,0.0,0.0,852.224,22.9,12.116,SISAIRE_DIRECTO,directo
05212,2022,38,19.575,0.0,0.0,852.184,25.397,13.952,SISAIRE_DIRECTO,directo
05212,2022,39,21.167,0.0,0.0,851.703,21.925,12.389,SISAIRE_DIRECTO,directo
05212,2022,40,20.978,0.0,0.0,851.239,21.105,11.698,SISAIRE_DIRECTO,directo
05212,2022,41,21.15,0.0,0.0,737.6,31.587,15.212,SISAIRE_DIRECTO,directo
05212,2022,42,20.287,0.0,0.0,736.8,25.83,12.134,SISAIRE_DIRECTO,directo
05212,2022,43,20.33,0.0,0.0,736.8,31.16,11.418,SISAIRE_DIRECTO,directo
05212,2022,44,20.834,0.0,0.0,736.8,27.0,13.958,SISAIRE_DIRECTO,directo
05212,2022,45,21.18,0.0,0.0,736.8,18.49,10.069,SISAIRE_DIRECTO,directo
05212,2022,46,21.011,0.0,0.0,736.8,23.96,11.451,SISAIRE_DIRECTO,directo
05212,2022,47,20.842,0.0,0.0,851.274,23.65,11.111,SISAIRE_DIRECTO,directo
05212,2022,48,20.673,0.0,0.0,850.355,24.255,12.779,SISAIRE_DIRECTO,directo
05212,2022,49,19.698,0.0,0.0,851.135,17.8,13.047,SISAIRE_DIRECTO,directo
05212,2022,50,21.24,0.0,0.0,850.782,26.3,13.702,SISAIRE_DIRECTO,directo
05212,2022,51,21.975,0.0,0.0,851.009,27.745,17.051,SISAIRE_DIRECTO,directo
05212,2022,52,21.013,0.011,1.1,852.287,26.495,15.686,SISAIRE_DIRECTO,directo
05212,2023,1,20.142,0.007,19.5,852.83,20.835,11.042,SISAIRE_DIRECTO,directo
05212,2023,2,20.082,0.007,6.4,852.661,34.01,12.834,SISAIRE_DIRECTO,directo
05212,2023,3,20.753,0.0,1.7,851.416,35.28,14.319,SISAIRE_DIRECTO,directo
05212,2023,4,22.263,0.043,0.0,850.567,35.277,15.765,SISAIRE_DIRECTO,directo
05212,2023,5,21.625,0.043,0.0,851.641,39.835,20.752,SISAIRE_DIRECTO,directo
05212,2023,6,22.293,0.043,0.0,850.242,46.47,18.723,SISAIRE_DIRECTO,directo
05212,2023,7,21.905,0.043,0.0,850.341,28.703,14.278,SISAIRE_DIRECTO,directo
05212,2023,8,21.464,0.043,0.0,851.864,49.805,22.537,SISAIRE_DIRECTO,directo
05212,2023,9,23.304,69.449,9.023,850.601,49.345,19.146,SISAIRE_DIRECTO,directo
05212,2023,10,20.172,86.969,85.636,852.367,32.46,15.904,SISAIRE_DIRECTO,directo
05212,2023,11,20.269,85.725,29.754,852.851,39.39,16.835,SISAIRE_DIRECTO,directo
05212,2023,12,21.302,75.623,1.081,851.582,53.995,25.17,SISAIRE_DIRECTO,directo
05212,2023,13,21.35,81.79,0.261,851.094,30.05,18.703,SISAIRE_DIRECTO,directo
05212,2023,14,22.071,75.623,4.938,850.334,26.13,14.882,SISAIRE_DIRECTO,directo
05212,2023,15,21.789,80.815,43.283,850.894,37.705,15.2,SISAIRE_DIRECTO,directo
05212,2023,16,21.226,82.286,27.216,851.357,32.953,14.802,SISAIRE_DIRECTO,directo
05212,2023,17,21.63,86.444,37.018,852.125,34.765,11.243,SISAIRE_DIRECTO,directo
05212,2023,18,24.325,55.138,0.0,850.118,43.385,13.806,SISAIRE_DIRECTO,directo
05212,2023,19,23.325,58.571,1.691,851.236,28.46,14.007,SISAIRE_DIRECTO,directo
05212,2023,20,22.612,0.0,15.39,851.149,19.65,12.225,SISAIRE_DIRECTO,directo
05212,2023,21,21.234,0.0,45.88,852.085,31.87,12.577,SISAIRE_DIRECTO,directo
05212,2023,22,21.655,0.0,22.333,852.103,34.385,12.549,SISAIRE_DIRECTO,directo
05212,2023,23,22.42,0.0,0.094,852.846,43.105,10.674,SISAIRE_DIRECTO,directo
05212,2023,24,23.803,47.741,0.094,851.374,46.33,10.906,SISAIRE_DIRECTO,directo
05212,2023,25,23.107,76.032,0.094,851.371,34.44,10.08,SISAIRE_DIRECTO,directo
05212,2023,26,23.198,0.0,0.094,851.565,32.753,10.708,SISAIRE_DIRECTO,directo
05212,2023,27,21.725,0.0,0.094,852.562,24.375,11.202,SISAIRE_DIRECTO,directo
05212,2023,28,24.029,0.0,,850.802,28.81,11.716,SISAIRE_DIRECTO,directo
05212,2023,29,23.854,0.0,,852.203,40.58,9.024,SISAIRE_DIRECTO,directo
05212,2023,30,23.495,24.6,,852.266,35.805,14.262,SISAIRE_DIRECTO,directo
05212,2023,31,24.523,71.698,,852.641,36.0,13.891,SISAIRE_DIRECTO,directo
05212,2023,32,24.049,45.4,,852.35,22.755,13.027,SISAIRE_DIRECTO,directo
05212,2023,33,22.863,0.0,,850.901,27.21,12.162,SISAIRE_DIRECTO,directo
05212,2023,34,22.469,0.0,,851.22,18.955,13.446,SISAIRE_DIRECTO,directo
05212,2023,35,23.564,0.0,,852.029,33.223,15.002,SISAIRE_DIRECTO,directo
05212,2023,36,23.673,0.0,,851.49,41.59,13.377,SISAIRE_DIRECTO,directo
05212,2023,37,23.412,0.0,,851.581,33.115,12.436,SISAIRE_DIRECTO,directo
05212,2023,38,23.689,0.0,,850.802,30.77,13.741,SISAIRE_DIRECTO,directo
05212,2023,39,23.486,0.0,,851.476,40.36,12.394,SISAIRE_DIRECTO,directo
05212,2023,40,21.579,0.0,,852.385,31.85,14.878,SISAIRE_DIRECTO,directo
05212,2023,41,22.809,0.0,,851.627,27.31,15.267,SISAIRE_DIRECTO,directo
05212,2023,42,22.809,0.302,,851.94,44.475,16.032,SISAIRE_DIRECTO,directo
05212,2023,43,22.809,0.604,,851.634,35.585,14.619,SISAIRE_DIRECTO,directo
05212,2023,44,22.809,0.044,,851.134,30.617,11.101,SISAIRE_DIRECTO,directo
05212,2023,45,22.809,0.208,,850.465,36.845,13.666,SISAIRE_DIRECTO,directo
05212,2023,46,,0.11,,851.421,32.095,13.523,SISAIRE_DIRECTO,directo
05212,2023,47,,1.111,,851.917,26.78,10.311,SISAIRE_DIRECTO,directo
05212,2023,48,,0.8009999999999999,,850.829,42.775,12.6,SISAIRE_DIRECTO,directo
05212,2023,49,,0.491,,850.423,33.845,17.087,SISAIRE_DIRECTO,directo
05212,2023,50,,0.051,,849.715,30.775,14.942,SISAIRE_DIRECTO,directo
05212,2023,51,,0.096,,850.803,29.31,13.928,SISAIRE_DIRECTO,directo
05212,2023,52,,0.141,,853.257,28.047,12.109,SISAIRE_DIRECTO,directo
05234,2019,10,,,15.4,,,,SIN_DATO,directo
05234,2019,11,25.35,78.429,3.8,870.736,,5.894,SIN_DATO,directo
05234,2019,12,25.206952380952384,89.685,21.8,873.222,,5.892,SIN_DATO,directo
05234,2019,13,25.063904761904762,86.179,13.2,872.387,,5.904,SIN_DATO,directo
05234,2019,14,24.920857142857145,88.417,62.2,873.936,,5.904,SIN_DATO,directo
05234,2019,15,24.777809523809523,89.179,13.2,872.718,,5.896,SIN_DATO,directo
05234,2019,16,,91.369,56.2,873.017,,5.893,SIN_DATO,directo
05234,2019,17,,86.649,38.6,872.725,,5.9,SIN_DATO,directo
05234,2019,18,,84.31,12.4,871.582,,5.903,SIN_DATO,directo
05234,2019,19,,88.357,93.2,872.651,,5.907,SIN_DATO,directo
05234,2019,20,,89.976,56.6,873.29,,5.902,SIN_DATO,directo
05234,2019,21,,89.226,58.0,873.154,,5.899,SIN_DATO,directo
05234,2019,22,,88.405,84.4,873.793,,5.897,SIN_DATO,directo
05234,2019,23,,88.631,21.4,873.37,,5.9,SIN_DATO,directo
05234,2019,24,,89.232,76.6,873.627,,5.899,SIN_DATO,directo
05234,2019,25,,83.476,3.8,872.397,,5.896,SIN_DATO,directo
05234,2019,26,,87.018,17.6,872.226,,5.908,SIN_DATO,directo
05234,2019,27,,83.768,29.8,872.762,,5.907,SIN_DATO,directo
05234,2019,28,,87.393,25.2,873.182,,5.904,SIN_DATO,directo
05234,2019,29,,81.744,23.6,872.343,,5.897,SIN_DATO,directo
05234,2019,30,27.737,86.899,36.6,873.716,,5.903,SIN_DATO,directo
05234,2019,31,27.611,86.595,3.4,872.849,,5.902,SIN_DATO,directo
05234,2019,32,22.346,83.405,5.2,873.623,,5.902,SIN_DATO,directo
05234,2019,33,21.309,86.911,33.4,873.451,,5.905,SIN_DATO,directo
05234,2019,34,21.474,84.476,7.6,873.428,,5.902,SIN_DATO,directo
05234,2019,35,21.792,81.534,17.4,872.511,,5.903,SIN_DATO,directo
05234,2019,36,21.986,83.327,34.8,873.118,,5.902,SIN_DATO,directo
05234,2019,37,21.959,85.215,12.6,872.437,,5.901,SIN_DATO,directo
05234,2019,38,19.418,94.939,10.8,873.606,,5.893,SIN_DATO,directo
05234,2019,39,21.386,85.774,6.4,873.841,,5.9,SIN_DATO,directo
05234,2019,40,20.571,88.6,15.0,873.176,,5.898,SIN_DATO,directo
05234,2019,41,20.042,89.847,47.2,872.033,,5.895,SIN_DATO,directo
05234,2019,42,20.124,90.661,48.4,873.782,,5.906,SIN_DATO,directo
05234,2019,43,20.317,90.44,39.6,872.897,,5.906,SIN_DATO,directo
05234,2019,44,20.73,86.957,46.4,872.327,,5.905,SIN_DATO,directo
05234,2019,45,20.85,84.78206666666667,50.2,871.173,,5.901,SIN_DATO,directo
05234,2019,46,21.118,82.60713333333332,48.4,872.049,,5.905,SIN_DATO,directo
05234,2019,47,20.684,80.4322,12.4,873.116,,5.9,SIN_DATO,directo
05234,2019,48,21.951,78.25726666666667,29.2,871.511,,5.901,SIN_DATO,directo
05234,2019,49,21.351,,1.6,873.336,,5.896,SIN_DATO,directo
05234,2019,50,20.846,91.0,38.8,872.282,,5.901,SIN_DATO,directo
05234,2019,51,21.203,90.218,2.0,871.308,,5.9,SIN_DATO,directo
05234,2019,52,21.546,90.429,9.4,871.474,,5.895,SIN_DATO,directo
05234,2020,1,21.216,89.649,8.6,873.63,,0.035349999999999944,SIN_DATO,directo
05234,2020,2,21.11,78.572,0.0,872.095,,0.035349999999999944,SIN_DATO,directo
05234,2020,3,22.733,76.054,0.0,870.574,,0.035349999999999944,SIN_DATO,directo
05234,2020,4,20.927,91.364,33.0,873.64,,0.035349999999999944,SIN_DATO,directo
05234,2020,5,21.585,85.333,0.4,873.506,,0.035349999999999944,SIN_DATO,directo
05234,2020,6,22.184,79.833,41.4,872.917,,,SIN_DATO,directo
05234,2020,7,22.508,54.333,10.0,871.497,,,SIN_DATO,directo
05234,2020,8,22.786,62.777,5.0,872.021,,,SIN_DATO,directo
05234,2020,9,22.258,61.104,1.0,873.606,,,SIN_DATO,directo
05234,2020,10,22.391,62.184,0.8,872.548,,,SIN_DATO,directo
05234,2020,11,22.221,63.244,0.6,872.986,,,SIN_DATO,directo
05234,2020,12,21.878,57.787,7.4,874.051,,,SIN_DATO,directo
05234,2020,13,21.92,59.186,10.4,872.416,,,SIN_DATO,directo
05234,2020,14,21.912,67.602,6.8,872.191,,,SIN_DATO,directo
05234,2020,15,21.912,69.561,45.4,873.026,,,SIN_DATO,directo
05234,2020,16,21.327,66.138,9.2,874.654,,,SIN_DATO,directo
05234,2020,17,21.182,67.85,2.0,873.896,,,SIN_DATO,directo
05234,2020,18,21.944,68.677,11.0,873.564,,,SIN_DATO,directo
05234,2020,19,22.678,67.247,26.2,872.625,,,SIN_DATO,directo
05234,2020,20,22.074,68.606,69.2,873.45,,,SIN_DATO,directo
05234,2020,21,22.125,68.048,37.4,873.429,,,SIN_DATO,directo
05234,2020,22,21.028,70.623,132.4,874.117,,,SIN_DATO,directo
05234,2020,23,20.949,58.0,6.8,874.355,,,SIN_DATO,directo
05234,2020,24,20.995,62.357,32.0,873.795,,,SIN_DATO,directo
05234,2020,25,20.763,71.404,26.4,873.463,,,SIN_DATO,directo
05234,2020,26,19.4,77.0,85.6,874.2,,,SIN_DATO,directo
05234,2020,27,,,56.8,,,,SIN_DATO,directo
05234,2020,28,,,7.6,,,,SIN_DATO,directo
05234,2020,30,,,15.0,,,,SIN_DATO,directo
05234,2020,31,,,9.0,,,,SIN_DATO,directo
05234,2020,32,,,6.0,,,,SIN_DATO,directo
05234,2020,33,,,18.4,,,,SIN_DATO,directo
05234,2020,34,,,93.4,,,,SIN_DATO,directo
05234,2020,35,,,59.2,,,,SIN_DATO,directo
05234,2020,36,,,55.4,,,,SIN_DATO,directo
05234,2020,37,,,40.4,,,,SIN_DATO,directo
05234,2020,38,,,33.0,,,,SIN_DATO,directo
05234,2020,39,,,12.2,,,,SIN_DATO,directo
05234,2020,40,,,61.8,,,,SIN_DATO,directo
05234,2020,41,,,23.4,,,,SIN_DATO,directo
05234,2020,42,,,49.0,,,,SIN_DATO,directo
05234,2020,43,,,57.6,,,,SIN_DATO,directo
05234,2020,44,,,94.2,,,,SIN_DATO,directo
05234,2020,45,,,5.2,,,,SIN_DATO,directo
05234,2020,46,,,86.8,,,,SIN_DATO,directo
05234,2020,47,,,90.0,,,,SIN_DATO,directo
05234,2020,48,,,25.2,,,,SIN_DATO,directo
05234,2020,49,,,14.6,,,,SIN_DATO,directo
05234,2020,50,,,13.4,,,,SIN_DATO,directo
05234,2020,51,,,9.6,,,,SIN_DATO,directo
05234,2020,52,,,43.8,,,,SIN_DATO,directo
05234,2021,1,,,2.6,,,,SIN_DATO,directo
05234,2021,2,,,7.8,,,,SIN_DATO,directo
05234,2021,3,,,1.0,,,,SIN_DATO,directo
05234,2021,4,,,0.0,,,,SIN_DATO,directo
05234,2021,5,,,5.4,,,,SIN_DATO,directo
05234,2021,6,,,3.2,,,,SIN_DATO,directo
05234,2021,7,,,26.6,,,,SIN_DATO,directo
05234,2021,8,,,61.6,,,,SIN_DATO,directo
05234,2021,9,,,30.8,,,,SIN_DATO,directo
05234,2021,10,,,17.8,,,,SIN_DATO,directo
05234,2021,11,,,71.0,,,,SIN_DATO,directo
05234,2021,12,,,44.4,,,,SIN_DATO,directo
05234,2021,13,,,11.4,,,,SIN_DATO,directo
05234,2021,14,,,22.0,,,,SIN_DATO,directo
05234,2021,15,,,49.0,,,,SIN_DATO,directo
05234,2021,16,,,3.4,,,,SIN_DATO,directo
05234,2021,17,,,113.8,,,,SIN_DATO,directo
05234,2021,18,,,25.0,,,,SIN_DATO,directo
05234,2021,19,,,21.0,,,,SIN_DATO,directo
05234,2021,20,,,39.6,,,,SIN_DATO,directo
05234,2021,21,,,69.2,,,,SIN_DATO,directo
05234,2021,22,,,63.8,,,,SIN_DATO,directo
05234,2021,23,,,88.6,,,,SIN_DATO,directo
05234,2021,24,,,11.2,,,,SIN_DATO,directo
05234,2021,25,,,27.8,,,,SIN_DATO,directo
05234,2021,26,,,6.2,,,,SIN_DATO,directo
05234,2021,27,,,15.4,,,,SIN_DATO,directo
05234,2021,28,,,11.4,,,,SIN_DATO,directo
05234,2021,29,,,32.2,,,,SIN_DATO,directo
05234,2021,30,,,16.0,,,,SIN_DATO,directo
05234,2021,31,,,12.2,,,,SIN_DATO,directo
05234,2021,32,,,21.4,,,,SIN_DATO,directo
05234,2021,33,,,39.4,,,,SIN_DATO,directo
05234,2021,34,20.543,77.0,20.0,873.209,,,SIN_DATO,directo
05234,2021,35,20.105,77.0,58.0,873.919,,,SIN_DATO,directo
05234,2021,36,,,41.6,,,,SIN_DATO,directo
05234,2021,37,,,20.0,,,,SIN_DATO,directo
05234,2021,38,,,38.8,,,,SIN_DATO,directo
05234,2021,39,,,18.8,,,,SIN_DATO,directo
05234,2021,40,,,36.8,,,,SIN_DATO,directo
05234,2021,41,,,85.6,,,,SIN_DATO,directo
05234,2021,42,20.297,77.0,24.8,874.467,,,SIN_DATO,directo
05234,2021,43,,,61.2,,,,SIN_DATO,directo
05234,2021,44,,,38.8,,,,SIN_DATO,directo
05234,2021,45,,,58.6,,,,SIN_DATO,directo
05234,2021,46,,,21.0,,,,SIN_DATO,directo
05234,2021,47,,,85.2,,,,SIN_DATO,directo
05234,2021,48,,,40.6,,,,SIN_DATO,directo
05234,2021,49,,,13.0,,,,SIN_DATO,directo
05234,2021,50,,,23.6,,,,SIN_DATO,directo
05234,2021,51,,,28.4,,,,SIN_DATO,directo
05234,2021,52,,,52.8,,,,SIN_DATO,directo
05234,2022,1,,,1.0,,,,SIN_DATO,directo
05234,2022,4,,,5.2,,,,SIN_DATO,directo
05234,2022,5,,,8.6,,,,SIN_DATO,directo
05234,2022,6,,,16.4,,,,SIN_DATO,directo
05234,2022,7,,,46.0,,,,SIN_DATO,directo
05234,2022,8,,,0.0,,,,SIN_DATO,directo
05234,2022,13,,,79.2,,,,SIN_DATO,directo
05234,2022,14,,,72.0,,,,SIN_DATO,directo
05234,2022,15,,,5.8,,,,SIN_DATO,directo
05234,2022,16,,,68.8,,,,SIN_DATO,directo
05234,2022,17,20.297,77.0,55.2,874.4,,,SIN_DATO,directo
05234,2022,18,,,6.4,,,,SIN_DATO,directo
05234,2022,19,,,32.6,,,,SIN_DATO,directo
05234,2022,20,,,40.0,,,,SIN_DATO,directo
05234,2022,21,,,52.6,,,,SIN_DATO,directo
05234,2022,22,,,33.4,,,,SIN_DATO,directo
05234,2022,23,,,66.2,,,,SIN_DATO,directo
05234,2022,24,,,55.8,,,,SIN_DATO,directo
05234,2022,25,,,31.4,,,,SIN_DATO,directo
05234,2022,42,,,18.2,,,,SIN_DATO,directo
05237,2018,1,11.859,88.97,36.9,,7.569,19.986,IMPUTADO_PA,directo
05237,2018,2,11.507,92.327,8.6,,9.934,16.028,IMPUTADO_PA,directo
05237,2018,3,11.56,90.214,2.6,,28.846,12.738,IMPUTADO_PA,directo
05237,2018,4,12.246,88.601,3.7,,8.9,16.726,IMPUTADO_PA,directo
05237,2018,5,13.468,90.494,5.0,,6.828,15.831,IMPUTADO_PA,directo
05237,2018,6,12.134,89.898,0.5,,13.387,17.511,IMPUTADO_PA,directo
05237,2018,7,12.047,91.584,18.5,,20.496,20.318,IMPUTADO_PA,directo
05237,2018,8,11.451,88.377,1.2,,16.397,5.657,IMPUTADO_PA,directo
05237,2018,9,12.051,89.53,0.7,,12.098,7.385,IMPUTADO_PA,directo
05237,2018,10,13.915,51.025,0.2,,11.912,18.98,IMPUTADO_PA,directo
05237,2018,11,12.531,0.05,0.0,,11.613,9.43,IMPUTADO_PA,directo
05237,2018,12,12.789,0.018,0.1,,10.302,12.592,IMPUTADO_PA,directo
05237,2018,13,12.432,0.084,0.1,,35.094,9.55,IMPUTADO_PA,directo
05237,2018,14,12.338,8.904,0.1,,19.533,17.442,IMPUTADO_PA,directo
05237,2018,15,12.532,61.857,0.0,,24.154,2.549,IMPUTADO_PA,directo
05237,2018,16,13.115,6.456,0.0,,13.364,12.761,IMPUTADO_PA,directo
05237,2018,17,13.58,0.03,0.0,,15.742,19.434,IMPUTADO_PA,directo
05237,2018,18,12.947,31.589,0.0,,11.604,9.896,IMPUTADO_PA,directo
05237,2018,19,12.868,25.327,0.0,,0.0,5.615,IMPUTADO_PA,directo
05237,2018,20,13.149,9.31,0.0,,6.393,14.042,IMPUTADO_PA,directo
05237,2018,21,13.809,15.898,0.0,,3.0,9.983,IMPUTADO_PA,directo
05237,2018,22,13.529,0.639,0.0,,0.0,17.067,IMPUTADO_PA,directo
05237,2018,23,14.277,0.036,0.0,,7.825,13.463,IMPUTADO_PA,directo
05237,2018,24,13.723,14.398,0.1,,27.591,8.719,IMPUTADO_PA,directo
05237,2018,25,13.633,1.844,0.0,,16.852,11.791,IMPUTADO_PA,directo
05237,2018,26,12.748,0.036,0.0,,27.321,16.771,IMPUTADO_PA,directo
05237,2018,27,13.092,0.036,0.0,,20.423,11.91,IMPUTADO_PA,directo
05237,2018,28,13.98,0.096,0.0,,23.337,9.237,IMPUTADO_PA,directo
05237,2018,29,13.558,0.041,0.0,,10.135,13.324,IMPUTADO_PA,directo
05237,2018,30,13.318,0.024,0.0,,21.309,12.499,IMPUTADO_PA,directo
05237,2018,31,12.749,0.066,0.0,,22.915,16.152,IMPUTADO_PA,directo
05237,2018,32,12.103,0.048,0.0,,12.678,14.844,IMPUTADO_PA,directo
05237,2018,33,12.846,0.036,0.0,,21.588,11.563,IMPUTADO_PA,directo
05237,2018,34,13.627,0.042,0.0,,21.64,19.382,IMPUTADO_PA,directo
05237,2018,35,13.236,0.03,0.0,,12.89,12.916,IMPUTADO_PA,directo
05237,2018,36,12.995,0.018,0.0,,8.395,5.526,IMPUTADO_PA,directo
05237,2018,37,12.317,0.024,0.0,,7.913,5.53,IMPUTADO_PA,directo
05237,2018,38,13.145,0.018,0.0,,17.878,14.35,IMPUTADO_PA,directo
05237,2018,39,13.058,0.055,0.0,,19.765,13.644,IMPUTADO_PA,directo
05237,2018,40,13.319,0.024,0.0,,10.985,2.467,IMPUTADO_PA,directo
05237,2018,41,12.592,0.072,0.0,,17.408,10.411,IMPUTADO_PA,directo
05237,2018,42,12.77,0.036,0.0,,21.674,15.483,IMPUTADO_PA,directo
05237,2018,43,12.957,0.012,0.0,,22.048,15.735,IMPUTADO_PA,directo
05237,2018,44,12.712,0.042,0.0,,29.371,14.741,IMPUTADO_PA,directo
05237,2018,45,12.991,0.018,0.0,,27.215,11.674,IMPUTADO_PA,directo
05237,2018,46,12.92,0.018,0.0,,9.347,15.996,IMPUTADO_PA,directo
05237,2018,47,13.048,0.03,0.0,,30.404,14.702,IMPUTADO_PA,directo
05237,2018,48,12.428,0.036,0.0,,13.036,11.942,IMPUTADO_PA,directo
05237,2018,49,11.714,0.042,0.0,,25.394,3.837,IMPUTADO_PA,directo
05237,2018,50,12.346,0.048,0.0,,17.733,6.045,IMPUTADO_PA,directo
05237,2018,51,11.975,0.036,0.0,,13.968,9.519,IMPUTADO_PA,directo
05237,2018,52,12.395,0.03,0.0,,3.023,11.219,IMPUTADO_PA,directo
05250,2018,1,,,4.0,,13.401,18.197,IMPUTADO_PA,directo
05250,2018,2,,,,,26.331,15.743,IMPUTADO_PA,directo
05250,2018,3,,,0.0,,38.838,20.21,IMPUTADO_PA,directo
05250,2018,4,,,0.0,,37.934,21.182,IMPUTADO_PA,directo
05250,2018,5,,,0.0,,29.974,17.091,IMPUTADO_PA,directo
05250,2018,6,,,0.2,,38.182,19.034,IMPUTADO_PA,directo
05250,2018,7,,,0.5,,33.37,17.217,IMPUTADO_PA,directo
05250,2018,8,,,0.3,,42.0,17.389,IMPUTADO_PA,directo
05250,2018,9,,,0.0,,30.92,19.869,IMPUTADO_PA,directo
05250,2018,10,,,93.8,,23.073,18.432,IMPUTADO_PA,directo
05250,2018,11,,,0.0,,31.485,21.576,IMPUTADO_PA,directo
05250,2018,12,,,53.0,,0.0,17.647,IMPUTADO_PA,directo
05250,2018,13,,,0.0,,32.057,20.267,IMPUTADO_PA,directo
05250,2018,14,,,2.3,,0.0,18.672,IMPUTADO_PA,directo
05250,2018,15,,,40.6,,6.436,19.907,IMPUTADO_PA,directo
05250,2018,16,,,37.2,,32.895,17.709,IMPUTADO_PA,directo
05250,2018,17,,,22.9,,33.209,18.412,IMPUTADO_PA,directo
05250,2018,18,,,,,13.26,18.296,IMPUTADO_PA,directo
05250,2018,19,,,,,18.738,17.022,IMPUTADO_PA,directo
05250,2018,20,,,,,44.071,19.671,IMPUTADO_PA,directo
05250,2018,21,,,,,21.512,19.65,IMPUTADO_PA,directo
05250,2018,22,,,,,54.683,19.55,IMPUTADO_PA,directo
05250,2018,23,,,,,27.377,21.218,IMPUTADO_PA,directo
05250,2018,24,,,,,32.363,21.063,IMPUTADO_PA,directo
05250,2018,25,,,,,47.068,17.837,IMPUTADO_PA,directo
05250,2018,26,,,,,28.994,19.16,IMPUTADO_PA,directo
05250,2018,27,,,,,15.208,17.397,IMPUTADO_PA,directo
05250,2018,28,,,,,26.065,18.541,IMPUTADO_PA,directo
05250,2018,29,,,,,26.967,17.44,IMPUTADO_PA,directo
05250,2018,30,,,,,10.799,21.365,IMPUTADO_PA,directo
05250,2018,31,,,,,24.288,19.143,IMPUTADO_PA,directo
05250,2018,32,,,,,18.372,18.114,IMPUTADO_PA,directo
05250,2018,33,,,,,38.644,20.611,IMPUTADO_PA,directo
05250,2018,34,,,,,27.821,14.662,IMPUTADO_PA,directo
05250,2018,35,,,,,23.96,14.939,IMPUTADO_PA,directo
05250,2018,36,,,,,26.108,19.907,IMPUTADO_PA,directo
05250,2018,37,,,,,30.114,18.607,IMPUTADO_PA,directo
05250,2018,38,,,,,34.903,18.943,IMPUTADO_PA,directo
05250,2018,39,,,,,15.24,16.155,IMPUTADO_PA,directo
05250,2018,40,,,,,14.73,18.459,IMPUTADO_PA,directo
05250,2018,41,,,0.0,,40.837,22.043,IMPUTADO_PA,directo
05250,2018,42,,,38.9,,22.384,19.957,IMPUTADO_PA,directo
05250,2018,43,,,84.7,,10.166,18.8,IMPUTADO_PA,directo
05250,2018,44,,,39.1,,32.799,17.724,IMPUTADO_PA,directo
05250,2018,45,,,98.3,,33.036,17.802,IMPUTADO_PA,directo
05250,2018,46,,,87.9,,8.78,14.735,IMPUTADO_PA,directo
05250,2018,47,,,61.4,,30.191,18.956,IMPUTADO_PA,directo
05250,2018,48,,,35.0,,36.348,19.995,IMPUTADO_PA,directo
05250,2018,49,,,0.0,,31.954,15.714,IMPUTADO_PA,directo
05250,2018,50,,,0.5,,35.087,17.33,IMPUTADO_PA,directo
05250,2018,51,,,9.6,,10.319,16.453,IMPUTADO_PA,directo
05250,2018,52,,,0.0,,31.427,16.793,IMPUTADO_PA,directo
05250,2019,1,,,0.0,,23.369,21.995,IMPUTADO_PA,directo
05250,2019,2,,,5.9,,21.177,18.214,IMPUTADO_PA,directo
05250,2019,3,,,3.6,,37.639,22.986,IMPUTADO_PA,directo
05250,2019,4,,,0.5,,45.044,23.233,IMPUTADO_PA,directo
05250,2019,5,,,17.3,,48.877,21.456,IMPUTADO_PA,directo
05250,2019,6,,,0.0,,43.043,17.514,IMPUTADO_PA,directo
05250,2019,7,,,0.0,,25.715,20.138,IMPUTADO_PA,directo
05250,2019,8,,,10.6,,31.34,24.08,IMPUTADO_PA,directo
05250,2019,9,,,2.0,,36.378,16.988,IMPUTADO_PA,directo
05250,2019,10,21.762,93.268,18.7,,28.524,21.285,IMPUTADO_PA,directo
05250,2019,11,22.332,90.982,14.9,,28.641,19.813,IMPUTADO_PA,directo
05250,2019,12,20.862,95.941,17.1,,37.07,23.323,IMPUTADO_PA,directo
05250,2019,13,20.9303,95.84985,74.7,,26.329,20.706,IMPUTADO_PA,directo
05250,2019,14,20.9986,95.7587,81.1,,18.179,22.614,IMPUTADO_PA,directo
05250,2019,15,21.0669,95.66755,70.96249999999999,,22.008,22.9,IMPUTADO_PA,directo
05250,2019,16,21.135199999999998,95.5764,60.824999999999996,,34.761,25.147,IMPUTADO_PA,directo
05250,2019,17,,,50.6875,,27.086,21.541,IMPUTADO_PA,directo
05250,2019,18,,,40.55,,31.188,22.565,IMPUTADO_PA,directo
05250,2019,19,,,,,35.201,19.274,IMPUTADO_PA,directo
05250,2019,20,,,,,22.49,24.005,IMPUTADO_PA,directo
05250,2019,21,,,,,36.249,20.555,IMPUTADO_PA,directo
05250,2019,22,,,0.0,,31.658,20.908,IMPUTADO_PA,directo
05250,2019,23,,,0.0,,12.03,21.861,IMPUTADO_PA,directo
05250,2019,24,,,0.0,,44.594,19.136,IMPUTADO_PA,directo
05250,2019,25,,,0.3,,20.959,22.305,IMPUTADO_PA,directo
05250,2019,26,,,45.9,,6.917,23.611,IMPUTADO_PA,directo
05250,2019,27,,,55.1,,14.338,22.418,IMPUTADO_PA,directo
05250,2019,28,,,53.6,,14.63,19.09,IMPUTADO_PA,directo
05250,2019,29,,,0.0,,27.685,21.681,IMPUTADO_PA,directo
05250,2019,30,,,0.7125,,23.719,23.212,IMPUTADO_PA,directo
05250,2019,31,,,1.425,,22.953,18.579,IMPUTADO_PA,directo
05250,2019,32,22.228,94.118,2.1375,,34.588,20.0,IMPUTADO_PA,directo
05250,2019,33,21.365,95.208,2.85,,31.184,23.45,IMPUTADO_PA,directo
05250,2019,34,22.17,93.071,67.8,,30.894,22.378,IMPUTADO_PA,directo
05250,2019,35,21.968,92.426,74.1,,32.035,22.628,IMPUTADO_PA,directo
05250,2019,36,21.774,92.381,104.7,,34.545,25.188,IMPUTADO_PA,directo
05250,2019,37,22.502,92.806,121.2,,1.409,22.729,IMPUTADO_PA,directo
05250,2019,38,20.602,94.95,20.8,,22.617,23.063,IMPUTADO_PA,directo
05250,2019,39,21.37,93.786,49.6,,0.53,26.693,IMPUTADO_PA,directo
05250,2019,40,21.055,94.339,23.0,,27.489,21.522,IMPUTADO_PA,directo
05250,2019,41,20.808,95.18,18.3,,26.994,20.489,IMPUTADO_PA,directo
05250,2019,42,20.708,93.28,16.266666666666666,,39.768,22.656,IMPUTADO_PA,directo
05250,2019,43,20.657,94.235,14.233333333333334,,41.496,22.676,IMPUTADO_PA,directo
05250,2019,44,21.704,93.28,12.200000000000001,,29.517,20.969,IMPUTADO_PA,directo
05250,2019,45,21.614,91.869,11.4,,20.964,20.074,IMPUTADO_PA,directo
05250,2019,46,21.051,93.071,0.0,,32.951,25.984,IMPUTADO_PA,directo
05250,2019,47,20.802,93.179,0.0,,20.628,22.478,IMPUTADO_PA,directo
05250,2019,48,21.88,92.964,0.0,,27.033,20.605,IMPUTADO_PA,directo
05250,2019,49,21.513,94.292,0.0,,39.045,23.52,IMPUTADO_PA,directo
05250,2019,50,21.336,92.0,0.0,,20.265,21.707,IMPUTADO_PA,directo
05250,2019,51,21.649,95.315,0.0,,36.85,21.453,IMPUTADO_PA,directo
05250,2019,52,21.513,96.958,0.0,,35.29,22.894,IMPUTADO_PA,directo
05250,2020,1,21.531,91.589,0.0,,12.016,22.65255102040816,SIN_DATO,directo
05250,2020,2,22.127,85.714,0.0,,22.051,22.411102040816324,SIN_DATO,directo
05250,2020,3,23.235,89.946,0.0,,18.607,22.169653061224487,SIN_DATO,directo
05250,2020,4,20.555,96.128,0.0,,0.0,21.92820408163265,SIN_DATO,directo
05250,2020,5,21.284,90.44,0.0,,8.268,,SIN_DATO,directo
05250,2020,6,22.67,86.839,0.0,,32.824,,SIN_DATO,directo
05250,2020,7,22.527,90.25,0.0,,3.345,,SIN_DATO,directo
05250,2020,8,22.683,90.792,0.0,,0.0,,SIN_DATO,directo
05250,2020,9,21.543,90.524,0.0,,6.978,,SIN_DATO,directo
05250,2020,10,22.41,90.601,0.0,,25.106,,SIN_DATO,directo
05250,2020,11,21.469,92.381,0.0,,43.478,,SIN_DATO,directo
05250,2020,12,22.24,83.911,0.0,,38.091,,SIN_DATO,directo
05250,2020,13,22.805,84.11,0.0,,53.375,,SIN_DATO,directo
05250,2020,14,21.831,93.75,0.0,,52.13709677419355,,SIN_DATO,directo
05250,2020,15,22.577,92.927,0.0,,50.899193548387096,,SIN_DATO,directo
05250,2020,16,22.232,88.345,0.0,,49.66129032258065,,SIN_DATO,directo
05250,2020,17,22.023,92.583,0.0,,48.42338709677419,,SIN_DATO,directo
05250,2020,18,22.312,94.429,0.0,,,,SIN_DATO,directo
05250,2020,19,22.746,93.232,0.0,,,,SIN_DATO,directo
05250,2020,20,22.018,94.976,0.0,,,,SIN_DATO,directo
05250,2020,21,22.366,94.256,0.0,,,,SIN_DATO,directo
05250,2020,22,21.205,96.625,0.0,,,,SIN_DATO,directo
05250,2020,23,21.611,93.131,0.0,,,,SIN_DATO,directo
05250,2020,24,21.332,92.399,0.0,,,,SIN_DATO,directo
05250,2020,25,21.429,93.524,0.0,,,,SIN_DATO,directo
05250,2020,26,21.4,89.0,0.0,,,,SIN_DATO,directo
05250,2020,27,21.37351111111111,89.08704444444444,0.0,,,,SIN_DATO,directo
05250,2020,28,21.347022222222222,89.17408888888889,0.0,,,,SIN_DATO,directo
05250,2020,29,21.320533333333334,89.26113333333333,0.0,,,,SIN_DATO,directo
05250,2020,30,21.29404444444444,89.34817777777778,0.0,,,,SIN_DATO,directo
05250,2020,31,,,0.0,,,,SIN_DATO,directo
05250,2020,32,,,0.0,,,,SIN_DATO,directo
05250,2020,33,,,0.0,,,,SIN_DATO,directo
05250,2020,34,,,0.0,,,,SIN_DATO,directo
05250,2020,35,,,0.0,,,,SIN_DATO,directo
05250,2020,36,,,0.0,,,,SIN_DATO,directo
05250,2020,37,,,0.0,,,,SIN_DATO,directo
05250,2020,38,,,0.0,,,,SIN_DATO,directo
05250,2020,39,,,0.0,,,,SIN_DATO,directo
05250,2020,40,,,0.0,,,,SIN_DATO,directo
05250,2020,41,,,0.0,,,,SIN_DATO,directo
05250,2020,42,,,0.0,,,,SIN_DATO,directo
05250,2020,43,,,0.0,,,,SIN_DATO,directo
05250,2020,44,,,0.0,,15.0,,SIN_DATO,directo
05250,2020,45,,,0.0,,16.858,,SIN_DATO,directo
05250,2021,18,20.208,92.917,0.0,,16.975,,SIN_DATO,directo
05250,2021,37,21.252,93.726,0.0,,22.411,,SIN_DATO,directo
05250,2021,52,21.289,93.931,0.0,,35.503,,SIN_DATO,directo
05250,2022,13,,,0.0,,27.493,11.063,SISAIRE_DIRECTO,directo
05250,2022,14,,,0.0,,28.159,10.397,SISAIRE_DIRECTO,directo
05250,2022,15,,,0.0,,26.592,13.931,SISAIRE_DIRECTO,directo
05250,2022,16,,,0.0,,15.0,8.784,SISAIRE_DIRECTO,directo
05250,2022,17,,,,,16.748,9.839,SISAIRE_DIRECTO,directo
05250,2022,18,,,,,24.143,10.697,SISAIRE_DIRECTO,directo
05250,2022,19,,,,,15.848,9.902,SISAIRE_DIRECTO,directo
05250,2022,20,,,,,20.79,9.885,SISAIRE_DIRECTO,directo
05250,2022,21,,,,,17.962,10.814,SISAIRE_DIRECTO,directo
05250,2022,22,,,,,15.375,9.464,SISAIRE_DIRECTO,directo
05250,2022,23,,,,,14.818,8.079,SISAIRE_DIRECTO,directo
05250,2022,24,20.082,92.98,,,13.368,7.651,SISAIRE_DIRECTO,directo
05250,2022,25,20.389,92.076,,,14.335,7.444,SISAIRE_DIRECTO,directo
05250,2022,26,20.198,92.626,,,14.386,7.695,SISAIRE_DIRECTO,directo
05250,2022,27,21.28,91.141,,,16.374,8.423,SISAIRE_DIRECTO,directo
05250,2022,28,21.133,91.675,,,27.379,10.771,SISAIRE_DIRECTO,directo
05250,2022,29,20.896,91.282,,,14.673,6.789,SISAIRE_DIRECTO,directo
05264,2018,1,9.353250000000001,88.933,26.4,648.916,,1.511,IMPUTADO_PA,directo
05264,2018,2,9.353250000000001,95.56,10.5,648.562,,7.225,IMPUTADO_PA,directo
05264,2018,3,9.353250000000001,95.711,9.5,648.405,,12.647,IMPUTADO_PA,directo
05264,2018,4,9.353250000000001,93.821,5.0,647.92,,7.62,IMPUTADO_PA,directo
05264,2018,5,9.353250000000001,95.845,6.4,648.035,,4.693,IMPUTADO_PA,directo
05264,2018,6,9.353250000000001,97.883,4.2,648.323,,4.238,IMPUTADO_PA,directo
05264,2018,7,9.353250000000001,94.147,8.7,648.673,,4.574,IMPUTADO_PA,directo
05264,2018,8,9.353250000000001,94.636,5.2,648.658,,5.118,IMPUTADO_PA,directo
05264,2018,9,9.353250000000001,93.301,8.7,648.624,,4.687,IMPUTADO_PA,directo
05264,2018,10,9.378,98.72749999999998,8.3,648.416,,9.184,IMPUTADO_PA,directo
05264,2018,11,9.353250000000001,98.72749999999998,4.8,648.688,,0.035349999999999944,IMPUTADO_PA,directo
05264,2018,12,9.353250000000001,98.72749999999998,6.6,648.378,,8.995,IMPUTADO_PA,directo
05264,2018,13,9.353250000000001,98.72749999999998,7.0,648.366,,4.681,IMPUTADO_PA,directo
05264,2018,14,9.353250000000001,98.388,7.7,648.561,,7.31,IMPUTADO_PA,directo
05264,2018,15,9.353250000000001,98.72749999999998,8.2,648.957,,2.084,IMPUTADO_PA,directo
05264,2018,16,9.353250000000001,98.72749999999998,8.4,648.965,,10.616,IMPUTADO_PA,directo
05264,2018,17,9.353250000000001,95.032,11.2,649.046,,10.328,IMPUTADO_PA,directo
05264,2018,18,9.438,97.014,8.8,649.103,,9.334,IMPUTADO_PA,directo
05264,2018,19,9.353250000000001,98.72749999999998,11.0,649.212,,0.737,IMPUTADO_PA,directo
05264,2018,20,9.353250000000001,98.72749999999998,10.8,648.757,,8.881,IMPUTADO_PA,directo
05264,2018,21,9.353250000000001,98.72749999999998,10.8,648.961,,7.407,IMPUTADO_PA,directo
05264,2018,22,9.412,98.72749999999998,12.4,648.884,,0.422,IMPUTADO_PA,directo
05264,2018,23,9.633,98.72749999999998,6.6,648.961,,5.916,IMPUTADO_PA,directo
05264,2018,24,9.353250000000001,98.72749999999998,5.1,649.263,,7.267,IMPUTADO_PA,directo
05264,2018,25,9.353250000000001,98.72749999999998,6.5,649.084,,7.932,IMPUTADO_PA,directo
05264,2018,26,9.353250000000001,98.72749999999998,10.0,648.686,,6.616,IMPUTADO_PA,directo
05264,2018,27,9.353250000000001,98.72749999999998,8.8,648.62,,7.012,IMPUTADO_PA,directo
05264,2018,28,9.353250000000001,98.72749999999998,4.3,648.882,,11.12,IMPUTADO_PA,directo
05264,2018,29,9.353250000000001,98.538,1.9,648.89,,10.26,IMPUTADO_PA,directo
05264,2018,30,9.353250000000001,98.667,0.9,649.227,,0.035349999999999944,IMPUTADO_PA,directo
05264,2018,31,9.353250000000001,98.72749999999998,1.1,648.848,,4.897,IMPUTADO_PA,directo
05264,2018,32,9.353250000000001,91.802,1.2,648.986,,5.428,IMPUTADO_PA,directo
05264,2018,33,9.353250000000001,94.952,2.0,649.13,,0.035349999999999944,IMPUTADO_PA,directo
05264,2018,34,9.353250000000001,94.285,1.6,648.94,,6.327,IMPUTADO_PA,directo
05264,2018,35,9.353250000000001,95.554,1.9,648.75,,10.339,IMPUTADO_PA,directo
05264,2018,36,9.353250000000001,98.31,2.3,648.657,,2.225,IMPUTADO_PA,directo
05264,2018,37,9.353250000000001,98.72749999999998,3.0,648.611,,7.169,IMPUTADO_PA,directo
05264,2018,38,9.491,98.72749999999998,3.7,648.426,,2.818,IMPUTADO_PA,directo
05264,2018,39,9.353250000000001,98.72749999999998,2.7,648.461,,3.665,IMPUTADO_PA,directo
05264,2018,40,9.353250000000001,98.72749999999998,3.1,648.66,,11.133,IMPUTADO_PA,directo
05264,2018,41,9.353250000000001,98.72749999999998,3.6,648.849,,4.115,IMPUTADO_PA,directo
05264,2018,42,9.353250000000001,98.67024999999998,3.4,648.518,,7.606,IMPUTADO_PA,directo
05264,2018,43,9.353250000000001,98.613,3.0,648.567,,0.035349999999999944,IMPUTADO_PA,directo
05264,2018,44,9.353250000000001,93.518,2.3,648.656,,12.471,IMPUTADO_PA,directo
05264,2018,45,9.353250000000001,87.534,2.6,641.254,,8.094,IMPUTADO_PA,directo
05264,2018,46,9.36,66.778,2.6,643.904,,5.366,IMPUTADO_PA,directo
05264,2018,47,9.384,98.72749999999998,2.3,648.697,,8.0,IMPUTADO_PA,directo
05264,2018,48,9.353250000000001,89.86,2.2,648.685,,1.102,IMPUTADO_PA,directo
05264,2018,49,9.353250000000001,97.976,2.0,647.166,,10.109,IMPUTADO_PA,directo
05264,2018,50,9.353250000000001,95.219,1.9,639.716,,4.874,IMPUTADO_PA,directo
05264,2018,51,9.377798611111112,93.0,1.0,648.653,,5.291,IMPUTADO_PA,directo
05264,2018,52,9.402347222222224,0.0,0.5,648.142,,4.292,IMPUTADO_PA,directo
05264,2019,1,9.426895833333335,9.208333333333334,0.6,648.467,22.516,4.683,IMPUTADO_PA,directo
05264,2019,2,9.451444444444446,18.416666666666668,1.6,648.818,21.355,9.114,IMPUTADO_PA,directo
05264,2019,3,12.365,27.625,0.8,648.738,25.293,7.589,IMPUTADO_PA,directo
05264,2019,4,13.883,36.833333333333336,0.9,648.796,24.183,8.965,IMPUTADO_PA,directo
05264,2019,5,11.963,0.054,0.8,640.083,21.803,6.669,IMPUTADO_PA,directo
05264,2019,6,12.783,55.25,0.5,635.4347,24.265,8.483,IMPUTADO_PA,directo
05264,2019,7,13.548,34.446,0.6,635.526,19.565,5.245,IMPUTADO_PA,directo
05264,2019,8,13.415,39.432,1.2,635.4347,23.138,14.447,IMPUTADO_PA,directo
05264,2019,9,12.471,98.0,1.4,635.4347,14.205,1.252,IMPUTADO_PA,directo
05264,2019,10,14.07,94.83924999999999,0.5,635.4347,22.799,11.081,IMPUTADO_PA,directo
05264,2019,11,14.034,91.6785,0.0,635.4347,25.142,11.453,IMPUTADO_PA,directo
05264,2019,12,12.879,88.51775,0.0,635.4347,14.648,3.739,IMPUTADO_PA,directo
05264,2019,13,13.942,85.357,0.0,635.4347,20.306,14.446,IMPUTADO_PA,directo
05264,2019,14,13.192,0.054,0.0,639.327,15.009,10.159,IMPUTADO_PA,directo
05264,2019,15,13.367,0.018,0.0,648.903,15.771,10.074,IMPUTADO_PA,directo
05264,2019,16,13.469,0.036,0.0,648.926,11.078,6.797,IMPUTADO_PA,directo
05264,2019,17,13.691,72.714,0.0,648.962,29.827,5.945,IMPUTADO_PA,directo
05264,2019,18,14.074,25.545,0.0,648.788,28.258,5.972,IMPUTADO_PA,directo
05264,2019,19,14.207,95.059,0.0,648.915,24.115,8.057,IMPUTADO_PA,directo
05264,2019,20,13.57,95.933,0.0,649.011,35.367,11.568,IMPUTADO_PA,directo
05264,2019,21,14.205,98.456,0.0,648.962,18.416,7.33,IMPUTADO_PA,directo
05264,2019,22,13.314,88.908,0.0,649.08,43.677,3.533,IMPUTADO_PA,directo
05264,2019,23,13.932,86.965,0.0,649.171,18.116,9.564,IMPUTADO_PA,directo
05264,2019,24,14.026,91.615,0.0,649.271,21.901,9.901,IMPUTADO_PA,directo
05264,2019,25,13.595,64.611,0.0,649.207,16.78,8.975,IMPUTADO_PA,directo
05264,2019,26,13.772,52.479,0.0,648.817,22.82,9.29,IMPUTADO_PA,directo
05264,2019,27,13.061,64.585,0.0,648.978,26.453,5.759,IMPUTADO_PA,directo
05264,2019,28,13.502,85.233,0.0,648.915,19.007,3.472,IMPUTADO_PA,directo
05264,2019,29,13.509,81.562,0.0,648.905,33.834,3.683,IMPUTADO_PA,directo
05264,2019,30,13.385,97.786,0.0,649.146,21.776,1.018,IMPUTADO_PA,directo
05264,2019,31,13.637,91.333,0.0,648.986,22.021,7.523,IMPUTADO_PA,directo
05264,2019,32,13.474,96.25,0.0,649.462,12.771,6.41,IMPUTADO_PA,directo
05264,2019,33,13.593,97.0,23.0,649.046,23.182,5.171,IMPUTADO_PA,directo
05264,2019,34,10.237,77.339,3.1,648.012,18.849,0.035349999999999944,IMPUTADO_PA,directo
05264,2019,35,10.077,81.088,38.8,648.948,15.13,2.366,IMPUTADO_PA,directo
05264,2019,36,10.163,81.062,34.2,649.162,13.81,10.594,IMPUTADO_PA,directo
05264,2019,37,10.642,82.714,30.3,648.922,40.854,4.391,IMPUTADO_PA,directo
05264,2019,38,10.077,86.417,98.2,648.94,17.834,7.953,IMPUTADO_PA,directo
05264,2019,39,10.005,87.886,36.4,649.241,8.473,1.868,IMPUTADO_PA,directo
05264,2019,40,9.782,87.505,74.3,648.759,14.424,11.699,IMPUTADO_PA,directo
05264,2019,41,9.728,87.827,54.6,648.341,19.496,6.2,IMPUTADO_PA,directo
05264,2019,42,9.353250000000001,90.045,46.0,648.944,24.187,7.708,IMPUTADO_PA,directo
05264,2019,43,9.542,91.905,103.3,648.604,24.251,14.781,IMPUTADO_PA,directo
05264,2019,44,10.227,85.33,33.7,648.572,25.206,11.969,IMPUTADO_PA,directo
05264,2019,45,10.408,87.626,94.3,648.249,14.843,5.635,IMPUTADO_PA,directo
05264,2019,46,9.777,92.277,125.4,648.49,22.57,4.639,IMPUTADO_PA,directo
05264,2019,47,9.643,89.304,66.2,648.623,13.029,5.569,IMPUTADO_PA,directo
05264,2019,48,10.635,85.869,33.1,648.457,15.04,8.472,IMPUTADO_PA,directo
05264,2019,49,9.961,85.895,33.9,648.931,12.703,6.334,IMPUTADO_PA,directo
05264,2019,50,9.805,87.262,32.5,648.402,10.58,5.327,IMPUTADO_PA,directo
05264,2019,51,10.393,88.841,6.8,648.302,28.246,11.798,IMPUTADO_PA,directo
05264,2019,52,11.005,84.841,31.7,648.562,25.3,6.303,IMPUTADO_PA,directo
05264,2020,1,10.535,78.815,55.5,649.101,,6.303,SIN_DATO,directo
05264,2020,2,9.988,71.169,1.1,648.674,,6.303,SIN_DATO,directo
05264,2020,3,10.6,79.5,0.6,648.507,,6.303,SIN_DATO,directo
05264,2020,4,10.147,87.505,20.8,649.112,,6.303,SIN_DATO,directo
05264,2020,5,10.426,81.745,18.7,649.248,,,SIN_DATO,directo
05264,2020,6,10.527,72.508,17.8,649.082,,,SIN_DATO,directo
05264,2020,7,10.796,78.951,4.1,648.623,,,SIN_DATO,directo
05264,2020,8,11.121,77.313,50.2,648.764,,,SIN_DATO,directo
05264,2020,9,10.631,83.169,62.2,649.321,,,SIN_DATO,directo
05264,2020,10,11.321,76.508,0.9,649.08,,,SIN_DATO,directo
05264,2020,11,10.676,84.898,53.3,649.014,,,SIN_DATO,directo
05264,2020,12,9.912,74.89,14.2,649.208,,,SIN_DATO,directo
05264,2020,13,10.267,78.657,0.7,648.816,,,SIN_DATO,directo
05264,2020,14,11.111,82.745,0.7,648.776,,,SIN_DATO,directo
05264,2020,15,11.287,85.796,0.7,649.287,,,SIN_DATO,directo
05264,2020,16,9.845,89.292,0.3,649.458,,,SIN_DATO,directo
05264,2020,17,10.483,82.143,0.2,649.174,,,SIN_DATO,directo
05264,2020,18,11.062,82.212,0.3,649.405,,,SIN_DATO,directo
05264,2020,19,11.64,81.585,0.2,649.224,,,SIN_DATO,directo
05264,2020,20,11.113,88.693,0.0,649.323,,,SIN_DATO,directo
05264,2020,21,11.368,82.614,0.0,649.445,,,SIN_DATO,directo
05264,2020,22,10.382,89.081,0.0,649.34,,,SIN_DATO,directo
05264,2020,23,10.36,87.231,0.0,649.546,,,SIN_DATO,directo
05264,2020,24,10.132,87.94,0.0,649.194,,,SIN_DATO,directo
05264,2020,25,10.343,86.222,0.0,648.839,,,SIN_DATO,directo
05264,2020,26,10.289,81.455,0.0,648.801,,,SIN_DATO,directo
05264,2020,27,9.998,85.491,0.0,648.711,,,SIN_DATO,directo
05264,2020,28,9.807,86.746,0.0,648.951,,,SIN_DATO,directo
05264,2020,29,10.192,81.043,0.0,648.836,,,SIN_DATO,directo
05264,2020,30,9.795,86.757,0.0,648.814,,,SIN_DATO,directo
05264,2020,31,10.795,77.933,0.0,636.266,,,SIN_DATO,directo
05264,2020,32,10.602,81.188,0.0,635.4347,,,SIN_DATO,directo
05264,2020,33,10.838,82.215,0.0,635.4347,,,SIN_DATO,directo
05264,2020,34,10.04,86.356,0.0,635.4347,,,SIN_DATO,directo
05264,2020,35,9.599,88.099,0.0,635.4347,,,SIN_DATO,directo
05264,2020,36,9.965,87.082,0.0,635.4347,,,SIN_DATO,directo
05264,2020,37,9.62,89.878,0.0,635.4347,,,SIN_DATO,directo
05264,2022,27,9.62,89.878,0.0,642.983,,,SIN_DATO,directo
05266,2018,1,,,,,32.844,22.133,IMPUTADO_PA,directo
05266,2018,2,,,,,66.048,15.185,IMPUTADO_PA,directo
05266,2018,3,,,,,65.145,20.515,IMPUTADO_PA,directo
05266,2018,4,,,,,57.846,16.024,IMPUTADO_PA,directo
05266,2018,5,,,,,52.382,17.929,IMPUTADO_PA,directo
05266,2018,6,,,,,45.48,12.621,IMPUTADO_PA,directo
05266,2018,7,,,,,57.738,12.215,IMPUTADO_PA,directo
05266,2018,8,,,,,52.799,16.346,IMPUTADO_PA,directo
05266,2018,9,,,,,48.124,18.009,IMPUTADO_PA,directo
05266,2018,10,,,,,57.509,15.027,IMPUTADO_PA,directo
05266,2018,11,,,,,58.992,10.854,IMPUTADO_PA,directo
05266,2018,12,,,,,28.837,10.622,IMPUTADO_PA,directo
05266,2018,13,,,,,61.894,10.411,IMPUTADO_PA,directo
05266,2018,14,,,,,44.636,9.34,IMPUTADO_PA,directo
05266,2018,15,,,,,60.651,15.244,IMPUTADO_PA,directo
05266,2018,16,,,,,48.269,18.439,IMPUTADO_PA,directo
05266,2018,17,,,,,52.405,14.858,IMPUTADO_PA,directo
05266,2018,18,,,,,53.956,7.79,IMPUTADO_PA,directo
05266,2018,19,,,,,59.889,14.3,IMPUTADO_PA,directo
05266,2018,20,,,,,56.597,14.388,IMPUTADO_PA,directo
05266,2018,21,,,,,30.612,21.493,IMPUTADO_PA,directo
05266,2018,22,,,,,42.512,10.317,IMPUTADO_PA,directo
05266,2018,23,,,,,51.504,13.671,IMPUTADO_PA,directo
05266,2018,24,,,,,66.08268,20.265,IMPUTADO_PA,directo
05266,2018,25,,,,,50.382,16.315,IMPUTADO_PA,directo
05266,2018,26,,,,,44.751,16.672,IMPUTADO_PA,directo
05266,2018,27,,,,,37.89,15.26,IMPUTADO_PA,directo
05266,2018,28,,,,,45.185,15.938,IMPUTADO_PA,directo
05266,2018,29,,,,,50.342,17.346,IMPUTADO_PA,directo
05266,2018,30,,,,,50.177,12.354,IMPUTADO_PA,directo
05266,2018,31,,,,,45.96,17.662,IMPUTADO_PA,directo
05266,2018,32,,,,,53.126,10.581,IMPUTADO_PA,directo
05266,2018,33,,,,,49.607,15.933,IMPUTADO_PA,directo
05266,2018,34,,,,,66.08268,15.462,IMPUTADO_PA,directo
05266,2018,35,,,,,62.876,12.962,IMPUTADO_PA,directo
05266,2018,36,,,,,52.66,14.829,IMPUTADO_PA,directo
05266,2018,37,,,,,47.048,12.942,IMPUTADO_PA,directo
05266,2018,38,,,,,63.2,11.529,IMPUTADO_PA,directo
05266,2018,39,,,,,61.593,13.788,IMPUTADO_PA,directo
05266,2018,40,,,,,63.528,11.428,IMPUTADO_PA,directo
05266,2018,41,,,,,66.08268,15.915,IMPUTADO_PA,directo
05266,2018,42,,,,,44.511,11.283,IMPUTADO_PA,directo
05266,2018,43,,,,,66.08268,17.139,IMPUTADO_PA,directo
05266,2018,44,,,,,47.946,11.184,IMPUTADO_PA,directo
05266,2018,45,,,,,56.063,13.119,IMPUTADO_PA,directo
05266,2018,46,,,,,38.304,12.935,IMPUTADO_PA,directo
05266,2018,47,,,,,46.926,19.068,IMPUTADO_PA,directo
05266,2018,48,,,,,59.023,15.939,IMPUTADO_PA,directo
05266,2018,49,,,,,56.476,14.234,IMPUTADO_PA,directo
05266,2018,50,,,,,47.794,16.469,IMPUTADO_PA,directo
05266,2018,51,,,,,51.543,8.272,IMPUTADO_PA,directo
05266,2018,52,,,,,46.098,14.764,IMPUTADO_PA,directo
05266,2019,1,,,,,46.188,16.683,IMPUTADO_PA,directo
05266,2019,2,,,,,59.599,10.816,IMPUTADO_PA,directo
05266,2019,3,,,,,54.208,10.614,IMPUTADO_PA,directo
05266,2019,4,,,,,34.956,12.124,IMPUTADO_PA,directo
05266,2019,5,,,,,41.465,13.217,IMPUTADO_PA,directo
05266,2019,6,,,,,63.126,4.117,IMPUTADO_PA,directo
05266,2019,7,,,,,54.393,5.108,IMPUTADO_PA,directo
05266,2019,8,,,,,45.145,11.061,IMPUTADO_PA,directo
05266,2019,9,,,,,49.846,8.151,IMPUTADO_PA,directo
05266,2019,10,14.444,92.306,32.0,750.112,51.305,14.527,IMPUTADO_PA,directo
05266,2019,11,14.335,92.667,32.4,749.938,57.045,9.409,IMPUTADO_PA,directo
05266,2019,12,13.233,95.506,120.6,750.861,40.41,4.315,IMPUTADO_PA,directo
05266,2019,13,14.368,94.156,37.4,750.433,44.519,6.412,IMPUTADO_PA,directo
05266,2019,14,13.73,93.339,163.8,751.308,53.368,1.751,IMPUTADO_PA,directo
05266,2019,15,14.27,92.006,98.2,750.527,50.407,9.664,IMPUTADO_PA,directo
05266,2019,16,14.067,93.494,97.6,750.642,55.743,9.807,IMPUTADO_PA,directo
05266,2019,17,14.253,93.03,14.2,750.662,41.433,9.065,IMPUTADO_PA,directo
05266,2019,18,15.03,83.359,0.8,750.102,54.037,13.793,IMPUTADO_PA,directo
05266,2019,19,14.58,89.659,63.4,750.476,59.872,14.17,IMPUTADO_PA,directo
05266,2019,20,14.03,92.892,100.6,750.786,55.067,9.864,IMPUTADO_PA,directo
05266,2019,21,14.074,93.464,118.2,750.646,52.305,3.686,IMPUTADO_PA,directo
05266,2019,22,13.488,94.155,87.8,750.968,50.438,12.342,IMPUTADO_PA,directo
05266,2019,23,14.54,89.072,60.6,750.995,44.568,12.147,IMPUTADO_PA,directo
05266,2019,24,14.425,89.687,50.4,751.26,50.628,11.373,IMPUTADO_PA,directo
05266,2019,25,14.86,80.262,3.8,751.023,61.207,13.487,IMPUTADO_PA,directo
05266,2019,26,14.549,85.423,5.8,750.227,50.254,6.736,IMPUTADO_PA,directo
05266,2019,27,14.246,85.903,56.4,750.666,44.131,16.718,IMPUTADO_PA,directo
05266,2019,28,13.707,86.904,33.6,750.614,47.289,7.382,IMPUTADO_PA,directo
05266,2019,29,14.286,83.473,35.6,750.5,52.796,12.757,IMPUTADO_PA,directo
05266,2019,30,13.822,86.837,48.6,751.136,48.233,5.093,IMPUTADO_PA,directo
05266,2019,31,14.191,85.808,34.4,750.607,55.055,7.474,IMPUTADO_PA,directo
05266,2019,32,14.351,80.289,1.4,751.521,55.354,15.17,IMPUTADO_PA,directo
05266,2019,33,14.028,84.945,4.4,750.889,58.262,9.579,IMPUTADO_PA,directo
05266,2019,34,14.18,79.363,0.2,751.147,62.509,13.042,IMPUTADO_PA,directo
05266,2019,35,14.463,79.815,10.2,750.46,59.111,11.145,IMPUTADO_PA,directo
05266,2019,36,14.727,80.994,25.2,750.913,43.778,10.07,IMPUTADO_PA,directo
05266,2019,37,14.835,82.796,85.8,750.399,44.022,14.69,IMPUTADO_PA,directo
05266,2019,38,12.336,97.212,24.2,750.261,50.598,9.656,IMPUTADO_PA,directo
05266,2019,39,14.036,87.068,15.6,751.002,47.616,4.799,IMPUTADO_PA,directo
05266,2019,40,13.325,88.777,31.8,750.333,42.157,7.874,IMPUTADO_PA,directo
05266,2019,41,13.221,91.811,0.4,749.315,47.691,12.134,IMPUTADO_PA,directo
05266,2019,42,13.003,91.629,0.0,750.754,47.43,11.644,IMPUTADO_PA,directo
05266,2019,43,12.927,93.948,0.0,749.895,45.863,5.471,IMPUTADO_PA,directo
05266,2019,44,12.996,93.992,1.4,749.896,48.691,8.122,IMPUTADO_PA,directo
05266,2019,45,13.466,93.418,2.4,749.072,60.562,8.57,IMPUTADO_PA,directo
05266,2019,46,13.104,94.962,0.2,749.877,52.783,9.25,IMPUTADO_PA,directo
05266,2019,47,13.223,93.384,2.8,750.179,66.08268,6.072,IMPUTADO_PA,directo
05266,2019,48,14.357,89.269,1.8,749.474,52.555,8.424,IMPUTADO_PA,directo
05266,2019,49,13.44,90.818,3.2,750.604,48.896,8.108,IMPUTADO_PA,directo
05266,2019,50,13.398,92.569,8.2,749.581,51.233,12.827,IMPUTADO_PA,directo
05266,2019,51,14.124,90.581,4.2,749.143,53.238,12.945,IMPUTADO_PA,directo
05266,2019,52,14.607,89.542,2.6,749.58,54.658,9.941,IMPUTADO_PA,directo
05266,2020,1,13.956,91.245,5.8,750.879,35.971,6.435,SISAIRE_DIRECTO,directo
05266,2020,2,13.223,80.683,0.0,750.11,41.556,8.785,SISAIRE_DIRECTO,directo
05266,2020,3,14.61,83.167,0.0,749.457,47.396,13.602,SISAIRE_DIRECTO,directo
05266,2020,4,12.873,93.467,5.0,750.761,48.668,13.915,SISAIRE_DIRECTO,directo
05266,2020,5,14.26,87.615,3.0,751.122,43.67,15.903,SISAIRE_DIRECTO,directo
05266,2020,6,14.135,83.06,0.2,750.838,58.495,21.23,SISAIRE_DIRECTO,directo
05266,2020,7,14.368,85.049,0.2,749.858,57.159,23.887,SISAIRE_DIRECTO,directo
05266,2020,8,14.683,86.531,5.0,750.335,50.919,22.557,SISAIRE_DIRECTO,directo
05266,2020,9,14.281,91.837,2.4,751.342,55.854,25.853,SISAIRE_DIRECTO,directo
05266,2020,10,14.96,88.431,1.8,750.778,62.499,21.767,SISAIRE_DIRECTO,directo
05266,2020,11,14.346,92.024,26.0,750.69,63.772,23.869,SISAIRE_DIRECTO,directo
05266,2020,12,13.821,88.419,1.6,751.308,56.14,12.095,SISAIRE_DIRECTO,directo
05266,2020,13,14.195,88.413,2.2,750.31,53.718,12.681,SISAIRE_DIRECTO,directo
05266,2020,14,14.86,90.427,5.2,750.136,27.41,15.055,SISAIRE_DIRECTO,directo
05266,2020,15,15.413,89.067,8.4,751.007,20.267,9.277,SISAIRE_DIRECTO,directo
05266,2020,16,13.51,93.431,14.2,751.738,34.501,16.806,SISAIRE_DIRECTO,directo
05266,2020,17,13.943,91.187,1.4,751.214,33.682,13.602,SISAIRE_DIRECTO,directo
05266,2020,18,14.624,90.423,1.4,751.357,37.744,13.849,SISAIRE_DIRECTO,directo
05266,2020,19,15.682,82.575,0.2,750.818,32.585,9.045,SISAIRE_DIRECTO,directo
05266,2020,20,14.917,89.417,6.6,751.149,38.837,12.937,SISAIRE_DIRECTO,directo
05266,2020,21,15.101,87.596,5.2,751.283,41.162,11.922,SISAIRE_DIRECTO,directo
05266,2020,22,14.304,90.958,21.8,751.274,33.82,10.919,SISAIRE_DIRECTO,directo
05266,2020,23,14.139,88.608,9.0,751.699,41.143,11.177,SISAIRE_DIRECTO,directo
05266,2020,24,13.79,89.749,3.2,751.101,38.718,12.327,SISAIRE_DIRECTO,directo
05266,2020,25,14.035,90.488,2.0,750.899,39.92,11.524,SISAIRE_DIRECTO,directo
05266,2020,26,14.101,87.383,6.4,750.179,42.315,17.945,SISAIRE_DIRECTO,directo
05266,2020,27,13.63,90.988,39.6,750.052,35.338,12.274,SISAIRE_DIRECTO,directo
05266,2020,28,13.48,91.204,8.6,750.594,39.909,12.632,SISAIRE_DIRECTO,directo
05266,2020,29,14.061,83.229,1.2,750.25,39.885,9.166,SISAIRE_DIRECTO,directo
05266,2020,30,13.283,89.946,17.4,750.317,34.072,11.52,SISAIRE_DIRECTO,directo
05266,2020,31,14.324,86.4,4.2,750.823,43.384,11.191,SISAIRE_DIRECTO,directo
05266,2020,32,,,,,49.84,16.309,SISAIRE_DIRECTO,directo
05266,2020,33,,,,,42.577,14.248,SISAIRE_DIRECTO,directo
05266,2020,34,,,,,37.452,10.291,SISAIRE_DIRECTO,directo
05266,2020,35,,,,,36.787,11.696,SISAIRE_DIRECTO,directo
05266,2020,36,,,,,45.191,13.208,SISAIRE_DIRECTO,directo
05266,2020,37,,,,,45.281,13.615,SISAIRE_DIRECTO,directo
05266,2020,38,,,,,48.457,15.312,SISAIRE_DIRECTO,directo
05266,2020,39,,,,,47.087,13.252,SISAIRE_DIRECTO,directo
05266,2020,40,,,,,42.866,12.871,SISAIRE_DIRECTO,directo
05266,2020,41,,,,,46.675,13.866,SISAIRE_DIRECTO,directo
05266,2020,42,,,,,45.794,14.286,SISAIRE_DIRECTO,directo
05266,2020,43,13.768,88.07533333333333,0.4,750.57,47.722,13.359,SISAIRE_DIRECTO,directo
05266,2020,44,13.212,89.75066666666667,0.0,750.04,40.703,11.861,SISAIRE_DIRECTO,directo
05266,2020,45,,,,,40.032,12.677,SISAIRE_DIRECTO,directo
05266,2020,46,,,,,39.823,11.88,SISAIRE_DIRECTO,directo
05266,2020,47,,,,,35.835,11.791,SISAIRE_DIRECTO,directo
05266,2020,48,,,,,40.515,13.194,SISAIRE_DIRECTO,directo
05266,2020,49,,,,,43.006,12.684,SISAIRE_DIRECTO,directo
05266,2020,50,,,,,47.069,16.025,SISAIRE_DIRECTO,directo
05266,2020,51,,,,,53.649,18.426,SISAIRE_DIRECTO,directo
05266,2020,52,,,,,33.372,15.254,SISAIRE_DIRECTO,directo
05266,2020,53,,,,,31.444,14.832,SISAIRE_DIRECTO,directo
05266,2021,1,,,,,36.787,14.498,SISAIRE_DIRECTO,directo
05266,2021,2,,,,,36.318,13.392,SISAIRE_DIRECTO,directo
05266,2021,3,,,,,43.156,17.108,SISAIRE_DIRECTO,directo
05266,2021,4,,,,,42.561,16.913,SISAIRE_DIRECTO,directo
05266,2021,5,,,,,39.896,14.473,SISAIRE_DIRECTO,directo
05266,2021,6,,,,,45.754,16.57,SISAIRE_DIRECTO,directo
05266,2021,7,12.656,91.426,29.4,750.326,44.264,15.444,SISAIRE_DIRECTO,directo
05266,2021,8,13.805,89.554,27.6,749.021,42.496,15.851,SISAIRE_DIRECTO,directo
05266,2021,9,12.953,91.114,15.8,749.37,49.622,19.481,SISAIRE_DIRECTO,directo
05266,2021,10,12.507,91.077,39.6,750.532,45.203,14.918,SISAIRE_DIRECTO,directo
05266,2021,11,12.472,92.708,103.0,749.96,42.987,13.589,SISAIRE_DIRECTO,directo
05266,2021,12,13.069,93.329,59.0,749.799,41.833,12.975,SISAIRE_DIRECTO,directo
05266,2021,13,14.232,90.826,30.2,748.649,35.057,12.581,SISAIRE_DIRECTO,directo
05266,2021,14,14.33,89.885,10.2,749.715,37.343,10.318,SISAIRE_DIRECTO,directo
05266,2021,15,14.485,87.681,6.4,749.799,45.724,12.166,SISAIRE_DIRECTO,directo
05266,2021,16,13.902,90.036,1.0,750.273,49.82,16.147,SISAIRE_DIRECTO,directo
05266,2021,17,13.373,95.06,3.6,750.061,41.358,12.735,SISAIRE_DIRECTO,directo
05266,2021,18,11.819,93.5,1.4,751.631,39.577,11.478,SISAIRE_DIRECTO,directo
05266,2021,19,14.756,88.581,0.0,750.145,41.379,11.164,SISAIRE_DIRECTO,directo
05266,2021,20,14.436,90.113,4.6,750.424,42.902,12.123,SISAIRE_DIRECTO,directo
05266,2021,21,14.047,91.844,7.2,750.906,45.21,11.705,SISAIRE_DIRECTO,directo
05266,2021,22,14.321,90.802,6.4,750.357,44.475,10.433,SISAIRE_DIRECTO,directo
05266,2021,23,13.245,92.94,17.8,750.976,41.296,12.496,SISAIRE_DIRECTO,directo
05266,2021,24,13.962,88.399,9.8,751.199,41.62,10.668,SISAIRE_DIRECTO,directo
05266,2021,25,13.286,89.355,5.2,751.047,48.75,11.743,SISAIRE_DIRECTO,directo
05266,2021,26,13.747,86.084,3.6,751.095,47.065,11.156,SISAIRE_DIRECTO,directo
05266,2021,27,14.263,85.719,4.8,750.383,47.429,12.196,SISAIRE_DIRECTO,directo
05266,2021,28,14.081,83.24,2.6,750.846,36.1,11.098,SISAIRE_DIRECTO,directo
05266,2021,29,14.22,83.655,3.8,750.838,41.667,10.913,SISAIRE_DIRECTO,directo
05266,2021,30,13.976,86.228,1.8,750.99,48.17,11.302,SISAIRE_DIRECTO,directo
05266,2021,31,13.791,84.03,0.2,751.753,55.535,15.653,SISAIRE_DIRECTO,directo
05266,2021,32,13.44,90.261,3.0,751.48,35.13,10.841,SISAIRE_DIRECTO,directo
05266,2021,33,13.65,87.301,1.8,750.221,36.22,11.86,SISAIRE_DIRECTO,directo
05266,2021,34,13.873,88.297,2.8,749.728,41.157,12.009,SISAIRE_DIRECTO,directo
05266,2021,35,13.51,87.096,4.0,750.689,29.885,10.911,SISAIRE_DIRECTO,directo
05266,2021,36,13.199,89.274,2.4,750.902,61.2,12.324,SISAIRE_DIRECTO,directo
05266,2021,37,13.754,80.372,0.2,751.201,51.03,11.817,SISAIRE_DIRECTO,directo
05266,2021,38,13.876,84.599,1.0,750.493,45.84,12.371,SISAIRE_DIRECTO,directo
05266,2021,39,13.436,87.339,1.4,750.072,52.78,12.6,SISAIRE_DIRECTO,directo
05266,2021,40,14.113,86.357,1.0,749.543,42.757,10.981,SISAIRE_DIRECTO,directo
05266,2021,41,13.631,88.223,3.4,750.564,42.033,13.96,SISAIRE_DIRECTO,directo
05266,2021,42,13.232,87.036,1.4,751.008,47.605,13.662,SISAIRE_DIRECTO,directo
05266,2021,43,13.259,88.497,4.0,750.908,55.05,11.372,SISAIRE_DIRECTO,directo
05266,2021,44,13.21,88.012,2.4,750.372,40.973,11.373,SISAIRE_DIRECTO,directo
05266,2021,45,13.034,89.283,3.2,750.015,54.0,13.284,SISAIRE_DIRECTO,directo
05266,2021,46,13.212,89.577,2.6,749.576,51.75,13.381,SISAIRE_DIRECTO,directo
05266,2021,47,13.226,90.988,6.6,749.901,49.915,13.035,SISAIRE_DIRECTO,directo
05266,2021,48,13.712,89.718,1.4,749.645,50.857,12.834,SISAIRE_DIRECTO,directo
05266,2021,49,13.804,89.22,0.0,749.565,40.605,15.716,SISAIRE_DIRECTO,directo
05266,2021,50,13.269,89.048,1.2,749.481,43.39,15.111,SISAIRE_DIRECTO,directo
05266,2021,51,14.042,88.581,0.8,750.294,43.92,13.372,SISAIRE_DIRECTO,directo
05266,2021,52,13.533,91.136,1.4,750.01,43.58,14.336,SISAIRE_DIRECTO,directo
05266,2022,1,10.98,95.2,0.0,751.0,39.755,14.27,SISAIRE_DIRECTO,directo
05266,2022,2,,,,,31.247,12.492,SISAIRE_DIRECTO,directo
05266,2022,3,,,,,52.45,17.546,SISAIRE_DIRECTO,directo
05266,2022,4,12.768,85.263,0.0,750.252,50.56,17.337,SISAIRE_DIRECTO,directo
05266,2022,5,12.67,87.875,5.4,749.796,54.1,19.067,SISAIRE_DIRECTO,directo
05266,2022,6,13.006,90.252,3.2,749.285,52.855,16.089,SISAIRE_DIRECTO,directo
05266,2022,7,12.839,90.614,1.4,749.831,62.92,17.517,SISAIRE_DIRECTO,directo
05266,2022,8,12.914,86.256,0.4,749.679,50.043,21.114,SISAIRE_DIRECTO,directo
05266,2022,9,,,,,41.155,13.315,SISAIRE_DIRECTO,directo
05266,2022,10,,,,,44.01,13.225,SISAIRE_DIRECTO,directo
05266,2022,11,,,,,45.3,18.654,SISAIRE_DIRECTO,directo
05266,2022,12,,,,,60.74,21.076,SISAIRE_DIRECTO,directo
05266,2022,13,13.545,89.957,1.2,749.697,32.813,15.113,SISAIRE_DIRECTO,directo
05266,2022,14,13.965,88.054,2.6,749.686,38.565,12.357,SISAIRE_DIRECTO,directo
05266,2022,15,14.232,86.168,0.2,749.275,38.305,16.005,SISAIRE_DIRECTO,directo
05266,2022,16,13.005,89.12,1.8,750.362,28.51,10.268,SISAIRE_DIRECTO,directo
05266,2022,17,13.79,86.362,3.2,749.729,39.115,11.611,SISAIRE_DIRECTO,directo
05266,2022,18,14.216,85.527,0.2,750.901,33.445,11.629,SISAIRE_DIRECTO,directo
05266,2022,19,14.072,89.495,0.6,749.957,43.17,12.67,SISAIRE_DIRECTO,directo
05266,2022,20,13.929,88.945,0.4,751.762,47.54,12.304,SISAIRE_DIRECTO,directo
05266,2022,21,13.571,87.046,0.4,750.243,43.115,12.171,SISAIRE_DIRECTO,directo
05266,2022,22,12.906,89.994,1.6,750.28,30.967,11.38,SISAIRE_DIRECTO,directo
05266,2022,23,12.734,90.246,5.2,750.329,38.73,12.253,SISAIRE_DIRECTO,directo
05266,2022,24,13.278,90.154,4.2,750.331,36.005,10.445,SISAIRE_DIRECTO,directo
05266,2022,25,13.053,88.813,1.6,750.188,35.303,10.597,SISAIRE_DIRECTO,directo
05266,2022,26,13.029,89.492,1.8,750.742,53.18,9.973,SISAIRE_DIRECTO,directo
05266,2022,27,13.777,84.029,0.4,750.631,57.055,9.666,SISAIRE_DIRECTO,directo
05266,2022,28,14.174,85.712,42.6,750.518,55.855,12.081,SISAIRE_DIRECTO,directo
05266,2022,29,14.003,85.949,34.0,750.283,32.113,10.863,SISAIRE_DIRECTO,directo
05266,2022,30,13.239,89.242,118.6,750.605,30.87,9.731,SISAIRE_DIRECTO,directo
05266,2022,31,13.469,88.406,128.6,749.722,31.8,10.474,SISAIRE_DIRECTO,directo
05266,2022,32,13.773,83.397,42.8,750.628,47.04,10.872,SISAIRE_DIRECTO,directo
05266,2022,33,13.712,86.616,26.0,750.459,51.715,9.993,SISAIRE_DIRECTO,directo
05266,2022,34,13.155,87.65,19.8,750.518,62.41,17.033,SISAIRE_DIRECTO,directo
05266,2022,35,13.631,88.575,52.2,750.181,44.93,12.133,SISAIRE_DIRECTO,directo
05266,2022,36,13.86,85.991,46.6,751.039,47.195,14.99,SISAIRE_DIRECTO,directo
05266,2022,37,12.722,89.352,93.6,750.56,45.27,10.8,SISAIRE_DIRECTO,directo
05266,2022,38,12.571,90.457,93.8,750.351,42.797,12.024,SISAIRE_DIRECTO,directo
05266,2022,39,13.184,89.282,44.2,750.275,28.635,11.971,SISAIRE_DIRECTO,directo
05266,2022,40,13.43,88.457,116.8,749.847,41.005,10.557,SISAIRE_DIRECTO,directo
05266,2022,41,13.313,88.993,21.2,750.588,44.697,14.722,SISAIRE_DIRECTO,directo
05266,2022,42,12.63,92.647,24.2,750.677,43.83,12.64,SISAIRE_DIRECTO,directo
05266,2022,43,13.448,91.077,19.4,749.838,35.175,9.405,SISAIRE_DIRECTO,directo
05266,2022,44,13.482,89.84,1.6,750.575,34.893,10.758,SISAIRE_DIRECTO,directo
05266,2022,45,,,,,32.4,9.03,SISAIRE_DIRECTO,directo
05266,2022,46,13.076666666666666,89.98533333333333,1.3333333333333335,750.091,46.785,13.468,SISAIRE_DIRECTO,directo
05266,2022,47,12.671333333333333,90.13066666666667,1.0666666666666669,749.425,35.84,12.501,SISAIRE_DIRECTO,directo
05266,2022,48,12.266,90.276,0.8,748.788,42.96,10.224,SISAIRE_DIRECTO,directo
05266,2022,49,11.897,94.812,0.0,749.347,46.885,13.856,SISAIRE_DIRECTO,directo
05266,2022,50,13.081,88.186,3.8,749.253,49.433,13.642,SISAIRE_DIRECTO,directo
05266,2022,51,13.633,89.53,1.2,749.651,49.433,17.373,SISAIRE_DIRECTO,directo
05266,2022,52,12.469,93.358,12.8,750.431,49.433,16.831,SISAIRE_DIRECTO,directo
05266,2023,1,,,,,49.433,12.664,SISAIRE_DIRECTO,directo
05266,2023,2,,,,,49.433,12.25,SISAIRE_DIRECTO,directo
05266,2023,3,12.576,90.227,7.2,749.642,,14.918,SISAIRE_DIRECTO,directo
05266,2023,4,13.774,80.916,0.0,749.221,,16.521,SISAIRE_DIRECTO,directo
05266,2023,5,13.338,85.153,5.6,749.926,,21.343,SISAIRE_DIRECTO,directo
05266,2023,6,13.619,88.583,9.2,749.068,,17.733,SISAIRE_DIRECTO,directo
05266,2023,7,13.704,91.371,23.0,749.12,,15.357,SISAIRE_DIRECTO,directo
05266,2023,8,13.311,88.784,50.0,750.329,,22.576,SISAIRE_DIRECTO,directo
05266,2023,9,14.692,88.413,15.4,749.618,,18.08,SISAIRE_DIRECTO,directo
05266,2023,10,12.989,93.156,102.2,750.444,,13.761,SISAIRE_DIRECTO,directo
05266,2023,11,12.598,93.03,74.2,751.176,,13.016,SISAIRE_DIRECTO,directo
05266,2023,12,,,,,,25.68,SISAIRE_DIRECTO,directo
05266,2023,13,,,,,,19.089,SISAIRE_DIRECTO,directo
05266,2023,14,,,,,,14.13,SISAIRE_DIRECTO,directo
05266,2023,15,,,,,,17.093,SISAIRE_DIRECTO,directo
05266,2023,16,,,,,,13.655,SISAIRE_DIRECTO,directo
05266,2023,17,,,,,,13.04,SISAIRE_DIRECTO,directo
05266,2023,18,,,,,,13.877,SISAIRE_DIRECTO,directo
05266,2023,19,,,,,,15.224,SISAIRE_DIRECTO,directo
05266,2023,20,,,,,,13.17,SISAIRE_DIRECTO,directo
05266,2023,21,,,,,,11.65,SISAIRE_DIRECTO,directo
05266,2023,22,,,,,,12.789,SISAIRE_DIRECTO,directo
05266,2023,23,,,,,,11.719,SISAIRE_DIRECTO,directo
05266,2023,24,,,,,,10.259,SISAIRE_DIRECTO,directo
05266,2023,25,,,,,,10.966,SISAIRE_DIRECTO,directo
05266,2023,26,,,,,,11.966,SISAIRE_DIRECTO,directo
05266,2023,27,,,,,,11.16,SISAIRE_DIRECTO,directo
05266,2023,28,,,,,,10.557,SISAIRE_DIRECTO,directo
05266,2023,29,,,,,,9.26,SISAIRE_DIRECTO,directo
05266,2023,30,,,,,,13.371,SISAIRE_DIRECTO,directo
05266,2023,31,,,,,,11.792,SISAIRE_DIRECTO,directo
05266,2023,32,,,,,,11.336,SISAIRE_DIRECTO,directo
05266,2023,33,,,,,,12.334,SISAIRE_DIRECTO,directo
05266,2023,34,,,,,,11.313,SISAIRE_DIRECTO,directo
05266,2023,35,,,,,,14.087,SISAIRE_DIRECTO,directo
05266,2023,36,,,,,,12.187,SISAIRE_DIRECTO,directo
05266,2023,37,,,,,,11.448,SISAIRE_DIRECTO,directo
05266,2023,38,,,,,,14.165,SISAIRE_DIRECTO,directo
05266,2023,39,,,,,,13.681,SISAIRE_DIRECTO,directo
05266,2023,40,,,,,,13.791,SISAIRE_DIRECTO,directo
05266,2023,41,,,,,,15.975,SISAIRE_DIRECTO,directo
05266,2023,42,,,,,,14.692,SISAIRE_DIRECTO,directo
05266,2023,43,,,,,,11.908,SISAIRE_DIRECTO,directo
05266,2023,44,,,,,,12.326,SISAIRE_DIRECTO,directo
05266,2023,45,,,,,,13.695,SISAIRE_DIRECTO,directo
05266,2023,46,,,,,,11.702,SISAIRE_DIRECTO,directo
05266,2023,47,,,,,,11.772,SISAIRE_DIRECTO,directo
05266,2023,48,,,,,,12.156,SISAIRE_DIRECTO,directo
05266,2023,49,,,,,,14.956,SISAIRE_DIRECTO,directo
05266,2023,50,,,,,,15.106,SISAIRE_DIRECTO,directo
05266,2023,51,,,,,,15.808,SISAIRE_DIRECTO,directo
05266,2023,52,,,,,,13.845,SISAIRE_DIRECTO,directo
05282,2018,1,,84.071,33.7,,16.25,3.738,IMPUTADO_PA,directo
05282,2018,2,,87.47,32.0,,30.036,5.586,IMPUTADO_PA,directo
05282,2018,3,,84.952,41.9,,28.945,2.263,IMPUTADO_PA,directo
05282,2018,4,21.22,76.168,11.3,,26.226,1.115,IMPUTADO_PA,directo
05282,2018,5,21.292,79.083,0.2,,45.671,1.833,IMPUTADO_PA,directo
05282,2018,6,21.517,71.293,0.2,,34.205,2.894,IMPUTADO_PA,directo
05282,2018,7,20.527,78.699,40.9,,35.594,1.057,IMPUTADO_PA,directo
05282,2018,8,19.29,78.143,28.1,,22.598,5.663,IMPUTADO_PA,directo
05282,2018,9,20.984,69.223,0.4,,22.064,7.635,IMPUTADO_PA,directo
05282,2018,10,22.114,67.169,34.7,,30.189,0.035349999999999944,IMPUTADO_PA,directo
05282,2018,11,21.451,71.794,7.8,,31.257,5.187,IMPUTADO_PA,directo
05282,2018,12,20.613,79.97,22.5,,15.342,4.336,IMPUTADO_PA,directo
05282,2018,13,20.15,83.179,33.4,,28.486,6.287,IMPUTADO_PA,directo
05282,2018,14,19.18,83.738,47.7,,30.01,5.055,IMPUTADO_PA,directo
05282,2018,15,19.324,85.185,66.2,,28.213,0.049,IMPUTADO_PA,directo
05282,2018,16,20.565,81.887,0.3,,23.521,0.714,IMPUTADO_PA,directo
05282,2018,17,19.614,86.976,71.9,,25.669,5.202,IMPUTADO_PA,directo
05282,2018,18,19.53,87.107,110.6,,28.513,8.675,IMPUTADO_PA,directo
05282,2018,19,18.895,90.363,153.7,,30.612,0.035349999999999944,IMPUTADO_PA,directo
05282,2018,20,18.98,88.284,98.3,,34.643,6.301,IMPUTADO_PA,directo
05282,2018,21,19.498,90.661,62.7,,38.377,9.233,IMPUTADO_PA,directo
05282,2018,22,19.87,87.565,36.5,,27.592,4.568,IMPUTADO_PA,directo
05282,2018,23,21.349,82.78,5.4,,26.323,7.012,IMPUTADO_PA,directo
05282,2018,24,20.287,83.452,25.0,,33.332,2.657,IMPUTADO_PA,directo
05282,2018,25,20.208,82.511,18.8,,34.691,4.685,IMPUTADO_PA,directo
05282,2018,26,19.16,84.583,48.8,,26.495,0.035349999999999944,IMPUTADO_PA,directo
05282,2018,27,20.432,80.905,18.7,,36.099,0.035349999999999944,IMPUTADO_PA,directo
05282,2018,28,21.83,70.976,2.0,,37.582,8.376,IMPUTADO_PA,directo
05282,2018,29,21.897,66.818,0.8,,40.03,1.678,IMPUTADO_PA,directo
05282,2018,30,20.268,82.476,22.1,,43.847,3.517,IMPUTADO_PA,directo
05282,2018,31,18.983,87.31,67.0,,23.105,0.283,IMPUTADO_PA,directo
05282,2018,32,22.329,59.464,1.4,,30.009,0.201,IMPUTADO_PA,directo
05282,2018,33,20.623,75.637,35.7,,29.988,4.496,IMPUTADO_PA,directo
05282,2018,34,22.093,65.744,1.6,,29.131,2.565,IMPUTADO_PA,directo
05282,2018,35,21.101,73.696,25.3,,24.808,6.413,IMPUTADO_PA,directo
05282,2018,36,19.581,84.643,114.3,,18.249,6.672,IMPUTADO_PA,directo
05282,2018,37,19.183,87.423,48.3,,30.627,6.215,IMPUTADO_PA,directo
05282,2018,38,21.152,76.464,21.1,,23.874,5.929,IMPUTADO_PA,directo
05282,2018,39,20.368,81.298,16.1,,30.574,10.582,IMPUTADO_PA,directo
05282,2018,40,19.936,83.786,47.0,,23.673,1.391,IMPUTADO_PA,directo
05282,2018,41,19.348,83.292,28.6,,21.276,4.909,IMPUTADO_PA,directo
05282,2018,42,19.452,86.911,44.5,,31.738,9.036,IMPUTADO_PA,directo
05282,2018,43,19.827,88.079,76.9,,31.084,9.494,IMPUTADO_PA,directo
05282,2018,44,19.543,86.97,51.9,,34.443,0.16,IMPUTADO_PA,directo
05282,2018,45,20.147,87.559,48.3,,47.043,4.015,IMPUTADO_PA,directo
05282,2018,46,22.058,83.024,7.6,,32.075,9.819,IMPUTADO_PA,directo
05282,2018,47,22.265,83.595,0.4,,33.704,6.865,IMPUTADO_PA,directo
05282,2018,48,21.642,81.261,1.2,,21.449,5.778,IMPUTADO_PA,directo
05282,2018,49,21.939,78.211,2.2,,19.807,4.344,IMPUTADO_PA,directo
05282,2018,50,22.775,77.279,2.2,,42.313,3.766,IMPUTADO_PA,directo
05282,2018,51,22.836,73.435,0.0,,22.658,6.101,IMPUTADO_PA,directo
05282,2018,52,24.351,64.014,0.0,,21.713,4.223,IMPUTADO_PA,directo
05282,2019,1,25.474,54.913,0.1,,21.713,11.252,IMPUTADO_PA,directo
05282,2019,2,,,,,21.713,11.673,IMPUTADO_PA,directo
05282,2019,3,,,,,21.713,9.044,IMPUTADO_PA,directo
05282,2019,4,,,,,21.713,13.249,IMPUTADO_PA,directo
05282,2019,5,,,,,,21.526,IMPUTADO_PA,directo
05282,2019,6,,,,,,5.226,IMPUTADO_PA,directo
05282,2019,7,,,,,,12.526,IMPUTADO_PA,directo
05282,2019,8,22.154,73.25,6.0,,,8.759,IMPUTADO_PA,directo
05282,2019,9,20.849,78.542,23.4,,,13.406,IMPUTADO_PA,directo
05282,2019,10,,,,,,11.562,IMPUTADO_PA,directo
05282,2019,11,,,,,,14.047,IMPUTADO_PA,directo
05282,2019,12,,,,,,15.484,IMPUTADO_PA,directo
05282,2019,13,,,,,,12.069,IMPUTADO_PA,directo
05282,2019,14,,,,,,15.333,IMPUTADO_PA,directo
05282,2019,15,,,,,,3.255,IMPUTADO_PA,directo
05282,2019,16,,,,,,16.926,IMPUTADO_PA,directo
05282,2019,17,,,,,,12.703,IMPUTADO_PA,directo
05282,2019,18,,,,,,15.145,IMPUTADO_PA,directo
05282,2019,19,,,,,,7.162,IMPUTADO_PA,directo
05282,2019,20,,,,,,8.513,IMPUTADO_PA,directo
05282,2019,21,,,,,,11.907,IMPUTADO_PA,directo
05282,2019,22,,,,,,11.341,IMPUTADO_PA,directo
05282,2019,23,,,,,,12.384,IMPUTADO_PA,directo
05282,2019,24,,,,,,15.168,IMPUTADO_PA,directo
05282,2019,25,,,,,,5.267,IMPUTADO_PA,directo
05282,2019,26,,,,,,14.784,IMPUTADO_PA,directo
05282,2019,27,,,,,,11.429,IMPUTADO_PA,directo
05282,2019,28,,,,,,10.692,IMPUTADO_PA,directo
05282,2019,29,,,,,,6.289,IMPUTADO_PA,directo
05282,2019,30,,,,,,13.148,IMPUTADO_PA,directo
05282,2019,31,,,,,,3.012,IMPUTADO_PA,directo
05282,2019,32,,,,,,13.653,IMPUTADO_PA,directo
05282,2019,33,,,,,,6.216,IMPUTADO_PA,directo
05282,2019,34,,,,,,11.586,IMPUTADO_PA,directo
05282,2019,35,,,,,,10.986,IMPUTADO_PA,directo
05282,2019,36,,,,,,15.464,IMPUTADO_PA,directo
05282,2019,37,,,,,,10.779,IMPUTADO_PA,directo
05282,2019,38,,,,,,8.988,IMPUTADO_PA,directo
05282,2019,39,,,,,,9.64,IMPUTADO_PA,directo
05282,2019,40,,,,,,15.823,IMPUTADO_PA,directo
05282,2019,41,,,,,,13.263,IMPUTADO_PA,directo
05282,2019,42,,,,,,10.06,IMPUTADO_PA,directo
05282,2019,43,,,,,,10.578,IMPUTADO_PA,directo
05282,2019,44,,,,,,5.955,IMPUTADO_PA,directo
05282,2019,45,,,,,,12.75,IMPUTADO_PA,directo
05282,2019,46,,,,,,5.285,IMPUTADO_PA,directo
05282,2019,47,,,,,,14.012,IMPUTADO_PA,directo
05282,2019,48,,,,,,11.847,IMPUTADO_PA,directo
05282,2019,49,,,,,,19.694,IMPUTADO_PA,directo
05282,2019,50,,,,,,7.578,IMPUTADO_PA,directo
05282,2019,51,,,,,,11.043,IMPUTADO_PA,directo
05282,2019,52,,,,,,17.648,IMPUTADO_PA,directo
05308,2018,1,20.848,74.988,22.1,859.192,32.188,19.516,IMPUTADO_PA,directo
05308,2018,2,20.886,76.917,5.9,858.515,37.214,15.179,IMPUTADO_PA,directo
05308,2018,3,20.816,75.774,0.0,858.074,32.17,15.439,IMPUTADO_PA,directo
05308,2018,4,22.17,70.667,5.5,856.095,25.696,13.775,IMPUTADO_PA,directo
05308,2018,5,22.569,73.407,18.7,856.23,40.44,14.781,IMPUTADO_PA,directo
05308,2018,6,22.253,67.928,0.4,857.345,25.574,13.155,IMPUTADO_PA,directo
05308,2018,7,21.887,71.783,35.7,858.467,39.824,18.607,IMPUTADO_PA,directo
05308,2018,8,21.208,66.162,10.9,858.981,35.18,10.92,IMPUTADO_PA,directo
05308,2018,9,21.724,66.44,0.8,858.518,29.818,7.447,IMPUTADO_PA,directo
05308,2018,10,23.739,60.055,0.4,857.01,46.043,11.764,IMPUTADO_PA,directo
05308,2018,11,23.391,64.933,5.3,857.702,41.809,11.308,IMPUTADO_PA,directo
05308,2018,12,22.007,74.429,24.9,857.546,38.985,11.762,IMPUTADO_PA,directo
05308,2018,13,21.603,75.912,3.7,857.807,43.485,13.541,IMPUTADO_PA,directo
05308,2018,14,21.029,75.119,0.0,858.682,25.88,11.777,IMPUTADO_PA,directo
05308,2018,15,21.055,78.262,1.5,859.401,33.371,7.979,IMPUTADO_PA,directo
05308,2018,16,22.474,72.256,0.0,858.613,40.153,8.575,IMPUTADO_PA,directo
05308,2018,17,21.732,78.083,1.6,859.124,54.294,12.087,IMPUTADO_PA,directo
05308,2018,18,21.627,77.119,0.2,859.229,38.666,6.384,IMPUTADO_PA,directo
05308,2018,19,20.71,82.821,0.0,860.04,33.648,9.118,IMPUTADO_PA,directo
05308,2018,20,21.026,79.274,0.0,858.608,20.46,14.809,IMPUTADO_PA,directo
05308,2018,21,22.152,76.577,0.0,858.671,50.898,15.237,IMPUTADO_PA,directo
05308,2018,22,22.266,74.97,0.1,858.334,39.07,12.142,IMPUTADO_PA,directo
05308,2018,23,23.576,71.548,0.0,857.985,36.02,18.77,IMPUTADO_PA,directo
05308,2018,24,23.145,69.274,0.0,859.093,20.818,11.57,IMPUTADO_PA,directo
05308,2018,25,22.557,69.541,0.0,859.033,36.385,17.049,IMPUTADO_PA,directo
05308,2018,26,21.214,75.393,0.0,858.696,38.111,9.635,IMPUTADO_PA,directo
05308,2018,27,22.576,71.054,0.0,857.879,33.396,11.558,IMPUTADO_PA,directo
05308,2018,28,24.043,59.387,0.0,857.97,27.565,16.893,IMPUTADO_PA,directo
05308,2018,29,23.221,64.5,0.0,858.321,27.139,18.871,IMPUTADO_PA,directo
05308,2018,30,22.318,72.827,0.0,859.484,51.043,11.204,IMPUTADO_PA,directo
05308,2018,31,21.323,75.946,0.0,859.02,37.903,19.229,IMPUTADO_PA,directo
05308,2018,32,24.322,50.106,0.0,858.088,33.39,9.958,IMPUTADO_PA,directo
05308,2018,33,24.52,56.269,0.0,858.796,37.47,14.504,IMPUTADO_PA,directo
05308,2018,34,26.948,41.448,0.0,857.233,36.978,13.768,IMPUTADO_PA,directo
05308,2018,35,26.699,47.476,0.0,856.754,26.82,13.214,IMPUTADO_PA,directo
05308,2018,36,23.402,66.021,0.0,857.779,43.784,11.859,IMPUTADO_PA,directo
05308,2018,37,23.926,63.355,0.0,857.395,35.835,8.04,IMPUTADO_PA,directo
05308,2018,38,27.409,42.697,0.0,854.391,38.002,10.5,IMPUTADO_PA,directo
05308,2018,39,26.421,49.273,0.0,856.682,47.835,12.433,IMPUTADO_PA,directo
05308,2018,40,26.350153846153844,51.61181818181819,0.0,857.1563636363636,27.757,16.446,IMPUTADO_PA,directo
05308,2018,41,26.279307692307693,53.95063636363636,0.0,857.6307272727273,31.624,17.184,IMPUTADO_PA,directo
05308,2018,42,26.20846153846154,56.28945454545455,0.0,858.1050909090909,39.459,11.588,IMPUTADO_PA,directo
05308,2018,43,26.137615384615383,58.62827272727273,0.0,858.5794545454545,43.627,11.97,IMPUTADO_PA,directo
05308,2018,44,19.143,80.647,121.576,851.735,32.744,10.703,IMPUTADO_PA,directo
05308,2018,45,19.776,79.479,36.817,850.704,33.128,11.232,IMPUTADO_PA,directo
05308,2018,46,20.521,78.102,43.536,850.834,41.726,19.103,IMPUTADO_PA,directo
05308,2018,47,20.163,79.355,228.883,851.252,53.524,21.841,IMPUTADO_PA,directo
05308,2018,48,19.569,80.197,38.901,851.671,37.707,9.554,IMPUTADO_PA,directo
05308,2018,49,19.921,73.256,11.767,852.01,31.602,8.902,IMPUTADO_PA,directo
05308,2018,50,20.673,75.0,0.0,861.9,29.59,11.35,IMPUTADO_PA,directo
05308,2018,51,20.359,60.0,0.0,859.9,36.161,9.459,IMPUTADO_PA,directo
05308,2018,52,25.5,45.0,0.0,857.9,43.262,8.72,IMPUTADO_PA,directo
05308,2019,1,25.5,45.5,0.0,858.5999999999999,42.995396226415096,7.985,IMPUTADO_PA,directo
05308,2019,2,25.5,46.0,0.0,859.3,42.72879245283019,24.696,IMPUTADO_PA,directo
05308,2019,3,25.5,0.0,0.0,635.4347,42.46218867924529,10.076,IMPUTADO_PA,directo
05308,2019,4,25.5,0.0,0.0,635.4347,42.195584905660375,12.423,IMPUTADO_PA,directo
05308,2019,5,20.58,0.0,0.0,635.4347,40.538,6.292,IMPUTADO_PA,directo
05308,2019,6,20.98,0.0,0.0,635.4347,40.625,19.749,IMPUTADO_PA,directo
05308,2019,7,21.846,0.0,0.0,635.4347,34.034,17.119,IMPUTADO_PA,directo
05308,2019,8,20.703,0.0,0.0,635.4347,40.099,13.431,IMPUTADO_PA,directo
05308,2019,9,19.816,0.0,0.0,635.4347,34.724,6.062,IMPUTADO_PA,directo
05308,2019,10,21.132,0.0,0.0,635.4347,28.226,13.045,IMPUTADO_PA,directo
05308,2019,11,21.176,0.0,0.0,635.4347,38.036,7.072,IMPUTADO_PA,directo
05308,2019,12,19.429,0.0,0.0,635.4347,33.462,18.656,IMPUTADO_PA,directo
05308,2019,13,20.277,77.78,65.8,851.568,32.61,15.728,IMPUTADO_PA,directo
05308,2019,14,19.479,79.571,81.5,852.8,44.074,12.528,IMPUTADO_PA,directo
05308,2019,15,20.662,76.226,45.8,851.452,13.508,1.177,IMPUTADO_PA,directo
05308,2019,16,20.265,78.427,30.4,851.758,21.556,7.691,IMPUTADO_PA,directo
05308,2019,17,20.518,77.292,35.1,851.69,23.353,15.184,IMPUTADO_PA,directo
05308,2019,18,22.407,64.324,0.0,850.549,29.77,17.538,IMPUTADO_PA,directo
05308,2019,19,20.845,75.451,38.6,851.574,30.617,17.073,IMPUTADO_PA,directo
05308,2019,20,20.026,78.682,73.3,852.001,20.858,4.962,IMPUTADO_PA,directo
05308,2019,21,19.67,81.613,64.3,851.936,24.926,13.452,IMPUTADO_PA,directo
05308,2019,22,19.457,82.327,62.1,852.419,25.894,16.653,IMPUTADO_PA,directo
05308,2019,23,20.989,73.129,37.8,851.965,51.743,4.665,IMPUTADO_PA,directo
05308,2019,24,21.168,74.213,18.4,852.242,46.635,12.065,IMPUTADO_PA,directo
05308,2019,25,22.348,59.165,0.1,851.608,29.393,13.328,IMPUTADO_PA,directo
05308,2019,26,21.652,66.482,3.2,851.004,29.768,10.752,IMPUTADO_PA,directo
05308,2019,27,20.966,68.824,38.1,851.711,23.648,3.796,IMPUTADO_PA,directo
05308,2019,28,20.985,69.167,29.8,851.729,17.736,10.64,IMPUTADO_PA,directo
05308,2019,29,21.875,60.83,10.1,851.404,31.69,10.633,IMPUTADO_PA,directo
05308,2019,30,20.988,0.0,0.0,635.4347,24.827,11.436,IMPUTADO_PA,directo
05308,2019,31,21.508,0.7747340425531916,0.17765957446808509,636.516320212766,31.939,9.574,IMPUTADO_PA,directo
05308,2019,32,22.545,1.5494680851063831,0.35531914893617017,637.597940425532,20.135,10.114,IMPUTADO_PA,directo
05308,2019,33,21.652,2.3242021276595746,0.5329787234042552,638.6795606382979,26.664,11.922,IMPUTADO_PA,directo
05308,2019,34,22.28,3.0989361702127662,0.7106382978723403,639.7611808510638,33.758,14.084,IMPUTADO_PA,directo
05308,2019,35,22.217,54.966,3.834,851.249,35.453,10.735,IMPUTADO_PA,directo
05308,2019,36,22.328,58.611,51.072,851.762,35.852,10.263,IMPUTADO_PA,directo
05308,2019,37,22.421,60.291,93.228,851.271,22.314,12.514,IMPUTADO_PA,directo
05308,2019,38,19.658,78.395,72.412,852.301,39.258,3.488,IMPUTADO_PA,directo
05308,2019,39,20.234,74.323,84.449,852.717,26.366,14.239,IMPUTADO_PA,directo
05308,2019,40,19.808,74.012,64.079,851.719,37.53,12.097,IMPUTADO_PA,directo
05308,2019,41,19.936,73.25,33.158,850.552,32.517,12.278,IMPUTADO_PA,directo
05308,2019,42,19.728,74.53,77.337,852.354,21.878,16.407,IMPUTADO_PA,directo
05308,2019,43,19.318,78.911,123.856,851.512,30.137,3.345,IMPUTADO_PA,directo
05308,2019,44,20.32,75.32,99.606,850.954,35.446,3.251,IMPUTADO_PA,directo
05308,2019,45,20.312,76.9,90.394,850.02,37.375,13.328,IMPUTADO_PA,directo
05308,2019,46,19.268,82.193,86.971,851.325,31.502,12.068,IMPUTADO_PA,directo
05308,2019,47,19.33,78.985,179.652,851.596,44.532,12.863,IMPUTADO_PA,directo
05308,2019,48,21.171,72.461,15.971,850.251,40.448,10.028,IMPUTADO_PA,directo
05308,2019,49,20.208,74.135,19.691,851.679,30.601,15.079,IMPUTADO_PA,directo
05308,2019,50,19.788,75.513,65.613,850.989,38.443,16.281,IMPUTADO_PA,directo
05308,2019,51,21.003,73.437,19.577,849.959,47.664,14.27,IMPUTADO_PA,directo
05308,2019,52,21.58,71.317,44.2,850.234,47.872,10.931,IMPUTADO_PA,directo
05308,2020,1,20.113,75.861,30.362,852.305,29.132,11.483,SISAIRE_DIRECTO,directo
05308,2020,2,20.408,62.067,0.0,851.521,37.814,14.215,SISAIRE_DIRECTO,directo
05308,2020,3,22.283,58.61,0.0,850.13,40.704,15.336,SISAIRE_DIRECTO,directo
05308,2020,4,20.119,74.125,74.81,852.48,38.964,11.511,SISAIRE_DIRECTO,directo
05308,2020,5,20.946,69.03,30.737,852.499,41.274,15.759,SISAIRE_DIRECTO,directo
05308,2020,6,21.593,60.648,3.067,851.91,56.455,22.515,SISAIRE_DIRECTO,directo
05308,2020,7,22.2,61.794,11.719,850.425,57.136,25.635,SISAIRE_DIRECTO,directo
05308,2020,8,21.996,65.218,66.928,850.761,45.25,20.654,SISAIRE_DIRECTO,directo
05308,2020,9,21.202,69.242,6.045,852.613,56.459,26.939,SISAIRE_DIRECTO,directo
05308,2020,10,22.291,65.878,2.717,851.541,66.08268,32.49740000000006,SISAIRE_DIRECTO,directo
05308,2020,11,20.877,73.072,58.356,851.831,63.279,32.49740000000006,SISAIRE_DIRECTO,directo
05308,2020,12,20.677,66.525,24.102,852.816,66.08268,32.49740000000006,SISAIRE_DIRECTO,directo
05308,2020,13,21.307,64.626,14.557,851.347,65.74,32.49740000000006,SISAIRE_DIRECTO,directo
05308,2020,14,22.622,70.084,17.193,851.058,32.415,16.055,SISAIRE_DIRECTO,directo
05308,2020,15,23.512,66.174,16.224,851.8,18.882,9.517,SISAIRE_DIRECTO,directo
05308,2020,16,21.434,72.132,28.7,853.331,39.422,24.302,SISAIRE_DIRECTO,directo
05308,2020,17,21.92,70.09,5.307,852.564,28.911,17.007,SISAIRE_DIRECTO,directo
05308,2020,18,23.236,66.605,1.909,852.325,29.574,18.076,SISAIRE_DIRECTO,directo
05308,2020,19,24.819,59.667,3.148,851.319,24.176,12.225,SISAIRE_DIRECTO,directo
05308,2020,20,23.539,64.772,3.535,852.135,27.483,14.722,SISAIRE_DIRECTO,directo
05308,2020,21,23.559,64.75,15.329,852.054,27.902,14.673,SISAIRE_DIRECTO,directo
05308,2020,22,21.942,73.94,29.251,852.636,25.041,12.318,SISAIRE_DIRECTO,directo
05308,2020,23,22.179,70.196,4.182,853.039,30.286,17.076,SISAIRE_DIRECTO,directo
05308,2020,24,21.922,70.164,0.728,852.506,28.627,14.527,SISAIRE_DIRECTO,directo
05308,2020,25,21.431,75.14,2.254,852.214,28.986,13.684,SISAIRE_DIRECTO,directo
05308,2020,26,22.361,67.399,1.069,851.278,35.615,18.637,SISAIRE_DIRECTO,directo
05308,2020,27,21.518,73.182,1.376,851.461,25.459,15.123,SISAIRE_DIRECTO,directo
05308,2020,28,21.126,74.515,2.173,852.125,33.216,15.638,SISAIRE_DIRECTO,directo
05308,2020,29,22.684,62.521,1.334,851.327,29.754,13.641,SISAIRE_DIRECTO,directo
05308,2020,30,21.114,74.485,2.478,851.899,24.947,13.132,SISAIRE_DIRECTO,directo
05308,2020,31,22.632,64.06,4.338,851.73,34.405,12.634,SISAIRE_DIRECTO,directo
05308,2020,32,23.714,55.524,0.441,852.142,41.24,19.865,SISAIRE_DIRECTO,directo
05308,2020,33,22.533,68.932,11.477,850.277,27.738,15.509,SISAIRE_DIRECTO,directo
05308,2020,34,21.538,72.213,0.427,852.166,26.682,11.441,SISAIRE_DIRECTO,directo
05308,2020,35,21.289,70.395,0.157,852.193,35.021,18.033,SISAIRE_DIRECTO,directo
05308,2020,36,21.274,71.815,4.556,851.824,32.5,16.321,SISAIRE_DIRECTO,directo
05308,2020,37,21.53,70.323,7.606,851.372,31.761,17.333,SISAIRE_DIRECTO,directo
05308,2020,38,21.172,72.698,0.778,852.624,33.007,21.675,SISAIRE_DIRECTO,directo
05308,2020,39,21.707,71.045,0.004,852.519,30.382,14.035,SISAIRE_DIRECTO,directo
05308,2020,40,20.834,74.486,1.507,851.052,34.562,15.466,SISAIRE_DIRECTO,directo
05308,2020,41,21.179,73.612,0.004,851.951,29.91,14.916,SISAIRE_DIRECTO,directo
05308,2020,42,21.754,69.744,6.502,850.674,31.922,16.214,SISAIRE_DIRECTO,directo
05308,2020,43,21.125,73.404,0.924,851.615,40.311,17.89,SISAIRE_DIRECTO,directo
05308,2020,44,21.113,74.768,4.684,851.786,30.425,13.952,SISAIRE_DIRECTO,directo
05308,2020,45,21.374,72.958,2.657,851.433,28.077,13.492,SISAIRE_DIRECTO,directo
05308,2020,46,20.276,77.396,0.732,852.359,35.837,16.502,SISAIRE_DIRECTO,directo
05308,2020,47,20.816,76.635,0.676,851.741,29.684,12.322,SISAIRE_DIRECTO,directo
05308,2020,48,21.476,73.745,0.175,851.238,30.948,12.404,SISAIRE_DIRECTO,directo
05308,2020,49,21.507,74.03,0.168,851.503,33.186,12.246,SISAIRE_DIRECTO,directo
05308,2020,50,21.877,71.284,0.104,851.936,32.567,12.731,SISAIRE_DIRECTO,directo
05308,2020,51,21.866,71.2,6.224,850.851,35.94,13.418,SISAIRE_DIRECTO,directo
05308,2020,52,21.162,74.574,41.654,850.993,29.955,13.348,SISAIRE_DIRECTO,directo
05308,2020,53,21.343,70.726,1.006,851.321,23.97,11.584,SISAIRE_DIRECTO,directo
05308,2021,1,20.798,72.596,4.157,851.444,24.259,11.938,SISAIRE_DIRECTO,directo
05308,2021,2,22.227,69.404,9.776,850.976,26.439,11.571,SISAIRE_DIRECTO,directo
05308,2021,3,22.061,66.243,3.492,850.587,33.612,15.469,SISAIRE_DIRECTO,directo
05308,2021,4,22.497,64.086,0.004,850.114,35.199,18.595,SISAIRE_DIRECTO,directo
05308,2021,5,23.398,62.156,1.098,850.525,32.893,17.068,SISAIRE_DIRECTO,directo
05308,2021,6,21.886,68.111,2.532,850.927,35.377,16.329,SISAIRE_DIRECTO,directo
05308,2021,7,21.082,70.154,0.768,852.497,36.117,17.337,SISAIRE_DIRECTO,directo
05308,2021,8,22.011,68.726,13.375,850.612,33.821,16.735,SISAIRE_DIRECTO,directo
05308,2021,9,21.064,72.81,51.03,850.892,45.745,23.213,SISAIRE_DIRECTO,directo
05308,2021,10,20.119,75.881,22.298,852.523,35.187,16.082,SISAIRE_DIRECTO,directo
05308,2021,11,19.773,80.122,121.614,851.947,32.178,15.851,SISAIRE_DIRECTO,directo
05308,2021,12,20.633,77.239,53.73,851.36,33.46,14.262,SISAIRE_DIRECTO,directo
05308,2021,13,21.969,72.295,14.651,849.634,30.236,13.028,SISAIRE_DIRECTO,directo
05308,2021,14,21.491,74.724,13.827,851.088,27.345,10.199,SISAIRE_DIRECTO,directo
05308,2021,15,22.434,68.592,9.414,850.788,32.162,12.224,SISAIRE_DIRECTO,directo
05308,2021,16,27.0,46.0,0.0,848.1,38.459,17.394,SISAIRE_DIRECTO,directo
05308,2021,17,22.6665,66.0,0.0,851.1165000000001,34.121,14.378,SISAIRE_DIRECTO,directo
05308,2021,18,18.333,86.0,0.321,854.133,27.256,10.919,SISAIRE_DIRECTO,directo
05308,2021,19,21.725,72.825,16.7,737.107,29.812,10.701,SISAIRE_DIRECTO,directo
05308,2021,20,22.011,77.768,28.5,737.327,33.079,11.693,SISAIRE_DIRECTO,directo
05308,2021,21,21.376,80.631,22.0,737.593,32.067,11.276,SISAIRE_DIRECTO,directo
05308,2021,22,21.812,79.256,47.5,737.325,29.662,11.081,SISAIRE_DIRECTO,directo
05308,2021,23,20.73,83.607,0.3,737.767,32.527,12.0,SISAIRE_DIRECTO,directo
05308,2021,24,21.66,76.321,0.0,737.774,31.679,11.129,SISAIRE_DIRECTO,directo
05308,2021,25,20.596,80.798,0.0,737.828,33.439,11.205,SISAIRE_DIRECTO,directo
05308,2021,26,22.079,70.381,0.0,737.686,31.479,11.64,SISAIRE_DIRECTO,directo
05308,2021,27,22.587,73.744,0.0,737.354,30.256,12.416,SISAIRE_DIRECTO,directo
05308,2021,28,22.665,70.583,0.0,737.532,32.366,11.332,SISAIRE_DIRECTO,directo
05308,2021,29,22.705,67.695,0.0,737.529,35.087,14.253,SISAIRE_DIRECTO,directo
05308,2021,30,22.093,73.94,0.0,737.623,31.219,12.303,SISAIRE_DIRECTO,directo
05308,2021,31,22.598,60.256,0.0,737.961,38.299,17.054,SISAIRE_DIRECTO,directo
05308,2021,32,21.44,80.396,0.0,737.933,29.264,11.496,SISAIRE_DIRECTO,directo
05308,2021,33,20.855,76.972,0.0,737.394,28.071,11.663,SISAIRE_DIRECTO,directo
05308,2021,34,21.303,78.472,0.0,737.131,30.781,12.942,SISAIRE_DIRECTO,directo
05308,2021,35,21.0,78.768,0.0,737.588,32.287,12.412,SISAIRE_DIRECTO,directo
05308,2021,36,20.991,81.637,0.0,737.698,33.772,14.079,SISAIRE_DIRECTO,directo
05308,2021,37,22.91,67.554,0.0,737.728,31.017,13.184,SISAIRE_DIRECTO,directo
05308,2021,38,21.572,75.719,0.0,737.457,32.362,12.567,SISAIRE_DIRECTO,directo
05308,2021,39,21.139,77.446,0.0,737.315,36.17,13.394,SISAIRE_DIRECTO,directo
05308,2021,40,22.261,76.357,0.0,736.989,28.943,11.336,SISAIRE_DIRECTO,directo
05308,2021,41,21.166,79.167,0.0,737.466,32.458,13.733,SISAIRE_DIRECTO,directo
05308,2021,42,21.238,75.042,0.0,737.727,31.489,13.177,SISAIRE_DIRECTO,directo
05308,2021,43,20.471,83.411,0.0,737.744,31.46,13.606,SISAIRE_DIRECTO,directo
05308,2021,44,21.272,81.149,0.0,737.479,32.283,11.558,SISAIRE_DIRECTO,directo
05308,2021,45,20.645,79.304,0.0,737.346,36.397,15.489,SISAIRE_DIRECTO,directo
05308,2021,46,21.21,78.952,0.0,737.112,32.264,15.142,SISAIRE_DIRECTO,directo
05308,2021,47,20.374,87.833,0.0,737.338,36.917,15.043,SISAIRE_DIRECTO,directo
05308,2021,48,21.5,79.896,0.0,737.087,33.579,12.576,SISAIRE_DIRECTO,directo
05308,2021,49,21.983,75.958,0.0,737.011,36.444,14.798,SISAIRE_DIRECTO,directo
05308,2021,50,21.126,76.851,0.0,737.077,43.832,15.076,SISAIRE_DIRECTO,directo
05308,2021,51,21.881,75.042,0.0,737.333,32.889,13.086,SISAIRE_DIRECTO,directo
05308,2021,52,21.107,82.013,0.0,737.295,32.735,15.0,SISAIRE_DIRECTO,directo
05308,2022,1,20.567,98.0,0.0,737.9,36.675,16.99,SISAIRE_DIRECTO,directo
05308,2022,2,20.731,65.36666666666667,0.0,737.7516666666667,30.477,14.119,SISAIRE_DIRECTO,directo
05308,2022,3,21.971,32.733333333333334,0.0,737.6033333333334,39.234,17.591,SISAIRE_DIRECTO,directo
05308,2022,4,21.271,0.1,0.0,737.455,41.537,17.754,SISAIRE_DIRECTO,directo
05308,2022,5,21.112,0.137,0.0,737.321,41.726,19.835,SISAIRE_DIRECTO,directo
05308,2022,6,20.737,0.128,0.0,737.044,36.218,16.084,SISAIRE_DIRECTO,directo
05308,2022,7,20.769,3.798,0.0,737.3,38.827,18.896,SISAIRE_DIRECTO,directo
05308,2022,8,21.449,0.14,0.0,737.286,47.465,22.243,SISAIRE_DIRECTO,directo
05308,2022,9,20.103,0.14780000000000001,0.0,737.0383333333333,32.151,15.515,SISAIRE_DIRECTO,directo
05308,2022,10,20.209,0.15560000000000002,0.0,736.7906666666667,34.593,15.115,SISAIRE_DIRECTO,directo
05308,2022,11,20.269,0.1634,0.0,736.5429999999999,43.021,21.356,SISAIRE_DIRECTO,directo
05308,2022,12,20.976,0.1712,0.0,736.2953333333332,48.359,24.672,SISAIRE_DIRECTO,directo
05308,2022,13,20.842,0.179,0.0,851.382,34.047,16.2,SISAIRE_DIRECTO,directo
05308,2022,14,21.333,5.783,0.0,735.8,31.371,13.84,SISAIRE_DIRECTO,directo
05308,2022,15,22.692,0.049,0.0,737.025,33.371,17.556,SISAIRE_DIRECTO,directo
05308,2022,16,20.311,2.06,0.0,738.25,29.725,12.083,SISAIRE_DIRECTO,directo
05308,2022,17,21.389,2.114,0.0,737.683,30.652,12.754,SISAIRE_DIRECTO,directo
05308,2022,18,22.072,3.713,0.0,738.125,28.849,13.081,SISAIRE_DIRECTO,directo
05308,2022,19,21.629,0.069,0.0,738.4125,34.672,13.573,SISAIRE_DIRECTO,directo
05308,2022,20,20.898,0.922,0.0,738.7,30.791,12.813,SISAIRE_DIRECTO,directo
05308,2022,21,21.516,0.078,0.0,738.3714285714286,35.873,12.778,SISAIRE_DIRECTO,directo
05308,2022,22,20.094,1.164,0.0,738.0428571428572,26.986,13.034,SISAIRE_DIRECTO,directo
05308,2022,23,19.972,1.631,0.0,737.7142857142858,30.803,13.318,SISAIRE_DIRECTO,directo
05308,2022,24,20.262,2.007,0.0,737.3857142857142,31.839,12.662,SISAIRE_DIRECTO,directo
05308,2022,25,20.867,0.696,0.0,851.909,29.7,9.581,SISAIRE_DIRECTO,directo
05308,2022,26,20.321,0.821,0.0,852.654,31.732,10.5,SISAIRE_DIRECTO,directo
05308,2022,27,22.783,0.071,13.2,736.4,28.754,9.15,SISAIRE_DIRECTO,directo
05308,2022,28,21.891,0.0,25.5,736.4857142857143,31.731,9.707,SISAIRE_DIRECTO,directo
05308,2022,29,22.158,0.014,11.4,736.5714285714286,33.944,9.811,SISAIRE_DIRECTO,directo
05308,2022,30,21.071,0.0,41.0,736.6571428571428,28.081,9.215,SISAIRE_DIRECTO,directo
05308,2022,31,21.035,0.008,0.2,736.7428571428571,30.514,9.609,SISAIRE_DIRECTO,directo
05308,2022,32,22.284,0.0,0.0,852.042,32.692,10.769,SISAIRE_DIRECTO,directo
05308,2022,33,21.58,0.009,0.0,851.796,30.891,9.783,SISAIRE_DIRECTO,directo
05308,2022,34,21.111,0.0,0.0,852.053,38.572,14.975,SISAIRE_DIRECTO,directo
05308,2022,35,21.267,0.0,0.0,851.523,27.793,10.044,SISAIRE_DIRECTO,directo
05308,2022,36,22.179,0.0,0.0,852.4,32.035,14.601,SISAIRE_DIRECTO,directo
05308,2022,37,20.644,0.0,0.0,852.224,30.771,10.409,SISAIRE_DIRECTO,directo
05308,2022,38,19.575,0.0,0.0,852.184,27.722,12.22,SISAIRE_DIRECTO,directo
05308,2022,39,21.167,0.0,0.0,851.703,33.718,11.404,SISAIRE_DIRECTO,directo
05308,2022,40,20.978,0.0,0.0,851.239,30.329,8.234,SISAIRE_DIRECTO,directo
05308,2022,41,21.15,0.0,0.0,737.6,35.946,11.507,SISAIRE_DIRECTO,directo
05308,2022,42,20.287,0.0,0.0,736.8,30.345,9.077,SISAIRE_DIRECTO,directo
05308,2022,43,20.33,0.0,0.0,736.8,25.603,8.562,SISAIRE_DIRECTO,directo
05308,2022,44,20.834,0.0,0.0,736.8,31.74,11.029,SISAIRE_DIRECTO,directo
05308,2022,45,21.18,0.0,0.0,736.8,23.807,7.323,SISAIRE_DIRECTO,directo
05308,2022,46,21.011,0.0,0.0,736.8,25.468,7.9,SISAIRE_DIRECTO,directo
05308,2022,47,20.842,0.0,0.0,851.274,28.101,8.039,SISAIRE_DIRECTO,directo
05308,2022,48,20.673,0.0,0.0,850.355,33.621,10.742,SISAIRE_DIRECTO,directo
05308,2022,49,19.698,0.0,0.0,851.135,29.232,10.299,SISAIRE_DIRECTO,directo
05308,2022,50,21.24,0.0,0.0,850.782,33.296,10.785,SISAIRE_DIRECTO,directo
05308,2022,51,21.975,0.0,0.0,851.009,35.231,14.019,SISAIRE_DIRECTO,directo
05308,2022,52,21.013,0.011,1.1,852.287,32.159,12.523,SISAIRE_DIRECTO,directo
05308,2023,1,20.142,0.007,19.5,852.83,25.182,8.686,SISAIRE_DIRECTO,directo
05308,2023,2,20.082,0.007,6.4,852.661,32.551,9.86,SISAIRE_DIRECTO,directo
05308,2023,3,20.753,0.0,1.7,851.416,36.924,12.329,SISAIRE_DIRECTO,directo
05308,2023,4,22.263,0.043,0.0,850.567,36.085,14.039,SISAIRE_DIRECTO,directo
05308,2023,5,21.625,0.043,0.0,851.641,44.879,19.197,SISAIRE_DIRECTO,directo
05308,2023,6,22.293,0.043,0.0,850.242,42.925,16.417,SISAIRE_DIRECTO,directo
05308,2023,7,21.905,0.043,0.0,850.341,36.841,10.793,SISAIRE_DIRECTO,directo
05308,2023,8,21.464,0.043,0.0,851.864,52.055,19.668,SISAIRE_DIRECTO,directo
05308,2023,9,23.304,69.449,9.023,850.601,46.676,16.636,SISAIRE_DIRECTO,directo
05308,2023,10,20.172,86.969,85.636,852.367,34.053,12.614,SISAIRE_DIRECTO,directo
05308,2023,11,20.269,85.725,29.754,852.851,35.527,12.861,SISAIRE_DIRECTO,directo
05308,2023,12,21.302,75.623,1.081,851.582,50.452,22.861,SISAIRE_DIRECTO,directo
05308,2023,13,21.35,81.79,0.261,851.094,39.301,16.586,SISAIRE_DIRECTO,directo
05308,2023,14,22.071,75.623,4.938,850.334,32.014,12.015,SISAIRE_DIRECTO,directo
05308,2023,15,21.789,80.815,43.283,850.894,36.583,12.013,SISAIRE_DIRECTO,directo
05308,2023,16,21.226,82.286,27.216,851.357,37.4,11.512,SISAIRE_DIRECTO,directo
05308,2023,17,21.63,86.444,37.018,852.125,30.676,8.906,SISAIRE_DIRECTO,directo
05308,2023,18,24.325,55.138,0.0,850.118,34.087,10.861,SISAIRE_DIRECTO,directo
05308,2023,19,23.325,58.571,1.691,851.236,39.241,11.289,SISAIRE_DIRECTO,directo
05308,2023,20,22.612,0.0,15.39,851.149,35.112,10.468,SISAIRE_DIRECTO,directo
05308,2023,21,21.234,0.0,45.88,852.085,34.786,11.733,SISAIRE_DIRECTO,directo
05308,2023,22,21.655,0.0,22.333,852.103,36.309,11.91,SISAIRE_DIRECTO,directo
05308,2023,23,22.42,0.0,0.094,852.846,33.856,9.531,SISAIRE_DIRECTO,directo
05308,2023,24,23.803,47.741,0.094,851.374,30.425,10.365,SISAIRE_DIRECTO,directo
05308,2023,25,23.107,76.032,0.094,851.371,32.139,10.713,SISAIRE_DIRECTO,directo
05308,2023,26,23.198,0.0,0.094,851.565,33.677,10.868,SISAIRE_DIRECTO,directo
05308,2023,27,21.725,0.0,0.094,852.562,31.061,10.113,SISAIRE_DIRECTO,directo
05308,2023,28,24.029,0.0,,850.802,36.752,10.121,SISAIRE_DIRECTO,directo
05308,2023,29,23.854,0.0,,852.203,25.736,10.953,SISAIRE_DIRECTO,directo
05308,2023,30,23.495,24.6,,852.266,35.095,13.522,SISAIRE_DIRECTO,directo
05308,2023,31,24.523,71.698,,852.641,36.431,13.976,SISAIRE_DIRECTO,directo
05308,2023,32,24.049,45.4,,852.35,32.795,12.698,SISAIRE_DIRECTO,directo
05308,2023,33,22.863,0.0,,850.901,31.769,11.434,SISAIRE_DIRECTO,directo
05308,2023,34,22.469,0.0,,851.22,33.231,12.307,SISAIRE_DIRECTO,directo
05308,2023,35,23.564,0.0,,852.029,36.38,15.021,SISAIRE_DIRECTO,directo
05308,2023,36,23.673,0.0,,851.49,37.016,14.024,SISAIRE_DIRECTO,directo
05308,2023,37,23.412,0.0,,851.581,34.419,12.387,SISAIRE_DIRECTO,directo
05308,2023,38,23.689,0.0,,850.802,36.603,14.964,SISAIRE_DIRECTO,directo
05308,2023,39,23.486,0.0,,851.476,34.993,11.612,SISAIRE_DIRECTO,directo
05308,2023,40,21.579,0.0,,852.385,34.346,12.743,SISAIRE_DIRECTO,directo
05308,2023,41,22.809,0.0,,851.627,39.317,13.689,SISAIRE_DIRECTO,directo
05308,2023,42,22.809,0.302,,851.94,38.891,14.407,SISAIRE_DIRECTO,directo
05308,2023,43,22.809,0.604,,851.634,37.745,12.32,SISAIRE_DIRECTO,directo
05308,2023,44,22.809,0.044,,851.134,36.241,10.256,SISAIRE_DIRECTO,directo
05308,2023,45,22.809,0.208,,850.465,33.797,10.54,SISAIRE_DIRECTO,directo
05308,2023,46,,0.11,,851.421,32.318,11.411,SISAIRE_DIRECTO,directo
05308,2023,47,,1.111,,851.917,32.958,9.615,SISAIRE_DIRECTO,directo
05308,2023,48,,0.8009999999999999,,850.829,34.535,12.734,SISAIRE_DIRECTO,directo
05308,2023,49,,0.491,,850.423,36.126,14.958,SISAIRE_DIRECTO,directo
05308,2023,50,,0.051,,849.715,36.68,13.695,SISAIRE_DIRECTO,directo
05308,2023,51,,0.096,,850.803,33.282,13.38,SISAIRE_DIRECTO,directo
05308,2023,52,,0.141,,853.257,27.023,10.574,SISAIRE_DIRECTO,directo
05310,2019,1,,,,,0.0,,IMPUTADO_PA,directo
05310,2019,2,,,,,12.664,,IMPUTADO_PA,directo
05310,2019,3,,,,,15.436,,IMPUTADO_PA,directo
05310,2019,4,,,,,11.9,,IMPUTADO_PA,directo
05310,2019,5,,,,,2.56,,IMPUTADO_PA,directo
05310,2019,6,,,,,12.079,,IMPUTADO_PA,directo
05310,2019,7,,,,,13.223,,IMPUTADO_PA,directo
05310,2019,8,,,,,17.502,,IMPUTADO_PA,directo
05310,2019,9,21.75,88.435,11.8,824.971,2.582,,IMPUTADO_PA,directo
05310,2019,10,21.693521739130436,89.893,36.8,824.09,6.562,11.355228571428572,IMPUTADO_PA,directo
05310,2019,11,21.63704347826087,88.619,13.0,823.689,12.529,11.310457142857143,IMPUTADO_PA,directo
05310,2019,12,21.580565217391303,90.934,42.8,824.814,8.302,11.265685714285715,IMPUTADO_PA,directo
05310,2019,13,21.52408695652174,92.107,37.0,824.346,1.103,11.220914285714287,IMPUTADO_PA,directo
05310,2019,14,13.192,88.173,72.0,825.43,10.491,,IMPUTADO_PA,directo
05310,2019,15,13.367,86.497,16.0,824.268,11.496,,IMPUTADO_PA,directo
05310,2019,16,13.469,90.582,27.6,824.457,8.489,,IMPUTADO_PA,directo
05310,2019,17,13.691,89.073,50.2,824.446,9.296,,IMPUTADO_PA,directo
05310,2019,18,14.074,81.56,54.2,823.552,6.365,,IMPUTADO_PA,directo
05310,2019,19,14.207,87.94,135.4,824.135,17.008,,IMPUTADO_PA,directo
05310,2019,20,13.57,80.904,61.2,824.573,2.431,,IMPUTADO_PA,directo
05310,2019,21,14.205,81.371,113.2,824.439,4.351,,IMPUTADO_PA,directo
05310,2019,22,13.314,85.696,158.0,824.96,8.017,,IMPUTADO_PA,directo
05310,2019,23,13.932,81.164,110.2,824.731,13.336,,IMPUTADO_PA,directo
05310,2019,24,14.026,83.423,39.6,825.098,0.0,,IMPUTADO_PA,directo
05310,2019,25,13.595,72.347,53.6,824.453,0.0,,IMPUTADO_PA,directo
05310,2019,26,13.772,78.446,62.8,823.963,0.0,,IMPUTADO_PA,directo
05310,2019,27,13.061,76.572,61.0,824.398,8.15,,IMPUTADO_PA,directo
05310,2019,28,13.502,81.917,94.2,824.574,1.097,,IMPUTADO_PA,directo
05310,2019,29,13.509,73.771,46.6,824.043,5.594,,IMPUTADO_PA,directo
05310,2019,30,13.385,83.029,124.4,825.199,12.003,,IMPUTADO_PA,directo
05310,2019,31,13.637,78.9935,46.4,824.21,4.019,,IMPUTADO_PA,directo
05310,2019,32,20.451,74.958,31.8,825.41,9.367,,IMPUTADO_PA,directo
05310,2019,33,19.464,79.707,75.4,824.816,6.116,,IMPUTADO_PA,directo
05310,2019,34,20.153,73.133,22.0,824.989,12.068,,IMPUTADO_PA,directo
05310,2019,35,20.002,76.044,63.0,824.251,10.861,,IMPUTADO_PA,directo
05310,2019,36,19.633,81.449,344.4,824.751,3.71,,IMPUTADO_PA,directo
05310,2019,37,20.136,80.603,162.6,824.068,6.917,,IMPUTADO_PA,directo
05310,2019,38,17.597,89.697,17.4,824.297,14.346,,IMPUTADO_PA,directo
05310,2019,39,19.291,85.034,3.8,824.978,10.36,,IMPUTADO_PA,directo
05310,2019,40,17.992,87.414,75.6,824.419,0.0,,IMPUTADO_PA,directo
05310,2019,41,18.356,86.895,62.2,823.19,11.967,,IMPUTADO_PA,directo
05310,2019,42,18.012,88.229,140.6,824.924,1.304,,IMPUTADO_PA,directo
05310,2019,43,18.054,88.946,93.0,824.072,16.605,,IMPUTADO_PA,directo
05310,2019,44,18.814,85.542,25.0,823.671,14.225,,IMPUTADO_PA,directo
05310,2019,45,18.982,87.382,16.8,822.659,9.726,,IMPUTADO_PA,directo
05310,2019,46,18.597,88.282,0.8,823.295,8.913,,IMPUTADO_PA,directo
05310,2019,47,18.03,87.746,1.2,824.5,6.669,,IMPUTADO_PA,directo
05310,2019,48,19.396,87.176,12.0,823.193,12.108,,IMPUTADO_PA,directo
05310,2019,49,18.932,86.506,3.4,824.658,5.678,,IMPUTADO_PA,directo
05310,2019,50,18.115,87.693,11.6,823.707,9.393,,IMPUTADO_PA,directo
05310,2019,51,19.384,87.304,5.4,822.823,13.293,,IMPUTADO_PA,directo
05310,2019,52,19.826,88.298,18.0,823.166,4.507,,IMPUTADO_PA,directo
05310,2020,1,18.727,86.565,2.2,825.082,11.402,,SISAIRE_DIRECTO,directo
05310,2020,2,19.226,73.795,0.2,824.186,11.755,,SISAIRE_DIRECTO,directo
05310,2020,3,20.958,73.482,14.4,823.0,10.62,,SISAIRE_DIRECTO,directo
05310,2020,4,18.251,89.636,8.8,824.809,0.195,,SISAIRE_DIRECTO,directo
05310,2020,5,19.153,82.72,1.6,825.226,0.0,,SISAIRE_DIRECTO,directo
05318,2019,1,25.5,45.5,0.0,858.5999999999999,22.07,13.603,IMPUTADO_PA,directo
05318,2019,2,25.5,46.0,0.0,859.3,18.073,11.64,IMPUTADO_PA,directo
05318,2019,3,25.5,0.0,0.0,635.4347,41.004,19.495,IMPUTADO_PA,directo
05318,2019,4,25.5,0.0,0.0,635.4347,19.349,22.539,IMPUTADO_PA,directo
05318,2019,5,20.58,0.0,0.0,635.4347,38.565,19.473,IMPUTADO_PA,directo
05318,2019,6,20.98,0.0,0.0,635.4347,30.24,14.3,IMPUTADO_PA,directo
05318,2019,7,21.846,0.0,0.0,635.4347,31.282,7.511,IMPUTADO_PA,directo
05318,2019,8,20.703,0.0,0.0,635.4347,30.859,11.644,IMPUTADO_PA,directo
05318,2019,9,19.816,0.0,0.0,635.4347,33.022,9.466,IMPUTADO_PA,directo
05318,2019,10,21.132,0.0,0.0,635.4347,24.663,20.785,IMPUTADO_PA,directo
05318,2019,11,21.176,0.0,0.0,635.4347,16.008,11.323,IMPUTADO_PA,directo
05318,2019,12,19.429,0.0,0.0,635.4347,25.934,15.134,IMPUTADO_PA,directo
05318,2019,13,20.277,77.78,65.8,851.568,32.456,9.511,IMPUTADO_PA,directo
05318,2019,14,19.479,79.571,81.5,852.8,22.818,14.33,IMPUTADO_PA,directo
05318,2019,15,20.662,76.226,45.8,851.452,36.354,13.872,IMPUTADO_PA,directo
05318,2019,16,20.265,78.427,30.4,851.758,28.78,18.939,IMPUTADO_PA,directo
05318,2019,17,20.518,77.292,35.1,851.69,22.281,19.01,IMPUTADO_PA,directo
05318,2019,18,22.407,64.324,0.0,850.549,30.529,16.442,IMPUTADO_PA,directo
05318,2019,19,20.845,75.451,38.6,851.574,32.345,14.243,IMPUTADO_PA,directo
05318,2019,20,20.026,78.682,73.3,852.001,32.814,12.884,IMPUTADO_PA,directo
05318,2019,21,19.67,81.613,64.3,851.936,11.21,18.716,IMPUTADO_PA,directo
05318,2019,22,19.457,82.327,62.1,852.419,10.387,21.51,IMPUTADO_PA,directo
05318,2019,23,20.989,73.129,37.8,851.965,36.064,13.603,IMPUTADO_PA,directo
05318,2019,24,21.168,74.213,18.4,852.242,20.357,14.911,IMPUTADO_PA,directo
05318,2019,25,22.348,59.165,0.1,851.608,36.074,11.512,IMPUTADO_PA,directo
05318,2019,26,21.652,66.482,3.2,851.004,36.717,7.889,IMPUTADO_PA,directo
05318,2019,27,20.966,68.824,38.1,851.711,22.083,16.059,IMPUTADO_PA,directo
05318,2019,28,20.985,69.167,29.8,851.729,23.187,13.747,IMPUTADO_PA,directo
05318,2019,29,21.875,60.83,10.1,851.404,34.217,20.092,IMPUTADO_PA,directo
05318,2019,30,20.988,0.0,0.0,635.4347,27.056,8.775,IMPUTADO_PA,directo
05318,2019,31,21.508,0.7747340425531916,0.17765957446808509,636.516320212766,37.755,12.522,IMPUTADO_PA,directo
05318,2019,32,22.545,1.5494680851063831,0.35531914893617017,637.597940425532,39.713,10.39,IMPUTADO_PA,directo
05318,2019,33,21.652,2.3242021276595746,0.5329787234042552,638.6795606382979,22.275,16.154,IMPUTADO_PA,directo
05318,2019,34,22.28,3.0989361702127662,0.7106382978723403,639.7611808510638,24.546,13.335,IMPUTADO_PA,directo
05318,2019,35,22.217,54.966,3.834,851.249,30.198,10.721,IMPUTADO_PA,directo
05318,2019,36,22.328,58.611,51.072,851.762,15.855,10.925,IMPUTADO_PA,directo
05318,2019,37,22.421,60.291,93.228,851.271,18.234,14.638,IMPUTADO_PA,directo
05318,2019,38,19.658,78.395,72.412,852.301,23.869,13.008,IMPUTADO_PA,directo
05318,2019,39,20.234,74.323,84.449,852.717,42.215,12.486,IMPUTADO_PA,directo
05318,2019,40,19.808,74.012,64.079,851.719,31.147,16.547,IMPUTADO_PA,directo
05318,2019,41,19.936,73.25,33.158,850.552,25.477,8.524,IMPUTADO_PA,directo
05318,2019,42,19.728,74.53,77.337,852.354,23.141,17.242,IMPUTADO_PA,directo
05318,2019,43,19.318,78.911,123.856,851.512,22.018,20.275,IMPUTADO_PA,directo
05318,2019,44,20.32,75.32,99.606,850.954,25.905,15.046,IMPUTADO_PA,directo
05318,2019,45,20.312,76.9,90.394,850.02,25.562,17.019,IMPUTADO_PA,directo
05318,2019,46,19.268,82.193,86.971,851.325,28.111,15.114,IMPUTADO_PA,directo
05318,2019,47,19.33,78.985,179.652,851.596,32.658,13.085,IMPUTADO_PA,directo
05318,2019,48,21.171,72.461,15.971,850.251,29.041,17.344,IMPUTADO_PA,directo
05318,2019,49,20.208,74.135,19.691,851.679,34.622,14.416,IMPUTADO_PA,directo
05318,2019,50,19.788,75.513,65.613,850.989,27.667,15.268,IMPUTADO_PA,directo
05318,2019,51,21.003,73.437,19.577,849.959,40.296,16.758,IMPUTADO_PA,directo
05318,2019,52,21.58,71.317,44.2,850.234,34.453,10.433,IMPUTADO_PA,directo
05318,2021,44,21.272,81.149,0.0,737.479,29.6,17.7,SISAIRE_DIRECTO,directo
05318,2021,45,20.645,79.304,0.0,737.346,22.85,17.3,SISAIRE_DIRECTO,directo
05318,2021,46,21.21,78.952,0.0,737.112,23.5,13.55,SISAIRE_DIRECTO,directo
05318,2021,47,20.374,87.833,0.0,737.338,22.025,14.85,SISAIRE_DIRECTO,directo
05318,2021,48,21.5,79.896,0.0,737.087,20.55,15.0,SISAIRE_DIRECTO,directo
05318,2021,49,21.983,75.958,0.0,737.011,24.5,16.533,SISAIRE_DIRECTO,directo
05318,2021,50,21.126,76.851,0.0,737.077,29.4,22.0,SISAIRE_DIRECTO,directo
05318,2021,51,21.881,75.042,0.0,737.333,40.4,19.4,SISAIRE_DIRECTO,directo
05318,2021,52,21.107,82.013,0.0,737.295,23.3,13.9,SISAIRE_DIRECTO,directo
05318,2022,1,20.567,98.0,0.0,737.9,30.6,18.55,SISAIRE_DIRECTO,directo
05318,2022,2,20.731,65.36666666666667,0.0,737.7516666666667,18.15,12.5,SISAIRE_DIRECTO,directo
05318,2022,3,21.971,32.733333333333334,0.0,737.6033333333334,26.333,20.0,SISAIRE_DIRECTO,directo
05318,2022,4,21.271,0.1,0.0,737.455,33.95,20.75,SISAIRE_DIRECTO,directo
05318,2022,5,21.112,0.137,0.0,737.321,41.86,18.055,SISAIRE_DIRECTO,directo
05318,2022,6,20.737,0.128,0.0,737.044,22.473,15.36,SISAIRE_DIRECTO,directo
05318,2022,7,20.769,3.798,0.0,737.3,27.3,20.265,SISAIRE_DIRECTO,directo
05318,2022,8,21.449,0.14,0.0,737.286,32.745,17.71,SISAIRE_DIRECTO,directo
05318,2022,9,20.103,0.14780000000000001,0.0,737.0383333333333,20.7,15.8,SISAIRE_DIRECTO,directo
05318,2022,51,21.975,0.0,0.0,851.009,33.073,21.523,SISAIRE_DIRECTO,directo
05318,2022,52,21.013,0.011,1.1,852.287,27.5365,17.16,SISAIRE_DIRECTO,directo
05318,2023,1,20.142,0.007,19.5,852.83,22.0,11.8,SISAIRE_DIRECTO,directo
05318,2023,2,20.082,0.007,6.4,852.661,24.75,13.3,SISAIRE_DIRECTO,directo
05318,2023,3,20.753,0.0,1.7,851.416,26.5,14.25,SISAIRE_DIRECTO,directo
05318,2023,4,22.263,0.043,0.0,850.567,37.8,21.0,SISAIRE_DIRECTO,directo
05318,2023,5,21.625,0.043,0.0,851.641,31.833,17.0,SISAIRE_DIRECTO,directo
05318,2023,6,22.293,0.043,0.0,850.242,31.0,10.85,SISAIRE_DIRECTO,directo
05318,2023,7,21.905,0.043,0.0,850.341,21.9,12.0,SISAIRE_DIRECTO,directo
05318,2023,8,21.464,0.043,0.0,851.864,34.25,17.9,SISAIRE_DIRECTO,directo
05318,2023,9,23.304,69.449,9.023,850.601,18.0,4.2,SISAIRE_DIRECTO,directo
05318,2023,10,20.172,86.969,85.636,852.367,27.3,8.0,SISAIRE_DIRECTO,directo
05318,2023,11,20.269,85.725,29.754,852.851,22.467,10.6,SISAIRE_DIRECTO,directo
05318,2023,12,21.302,75.623,1.081,851.582,31.2,22.9,SISAIRE_DIRECTO,directo
05318,2023,13,21.35,81.79,0.261,851.094,34.7,22.2,SISAIRE_DIRECTO,directo
05360,2018,1,,,,,43.369,13.433,IMPUTADO_PA,directo
05360,2018,2,,,,,45.062,29.421,IMPUTADO_PA,directo
05360,2018,3,,,,,38.515,22.947,IMPUTADO_PA,directo
05360,2018,4,,,,,40.439,22.303,IMPUTADO_PA,directo
05360,2018,5,,,,,40.203,18.537,IMPUTADO_PA,directo
05360,2018,6,,,,,37.224,23.074,IMPUTADO_PA,directo
05360,2018,7,,,,,33.523,18.443,IMPUTADO_PA,directo
05360,2018,8,,,,,45.416,23.961,IMPUTADO_PA,directo
05360,2018,9,,,,,48.036,23.228,IMPUTADO_PA,directo
05360,2018,10,,,,,44.459,22.565,IMPUTADO_PA,directo
05360,2018,11,,,,,41.441,23.561,IMPUTADO_PA,directo
05360,2018,12,,,,,55.831,19.713,IMPUTADO_PA,directo
05360,2018,13,,,,,37.857,20.077,IMPUTADO_PA,directo
05360,2018,14,,,,,43.584,24.161,IMPUTADO_PA,directo
05360,2018,15,,,,,49.019,15.684,IMPUTADO_PA,directo
05360,2018,16,,,,,35.079,21.726,IMPUTADO_PA,directo
05360,2018,17,,,,,45.917,27.64,IMPUTADO_PA,directo
05360,2018,18,,,,,53.104,16.331,IMPUTADO_PA,directo
05360,2018,19,,,,,41.949,25.197,IMPUTADO_PA,directo
05360,2018,20,,,,,43.007,29.491,IMPUTADO_PA,directo
05360,2018,21,,,,,37.892,22.031,IMPUTADO_PA,directo
05360,2018,22,,,,,44.987,24.842,IMPUTADO_PA,directo
05360,2018,23,,,,,37.082,22.228,IMPUTADO_PA,directo
05360,2018,24,,,,,41.577,22.759,IMPUTADO_PA,directo
05360,2018,25,,,,,32.827,16.013,IMPUTADO_PA,directo
05360,2018,26,,,,,25.774,24.765,IMPUTADO_PA,directo
05360,2018,27,,,,,39.029,23.107,IMPUTADO_PA,directo
05360,2018,28,,,,,38.933,28.191,IMPUTADO_PA,directo
05360,2018,29,,,,,39.535,25.2,IMPUTADO_PA,directo
05360,2018,30,,,,,46.611,22.684,IMPUTADO_PA,directo
05360,2018,31,,,,,48.232,20.028,IMPUTADO_PA,directo
05360,2018,32,,,,,43.851,17.579,IMPUTADO_PA,directo
05360,2018,33,,,,,46.132,26.413,IMPUTADO_PA,directo
05360,2018,34,,,,,37.248,30.994,IMPUTADO_PA,directo
05360,2018,35,,,,,35.807,15.802,IMPUTADO_PA,directo
05360,2018,36,,,,,45.12,25.204,IMPUTADO_PA,directo
05360,2018,37,,,,,35.004,22.631,IMPUTADO_PA,directo
05360,2018,38,,,,,34.369,25.695,IMPUTADO_PA,directo
05360,2018,39,,,,,59.846,27.503,IMPUTADO_PA,directo
05360,2018,40,,,,,45.652,23.849,IMPUTADO_PA,directo
05360,2018,41,,,,,30.715,19.888,IMPUTADO_PA,directo
05360,2018,42,,,,,35.192,19.382,IMPUTADO_PA,directo
05360,2018,43,,,,,52.762,15.49,IMPUTADO_PA,directo
05360,2018,44,,,,,44.382,23.418,IMPUTADO_PA,directo
05360,2018,45,,,,,40.934,20.735,IMPUTADO_PA,directo
05360,2018,46,,,,,41.811,26.606,IMPUTADO_PA,directo
05360,2018,47,,,,,40.789,24.606,IMPUTADO_PA,directo
05360,2018,48,,,,,33.232,20.583,IMPUTADO_PA,directo
05360,2018,49,,,,,40.38,13.043,IMPUTADO_PA,directo
05360,2018,50,,,,,33.986,22.42,IMPUTADO_PA,directo
05360,2018,51,,,,,42.348,22.001,IMPUTADO_PA,directo
05360,2018,52,,,,,36.301,12.221,IMPUTADO_PA,directo
05360,2019,1,,,,,40.466,22.427,IMPUTADO_PA,directo
05360,2019,2,,,,,39.039,15.232,IMPUTADO_PA,directo
05360,2019,3,,,,,42.9,25.263,IMPUTADO_PA,directo
05360,2019,4,,,,,35.129,20.111,IMPUTADO_PA,directo
05360,2019,5,,,,,40.97,17.649,IMPUTADO_PA,directo
05360,2019,6,,,,,41.978,21.449,IMPUTADO_PA,directo
05360,2019,7,,,,,43.16,21.158,IMPUTADO_PA,directo
05360,2019,8,,,,,42.947,20.986,IMPUTADO_PA,directo
05360,2019,9,,,,,33.029,24.564,IMPUTADO_PA,directo
05360,2019,10,14.444,92.306,32.0,750.112,47.683,12.215,IMPUTADO_PA,directo
05360,2019,11,14.335,92.667,32.4,749.938,27.35,21.733,IMPUTADO_PA,directo
05360,2019,12,13.233,95.506,120.6,750.861,42.867,17.259,IMPUTADO_PA,directo
05360,2019,13,14.368,94.156,37.4,750.433,34.854,19.261,IMPUTADO_PA,directo
05360,2019,14,13.73,93.339,163.8,751.308,31.514,27.008,IMPUTADO_PA,directo
05360,2019,15,14.27,92.006,98.2,750.527,39.369,16.871,IMPUTADO_PA,directo
05360,2019,16,14.067,93.494,97.6,750.642,41.148,22.35,IMPUTADO_PA,directo
05360,2019,17,14.253,93.03,14.2,750.662,39.289,24.751,IMPUTADO_PA,directo
05360,2019,18,15.03,83.359,0.8,750.102,36.432,22.806,IMPUTADO_PA,directo
05360,2019,19,14.58,89.659,63.4,750.476,38.721,20.839,IMPUTADO_PA,directo
05360,2019,20,14.03,92.892,100.6,750.786,42.871,21.542,IMPUTADO_PA,directo
05360,2019,21,14.074,93.464,118.2,750.646,38.326,23.109,IMPUTADO_PA,directo
05360,2019,22,13.488,94.155,87.8,750.968,38.472,16.82,IMPUTADO_PA,directo
05360,2019,23,14.54,89.072,60.6,750.995,39.256,20.421,IMPUTADO_PA,directo
05360,2019,24,14.425,89.687,50.4,751.26,34.781,30.722,IMPUTADO_PA,directo
05360,2019,25,14.86,80.262,3.8,751.023,44.718,22.497,IMPUTADO_PA,directo
05360,2019,26,14.549,85.423,5.8,750.227,52.641,21.002,IMPUTADO_PA,directo
05360,2019,27,14.246,85.903,56.4,750.666,40.073,18.807,IMPUTADO_PA,directo
05360,2019,28,13.707,86.904,33.6,750.614,35.856,16.868,IMPUTADO_PA,directo
05360,2019,29,14.286,83.473,35.6,750.5,43.332,21.698,IMPUTADO_PA,directo
05360,2019,30,13.822,86.837,48.6,751.136,45.908,22.021,IMPUTADO_PA,directo
05360,2019,31,14.191,85.808,34.4,750.607,35.977,20.112,IMPUTADO_PA,directo
05360,2019,32,14.351,80.289,1.4,751.521,40.51,32.49740000000006,IMPUTADO_PA,directo
05360,2019,33,14.028,84.945,4.4,750.889,33.717,17.233,IMPUTADO_PA,directo
05360,2019,34,14.18,79.363,0.2,751.147,43.895,16.204,IMPUTADO_PA,directo
05360,2019,35,14.463,79.815,10.2,750.46,38.845,18.87,IMPUTADO_PA,directo
05360,2019,36,14.727,80.994,25.2,750.913,42.615,20.257,IMPUTADO_PA,directo
05360,2019,37,14.835,82.796,85.8,750.399,31.337,16.647,IMPUTADO_PA,directo
05360,2019,38,12.336,97.212,24.2,750.261,41.801,21.584,IMPUTADO_PA,directo
05360,2019,39,14.036,87.068,15.6,751.002,32.998,22.083,IMPUTADO_PA,directo
05360,2019,40,13.325,88.777,31.8,750.333,33.408,23.673,IMPUTADO_PA,directo
05360,2019,41,13.221,91.811,0.4,749.315,32.159,18.146,IMPUTADO_PA,directo
05360,2019,42,13.003,91.629,0.0,750.754,42.003,26.548,IMPUTADO_PA,directo
05360,2019,43,12.927,93.948,0.0,749.895,45.834,23.339,IMPUTADO_PA,directo
05360,2019,44,12.996,93.992,1.4,749.896,27.383,32.49740000000006,IMPUTADO_PA,directo
05360,2019,45,13.466,93.418,2.4,749.072,34.204,17.146,IMPUTADO_PA,directo
05360,2019,46,13.104,94.962,0.2,749.877,31.325,16.628,IMPUTADO_PA,directo
05360,2019,47,13.223,93.384,2.8,750.179,30.457,19.169,IMPUTADO_PA,directo
05360,2019,48,14.357,89.269,1.8,749.474,38.373,22.094,IMPUTADO_PA,directo
05360,2019,49,13.44,90.818,3.2,750.604,41.219,22.767,IMPUTADO_PA,directo
05360,2019,50,13.398,92.569,8.2,749.581,35.72,23.33,IMPUTADO_PA,directo
05360,2019,51,14.124,90.581,4.2,749.143,39.513,30.328,IMPUTADO_PA,directo
05360,2019,52,14.607,89.542,2.6,749.58,31.794,11.964,IMPUTADO_PA,directo
05360,2020,1,13.956,91.245,5.8,750.879,28.389,16.252,SISAIRE_DIRECTO,directo
05360,2020,2,13.223,80.683,0.0,750.11,32.631,17.318,SISAIRE_DIRECTO,directo
05360,2020,3,14.61,83.167,0.0,749.457,33.956,16.712,SISAIRE_DIRECTO,directo
05360,2020,4,12.873,93.467,5.0,750.761,34.471,16.463,SISAIRE_DIRECTO,directo
05360,2020,5,14.26,87.615,3.0,751.122,38.791,22.535,SISAIRE_DIRECTO,directo
05360,2020,6,14.135,83.06,0.2,750.838,49.482,30.024,SISAIRE_DIRECTO,directo
05360,2020,7,14.368,85.049,0.2,749.858,49.748,29.993,SISAIRE_DIRECTO,directo
05360,2020,8,14.683,86.531,5.0,750.335,44.068,26.671,SISAIRE_DIRECTO,directo
05360,2020,9,14.281,91.837,2.4,751.342,52.407,32.352,SISAIRE_DIRECTO,directo
05360,2020,10,14.96,88.431,1.8,750.778,61.147,32.49740000000006,SISAIRE_DIRECTO,directo
05360,2020,11,14.346,92.024,26.0,750.69,61.382,32.49740000000006,SISAIRE_DIRECTO,directo
05360,2020,12,13.821,88.419,1.6,751.308,58.79,32.49740000000006,SISAIRE_DIRECTO,directo
05360,2020,13,14.195,88.413,2.2,750.31,58.735,32.49740000000006,SISAIRE_DIRECTO,directo
05360,2020,14,14.86,90.427,5.2,750.136,25.369,17.675,SISAIRE_DIRECTO,directo
05360,2020,15,15.413,89.067,8.4,751.007,16.898,11.081,SISAIRE_DIRECTO,directo
05360,2020,16,13.51,93.431,14.2,751.738,33.522,22.01,SISAIRE_DIRECTO,directo
05360,2020,17,13.943,91.187,1.4,751.214,25.09,16.222,SISAIRE_DIRECTO,directo
05360,2020,18,14.624,90.423,1.4,751.357,29.453,17.138,SISAIRE_DIRECTO,directo
05360,2020,19,15.682,82.575,0.2,750.818,23.972,12.627,SISAIRE_DIRECTO,directo
05360,2020,20,14.917,89.417,6.6,751.149,30.586,15.502,SISAIRE_DIRECTO,directo
05360,2020,21,15.101,87.596,5.2,751.283,35.003,18.019,SISAIRE_DIRECTO,directo
05360,2020,22,14.304,90.958,21.8,751.274,27.972,14.679,SISAIRE_DIRECTO,directo
05360,2020,23,14.139,88.608,9.0,751.699,36.308,17.003,SISAIRE_DIRECTO,directo
05360,2020,24,13.79,89.749,3.2,751.101,32.444,15.606,SISAIRE_DIRECTO,directo
05360,2020,25,14.035,90.488,2.0,750.899,34.456,17.047,SISAIRE_DIRECTO,directo
05360,2020,26,14.101,87.383,6.4,750.179,35.397,17.243,SISAIRE_DIRECTO,directo
05360,2020,27,13.63,90.988,39.6,750.052,30.865,15.719,SISAIRE_DIRECTO,directo
05360,2020,28,13.48,91.204,8.6,750.594,32.219,16.227,SISAIRE_DIRECTO,directo
05360,2020,29,14.061,83.229,1.2,750.25,28.834,14.942,SISAIRE_DIRECTO,directo
05360,2020,30,13.283,89.946,17.4,750.317,29.761,14.961,SISAIRE_DIRECTO,directo
05360,2020,31,14.324,86.4,4.2,750.823,30.911,16.283,SISAIRE_DIRECTO,directo
05360,2020,32,,,,,36.908,21.195,SISAIRE_DIRECTO,directo
05360,2020,33,,,,,34.402,18.481,SISAIRE_DIRECTO,directo
05360,2020,34,,,,,30.828,14.988,SISAIRE_DIRECTO,directo
05360,2020,35,,,,,34.508,16.821,SISAIRE_DIRECTO,directo
05360,2020,36,,,,,37.056,19.949,SISAIRE_DIRECTO,directo
05360,2020,37,,,,,36.369,18.958,SISAIRE_DIRECTO,directo
05360,2020,38,,,,,43.843,24.404,SISAIRE_DIRECTO,directo
05360,2020,39,,,,,35.94,18.4,SISAIRE_DIRECTO,directo
05360,2020,40,,,,,39.971,20.258,SISAIRE_DIRECTO,directo
05360,2020,41,,,,,38.316,18.634,SISAIRE_DIRECTO,directo
05360,2020,42,,,,,35.654,19.915,SISAIRE_DIRECTO,directo
05360,2020,43,13.768,88.07533333333333,0.4,750.57,37.011,19.647,SISAIRE_DIRECTO,directo
05360,2020,44,13.212,89.75066666666667,0.0,750.04,37.181,18.117,SISAIRE_DIRECTO,directo
05360,2020,45,,,,,36.913,16.555,SISAIRE_DIRECTO,directo
05360,2020,46,,,,,36.899,17.281,SISAIRE_DIRECTO,directo
05360,2020,47,,,,,38.003,16.693,SISAIRE_DIRECTO,directo
05360,2020,48,,,,,38.546,18.832,SISAIRE_DIRECTO,directo
05360,2020,49,,,,,37.05,18.292,SISAIRE_DIRECTO,directo
05360,2020,50,,,,,37.763,18.765,SISAIRE_DIRECTO,directo
05360,2020,51,,,,,41.196,21.263,SISAIRE_DIRECTO,directo
05360,2020,52,,,,,33.468,15.83,SISAIRE_DIRECTO,directo
05360,2020,53,,,,,30.888,17.256,SISAIRE_DIRECTO,directo
05360,2021,1,,,,,31.253,15.879,SISAIRE_DIRECTO,directo
05360,2021,2,,,,,32.5,15.472,SISAIRE_DIRECTO,directo
05360,2021,3,,,,,38.346,20.028,SISAIRE_DIRECTO,directo
05360,2021,4,,,,,38.011,19.858,SISAIRE_DIRECTO,directo
05360,2021,5,,,,,35.909,16.908,SISAIRE_DIRECTO,directo
05360,2021,6,,,,,42.252,20.55,SISAIRE_DIRECTO,directo
05360,2021,7,12.656,91.426,29.4,750.326,38.49,20.172,SISAIRE_DIRECTO,directo
05360,2021,8,13.805,89.554,27.6,749.021,35.749,18.758,SISAIRE_DIRECTO,directo
05360,2021,9,12.953,91.114,15.8,749.37,47.887,26.509,SISAIRE_DIRECTO,directo
05360,2021,10,12.507,91.077,39.6,750.532,40.417,19.734,SISAIRE_DIRECTO,directo
05360,2021,11,12.472,92.708,103.0,749.96,39.887,19.168,SISAIRE_DIRECTO,directo
05360,2021,12,13.069,93.329,59.0,749.799,34.692,17.662,SISAIRE_DIRECTO,directo
05360,2021,13,14.232,90.826,30.2,748.649,29.949,15.099,SISAIRE_DIRECTO,directo
05360,2021,14,14.33,89.885,10.2,749.715,30.625,13.893,SISAIRE_DIRECTO,directo
05360,2021,15,14.485,87.681,6.4,749.799,35.665,16.781,SISAIRE_DIRECTO,directo
05360,2021,16,13.902,90.036,1.0,750.273,43.291,20.781,SISAIRE_DIRECTO,directo
05360,2021,17,13.373,95.06,3.6,750.061,40.817,16.391,SISAIRE_DIRECTO,directo
05360,2021,18,11.819,93.5,1.4,751.631,38.092,16.221,SISAIRE_DIRECTO,directo
05360,2021,19,14.756,88.581,0.0,750.145,35.04,15.914,SISAIRE_DIRECTO,directo
05360,2021,20,14.436,90.113,4.6,750.424,40.91,16.432,SISAIRE_DIRECTO,directo
05360,2021,21,14.047,91.844,7.2,750.906,42.319,18.149,SISAIRE_DIRECTO,directo
05360,2021,22,14.321,90.802,6.4,750.357,39.197,16.226,SISAIRE_DIRECTO,directo
05360,2021,23,13.245,92.94,17.8,750.976,40.669,18.433,SISAIRE_DIRECTO,directo
05360,2021,24,13.962,88.399,9.8,751.199,37.012,16.309,SISAIRE_DIRECTO,directo
05360,2021,25,13.286,89.355,5.2,751.047,41.673,17.342,SISAIRE_DIRECTO,directo
05360,2021,26,13.747,86.084,3.6,751.095,35.462,16.647,SISAIRE_DIRECTO,directo
05360,2021,27,14.263,85.719,4.8,750.383,36.05,17.135,SISAIRE_DIRECTO,directo
05360,2021,28,14.081,83.24,2.6,750.846,36.502,15.647,SISAIRE_DIRECTO,directo
05360,2021,29,14.22,83.655,3.8,750.838,39.73,14.53,SISAIRE_DIRECTO,directo
05360,2021,30,13.976,86.228,1.8,750.99,39.633,16.304,SISAIRE_DIRECTO,directo
05360,2021,31,13.791,84.03,0.2,751.753,45.017,22.054,SISAIRE_DIRECTO,directo
05360,2021,32,13.44,90.261,3.0,751.48,40.245,15.471,SISAIRE_DIRECTO,directo
05360,2021,33,13.65,87.301,1.8,750.221,40.83,16.802,SISAIRE_DIRECTO,directo
05360,2021,34,13.873,88.297,2.8,749.728,44.368,16.517,SISAIRE_DIRECTO,directo
05360,2021,35,13.51,87.096,4.0,750.689,39.944,14.293,SISAIRE_DIRECTO,directo
05360,2021,36,13.199,89.274,2.4,750.902,43.543,17.791,SISAIRE_DIRECTO,directo
05360,2021,37,13.754,80.372,0.2,751.201,38.309,16.68,SISAIRE_DIRECTO,directo
05360,2021,38,13.876,84.599,1.0,750.493,41.287,17.604,SISAIRE_DIRECTO,directo
05360,2021,39,13.436,87.339,1.4,750.072,43.603,20.142,SISAIRE_DIRECTO,directo
05360,2021,40,14.113,86.357,1.0,749.543,39.522,17.987,SISAIRE_DIRECTO,directo
05360,2021,41,13.631,88.223,3.4,750.564,45.613,20.994,SISAIRE_DIRECTO,directo
05360,2021,42,13.232,87.036,1.4,751.008,42.602,19.671,SISAIRE_DIRECTO,directo
05360,2021,43,13.259,88.497,4.0,750.908,43.97,19.411,SISAIRE_DIRECTO,directo
05360,2021,44,13.21,88.012,2.4,750.372,39.844,17.708,SISAIRE_DIRECTO,directo
05360,2021,45,13.034,89.283,3.2,750.015,42.662,19.979,SISAIRE_DIRECTO,directo
05360,2021,46,13.212,89.577,2.6,749.576,44.601,21.546,SISAIRE_DIRECTO,directo
05360,2021,47,13.226,90.988,6.6,749.901,43.556,21.373,SISAIRE_DIRECTO,directo
05360,2021,48,13.712,89.718,1.4,749.645,39.652,18.844,SISAIRE_DIRECTO,directo
05360,2021,49,13.804,89.22,0.0,749.565,39.758,20.3,SISAIRE_DIRECTO,directo
05360,2021,50,13.269,89.048,1.2,749.481,41.932,22.306,SISAIRE_DIRECTO,directo
05360,2021,51,14.042,88.581,0.8,750.294,37.032,20.159,SISAIRE_DIRECTO,directo
05360,2021,52,13.533,91.136,1.4,750.01,41.74,22.548,SISAIRE_DIRECTO,directo
05360,2022,1,10.98,95.2,0.0,751.0,40.541,21.927,SISAIRE_DIRECTO,directo
05360,2022,2,,,,,35.493,18.464,SISAIRE_DIRECTO,directo
05360,2022,3,,,,,43.388,23.524,SISAIRE_DIRECTO,directo
05360,2022,4,12.768,85.263,0.0,750.252,43.51,24.66,SISAIRE_DIRECTO,directo
05360,2022,5,12.67,87.875,5.4,749.796,48.304,27.956,SISAIRE_DIRECTO,directo
05360,2022,6,13.006,90.252,3.2,749.285,43.934,23.827,SISAIRE_DIRECTO,directo
05360,2022,7,12.839,90.614,1.4,749.831,49.061,26.741,SISAIRE_DIRECTO,directo
05360,2022,8,12.914,86.256,0.4,749.679,54.125,31.393,SISAIRE_DIRECTO,directo
05360,2022,9,,,,,39.755,19.756,SISAIRE_DIRECTO,directo
05360,2022,10,,,,,38.696,19.937,SISAIRE_DIRECTO,directo
05360,2022,11,,,,,51.388,28.446,SISAIRE_DIRECTO,directo
05360,2022,12,,,,,55.127,32.135,SISAIRE_DIRECTO,directo
05360,2022,13,13.545,89.957,1.2,749.697,44.34,23.33,SISAIRE_DIRECTO,directo
05360,2022,14,13.965,88.054,2.6,749.686,42.055,20.388,SISAIRE_DIRECTO,directo
05360,2022,15,14.232,86.168,0.2,749.275,40.14,20.489,SISAIRE_DIRECTO,directo
05360,2022,16,13.005,89.12,1.8,750.362,34.029,14.527,SISAIRE_DIRECTO,directo
05360,2022,17,13.79,86.362,3.2,749.729,40.943,18.321,SISAIRE_DIRECTO,directo
05360,2022,18,14.216,85.527,0.2,750.901,37.855,17.471,SISAIRE_DIRECTO,directo
05360,2022,19,14.072,89.495,0.6,749.957,41.148,18.751,SISAIRE_DIRECTO,directo
05360,2022,20,13.929,88.945,0.4,751.762,42.668,19.155,SISAIRE_DIRECTO,directo
05360,2022,21,13.571,87.046,0.4,750.243,38.018,16.576,SISAIRE_DIRECTO,directo
05360,2022,22,12.906,89.994,1.6,750.28,40.699,19.248,SISAIRE_DIRECTO,directo
05360,2022,23,12.734,90.246,5.2,750.329,41.953,19.849,SISAIRE_DIRECTO,directo
05360,2022,24,13.278,90.154,4.2,750.331,36.788,17.086,SISAIRE_DIRECTO,directo
05360,2022,25,13.053,88.813,1.6,750.188,39.49,17.864,SISAIRE_DIRECTO,directo
05360,2022,26,13.029,89.492,1.8,750.742,35.93,17.035,SISAIRE_DIRECTO,directo
05360,2022,27,13.777,84.029,0.4,750.631,33.601,14.988,SISAIRE_DIRECTO,directo
05360,2022,28,14.174,85.712,42.6,750.518,40.104,18.034,SISAIRE_DIRECTO,directo
05360,2022,29,14.003,85.949,34.0,750.283,34.572,17.759,SISAIRE_DIRECTO,directo
05360,2022,30,13.239,89.242,118.6,750.605,32.89,17.075,SISAIRE_DIRECTO,directo
05360,2022,31,13.469,88.406,128.6,749.722,33.937,18.985,SISAIRE_DIRECTO,directo
05360,2022,32,13.773,83.397,42.8,750.628,35.621,16.617,SISAIRE_DIRECTO,directo
05360,2022,33,13.712,86.616,26.0,750.459,35.341,16.108,SISAIRE_DIRECTO,directo
05360,2022,34,13.155,87.65,19.8,750.518,43.913,24.023,SISAIRE_DIRECTO,directo
05360,2022,35,13.631,88.575,52.2,750.181,38.358,17.326,SISAIRE_DIRECTO,directo
05360,2022,36,13.86,85.991,46.6,751.039,43.299,19.366,SISAIRE_DIRECTO,directo
05360,2022,37,12.722,89.352,93.6,750.56,41.671,16.743,SISAIRE_DIRECTO,directo
05360,2022,38,12.571,90.457,93.8,750.351,44.004,19.773,SISAIRE_DIRECTO,directo
05360,2022,39,13.184,89.282,44.2,750.275,37.582,15.926,SISAIRE_DIRECTO,directo
05360,2022,40,13.43,88.457,116.8,749.847,33.356,12.278,SISAIRE_DIRECTO,directo
05360,2022,41,13.313,88.993,21.2,750.588,40.018,17.524,SISAIRE_DIRECTO,directo
05360,2022,42,12.63,92.647,24.2,750.677,41.227,15.557,SISAIRE_DIRECTO,directo
05360,2022,43,13.448,91.077,19.4,749.838,31.455,10.907,SISAIRE_DIRECTO,directo
05360,2022,44,13.482,89.84,1.6,750.575,33.272,12.167,SISAIRE_DIRECTO,directo
05360,2022,45,,,,,37.713,13.163,SISAIRE_DIRECTO,directo
05360,2022,46,13.076666666666666,89.98533333333333,1.3333333333333335,750.091,40.25,18.562,SISAIRE_DIRECTO,directo
05360,2022,47,12.671333333333333,90.13066666666667,1.0666666666666669,749.425,39.007,16.897,SISAIRE_DIRECTO,directo
05360,2022,48,12.266,90.276,0.8,748.788,38.364,15.202,SISAIRE_DIRECTO,directo
05360,2022,49,11.897,94.812,0.0,749.347,37.516,18.841,SISAIRE_DIRECTO,directo
05360,2022,50,13.081,88.186,3.8,749.253,39.711,19.837,SISAIRE_DIRECTO,directo
05360,2022,51,13.633,89.53,1.2,749.651,42.302,23.404,SISAIRE_DIRECTO,directo
05360,2022,52,12.469,93.358,12.8,750.431,38.51,21.803,SISAIRE_DIRECTO,directo
05360,2023,1,,,,,34.42,16.878,SISAIRE_DIRECTO,directo
05360,2023,2,,,,,41.972,18.37,SISAIRE_DIRECTO,directo
05360,2023,3,12.576,90.227,7.2,749.642,41.049,21.86,SISAIRE_DIRECTO,directo
05360,2023,4,13.774,80.916,0.0,749.221,41.427,20.793,SISAIRE_DIRECTO,directo
05360,2023,5,13.338,85.153,5.6,749.926,43.182,26.391,SISAIRE_DIRECTO,directo
05360,2023,6,13.619,88.583,9.2,749.068,31.095,22.034,SISAIRE_DIRECTO,directo
05360,2023,7,13.704,91.371,23.0,749.12,25.805,17.353,SISAIRE_DIRECTO,directo
05360,2023,8,13.311,88.784,50.0,750.329,37.091,27.363,SISAIRE_DIRECTO,directo
05360,2023,9,14.692,88.413,15.4,749.618,39.147,21.684,SISAIRE_DIRECTO,directo
05360,2023,10,12.989,93.156,102.2,750.444,39.4,17.619,SISAIRE_DIRECTO,directo
05360,2023,11,12.598,93.03,74.2,751.176,39.366,17.121,SISAIRE_DIRECTO,directo
05360,2023,12,,,,,51.545,29.014,SISAIRE_DIRECTO,directo
05360,2023,13,,,,,47.112,24.24,SISAIRE_DIRECTO,directo
05360,2023,14,,,,,29.389,16.068,SISAIRE_DIRECTO,directo
05360,2023,15,,,,,37.603,19.585,SISAIRE_DIRECTO,directo
05360,2023,16,,,,,33.945,14.418,SISAIRE_DIRECTO,directo
05360,2023,17,,,,,32.245,14.286,SISAIRE_DIRECTO,directo
05360,2023,18,,,,,33.069,15.634,SISAIRE_DIRECTO,directo
05360,2023,19,,,,,40.244,18.325,SISAIRE_DIRECTO,directo
05360,2023,20,,,,,37.273,16.99,SISAIRE_DIRECTO,directo
05360,2023,21,,,,,37.974,15.866,SISAIRE_DIRECTO,directo
05360,2023,22,,,,,41.633,16.479,SISAIRE_DIRECTO,directo
05360,2023,23,,,,,34.951,14.754,SISAIRE_DIRECTO,directo
05360,2023,24,,,,,29.625,14.12,SISAIRE_DIRECTO,directo
05360,2023,25,,,,,34.543,14.468,SISAIRE_DIRECTO,directo
05360,2023,26,,,,,30.787,14.084,SISAIRE_DIRECTO,directo
05360,2023,27,,,,,42.006,15.699,SISAIRE_DIRECTO,directo
05360,2023,28,,,,,33.745,14.595,SISAIRE_DIRECTO,directo
05360,2023,29,,,,,33.361,14.123,SISAIRE_DIRECTO,directo
05360,2023,30,,,,,37.138,17.827,SISAIRE_DIRECTO,directo
05360,2023,31,,,,,33.908,16.389,SISAIRE_DIRECTO,directo
05360,2023,32,,,,,33.064,16.331,SISAIRE_DIRECTO,directo
05360,2023,33,,,,,37.611,16.06,SISAIRE_DIRECTO,directo
05360,2023,34,,,,,36.654,14.612,SISAIRE_DIRECTO,directo
05360,2023,35,,,,,39.771,18.779,SISAIRE_DIRECTO,directo
05360,2023,36,,,,,38.177,18.871,SISAIRE_DIRECTO,directo
05360,2023,37,,,,,31.987,16.747,SISAIRE_DIRECTO,directo
05360,2023,38,,,,,40.206,20.248,SISAIRE_DIRECTO,directo
05360,2023,39,,,,,37.713,18.015,SISAIRE_DIRECTO,directo
05360,2023,40,,,,,41.52,18.112,SISAIRE_DIRECTO,directo
05360,2023,41,,,,,45.457,22.447,SISAIRE_DIRECTO,directo
05360,2023,42,,,,,42.038,21.913,SISAIRE_DIRECTO,directo
05360,2023,43,,,,,39.758,16.679,SISAIRE_DIRECTO,directo
05360,2023,44,,,,,33.11,15.566,SISAIRE_DIRECTO,directo
05360,2023,45,,,,,37.93,18.753,SISAIRE_DIRECTO,directo
05360,2023,46,,,,,34.633,14.902,SISAIRE_DIRECTO,directo
05360,2023,47,,,,,35.406,15.091,SISAIRE_DIRECTO,directo
05360,2023,48,,,,,39.9,16.752,SISAIRE_DIRECTO,directo
05360,2023,49,,,,,40.943,18.082,SISAIRE_DIRECTO,directo
05360,2023,50,,,,,38.183,16.502,SISAIRE_DIRECTO,directo
05360,2023,51,,,,,29.567,15.202,SISAIRE_DIRECTO,directo
05360,2023,52,,,,,28.718,14.222,SISAIRE_DIRECTO,directo
05361,2019,10,19.144,81.877,11.6,811.987,,26.688,SIN_DATO,directo
05361,2019,11,19.302,82.567,0.2,811.759,,18.295,SIN_DATO,directo
05361,2019,12,17.845,88.162,54.6,812.891,,22.346,SIN_DATO,directo
05361,2019,13,18.518,86.725,15.4,812.408,,20.97,SIN_DATO,directo
05361,2019,14,18.138,84.292,38.4,813.511,,18.116,SIN_DATO,directo
05361,2019,15,18.627,86.386,18.4,812.404,,25.106,SIN_DATO,directo
05361,2019,16,18.383,87.639,101.2,812.578,,16.907,SIN_DATO,directo
05361,2019,17,18.384,88.982,17.4,812.554,,20.106,SIN_DATO,directo
05361,2019,18,20.08,83.97,4.2,811.693,,22.834,SIN_DATO,directo
05361,2019,19,18.562,88.114,52.6,812.292,,21.812,SIN_DATO,directo
05361,2019,20,18.592,88.549,42.8,812.707,,26.077,SIN_DATO,directo
05361,2019,21,18.247,88.952,41.8,812.611,,25.762,SIN_DATO,directo
05361,2019,22,17.455,91.161,91.2,813.074,,27.806,SIN_DATO,directo
05361,2019,23,18.64,87.597,21.8,812.916,,27.314,SIN_DATO,directo
05361,2019,24,18.8,88.055,67.0,813.253,,28.664,SIN_DATO,directo
05361,2019,25,20.278,83.412,26.6,812.563,,24.693,SIN_DATO,directo
05361,2019,26,19.348,85.103,26.2,812.095,,25.754,SIN_DATO,directo
05361,2019,27,18.927,85.823,69.4,812.547,,26.477,SIN_DATO,directo
05361,2019,28,18.179,88.275,31.8,812.701,,25.192,SIN_DATO,directo
05361,2019,29,19.143,84.283,40.0,812.299,,23.32,SIN_DATO,directo
05361,2019,30,18.195,86.169,34.8,813.282,,23.545,SIN_DATO,directo
05361,2019,31,18.657,87.842,12.0,812.492,,21.859,SIN_DATO,directo
05361,2019,32,19.119,85.479,16.4,813.376,,26.165,SIN_DATO,directo
05361,2019,33,18.177,87.807,81.2,812.925,,24.373,SIN_DATO,directo
05361,2019,34,19.09,86.097,9.2,813.04,,22.396,SIN_DATO,directo
05361,2019,35,19.11,84.494,8.0,812.345,,22.399,SIN_DATO,directo
05361,2019,36,18.612,87.36,67.8,812.818,,20.494,SIN_DATO,directo
05361,2019,37,19.451,86.035,1.2,812.181,,28.101,SIN_DATO,directo
05361,2019,38,16.361,92.758,9.2,812.448,,24.973,SIN_DATO,directo
05361,2019,39,18.276,88.425,2.4,813.129,,21.702,SIN_DATO,directo
05361,2019,40,17.512,89.755,25.4,812.511,,27.509,SIN_DATO,directo
05361,2019,41,17.186,91.225,64.6,811.325,,22.753,SIN_DATO,directo
05361,2019,42,17.164,90.639,94.8,813.007,,19.813,SIN_DATO,directo
05361,2019,43,17.385,91.224,98.4,812.178,,28.248,SIN_DATO,directo
05361,2019,44,17.861,90.275,26.2,811.806,,22.834,SIN_DATO,directo
05361,2019,45,17.886,90.789,67.2,810.858,,23.279,SIN_DATO,directo
05361,2019,46,16.868,93.396,40.8,812.016,,24.843,SIN_DATO,directo
05361,2019,47,16.783,91.203,6.0,812.47,,28.67,SIN_DATO,directo
05361,2019,48,18.306,90.467,21.6,811.36,,24.77,SIN_DATO,directo
05361,2019,49,17.84,89.778,0.6,812.802,,20.534,SIN_DATO,directo
05361,2019,50,17.082,90.102,22.6,811.819,,26.59,SIN_DATO,directo
05361,2019,51,18.029,92.536,9.4,811.005,,23.015,SIN_DATO,directo
05361,2019,52,18.607,91.677,9.2,811.339,,31.26,SIN_DATO,directo
05361,2020,1,17.455,90.434,43.4,813.17,,,SIN_DATO,directo
05361,2020,2,18.118,80.451,0.2,812.239,,,SIN_DATO,directo
05361,2020,3,19.957,82.216,0.8,811.078,,,SIN_DATO,directo
05361,2020,4,17.436,91.151,17.8,812.894,,,SIN_DATO,directo
05361,2020,5,18.235,85.725,2.2,813.297,,,SIN_DATO,directo
05361,2020,6,18.973,80.994,0.0,812.911,,,SIN_DATO,directo
05361,2020,7,19.108,83.694,5.0,811.692,,,SIN_DATO,directo
05361,2020,8,19.544,82.264,3.4,812.131,,,SIN_DATO,directo
05361,2020,9,18.996,82.645,0.0,813.509,,,SIN_DATO,directo
05361,2020,10,19.452,84.19,0.0,812.689,,,SIN_DATO,directo
05361,2020,11,18.722,86.077,6.8,812.834,,,SIN_DATO,directo
05361,2020,12,18.498,79.588,11.0,813.658,,,SIN_DATO,directo
05361,2020,13,19.213,78.753,0.2,812.401,,,SIN_DATO,directo
05361,2020,14,18.762,89.559,14.6,811.944,,,SIN_DATO,directo
05361,2020,15,19.532,87.426,21.4,812.88,,,SIN_DATO,directo
05361,2020,16,18.658,83.988,34.2,814.0,,,SIN_DATO,directo
05361,2020,17,18.874,86.506,8.6,813.332,,,SIN_DATO,directo
05361,2020,18,19.44,88.131,18.0,813.288,,,SIN_DATO,directo
05361,2020,19,20.396,86.916,37.4,812.503,,,SIN_DATO,directo
05361,2020,20,19.404,88.645,13.6,813.039,,,SIN_DATO,directo
05361,2020,21,20.083,85.623,7.4,813.065,,,SIN_DATO,directo
05361,2020,22,18.447,91.629,21.4,813.364,,,SIN_DATO,directo
05361,2020,23,18.719,89.705,18.4,813.763,,,SIN_DATO,directo
05361,2020,24,18.553,89.175,24.6,813.195,,,SIN_DATO,directo
05361,2020,25,18.781,88.794,25.8,812.981,,,SIN_DATO,directo
05361,2020,26,19.144,87.693,40.2,812.13,,,SIN_DATO,directo
05361,2020,27,18.194,90.742,38.6,812.218,,,SIN_DATO,directo
05361,2020,28,18.16,90.62,47.0,812.829,,,SIN_DATO,directo
05361,2020,29,19.086,87.198,32.8,812.21,,,SIN_DATO,directo
05361,2020,30,17.964,90.946,62.6,812.582,,,SIN_DATO,directo
05361,2020,31,19.215,87.793,41.4,812.621,,,SIN_DATO,directo
05361,2020,32,19.549,87.394,19.2,813.079,,,SIN_DATO,directo
05361,2020,33,19.088,88.366,36.0,811.407,,,SIN_DATO,directo
05361,2020,34,18.414,89.988,55.4,812.898,,,SIN_DATO,directo
05361,2020,35,18.09,89.315,25.4,812.973,,,SIN_DATO,directo
05361,2020,36,18.106,90.988,22.8,812.366,,,SIN_DATO,directo
05361,2020,37,17.708,91.701,45.0,812.218,,,SIN_DATO,directo
05361,2020,38,18.112,89.551,82.6,813.255,,,SIN_DATO,directo
05361,2020,39,18.27,90.416,29.6,813.104,,,SIN_DATO,directo
05361,2020,40,18.089,90.566,44.2,811.592,,,SIN_DATO,directo
05361,2020,41,18.332,90.319,50.4,812.914,,,SIN_DATO,directo
05361,2020,42,18.212,91.548,26.0,811.464,,,SIN_DATO,directo
05361,2020,43,17.94,90.494,93.0,812.188,,,SIN_DATO,directo
05361,2020,44,17.993,90.994,48.6,812.234,,,SIN_DATO,directo
05361,2020,45,17.659,91.762,41.0,812.099,,,SIN_DATO,directo
05361,2020,46,17.259,93.119,27.2,812.712,,,SIN_DATO,directo
05361,2020,47,17.488,93.422,59.8,812.37,,,SIN_DATO,directo
05361,2020,48,18.007,92.0,14.2,812.031,,,SIN_DATO,directo
05361,2020,49,17.656,92.5,41.4,812.295,,,SIN_DATO,directo
05361,2020,50,17.86,90.94,0.6,812.713,,,SIN_DATO,directo
05361,2020,51,17.75,90.707,0.2,811.74,,,SIN_DATO,directo
05361,2020,52,18.093,88.417,0.0,812.092,,,SIN_DATO,directo
05361,2021,1,17.541,90.37,13.4,812.226,,,SIN_DATO,directo
05364,2018,1,19.337,80.643,43.5,,16.25,,SIN_DATO,directo
05364,2018,2,18.915,81.239,19.1,,30.036,,SIN_DATO,directo
05364,2018,3,19.077,79.455,12.7,,28.945,,SIN_DATO,directo
05364,2018,4,20.004,73.199,5.0,,26.226,,SIN_DATO,directo
05364,2018,5,20.885,76.01,2.2,,45.671,,SIN_DATO,directo
05364,2018,6,21.454,72.771,20.7,,34.205,,SIN_DATO,directo
05364,2018,7,19.846,80.498,11.8,,35.594,,SIN_DATO,directo
05364,2018,8,19.147,79.894,63.6,,22.598,,SIN_DATO,directo
05364,2018,9,20.374,71.673,26.6,,22.064,,SIN_DATO,directo
05364,2018,10,20.879,72.215,21.4,,30.189,,SIN_DATO,directo
05364,2018,11,20.315,78.687,50.5,,31.257,,SIN_DATO,directo
05364,2018,12,20.216,81.009,48.7,,15.342,,SIN_DATO,directo
05364,2018,13,20.098,82.488,28.2,,28.486,,SIN_DATO,directo
05364,2018,14,19.484,81.897,54.5,,30.01,,SIN_DATO,directo
05364,2018,15,19.242,83.659,79.5,,28.213,,SIN_DATO,directo
05364,2018,17,19.847,83.927,49.5,,25.669,,SIN_DATO,directo
05364,2018,18,19.577,84.437,29.2,,28.513,,SIN_DATO,directo
05364,2018,19,19.809,82.332,38.7,,30.612,,SIN_DATO,directo
05364,2018,20,19.489,85.378,59.1,,34.643,,SIN_DATO,directo
05364,2018,21,19.631,84.764,38.6,,38.377,,SIN_DATO,directo
05364,2018,22,20.389,82.324,40.1,,27.592,,SIN_DATO,directo
05364,2018,23,21.099,80.771,4.4,,26.323,,SIN_DATO,directo
05364,2018,24,20.082,81.098,32.1,,33.332,,SIN_DATO,directo
05364,2018,25,19.844,82.014,43.9,,34.691,,SIN_DATO,directo
05364,2018,26,19.436,80.7,40.5,,26.495,,SIN_DATO,directo
05364,2018,27,19.896,78.964,36.6,,36.099,,SIN_DATO,directo
05364,2018,28,20.448,73.953,5.5,,37.582,,SIN_DATO,directo
05364,2018,29,20.743,71.451,2.1,,40.03,,SIN_DATO,directo
05364,2018,30,19.678,81.373,31.7,,43.847,,SIN_DATO,directo
05364,2018,31,18.587,83.827,86.3,,23.105,,SIN_DATO,directo
05364,2018,32,20.568,64.74,0.2,,30.009,,SIN_DATO,directo
05364,2018,33,19.339,77.203,46.2,,29.988,,SIN_DATO,directo
05364,2018,34,20.241,72.506,15.2,,29.131,,SIN_DATO,directo
05364,2018,35,20.086,77.399,29.0,,24.808,,SIN_DATO,directo
05364,2018,36,19.105,84.99,83.9,,18.249,,SIN_DATO,directo
05364,2018,37,19.202,83.888,41.6,,30.627,,SIN_DATO,directo
05364,2018,38,20.838,74.206,14.8,,23.874,,SIN_DATO,directo
05364,2018,39,19.19,82.952,25.8,,30.574,,SIN_DATO,directo
05364,2018,40,19.553,80.102,22.0,,23.673,,SIN_DATO,directo
05364,2018,41,19.371,81.169,34.7,,21.276,,SIN_DATO,directo
05364,2018,42,19.341,85.066,52.0,,31.738,,SIN_DATO,directo
05364,2018,43,19.609,84.3,78.1,,31.084,,SIN_DATO,directo
05364,2018,44,18.761,86.8,35.8,,34.443,,SIN_DATO,directo
05364,2018,45,19.903,84.29,60.2,,47.043,,SIN_DATO,directo
05364,2018,46,20.312,82.367,14.0,,32.075,,SIN_DATO,directo
05364,2018,50,19.943,78.578,5.6,,42.313,,SIN_DATO,directo
05364,2018,51,19.776,77.634,4.6,,22.658,,SIN_DATO,directo
05364,2018,52,19.862,71.549,1.0,,21.713,,SIN_DATO,directo
05364,2019,1,20.682,63.941,0.1,,21.713,7.822,SIN_DATO,directo
05364,2019,2,19.714,76.198,41.5,,21.713,8.699,SIN_DATO,directo
05364,2019,3,19.956,76.049,1.8,,21.713,10.428,SIN_DATO,directo
05364,2019,4,21.4,68.033,0.0,,21.713,15.281,SIN_DATO,directo
05364,2019,5,20.375,76.208,23.4,,,16.858,SIN_DATO,directo
05364,2019,6,20.575,77.762,16.8,,,12.157,SIN_DATO,directo
05364,2019,7,21.185,75.459,16.3,,,9.292,SIN_DATO,directo
05364,2019,8,20.606,81.231,55.7,,,19.261,SIN_DATO,directo
05364,2019,9,19.954,81.192,55.5,,,9.114,SIN_DATO,directo
05364,2019,10,20.421,81.993,32.5,,,8.616,SIN_DATO,directo
05364,2019,11,21.299,78.186,9.9,,,4.433,SIN_DATO,directo
05364,2019,12,19.229,86.492,27.3,,,15.451,SIN_DATO,directo
05364,2019,13,19.93,84.084,30.6,,,13.964,SIN_DATO,directo
05364,2019,14,19.86,84.567,111.2,,,19.001,SIN_DATO,directo
05364,2019,15,20.433,82.639,40.1,,,5.772,SIN_DATO,directo
05364,2019,16,20.069,83.945,78.2,,,15.666,SIN_DATO,directo
05364,2019,17,20.225,83.314,27.0,,,10.844,SIN_DATO,directo
05364,2019,18,21.647,73.787,0.8,,,13.401,SIN_DATO,directo
05364,2019,19,20.265,83.573,42.5,,,4.875,SIN_DATO,directo
05364,2019,20,19.76,85.308,114.1,,,15.701,SIN_DATO,directo
05364,2019,21,19.493,85.909,57.8,,,13.333,SIN_DATO,directo
05364,2019,22,19.235,86.007,73.0,,,10.465,SIN_DATO,directo
05364,2019,23,19.859,84.633,100.9,,,12.841,SIN_DATO,directo
05364,2019,24,19.625,86.201,14.4,,,7.94,SIN_DATO,directo
05364,2019,25,20.721,70.182,0.0,,,8.587,SIN_DATO,directo
05364,2019,26,20.47,78.555,17.7,,,8.99,SIN_DATO,directo
05364,2019,27,20.405,77.853,58.4,,,4.163,SIN_DATO,directo
05364,2019,28,19.685,82.014,44.0,,,13.594,SIN_DATO,directo
05364,2019,29,20.681,72.446,15.8,,,14.74,SIN_DATO,directo
05364,2019,30,19.668,79.201,11.8,,,8.163,SIN_DATO,directo
05364,2019,31,20.126,78.502,26.3,,,11.81,SIN_DATO,directo
05364,2019,32,20.569,73.083,3.5,,,9.677,SIN_DATO,directo
05364,2019,33,19.731,76.705,36.4,,,11.741,SIN_DATO,directo
05364,2019,34,19.851,74.82,24.6,,,8.419,SIN_DATO,directo
05364,2019,35,20.163,71.986,40.0,,,7.531,SIN_DATO,directo
05364,2019,36,20.069,76.211,73.2,,,14.255,SIN_DATO,directo
05364,2019,37,20.91,74.427,57.0,,,10.378,SIN_DATO,directo
05364,2019,38,18.939,85.163,44.0,,,17.626,SIN_DATO,directo
05364,2019,39,19.948,80.786,59.7,,,10.761,SIN_DATO,directo
05364,2019,40,19.6,81.015,36.0,,,7.382,SIN_DATO,directo
05364,2019,41,19.687,80.368,19.3,,,14.863,SIN_DATO,directo
05364,2019,43,18.87,84.889,27.2,,,13.126,SIN_DATO,directo
05364,2019,44,19.821,82.835,50.3,,,14.737,SIN_DATO,directo
05364,2019,45,19.886,84.103,34.7,,,8.332,SIN_DATO,directo
05364,2019,46,18.755,88.8,109.0,,,10.158,SIN_DATO,directo
05364,2019,47,19.598,81.608,22.8,,,10.004,SIN_DATO,directo
05364,2019,48,20.796,77.364,5.1,,,6.115,SIN_DATO,directo
05364,2019,49,19.62,83.139,25.2,,,9.684,SIN_DATO,directo
05364,2019,50,19.427,83.523,49.9,,,15.243,SIN_DATO,directo
05364,2019,51,20.056,82.8,14.5,,,11.425,SIN_DATO,directo
05364,2019,52,20.924,78.778,13.7,,,5.923,SIN_DATO,directo
05364,2020,1,20.226,82.075,28.1,,,5.923,SIN_DATO,directo
05364,2020,2,19.914,66.307,0.0,,,5.923,SIN_DATO,directo
05364,2020,3,20.757,68.904,0.8,,,5.923,SIN_DATO,directo
05364,2020,4,19.656,81.467,9.5,,,5.923,SIN_DATO,directo
05364,2020,5,20.173,78.989,51.1,,,,SIN_DATO,directo
05364,2020,6,20.869,69.483,0.0,,,,SIN_DATO,directo
05364,2020,7,21.416,68.622,0.3,,,,SIN_DATO,directo
05364,2020,8,21.559,70.751,24.8,,,,SIN_DATO,directo
05364,2020,9,21.302,74.019,20.6,,,,SIN_DATO,directo
05364,2020,10,18.426,92.633,0.0,,,,SIN_DATO,directo
05364,2020,42,18.426,92.633,0.0,,,20.036,SISAIRE_DIRECTO,directo
05364,2020,43,18.426,92.633,0.0,,,18.536,SISAIRE_DIRECTO,directo
05364,2020,44,18.426,92.633,0.0,,,16.387,SISAIRE_DIRECTO,directo
05364,2020,45,18.426,92.633,0.0,,,11.959,SISAIRE_DIRECTO,directo
05364,2020,46,,,,,,9.601,SISAIRE_DIRECTO,directo
05364,2020,47,,,,,,9.371,SISAIRE_DIRECTO,directo
05364,2020,48,,,,,,9.574,SISAIRE_DIRECTO,directo
05364,2020,49,,,,,,9.715,SISAIRE_DIRECTO,directo
05364,2020,50,,,,,,11.299,SISAIRE_DIRECTO,directo
05364,2020,51,,,,,,11.629,SISAIRE_DIRECTO,directo
05364,2020,52,,,,,,10.736,SISAIRE_DIRECTO,directo
05364,2020,53,,,,,,10.283,SISAIRE_DIRECTO,directo
05364,2021,1,,,,,,9.593,SISAIRE_DIRECTO,directo
05364,2021,2,,,,,,9.904,SISAIRE_DIRECTO,directo
05364,2021,3,,,,,,12.722,SISAIRE_DIRECTO,directo
05364,2021,4,,,,,,12.855,SISAIRE_DIRECTO,directo
05368,2018,1,15.509,87.06,76.0,,16.25,,IMPUTADO_PA,directo
05368,2018,2,15.098,88.804,60.9,,30.036,,IMPUTADO_PA,directo
05368,2018,3,15.76,84.851,50.8,,28.945,,IMPUTADO_PA,directo
05368,2018,4,16.93,78.393,7.8,,26.226,,IMPUTADO_PA,directo
05368,2018,5,17.274,83.18,13.2,,45.671,,IMPUTADO_PA,directo
05368,2018,6,16.913,80.491,2.4,,34.205,,IMPUTADO_PA,directo
05368,2018,7,16.193,84.364,29.6,,35.594,,IMPUTADO_PA,directo
05368,2018,8,15.103,84.713,19.7,,22.598,,IMPUTADO_PA,directo
05368,2018,9,16.61,76.661,0.9,,22.064,,IMPUTADO_PA,directo
05368,2018,10,18.278,69.54,1.6,,30.189,,IMPUTADO_PA,directo
05368,2018,11,17.735,74.962,0.5,,31.257,,IMPUTADO_PA,directo
05368,2018,12,16.455,85.19,8.7,,15.342,,IMPUTADO_PA,directo
05368,2018,13,16.312,84.797,4.4,,28.486,,IMPUTADO_PA,directo
05368,2018,14,15.66,85.708,6.2,,30.01,,IMPUTADO_PA,directo
05368,2018,15,15.487,88.696,4.3,,28.213,,IMPUTADO_PA,directo
05368,2018,16,16.716,83.929,3.3,,23.521,,IMPUTADO_PA,directo
05368,2018,17,16.022,88.381,3.6,,25.669,,IMPUTADO_PA,directo
05368,2018,18,15.855,88.917,2.9,,28.513,,IMPUTADO_PA,directo
05368,2018,19,15.347,91.619,5.5,,30.612,,IMPUTADO_PA,directo
05368,2018,20,15.723,89.054,4.9,,34.643,,IMPUTADO_PA,directo
05368,2018,21,16.388,89.44,1.9,,38.377,,IMPUTADO_PA,directo
05368,2018,22,16.827,84.22,1.5,,27.592,,IMPUTADO_PA,directo
05368,2018,23,17.753,84.185,0.8,,26.323,,IMPUTADO_PA,directo
05368,2018,24,17.129,82.988,0.7,,33.332,,IMPUTADO_PA,directo
05368,2018,25,16.746,84.496,0.4,,34.691,,IMPUTADO_PA,directo
05368,2018,26,16.033,85.524,0.8,,26.495,,IMPUTADO_PA,directo
05368,2018,27,16.914,82.202,4.6,,36.099,,IMPUTADO_PA,directo
05368,2018,28,17.733,74.405,1.6,,37.582,,IMPUTADO_PA,directo
05368,2018,29,17.796,70.484,0.2,,40.03,,IMPUTADO_PA,directo
05368,2018,30,16.572,84.786,3.6,,43.847,,IMPUTADO_PA,directo
05368,2018,31,15.617,85.875,5.4,,23.105,,IMPUTADO_PA,directo
05368,2018,32,18.477,60.125,5.7,,30.009,,IMPUTADO_PA,directo
05368,2018,33,16.833,76.845,7.6,,29.988,,IMPUTADO_PA,directo
05368,2018,34,18.066,70.262,2.2,,29.131,,IMPUTADO_PA,directo
05368,2018,35,17.537,78.06,2.4,,24.808,,IMPUTADO_PA,directo
05368,2018,36,15.857,85.94,8.5,,18.249,,IMPUTADO_PA,directo
05368,2018,37,15.629,88.738,8.2,,30.627,,IMPUTADO_PA,directo
05368,2018,38,17.953,76.726,4.9,,23.874,,IMPUTADO_PA,directo
05368,2018,39,16.74,85.119,1.1,,30.574,,IMPUTADO_PA,directo
05368,2018,40,15.911,86.149,1.6,,23.673,,IMPUTADO_PA,directo
05368,2018,41,15.124,89.72,4.3,,21.276,,IMPUTADO_PA,directo
05368,2018,42,15.596,90.315,7.3,,31.738,,IMPUTADO_PA,directo
05368,2018,43,16.165,89.744,6.0,,31.084,,IMPUTADO_PA,directo
05368,2018,44,15.699,89.25,4.2,,34.443,,IMPUTADO_PA,directo
05368,2018,45,16.195,89.506,4.6,,47.043,,IMPUTADO_PA,directo
05368,2018,46,16.892,88.31,2.8,,32.075,,IMPUTADO_PA,directo
05368,2018,47,16.667,88.726,2.1,,33.704,,IMPUTADO_PA,directo
05368,2018,48,15.705,91.214,1.6,,21.449,,IMPUTADO_PA,directo
05368,2018,49,15.989,86.113,1.5,,19.807,,IMPUTADO_PA,directo
05368,2018,50,17.102,81.196,0.6,,42.313,,IMPUTADO_PA,directo
05368,2018,51,16.942,79.821,0.0,,22.658,,IMPUTADO_PA,directo
05368,2018,52,18.126,68.5,0.0,,21.713,,IMPUTADO_PA,directo
05368,2019,1,18.633,62.833,0.0,,21.713,7.822,SIN_DATO,directo
05368,2019,2,15.707,83.393,1.0,,21.713,8.699,SIN_DATO,directo
05368,2019,3,17.165,76.905,0.1,,21.713,10.428,SIN_DATO,directo
05368,2019,4,18.742,70.375,0.0,,21.713,15.281,SIN_DATO,directo
05368,2019,5,17.218,79.577,0.7,,,16.858,SIN_DATO,directo
05368,2019,6,17.592,79.244,0.1,,,12.157,SIN_DATO,directo
05368,2019,7,18.093,79.19,0.4,,,9.292,SIN_DATO,directo
05368,2019,8,17.118,84.19,0.9,,,19.261,SIN_DATO,directo
05368,2019,9,16.529,84.173,0.9,,,9.114,SIN_DATO,directo
05368,2019,10,17.88,80.482,0.3,,,8.616,SIN_DATO,directo
05368,2019,11,18.09,79.577,0.2,,,4.433,SIN_DATO,directo
05368,2019,12,16.245,87.113,0.8,,,15.451,SIN_DATO,directo
05368,2019,13,17.488,83.583,0.4,,,13.964,SIN_DATO,directo
05368,2019,14,16.345,88.583,0.7,,,19.001,SIN_DATO,directo
05368,2019,15,17.308,85.03,0.6,,,5.772,SIN_DATO,directo
05368,2019,16,16.962,86.312,0.3,,,15.666,SIN_DATO,directo
05368,2019,29,19.419,58.361,2.5,,,14.74,SIN_DATO,directo
05368,2019,30,17.048,81.006,20.1,,,8.163,SIN_DATO,directo
05368,2019,31,17.75,78.006,15.4,,,11.81,SIN_DATO,directo
05368,2019,32,18.626,68.44,6.6,,,9.677,SIN_DATO,directo
05368,2019,33,17.547,77.673,11.6,,,11.741,SIN_DATO,directo
05368,2019,34,18.392,68.179,0.8,,,8.419,SIN_DATO,directo
05368,2019,35,18.538,66.603,15.9,,,7.531,SIN_DATO,directo
05368,2019,36,18.432,70.065,10.5,,,14.255,SIN_DATO,directo
05368,2019,37,18.776,69.222,27.9,,,10.378,SIN_DATO,directo
05368,2019,38,15.495,92.592,37.2,,,17.626,SIN_DATO,directo
05368,2019,39,16.359,87.096,17.9,,,10.761,SIN_DATO,directo
05368,2019,40,16.073,86.815,19.3,,,7.382,SIN_DATO,directo
05368,2019,41,16.093,88.054,12.2,,,14.863,SIN_DATO,directo
05368,2019,42,15.732,89.036,10.3,,,12.792,SIN_DATO,directo
05368,2019,43,15.564,92.416,4.5,,,13.126,SIN_DATO,directo
05368,2019,44,16.648,87.339,3.1,,,14.737,SIN_DATO,directo
05368,2019,45,16.748,87.377,16.1,,,8.332,SIN_DATO,directo
05368,2019,46,15.23,95.512,118.1,,,10.158,SIN_DATO,directo
05368,2019,47,15.96,89.369,70.4,,,10.004,SIN_DATO,directo
05368,2019,48,17.683,82.875,6.7,,,6.115,SIN_DATO,directo
05368,2019,49,16.623,87.113,25.8,,,9.684,SIN_DATO,directo
05368,2019,50,15.807,89.81,77.1,,,15.243,SIN_DATO,directo
05368,2019,51,17.311,85.905,35.7,,,11.425,SIN_DATO,directo
05368,2019,52,17.875,82.321,2.1,,,5.923,SIN_DATO,directo
05368,2020,1,16.552,87.536,44.9,,,5.923,SIN_DATO,directo
05368,2020,2,17.39,65.155,0.3,,,5.923,SIN_DATO,directo
05368,2020,3,18.568,66.089,0.6,,,5.923,SIN_DATO,directo
05368,2020,4,16.309,87.363,47.1,,,5.923,SIN_DATO,directo
05368,2020,5,17.357,78.375,4.2,,,,SIN_DATO,directo
05368,2020,6,18.335,68.506,4.6,,,,SIN_DATO,directo
05368,2020,7,18.673,68.744,0.6,,,,SIN_DATO,directo
05368,2020,8,18.477,71.899,29.9,,,,SIN_DATO,directo
05368,2020,9,17.662,80.815,63.7,,,,SIN_DATO,directo
05368,2020,10,18.693,76.042,1.2,,,,SIN_DATO,directo
05368,2020,11,17.486,82.625,19.3,,,,SIN_DATO,directo
05368,2020,12,17.423,73.643,1.4,,,,SIN_DATO,directo
05368,2020,13,18.146,73.506,11.3,,,,SIN_DATO,directo
05368,2020,14,17.824,83.256,22.0,,,,SIN_DATO,directo
05368,2020,15,18.175,82.542,10.2,,,,SIN_DATO,directo
05368,2020,16,15.581,95.316,6.1,,,,SIN_DATO,directo
05380,2018,1,,,,,39.39,21.369,IMPUTADO_PA,directo
05380,2018,2,,,,,37.461,17.733,IMPUTADO_PA,directo
05380,2018,3,,,,,32.96,26.71,IMPUTADO_PA,directo
05380,2018,4,,,,,48.667,15.665,IMPUTADO_PA,directo
05380,2018,5,,,,,34.626,23.606,IMPUTADO_PA,directo
05380,2018,6,,,,,33.512,14.871,IMPUTADO_PA,directo
05380,2018,7,,,,,50.67,21.303,IMPUTADO_PA,directo
05380,2018,8,,,,,39.441,17.169,IMPUTADO_PA,directo
05380,2018,9,,,,,18.811,24.376,IMPUTADO_PA,directo
05380,2018,10,,,,,29.579,25.886,IMPUTADO_PA,directo
05380,2018,11,,,,,42.416,22.931,IMPUTADO_PA,directo
05380,2018,12,,,,,45.148,26.1,IMPUTADO_PA,directo
05380,2018,13,,,,,33.151,11.524,IMPUTADO_PA,directo
05380,2018,14,,,,,38.449,22.115,IMPUTADO_PA,directo
05380,2018,15,,,,,47.29,23.544,IMPUTADO_PA,directo
05380,2018,16,,,,,38.275,24.095,IMPUTADO_PA,directo
05380,2018,17,,,,,36.109,13.759,IMPUTADO_PA,directo
05380,2018,18,,,,,30.405,23.286,IMPUTADO_PA,directo
05380,2018,19,,,,,48.359,24.191,IMPUTADO_PA,directo
05380,2018,20,,,,,12.681,22.068,IMPUTADO_PA,directo
05380,2018,21,,,,,57.142,16.152,IMPUTADO_PA,directo
05380,2018,22,,,,,22.378,19.232,IMPUTADO_PA,directo
05380,2018,23,,,,,40.32,26.734,IMPUTADO_PA,directo
05380,2018,24,,,,,42.688,26.186,IMPUTADO_PA,directo
05380,2018,25,,,,,43.461,23.464,IMPUTADO_PA,directo
05380,2018,26,,,,,60.656,24.47,IMPUTADO_PA,directo
05380,2018,27,,,,,26.005,25.622,IMPUTADO_PA,directo
05380,2018,28,,,,,50.453,23.414,IMPUTADO_PA,directo
05380,2018,29,,,,,36.368,26.597,IMPUTADO_PA,directo
05380,2018,30,,,,,48.533,26.438,IMPUTADO_PA,directo
05380,2018,31,,,,,33.463,32.365,IMPUTADO_PA,directo
05380,2018,32,,,,,37.45,19.397,IMPUTADO_PA,directo
05380,2018,33,,,,,32.206,19.469,IMPUTADO_PA,directo
05380,2018,34,,,,,36.295,9.901,IMPUTADO_PA,directo
05380,2018,35,,,,,35.77,23.089,IMPUTADO_PA,directo
05380,2018,36,,,,,40.32,29.682,IMPUTADO_PA,directo
05380,2018,37,,,,,42.548,26.969,IMPUTADO_PA,directo
05380,2018,38,,,,,42.708,25.013,IMPUTADO_PA,directo
05380,2018,39,,,,,40.702,27.297,IMPUTADO_PA,directo
05380,2018,40,,,,,43.49,23.622,IMPUTADO_PA,directo
05380,2018,41,,,,,43.838,20.319,IMPUTADO_PA,directo
05380,2018,42,,,,,37.771,30.941,IMPUTADO_PA,directo
05380,2018,43,,,,,51.498,23.3,IMPUTADO_PA,directo
05380,2018,44,,,,,40.305,26.334,IMPUTADO_PA,directo
05380,2018,45,,,,,44.841,11.498,IMPUTADO_PA,directo
05380,2018,46,,,,,53.403,12.188,IMPUTADO_PA,directo
05380,2018,47,,,,,49.179,22.247,IMPUTADO_PA,directo
05380,2018,48,,,,,26.255,17.735,IMPUTADO_PA,directo
05380,2018,49,,,,,39.898,22.631,IMPUTADO_PA,directo
05380,2018,50,,,,,40.96,19.464,IMPUTADO_PA,directo
05380,2018,51,,,,,47.696,32.49740000000006,IMPUTADO_PA,directo
05380,2018,52,,,,,47.78,25.952,IMPUTADO_PA,directo
05380,2019,1,,,,,56.489,25.68924528301887,IMPUTADO_PA,directo
05380,2019,2,,,,,41.493,25.42649056603774,IMPUTADO_PA,directo
05380,2019,3,,,,,24.744,25.163735849056607,IMPUTADO_PA,directo
05380,2019,4,,,,,41.506,24.900981132075472,IMPUTADO_PA,directo
05380,2019,5,,,,,50.491,17.649,IMPUTADO_PA,directo
05380,2019,6,,,,,34.489,21.449,IMPUTADO_PA,directo
05380,2019,7,,,,,41.616,21.158,IMPUTADO_PA,directo
05380,2019,8,,,,,36.986,20.986,IMPUTADO_PA,directo
05380,2019,9,,,,,56.691,24.564,IMPUTADO_PA,directo
05380,2019,10,14.444,92.306,32.0,750.112,49.932,12.215,IMPUTADO_PA,directo
05380,2019,11,14.335,92.667,32.4,749.938,49.052,21.733,IMPUTADO_PA,directo
05380,2019,12,13.233,95.506,120.6,750.861,48.783,17.259,IMPUTADO_PA,directo
05380,2019,13,14.368,94.156,37.4,750.433,42.865,19.261,IMPUTADO_PA,directo
05380,2019,14,13.73,93.339,163.8,751.308,44.974,27.008,IMPUTADO_PA,directo
05380,2019,15,14.27,92.006,98.2,750.527,32.555,16.871,IMPUTADO_PA,directo
05380,2019,16,14.067,93.494,97.6,750.642,23.561,22.35,IMPUTADO_PA,directo
05380,2019,17,14.253,93.03,14.2,750.662,44.548,24.751,IMPUTADO_PA,directo
05380,2019,18,15.03,83.359,0.8,750.102,46.11,22.806,IMPUTADO_PA,directo
05380,2019,19,14.58,89.659,63.4,750.476,54.062,20.839,IMPUTADO_PA,directo
05380,2019,20,14.03,92.892,100.6,750.786,57.314,21.542,IMPUTADO_PA,directo
05380,2019,21,14.074,93.464,118.2,750.646,57.302,23.109,IMPUTADO_PA,directo
05380,2019,22,13.488,94.155,87.8,750.968,34.236,16.82,IMPUTADO_PA,directo
05380,2019,23,14.54,89.072,60.6,750.995,40.036,20.421,IMPUTADO_PA,directo
05380,2019,24,14.425,89.687,50.4,751.26,47.514,30.722,IMPUTADO_PA,directo
05380,2019,25,14.86,80.262,3.8,751.023,65.942,22.497,IMPUTADO_PA,directo
05380,2019,26,14.549,85.423,5.8,750.227,56.494,21.002,IMPUTADO_PA,directo
05380,2019,27,14.246,85.903,56.4,750.666,53.255,18.807,IMPUTADO_PA,directo
05380,2019,28,13.707,86.904,33.6,750.614,39.717,16.868,IMPUTADO_PA,directo
05380,2019,29,14.286,83.473,35.6,750.5,35.267,21.698,IMPUTADO_PA,directo
05380,2019,30,13.822,86.837,48.6,751.136,50.286,22.021,IMPUTADO_PA,directo
05380,2019,31,14.191,85.808,34.4,750.607,33.314,20.112,IMPUTADO_PA,directo
05380,2019,32,14.351,80.289,1.4,751.521,41.058,32.49740000000006,IMPUTADO_PA,directo
05380,2019,33,14.028,84.945,4.4,750.889,42.169,17.233,IMPUTADO_PA,directo
05380,2019,34,14.18,79.363,0.2,751.147,57.508,16.204,IMPUTADO_PA,directo
05380,2019,35,14.463,79.815,10.2,750.46,40.014,18.87,IMPUTADO_PA,directo
05380,2019,36,14.727,80.994,25.2,750.913,21.29,20.257,IMPUTADO_PA,directo
05380,2019,37,14.835,82.796,85.8,750.399,47.731,16.647,IMPUTADO_PA,directo
05380,2019,38,12.336,97.212,24.2,750.261,36.921,21.584,IMPUTADO_PA,directo
05380,2019,39,14.036,87.068,15.6,751.002,43.583,22.083,IMPUTADO_PA,directo
05380,2019,40,13.325,88.777,31.8,750.333,42.421,23.673,IMPUTADO_PA,directo
05380,2019,41,13.221,91.811,0.4,749.315,40.742,18.146,IMPUTADO_PA,directo
05380,2019,42,13.003,91.629,0.0,750.754,50.299,26.548,IMPUTADO_PA,directo
05380,2019,43,12.927,93.948,0.0,749.895,29.432,23.339,IMPUTADO_PA,directo
05380,2019,44,12.996,93.992,1.4,749.896,38.556,32.49740000000006,IMPUTADO_PA,directo
05380,2019,45,13.466,93.418,2.4,749.072,49.344,17.146,IMPUTADO_PA,directo
05380,2019,46,13.104,94.962,0.2,749.877,37.684,16.628,IMPUTADO_PA,directo
05380,2019,47,13.223,93.384,2.8,750.179,28.749,19.169,IMPUTADO_PA,directo
05380,2019,48,14.357,89.269,1.8,749.474,49.205,22.094,IMPUTADO_PA,directo
05380,2019,49,13.44,90.818,3.2,750.604,53.288,22.767,IMPUTADO_PA,directo
05380,2019,50,13.398,92.569,8.2,749.581,42.796,23.33,IMPUTADO_PA,directo
05380,2019,51,14.124,90.581,4.2,749.143,25.587,30.328,IMPUTADO_PA,directo
05380,2019,52,14.607,89.542,2.6,749.58,49.541,11.964,IMPUTADO_PA,directo
05380,2020,1,13.956,91.245,5.8,750.879,30.1,12.026,SISAIRE_DIRECTO,directo
05380,2020,2,13.223,80.683,0.0,750.11,40.4,12.899,SISAIRE_DIRECTO,directo
05380,2020,3,14.61,83.167,0.0,749.457,37.733,10.975,SISAIRE_DIRECTO,directo
05380,2020,4,12.873,93.467,5.0,750.761,28.45,12.87,SISAIRE_DIRECTO,directo
05380,2020,5,14.26,87.615,3.0,751.122,38.867,16.487,SISAIRE_DIRECTO,directo
05380,2020,6,14.135,83.06,0.2,750.838,38.72165,21.542,SISAIRE_DIRECTO,directo
05380,2020,7,14.368,85.049,0.2,749.858,38.576299999999996,22.839,SISAIRE_DIRECTO,directo
05380,2020,8,14.683,86.531,5.0,750.335,38.430949999999996,21.81,SISAIRE_DIRECTO,directo
05380,2020,9,14.281,91.837,2.4,751.342,38.285599999999995,25.549,SISAIRE_DIRECTO,directo
05380,2020,10,14.96,88.431,1.8,750.778,62.499,26.253,SISAIRE_DIRECTO,directo
05380,2020,11,14.346,92.024,26.0,750.69,63.772,31.169,SISAIRE_DIRECTO,directo
05380,2020,12,13.821,88.419,1.6,751.308,56.14,26.557,SISAIRE_DIRECTO,directo
05380,2020,13,14.195,88.413,2.2,750.31,53.718,32.49740000000006,SISAIRE_DIRECTO,directo
05380,2020,14,14.86,90.427,5.2,750.136,27.41,17.18,SISAIRE_DIRECTO,directo
05380,2020,15,15.413,89.067,8.4,751.007,20.267,12.216,SISAIRE_DIRECTO,directo
05380,2020,16,13.51,93.431,14.2,751.738,34.501,22.092,SISAIRE_DIRECTO,directo
05380,2020,17,13.943,91.187,1.4,751.214,33.682,17.006,SISAIRE_DIRECTO,directo
05380,2020,18,14.624,90.423,1.4,751.357,37.744,17.826,SISAIRE_DIRECTO,directo
05380,2020,19,15.682,82.575,0.2,750.818,32.585,13.123,SISAIRE_DIRECTO,directo
05380,2020,20,14.917,89.417,6.6,751.149,38.837,16.4,SISAIRE_DIRECTO,directo
05380,2020,21,15.101,87.596,5.2,751.283,41.162,16.159,SISAIRE_DIRECTO,directo
05380,2020,22,14.304,90.958,21.8,751.274,33.82,13.571,SISAIRE_DIRECTO,directo
05380,2020,23,14.139,88.608,9.0,751.699,41.143,15.381,SISAIRE_DIRECTO,directo
05380,2020,24,13.79,89.749,3.2,751.101,38.718,14.472,SISAIRE_DIRECTO,directo
05380,2020,25,14.035,90.488,2.0,750.899,35.96,13.859,SISAIRE_DIRECTO,directo
05380,2020,26,14.101,87.383,6.4,750.179,28.82,15.129,SISAIRE_DIRECTO,directo
05380,2020,27,13.63,90.988,39.6,750.052,27.87,11.369,SISAIRE_DIRECTO,directo
05380,2020,28,13.48,91.204,8.6,750.594,35.87,13.466,SISAIRE_DIRECTO,directo
05380,2020,29,14.061,83.229,1.2,750.25,24.08,11.019,SISAIRE_DIRECTO,directo
05380,2020,30,13.283,89.946,17.4,750.317,29.48,12.119,SISAIRE_DIRECTO,directo
05380,2020,31,14.324,86.4,4.2,750.823,32.06,12.038,SISAIRE_DIRECTO,directo
05380,2020,32,,,,,31.991000000000003,17.646,SISAIRE_DIRECTO,directo
05380,2020,33,,,,,31.922,14.176,SISAIRE_DIRECTO,directo
05380,2020,34,,,,,31.853,11.366,SISAIRE_DIRECTO,directo
05380,2020,35,,,,,31.784000000000002,13.242,SISAIRE_DIRECTO,directo
05380,2020,36,,,,,45.191,14.667,SISAIRE_DIRECTO,directo
05380,2020,37,,,,,45.281,13.783,SISAIRE_DIRECTO,directo
05380,2020,38,,,,,48.457,16.706,SISAIRE_DIRECTO,directo
05380,2020,39,,,,,47.087,13.25,SISAIRE_DIRECTO,directo
05380,2020,40,,,,,42.866,14.568,SISAIRE_DIRECTO,directo
05380,2020,41,,,,,31.37,15.442,SISAIRE_DIRECTO,directo
05380,2020,42,,,,,31.875,15.203,SISAIRE_DIRECTO,directo
05380,2020,43,13.768,88.07533333333333,0.4,750.57,31.92,15.621,SISAIRE_DIRECTO,directo
05380,2020,44,13.212,89.75066666666667,0.0,750.04,26.793,13.595,SISAIRE_DIRECTO,directo
05380,2020,45,,,,,30.305,13.684,SISAIRE_DIRECTO,directo
05380,2020,46,,,,,26.147,10.355,SISAIRE_DIRECTO,directo
05380,2020,47,,,,,28.07,10.549,SISAIRE_DIRECTO,directo
05380,2020,48,,,,,32.005,11.552,SISAIRE_DIRECTO,directo
05380,2020,49,,,,,25.335,11.235,SISAIRE_DIRECTO,directo
05380,2020,50,,,,,37.607,12.618,SISAIRE_DIRECTO,directo
05380,2020,51,,,,,45.47,15.731,SISAIRE_DIRECTO,directo
05380,2020,52,,,,,35.45,11.817,SISAIRE_DIRECTO,directo
05380,2020,53,,,,,24.47,14.111,SISAIRE_DIRECTO,directo
05380,2021,1,,,,,27.583,13.346,SISAIRE_DIRECTO,directo
05380,2021,2,,,,,41.76,12.107,SISAIRE_DIRECTO,directo
05380,2021,3,,,,,37.59,17.368,SISAIRE_DIRECTO,directo
05380,2021,4,,,,,41.41,18.115,SISAIRE_DIRECTO,directo
05380,2021,5,,,,,32.717,15.835,SISAIRE_DIRECTO,directo
05380,2021,6,,,,,32.01,17.444,SISAIRE_DIRECTO,directo
05380,2021,7,12.656,91.426,29.4,750.326,34.625,16.543,SISAIRE_DIRECTO,directo
05380,2021,8,13.805,89.554,27.6,749.021,37.24,17.919,SISAIRE_DIRECTO,directo
05380,2021,9,12.953,91.114,15.8,749.37,40.793,22.397,SISAIRE_DIRECTO,directo
05380,2021,10,12.507,91.077,39.6,750.532,39.96,17.0,SISAIRE_DIRECTO,directo
05380,2021,11,12.472,92.708,103.0,749.96,27.567,14.906,SISAIRE_DIRECTO,directo
05380,2021,12,13.069,93.329,59.0,749.799,40.74,15.39,SISAIRE_DIRECTO,directo
05380,2021,13,14.232,90.826,30.2,748.649,25.397,13.098,SISAIRE_DIRECTO,directo
05380,2021,14,14.33,89.885,10.2,749.715,27.97,13.949,SISAIRE_DIRECTO,directo
05380,2021,15,14.485,87.681,6.4,749.799,32.925,15.471,SISAIRE_DIRECTO,directo
05380,2021,16,13.902,90.036,1.0,750.273,31.608,19.229,SISAIRE_DIRECTO,directo
05380,2021,17,13.373,95.06,3.6,750.061,25.572,13.587,SISAIRE_DIRECTO,directo
05380,2021,18,11.819,93.5,1.4,751.631,25.63,13.828,SISAIRE_DIRECTO,directo
05380,2021,19,14.756,88.581,0.0,750.145,23.355,13.309,SISAIRE_DIRECTO,directo
05380,2021,20,14.436,90.113,4.6,750.424,33.23,13.429,SISAIRE_DIRECTO,directo
05380,2021,21,14.047,91.844,7.2,750.906,34.84,15.09,SISAIRE_DIRECTO,directo
05380,2021,22,14.321,90.802,6.4,750.357,25.02,13.74,SISAIRE_DIRECTO,directo
05380,2021,23,13.245,92.94,17.8,750.976,33.81,14.764,SISAIRE_DIRECTO,directo
05380,2021,24,13.962,88.399,9.8,751.199,27.86,13.051,SISAIRE_DIRECTO,directo
05380,2021,25,13.286,89.355,5.2,751.047,27.767,13.404,SISAIRE_DIRECTO,directo
05380,2021,26,13.747,86.084,3.6,751.095,27.49,11.667,SISAIRE_DIRECTO,directo
05380,2021,27,14.263,85.719,4.8,750.383,44.78,14.445,SISAIRE_DIRECTO,directo
05380,2021,28,14.081,83.24,2.6,750.846,32.72,12.278,SISAIRE_DIRECTO,directo
05380,2021,29,14.22,83.655,3.8,750.838,30.203,12.272,SISAIRE_DIRECTO,directo
05380,2021,30,13.976,86.228,1.8,750.99,35.135,13.658,SISAIRE_DIRECTO,directo
05380,2021,31,13.791,84.03,0.2,751.753,40.82,19.378,SISAIRE_DIRECTO,directo
05380,2021,32,13.44,90.261,3.0,751.48,27.063,13.273,SISAIRE_DIRECTO,directo
05380,2021,33,13.65,87.301,1.8,750.221,33.195,13.981,SISAIRE_DIRECTO,directo
05380,2021,34,13.873,88.297,2.8,749.728,32.907,14.338,SISAIRE_DIRECTO,directo
05380,2021,35,13.51,87.096,4.0,750.689,33.395,10.826,SISAIRE_DIRECTO,directo
05380,2021,36,13.199,89.274,2.4,750.902,40.42,11.779,SISAIRE_DIRECTO,directo
05380,2021,37,13.754,80.372,0.2,751.201,38.23,10.331,SISAIRE_DIRECTO,directo
05380,2021,38,13.876,84.599,1.0,750.493,39.17,11.522,SISAIRE_DIRECTO,directo
05380,2021,39,13.436,87.339,1.4,750.072,38.005,13.025,SISAIRE_DIRECTO,directo
05380,2021,40,14.113,86.357,1.0,749.543,27.627,11.982,SISAIRE_DIRECTO,directo
05380,2021,41,13.631,88.223,3.4,750.564,32.377,13.435,SISAIRE_DIRECTO,directo
05380,2021,42,13.232,87.036,1.4,751.008,36.03,10.655,SISAIRE_DIRECTO,directo
05380,2021,43,13.259,88.497,4.0,750.908,40.67,11.105,SISAIRE_DIRECTO,directo
05380,2021,44,13.21,88.012,2.4,750.372,30.863,10.516,SISAIRE_DIRECTO,directo
05380,2021,45,13.034,89.283,3.2,750.015,37.047,11.769,SISAIRE_DIRECTO,directo
05380,2021,46,13.212,89.577,2.6,749.576,32.57,17.092,SISAIRE_DIRECTO,directo
05380,2021,47,13.226,90.988,6.6,749.901,35.04,18.255,SISAIRE_DIRECTO,directo
05380,2021,48,13.712,89.718,1.4,749.645,32.057,15.431,SISAIRE_DIRECTO,directo
05380,2021,49,13.804,89.22,0.0,749.565,36.59,17.145,SISAIRE_DIRECTO,directo
05380,2021,50,13.269,89.048,1.2,749.481,48.095,17.904,SISAIRE_DIRECTO,directo
05380,2021,51,14.042,88.581,0.8,750.294,34.75,14.943,SISAIRE_DIRECTO,directo
05380,2021,52,13.533,91.136,1.4,750.01,41.65,17.308,SISAIRE_DIRECTO,directo
05380,2022,1,10.98,95.2,0.0,751.0,34.46,16.34,SISAIRE_DIRECTO,directo
05380,2022,2,,,,,32.243,13.647,SISAIRE_DIRECTO,directo
05380,2022,3,,,,,41.844,19.484,SISAIRE_DIRECTO,directo
05380,2022,4,12.768,85.263,0.0,750.252,51.445,19.5,SISAIRE_DIRECTO,directo
05380,2022,5,12.67,87.875,5.4,749.796,38.125,22.35,SISAIRE_DIRECTO,directo
05380,2022,6,13.006,90.252,3.2,749.285,47.06,18.649,SISAIRE_DIRECTO,directo
05380,2022,7,12.839,90.614,1.4,749.831,53.71,19.77,SISAIRE_DIRECTO,directo
05380,2022,8,12.914,86.256,0.4,749.679,41.71,26.26,SISAIRE_DIRECTO,directo
05380,2022,9,,,,,34.0,15.644,SISAIRE_DIRECTO,directo
05380,2022,10,,,,,41.135,15.503,SISAIRE_DIRECTO,directo
05380,2022,11,,,,,36.63,20.931,SISAIRE_DIRECTO,directo
05380,2022,12,,,,,49.95,24.453,SISAIRE_DIRECTO,directo
05380,2022,13,13.545,89.957,1.2,749.697,31.813,17.734,SISAIRE_DIRECTO,directo
05380,2022,14,13.965,88.054,2.6,749.686,31.235,15.0,SISAIRE_DIRECTO,directo
05380,2022,15,14.232,86.168,0.2,749.275,32.36,16.926,SISAIRE_DIRECTO,directo
05380,2022,16,13.005,89.12,1.8,750.362,22.647,10.884,SISAIRE_DIRECTO,directo
05380,2022,17,13.79,86.362,3.2,749.729,29.6,10.93,SISAIRE_DIRECTO,directo
05380,2022,18,14.216,85.527,0.2,750.901,24.58,11.255,SISAIRE_DIRECTO,directo
05380,2022,19,14.072,89.495,0.6,749.957,32.76,13.7,SISAIRE_DIRECTO,directo
05380,2022,20,13.929,88.945,0.4,751.762,31.74,14.91,SISAIRE_DIRECTO,directo
05380,2022,21,13.571,87.046,0.4,750.243,41.625,9.853,SISAIRE_DIRECTO,directo
05380,2022,22,12.906,89.994,1.6,750.28,25.937,15.955,SISAIRE_DIRECTO,directo
05380,2022,23,12.734,90.246,5.2,750.329,28.345,15.305,SISAIRE_DIRECTO,directo
05380,2022,24,13.278,90.154,4.2,750.331,25.025,13.082,SISAIRE_DIRECTO,directo
05380,2022,25,13.053,88.813,1.6,750.188,22.047,13.527,SISAIRE_DIRECTO,directo
05380,2022,26,13.029,89.492,1.8,750.742,27.84,13.302,SISAIRE_DIRECTO,directo
05380,2022,27,13.777,84.029,0.4,750.631,41.405,13.507,SISAIRE_DIRECTO,directo
05380,2022,28,14.174,85.712,42.6,750.518,44.255,15.42,SISAIRE_DIRECTO,directo
05380,2022,29,14.003,85.949,34.0,750.283,22.84,15.69,SISAIRE_DIRECTO,directo
05380,2022,30,13.239,89.242,118.6,750.605,29.065,17.252,SISAIRE_DIRECTO,directo
05380,2022,31,13.469,88.406,128.6,749.722,27.52,15.791,SISAIRE_DIRECTO,directo
05380,2022,32,13.773,83.397,42.8,750.628,32.597,15.855,SISAIRE_DIRECTO,directo
05380,2022,33,13.712,86.616,26.0,750.459,38.74,14.374,SISAIRE_DIRECTO,directo
05380,2022,34,13.155,87.65,19.8,750.518,41.185,22.636,SISAIRE_DIRECTO,directo
05380,2022,35,13.631,88.575,52.2,750.181,26.493,16.029,SISAIRE_DIRECTO,directo
05380,2022,36,13.86,85.991,46.6,751.039,41.465,14.99,SISAIRE_DIRECTO,directo
05380,2022,37,12.722,89.352,93.6,750.56,35.09,9.696,SISAIRE_DIRECTO,directo
05380,2022,38,12.571,90.457,93.8,750.351,35.577,11.783,SISAIRE_DIRECTO,directo
05380,2022,39,13.184,89.282,44.2,750.275,36.59,12.658,SISAIRE_DIRECTO,directo
05380,2022,40,13.43,88.457,116.8,749.847,30.395,8.487,SISAIRE_DIRECTO,directo
05380,2022,41,13.313,88.993,21.2,750.588,32.72,11.453,SISAIRE_DIRECTO,directo
05380,2022,42,12.63,92.647,24.2,750.677,34.7,9.712,SISAIRE_DIRECTO,directo
05380,2022,43,13.448,91.077,19.4,749.838,28.965,7.457,SISAIRE_DIRECTO,directo
05380,2022,44,13.482,89.84,1.6,750.575,26.463,8.468,SISAIRE_DIRECTO,directo
05380,2022,45,,,,,25.025,9.161,SISAIRE_DIRECTO,directo
05380,2022,46,13.076666666666666,89.98533333333333,1.3333333333333335,750.091,36.09,11.332,SISAIRE_DIRECTO,directo
05380,2022,47,12.671333333333333,90.13066666666667,1.0666666666666669,749.425,32.743,13.786,SISAIRE_DIRECTO,directo
05380,2022,48,12.266,90.276,0.8,748.788,35.455,14.057,SISAIRE_DIRECTO,directo
05380,2022,49,11.897,94.812,0.0,749.347,25.795,18.03,SISAIRE_DIRECTO,directo
05380,2022,50,13.081,88.186,3.8,749.253,43.17,16.217,SISAIRE_DIRECTO,directo
05380,2022,51,13.633,89.53,1.2,749.651,37.1,20.088,SISAIRE_DIRECTO,directo
05380,2022,52,12.469,93.358,12.8,750.431,39.653,19.95,SISAIRE_DIRECTO,directo
05380,2023,1,,,,,32.725,14.382,SISAIRE_DIRECTO,directo
05380,2023,2,,,,,44.065,14.318,SISAIRE_DIRECTO,directo
05380,2023,3,12.576,90.227,7.2,749.642,40.86,18.409,SISAIRE_DIRECTO,directo
05380,2023,4,13.774,80.916,0.0,749.221,53.55,18.236,SISAIRE_DIRECTO,directo
05380,2023,5,13.338,85.153,5.6,749.926,50.84,24.085,SISAIRE_DIRECTO,directo
05380,2023,6,13.619,88.583,9.2,749.068,52.71,23.006,SISAIRE_DIRECTO,directo
05380,2023,7,13.704,91.371,23.0,749.12,45.743,21.522,SISAIRE_DIRECTO,directo
05380,2023,8,13.311,88.784,50.0,750.329,53.085,27.776,SISAIRE_DIRECTO,directo
05380,2023,9,14.692,88.413,15.4,749.618,62.425,23.225,SISAIRE_DIRECTO,directo
05380,2023,10,12.989,93.156,102.2,750.444,38.163,20.914,SISAIRE_DIRECTO,directo
05380,2023,11,12.598,93.03,74.2,751.176,36.23,16.244,SISAIRE_DIRECTO,directo
05380,2023,12,,,,,66.08268,30.612,SISAIRE_DIRECTO,directo
05380,2023,13,,,,,37.457,25.544,SISAIRE_DIRECTO,directo
05380,2023,14,,,,,32.425,18.379,SISAIRE_DIRECTO,directo
05380,2023,15,,,,,47.48,21.916,SISAIRE_DIRECTO,directo
05380,2023,16,,,,,33.077,15.138,SISAIRE_DIRECTO,directo
05380,2023,17,,,,,35.86,16.955,SISAIRE_DIRECTO,directo
05380,2023,18,,,,,56.195,17.704,SISAIRE_DIRECTO,directo
05380,2023,19,,,,,41.51,19.126,SISAIRE_DIRECTO,directo
05380,2023,20,,,,,34.515,17.925,SISAIRE_DIRECTO,directo
05380,2023,21,,,,,33.88,16.861,SISAIRE_DIRECTO,directo
05380,2023,22,,,,,39.563,15.576,SISAIRE_DIRECTO,directo
05380,2023,23,,,,,61.13,15.675,SISAIRE_DIRECTO,directo
05380,2023,24,,,,,54.23,14.201,SISAIRE_DIRECTO,directo
05380,2023,25,,,,,45.505,14.718,SISAIRE_DIRECTO,directo
05380,2023,26,,,,,46.0,15.532,SISAIRE_DIRECTO,directo
05380,2023,27,,,,,30.2,14.704,SISAIRE_DIRECTO,directo
05380,2023,28,,,,,39.337,15.019,SISAIRE_DIRECTO,directo
05380,2023,29,,,,,47.73,13.097,SISAIRE_DIRECTO,directo
05380,2023,30,,,,,57.7,18.822,SISAIRE_DIRECTO,directo
05380,2023,31,,,,,45.005,15.942,SISAIRE_DIRECTO,directo
05380,2023,32,,,,,25.11,17.981,SISAIRE_DIRECTO,directo
05380,2023,33,,,,,27.319444444444443,17.138,SISAIRE_DIRECTO,directo
05380,2023,34,,,,,29.528888888888886,15.735,SISAIRE_DIRECTO,directo
05380,2023,35,,,,,31.738333333333333,18.22,SISAIRE_DIRECTO,directo
05380,2023,36,,,,,33.94777777777777,17.788,SISAIRE_DIRECTO,directo
05380,2023,37,,,,,,17.285,SISAIRE_DIRECTO,directo
05380,2023,38,,,,,,19.743,SISAIRE_DIRECTO,directo
05380,2023,39,,,,,,20.057,SISAIRE_DIRECTO,directo
05380,2023,40,,,,,,18.201,SISAIRE_DIRECTO,directo
05380,2023,41,,,,,44.995,22.033,SISAIRE_DIRECTO,directo
05380,2023,42,,,,,50.83,21.262,SISAIRE_DIRECTO,directo
05380,2023,43,,,,,52.519999999999996,16.338,SISAIRE_DIRECTO,directo
05380,2023,44,,,,,54.21,17.937,SISAIRE_DIRECTO,directo
05380,2023,45,,,,,56.6,21.777,SISAIRE_DIRECTO,directo
05380,2023,46,,,,,42.015,16.429,SISAIRE_DIRECTO,directo
05380,2023,47,,,,,41.28,16.318,SISAIRE_DIRECTO,directo
05380,2023,48,,,,,57.0,13.25,SISAIRE_DIRECTO,directo
05380,2023,49,,,,,48.265,16.239,SISAIRE_DIRECTO,directo
05380,2023,50,,,,,45.22,14.696,SISAIRE_DIRECTO,directo
05380,2023,51,,,,,53.985,16.564,SISAIRE_DIRECTO,directo
05380,2023,52,,,,,45.703,13.114,SISAIRE_DIRECTO,directo
05390,2018,1,24.313,72.653,48.7,,16.25,9.021,IMPUTADO_PA,directo
05390,2018,2,23.505,74.537,21.7,,30.036,12.554,IMPUTADO_PA,directo
05390,2018,3,24.005,73.725,20.2,,28.945,10.407,IMPUTADO_PA,directo
05390,2018,4,24.475,72.294,2.5,,26.226,9.918,IMPUTADO_PA,directo
05390,2018,5,25.427,72.011,10.9,,45.671,11.207,IMPUTADO_PA,directo
05390,2018,6,26.597,64.283,5.3,,34.205,11.671,IMPUTADO_PA,directo
05390,2018,7,25.049,69.82,11.4,,35.594,10.844,IMPUTADO_PA,directo
05390,2018,8,23.982,70.963,15.2,,22.598,13.057,IMPUTADO_PA,directo
05390,2018,9,25.878,60.479,0.7,,22.064,11.199,IMPUTADO_PA,directo
05390,2018,10,27.169,57.009,0.0,,30.189,13.759,IMPUTADO_PA,directo
05390,2018,11,27.018,59.322,7.2,,31.257,12.505,IMPUTADO_PA,directo
05390,2018,12,25.415,68.816,44.5,,15.342,10.748,IMPUTADO_PA,directo
05390,2018,13,24.848,70.554,66.1,,28.486,10.446,IMPUTADO_PA,directo
05390,2018,14,24.353,68.436,60.3,,30.01,9.043,IMPUTADO_PA,directo
05390,2018,15,23.727,72.321,100.8,,28.213,12.522,IMPUTADO_PA,directo
05390,2018,16,,,,,23.521,11.364,IMPUTADO_PA,directo
05390,2018,17,23.891,75.845,101.0,,25.669,7.743,IMPUTADO_PA,directo
05390,2018,18,24.328,73.777,37.2,,28.513,11.039,IMPUTADO_PA,directo
05390,2018,19,24.248,71.046,67.2,,30.612,10.383,IMPUTADO_PA,directo
05390,2018,20,24.862,69.863,56.8,,34.643,14.828,IMPUTADO_PA,directo
05390,2018,21,24.195,73.512,64.6,,38.377,8.944,IMPUTADO_PA,directo
05390,2018,22,24.272,73.916,12.9,,27.592,9.413,IMPUTADO_PA,directo
05390,2018,23,,,,,26.323,13.992,IMPUTADO_PA,directo
05390,2018,24,24.762,73.519,9.4,,33.332,14.435,IMPUTADO_PA,directo
05390,2018,25,24.721,73.725,23.2,,34.691,10.663,IMPUTADO_PA,directo
05390,2018,26,23.775,71.247,23.5,,26.495,10.866,IMPUTADO_PA,directo
05390,2018,27,24.731,71.209,18.6,,36.099,13.106,IMPUTADO_PA,directo
05390,2018,28,25.413,68.103,0.8,,37.582,7.824,IMPUTADO_PA,directo
05390,2018,29,26.332,64.833,0.1,,40.03,8.66,IMPUTADO_PA,directo
05390,2018,30,25.02,70.995,14.5,,43.847,11.496,IMPUTADO_PA,directo
05390,2018,31,23.822,72.283,70.1,,23.105,14.782,IMPUTADO_PA,directo
05390,2018,32,25.92,59.391,0.0,,30.009,11.218,IMPUTADO_PA,directo
05390,2018,33,24.81,67.24,47.3,,29.988,12.181,IMPUTADO_PA,directo
05390,2018,34,25.857,64.754,0.1,,29.131,14.035,IMPUTADO_PA,directo
05390,2018,35,26.05,65.673,11.5,,24.808,15.781,IMPUTADO_PA,directo
05390,2018,36,24.539,70.046,90.4,,18.249,10.965,IMPUTADO_PA,directo
05390,2018,37,24.15,71.761,60.5,,30.627,11.97,IMPUTADO_PA,directo
05390,2018,38,25.539,68.851,10.3,,23.874,15.27,IMPUTADO_PA,directo
05390,2018,39,24.778,73.213,10.2,,30.574,9.268,IMPUTADO_PA,directo
05390,2018,40,24.244,72.926,30.8,,23.673,13.844,IMPUTADO_PA,directo
05390,2018,41,23.607,73.985,39.6,,21.276,10.172,IMPUTADO_PA,directo
05390,2018,42,24.022,74.209,32.0,,31.738,12.184,IMPUTADO_PA,directo
05390,2018,43,24.454,74.025,31.0,,31.084,11.565,IMPUTADO_PA,directo
05390,2018,44,23.644,76.623,52.3,,34.443,10.281,IMPUTADO_PA,directo
05390,2018,45,24.507,75.296,35.4,,47.043,10.236,IMPUTADO_PA,directo
05390,2018,46,26.246,68.891,1.5,,32.075,12.496,IMPUTADO_PA,directo
05390,2018,47,,,,,33.704,13.787,IMPUTADO_PA,directo
05390,2018,48,,,,,21.449,11.767,IMPUTADO_PA,directo
05390,2018,49,,,,,19.807,12.126,IMPUTADO_PA,directo
05390,2018,50,24.695,72.87,0.0,,42.313,13.025,IMPUTADO_PA,directo
05390,2018,51,24.968,69.896,1.1,,22.658,10.256,IMPUTADO_PA,directo
05390,2018,52,25.499,61.854,0.0,,21.713,13.328,IMPUTADO_PA,directo
05390,2021,3,,,,,,13.583,SISAIRE_DIRECTO,directo
05390,2021,4,,,,,,14.241,SISAIRE_DIRECTO,directo
05390,2021,5,,,,,,14.096,SISAIRE_DIRECTO,directo
05390,2021,6,,,,,,12.225,SISAIRE_DIRECTO,directo
05390,2021,7,,,,,,11.988,SISAIRE_DIRECTO,directo
05390,2021,8,,,,,,12.935,SISAIRE_DIRECTO,directo
05390,2021,9,,,,,,15.448,SISAIRE_DIRECTO,directo
05390,2021,10,,,,,,10.296,SISAIRE_DIRECTO,directo
05390,2021,11,,,,,,10.507,SISAIRE_DIRECTO,directo
05390,2021,12,,,,,,9.947,SISAIRE_DIRECTO,directo
05390,2021,13,,,,,,11.532,SISAIRE_DIRECTO,directo
05411,2018,1,,,,,7.493,9.147,IMPUTADO_PA,directo
05411,2018,2,,,,,25.02,15.346,IMPUTADO_PA,directo
05411,2018,3,,,,,7.931,4.993,IMPUTADO_PA,directo
05411,2018,4,,,,,20.251,4.708,IMPUTADO_PA,directo
05411,2018,5,,,,,17.699,8.972,IMPUTADO_PA,directo
05411,2018,6,,,,,4.748,9.146,IMPUTADO_PA,directo
05411,2018,7,,,,,24.151,4.441,IMPUTADO_PA,directo
05411,2018,8,,,,,18.12,4.899,IMPUTADO_PA,directo
05411,2018,9,,,,,4.637,8.18,IMPUTADO_PA,directo
05411,2018,10,,,,,27.684,3.425,IMPUTADO_PA,directo
05411,2018,11,,,,,32.354,4.874,IMPUTADO_PA,directo
05411,2018,12,,,,,32.786,6.611,IMPUTADO_PA,directo
05411,2018,13,,,,,23.915,9.76,IMPUTADO_PA,directo
05411,2018,14,,,,,21.461,4.199,IMPUTADO_PA,directo
05411,2018,15,,,,,31.516,0.035349999999999944,IMPUTADO_PA,directo
05411,2018,16,,,,,34.294,0.035349999999999944,IMPUTADO_PA,directo
05411,2018,17,,,,,29.99,1.924,IMPUTADO_PA,directo
05411,2018,18,,,,,13.716,1.737,IMPUTADO_PA,directo
05411,2018,19,,,,,22.679,5.763,IMPUTADO_PA,directo
05411,2018,20,,,,,24.547,2.169,IMPUTADO_PA,directo
05411,2018,21,,,,,6.908,3.858,IMPUTADO_PA,directo
05411,2018,22,,,,,24.781,3.61,IMPUTADO_PA,directo
05411,2018,23,,,,,38.926,4.769,IMPUTADO_PA,directo
05411,2018,24,,,,,26.119,10.895,IMPUTADO_PA,directo
05411,2018,25,,,,,32.655,8.6,IMPUTADO_PA,directo
05411,2018,26,,,,,22.535,6.356,IMPUTADO_PA,directo
05411,2018,27,,,,,20.526,4.698,IMPUTADO_PA,directo
05411,2018,28,,,,,24.09,4.795,IMPUTADO_PA,directo
05411,2018,29,,,,,14.702,7.439,IMPUTADO_PA,directo
05411,2018,30,,,,,13.542,8.33,IMPUTADO_PA,directo
05411,2018,31,,,,,31.031,3.146,IMPUTADO_PA,directo
05411,2018,32,,,,,31.863,6.427,IMPUTADO_PA,directo
05411,2018,33,,,,,13.327,0.035349999999999944,IMPUTADO_PA,directo
05411,2018,34,,,,,28.692,7.036,IMPUTADO_PA,directo
05411,2018,35,,,,,20.418,8.948,IMPUTADO_PA,directo
05411,2018,36,,,,,23.765,5.327,IMPUTADO_PA,directo
05411,2018,37,,,,,24.709,12.612,IMPUTADO_PA,directo
05411,2018,38,,,,,28.898,3.238,IMPUTADO_PA,directo
05411,2018,39,,,,,21.749,7.056,IMPUTADO_PA,directo
05411,2018,40,,,,,32.159,6.176,IMPUTADO_PA,directo
05411,2018,41,,,,,23.527,5.952,IMPUTADO_PA,directo
05411,2018,42,,,,,25.995,5.903,IMPUTADO_PA,directo
05411,2018,43,,,,,14.565,6.672,IMPUTADO_PA,directo
05411,2018,44,,,,,38.029,9.246,IMPUTADO_PA,directo
05411,2018,45,,,,,24.785,11.087,IMPUTADO_PA,directo
05411,2018,46,,,,,26.692,6.292,IMPUTADO_PA,directo
05411,2018,47,,,,,8.488,9.133,IMPUTADO_PA,directo
05411,2018,48,,,,,14.648,3.862,IMPUTADO_PA,directo
05411,2018,49,,,,,30.808,8.961,IMPUTADO_PA,directo
05411,2018,50,,,,,23.35,3.652,IMPUTADO_PA,directo
05411,2018,51,,,,,6.091,10.09,IMPUTADO_PA,directo
05411,2018,52,,,,,29.243,13.981,IMPUTADO_PA,directo
05411,2019,1,,,,,,6.476,IMPUTADO_PA,directo
05411,2019,2,,,,,,0.035349999999999944,IMPUTADO_PA,directo
05411,2019,3,,,,,,4.996,IMPUTADO_PA,directo
05411,2019,4,,,,,,11.18,IMPUTADO_PA,directo
05411,2019,5,,,,,,8.822,IMPUTADO_PA,directo
05411,2019,6,,,,,,7.765,IMPUTADO_PA,directo
05411,2019,7,,,,,,10.405,IMPUTADO_PA,directo
05411,2019,8,,,,,,8.583,IMPUTADO_PA,directo
05411,2019,9,,,,,,11.131,IMPUTADO_PA,directo
05411,2019,10,,,,,,10.095,IMPUTADO_PA,directo
05411,2019,11,25.35,78.429,0.0,870.736,,12.187,IMPUTADO_PA,directo
05411,2019,12,25.206952380952384,89.685,59.4,873.222,,8.147,IMPUTADO_PA,directo
05411,2019,13,25.063904761904762,86.179,32.4,872.387,,10.045,IMPUTADO_PA,directo
05411,2019,14,24.920857142857145,88.417,69.2,873.936,,5.833,IMPUTADO_PA,directo
05411,2019,15,24.777809523809523,89.179,33.4,872.718,,4.81,IMPUTADO_PA,directo
05411,2019,16,,91.369,142.4,873.017,,12.83,IMPUTADO_PA,directo
05411,2019,17,,86.649,32.6,872.725,,7.651,IMPUTADO_PA,directo
05411,2019,18,,84.31,1.4,871.582,,9.697,IMPUTADO_PA,directo
05411,2019,19,,88.357,74.8,872.651,,7.33,IMPUTADO_PA,directo
05411,2019,20,,89.976,140.4,873.29,,4.862,IMPUTADO_PA,directo
05411,2019,21,,89.226,110.0,873.154,,6.938,IMPUTADO_PA,directo
05411,2019,22,,88.405,89.4,873.793,,11.889,IMPUTADO_PA,directo
05411,2019,23,,88.631,75.2,873.37,,8.829,IMPUTADO_PA,directo
05411,2019,24,,89.232,38.8,873.627,,0.953,IMPUTADO_PA,directo
05411,2019,25,,83.476,0.0,872.397,,6.152,IMPUTADO_PA,directo
05411,2019,26,,87.018,14.8,872.226,,13.093,IMPUTADO_PA,directo
05411,2019,27,,83.768,17.8,872.762,,6.157,IMPUTADO_PA,directo
05411,2019,28,,87.393,17.8,873.182,,0.644,IMPUTADO_PA,directo
05411,2019,29,,81.744,8.8,872.343,,13.477,IMPUTADO_PA,directo
05411,2019,30,,86.899,52.4,873.716,,9.271,IMPUTADO_PA,directo
05411,2019,31,,86.595,16.0,872.849,,6.657,IMPUTADO_PA,directo
05411,2019,32,22.346,83.405,0.6,873.623,,5.61,IMPUTADO_PA,directo
05411,2019,33,21.309,86.911,52.0,873.451,,10.661,IMPUTADO_PA,directo
05411,2019,34,21.474,84.476,9.0,873.428,,5.017,IMPUTADO_PA,directo
05411,2019,35,21.792,81.534,5.4,872.511,,10.89,IMPUTADO_PA,directo
05411,2019,36,21.986,83.327,30.6,873.118,,8.784,IMPUTADO_PA,directo
05411,2019,37,21.959,85.215,68.4,872.437,,7.75,IMPUTADO_PA,directo
05411,2019,38,19.418,94.939,43.0,873.606,,7.406,IMPUTADO_PA,directo
05411,2019,39,21.386,85.774,22.0,873.841,,6.292,IMPUTADO_PA,directo
05411,2019,40,20.571,88.6,25.6,873.176,,10.533,IMPUTADO_PA,directo
05411,2019,41,20.042,89.847,49.2,872.033,,3.893,IMPUTADO_PA,directo
05411,2019,42,20.124,90.661,119.8,873.782,,1.265,IMPUTADO_PA,directo
05411,2019,43,20.317,90.44,76.2,872.897,,9.035,IMPUTADO_PA,directo
05411,2019,44,20.73,86.957,45.0,872.327,,9.093,IMPUTADO_PA,directo
05411,2019,45,20.85,84.78206666666667,54.4,871.173,,8.569,IMPUTADO_PA,directo
05411,2019,46,21.118,82.60713333333332,18.8,872.049,,8.317,IMPUTADO_PA,directo
05411,2019,47,20.684,80.4322,42.6,873.116,,5.786,IMPUTADO_PA,directo
05411,2019,48,21.951,78.25726666666667,39.0,871.511,,9.636,IMPUTADO_PA,directo
05411,2019,49,21.351,,35.8,873.336,,6.742,IMPUTADO_PA,directo
05411,2019,50,20.846,,50.6,872.282,,5.208,IMPUTADO_PA,directo
05411,2019,51,21.203,,11.2,871.308,,5.816,IMPUTADO_PA,directo
05411,2019,52,21.546,,12.8,871.474,,13.921,IMPUTADO_PA,directo
05425,2018,1,21.68,85.19,6.3,,0.0,11.971,SIN_DATO,directo
05425,2018,2,21.061,86.726,18.6,,0.0,13.672,SIN_DATO,directo
05425,2018,3,21.571,86.726,44.9,,0.0,18.398,SIN_DATO,directo
05425,2018,4,22.979,82.899,9.4,,0.0,10.296,SIN_DATO,directo
05425,2018,5,22.636,83.994,7.6,,0.0,17.086,SIN_DATO,directo
05425,2018,6,22.757,75.695,1.5,,0.0,7.777,SIN_DATO,directo
05425,2018,7,22.846,76.036,0.4,,0.0,11.75,SIN_DATO,directo
05425,2018,8,22.134,71.234,5.5,,0.0,7.073,SIN_DATO,directo
05425,2018,9,21.976,76.446,4.4,,0.0,13.972,SIN_DATO,directo
05425,2018,10,23.685,75.677,4.1,,0.0,11.123,SIN_DATO,directo
05425,2018,11,23.67,79.658,6.1,,0.0,11.446,SIN_DATO,directo
05425,2018,12,22.465,85.399,27.5,,0.0,19.736,SIN_DATO,directo
05425,2018,13,21.826,86.323,32.2,,0.0,11.94,SIN_DATO,directo
05425,2018,14,20.779,91.196,33.2,,0.0,19.048,SIN_DATO,directo
05425,2018,15,21.674,86.911,23.0,,0.0,10.953,SIN_DATO,directo
05425,2018,16,22.465,84.714,32.4,,0.0,14.336,SIN_DATO,directo
05425,2018,17,22.048,87.137,32.6,,0.0,13.792,SIN_DATO,directo
05425,2018,18,22.46,85.607,12.6,,0.0,18.254,SIN_DATO,directo
05425,2018,19,21.551,89.25,46.1,,0.0,12.772,SIN_DATO,directo
05425,2018,20,21.717,87.696,7.3,,0.0,16.478,SIN_DATO,directo
05425,2018,21,22.286,86.69,15.5,,0.0,16.196,SIN_DATO,directo
05425,2018,22,22.254,87.208,0.0,,0.0,10.383,SIN_DATO,directo
05425,2018,23,23.265,82.232,0.0,,0.0,19.399,SIN_DATO,directo
05425,2018,24,22.751,84.94,0.0,,0.0,20.12,SIN_DATO,directo
05425,2018,25,22.062,83.133,0.0,,0.0,15.086,SIN_DATO,directo
05425,2018,26,22.132,84.81,0.0,,0.0,10.055,SIN_DATO,directo
05425,2018,27,22.529,83.97,0.0,,0.0,18.8,SIN_DATO,directo
05425,2018,28,23.298,78.536,0.1,,0.0,13.923,SIN_DATO,directo
05425,2018,29,23.162,78.364,0.0,,0.0,15.0,SIN_DATO,directo
05425,2018,30,22.243,85.482,0.0,,0.0,13.329,SIN_DATO,directo
05425,2018,31,21.514,88.792,0.0,,0.0,10.238,SIN_DATO,directo
05425,2018,32,23.915,70.357,0.0,,0.0,12.704,SIN_DATO,directo
05425,2018,33,22.714,83.149,0.0,,0.0,12.423,SIN_DATO,directo
05425,2018,34,23.236,81.488,0.0,,0.0,12.509,SIN_DATO,directo
05425,2018,35,22.736,80.899,0.0,,0.0,13.926,SIN_DATO,directo
05425,2018,36,22.222,84.786,0.0,,0.0,16.578,SIN_DATO,directo
05425,2018,37,21.751,89.012,0.0,,0.0,12.267,SIN_DATO,directo
05425,2018,38,22.867,84.28,0.0,,0.0,13.106,SIN_DATO,directo
05425,2018,39,22.423,86.03,0.0,,0.0,19.842,SIN_DATO,directo
05425,2018,40,22.004,85.833,0.0,,0.0,7.384,SIN_DATO,directo
05425,2018,41,21.217,90.006,0.0,,0.0,18.6,SIN_DATO,directo
05425,2018,42,21.657,89.06,0.0,,0.0,17.715,SIN_DATO,directo
05425,2018,43,21.608,91.929,0.0,,0.0,8.458,SIN_DATO,directo
05425,2018,44,21.962,88.952,0.0,,0.0,7.447,SIN_DATO,directo
05425,2018,45,21.551,90.714,0.0,,0.0,18.801,SIN_DATO,directo
05425,2018,46,22.619,86.857,0.0,,0.0,9.226,SIN_DATO,directo
05425,2018,47,22.09,90.071,0.0,,0.0,13.764,SIN_DATO,directo
05425,2018,48,21.735,87.0,0.0,,0.0,19.22,SIN_DATO,directo
05425,2018,49,21.838,82.196,0.0,,0.0,15.848,SIN_DATO,directo
05425,2018,50,22.821,85.351,0.0,,0.0,15.467,SIN_DATO,directo
05425,2018,51,22.564,83.357,0.0,,0.0,17.198,SIN_DATO,directo
05425,2018,52,23.404,82.333,0.0,,0.0,17.117,SIN_DATO,directo
05425,2019,1,23.338,76.417,0.0,,0.0,10.087,SIN_DATO,directo
05425,2019,2,21.394,80.06,0.0,,0.0,8.643,SIN_DATO,directo
05425,2019,3,22.845,80.054,0.0,,0.0,10.793,SIN_DATO,directo
05425,2019,4,23.829,81.113,0.0,,0.0,0.035349999999999944,SIN_DATO,directo
05425,2019,5,22.188,81.381,0.0,,,10.428,SIN_DATO,directo
05425,2019,6,22.69,79.994,0.0,,,8.877,SIN_DATO,directo
05425,2019,7,23.309,79.643,0.0,,,9.111,SIN_DATO,directo
05425,2019,8,22.799,83.274,0.0,,,11.936,SIN_DATO,directo
05425,2019,9,22.777,80.357,0.0,,,9.021,SIN_DATO,directo
05425,2019,10,23.3,82.399,0.0,916.021,,5.046,SIN_DATO,directo
05425,2019,11,23.519,82.69,0.0,915.83,,8.772,SIN_DATO,directo
05425,2019,12,21.853,86.405,0.0,917.427,,9.552,SIN_DATO,directo
05425,2019,13,22.555,86.185,0.0,916.769,,9.729,SIN_DATO,directo
05425,2019,14,22.603,82.208,0.0,917.917,,9.904,SIN_DATO,directo
05425,2019,15,22.811,86.554,0.0,916.61,,13.178,SIN_DATO,directo
05425,2019,16,22.277,88.702,0.0,916.942,,5.248,SIN_DATO,directo
05425,2019,17,22.558,86.083,0.0,917.023,,9.956,SIN_DATO,directo
05425,2019,18,24.264,82.274,0.0,915.596,,14.113,SIN_DATO,directo
05425,2019,19,22.63,87.226,0.0,916.511,,2.828,SIN_DATO,directo
05425,2019,20,22.345,86.69,0.0,917.222,,9.97,SIN_DATO,directo
05425,2019,21,22.176,88.768,0.0,917.059,,7.116,SIN_DATO,directo
05425,2019,22,21.474,91.958,0.0,917.782,,7.917,SIN_DATO,directo
05425,2019,23,22.932,84.375,0.0,917.314,,5.924,SIN_DATO,directo
05425,2019,24,22.619,88.161,0.0,917.632,,8.667,SIN_DATO,directo
05425,2019,25,23.62,73.149,0.0,916.923,,16.169,SIN_DATO,directo
05425,2019,26,23.277,80.911,0.0,916.336,,4.583,SIN_DATO,directo
05425,2019,27,23.314,78.286,0.0,916.897,,4.936,SIN_DATO,directo
05425,2019,28,22.663,83.268,0.0,917.274,,4.443,SIN_DATO,directo
05425,2019,29,23.298,78.101,0.0,916.664,,15.745,SIN_DATO,directo
05425,2019,30,22.274,83.494,0.0,917.964,,7.575,SIN_DATO,directo
05425,2019,31,23.1,81.458,0.0,916.909,,9.204,SIN_DATO,directo
05425,2019,32,24.036,70.774,0.0,917.943,,7.797,SIN_DATO,directo
05425,2019,33,23.033,77.667,0.0,917.61,,5.777,SIN_DATO,directo
05425,2019,34,24.061,76.208,18.4,917.476,,8.423,SIN_DATO,directo
05425,2019,35,23.389,78.789,195.9,916.629,,18.471,SIN_DATO,directo
05425,2019,36,23.571,80.923,181.5,917.121,,14.494,SIN_DATO,directo
05425,2019,37,23.714,81.535,384.0,916.012,,6.118,SIN_DATO,directo
05425,2019,38,21.492,88.425,67.6,917.358,,11.716,SIN_DATO,directo
05425,2019,39,22.511,83.351,56.6,917.646,,6.198,SIN_DATO,directo
05425,2019,40,22.199,84.72,28.2,917.148,,2.673,SIN_DATO,directo
05425,2019,41,22.049,86.274,54.7,915.915,,13.104,SIN_DATO,directo
05425,2019,42,21.711,85.69,129.3,917.939,,13.628,SIN_DATO,directo
05425,2019,43,21.656,87.711,98.5,916.977,,13.203,SIN_DATO,directo
05425,2019,44,22.829,84.655,56.0,916.217,,7.547,SIN_DATO,directo
05425,2019,45,23.255,84.31,77.2,914.992,,8.678,SIN_DATO,directo
05425,2019,46,21.698,87.458,28.0,916.732,,12.097,SIN_DATO,directo
05425,2019,47,22.025,83.333,12.3,917.182,,10.761,SIN_DATO,directo
05425,2019,48,23.361,84.381,111.1,915.463,,7.831,SIN_DATO,directo
05425,2019,49,22.198,86.321,61.1,917.314,,3.26,SIN_DATO,directo
05425,2019,50,22.132,81.768,1.8,916.403,,9.725,SIN_DATO,directo
05425,2019,51,23.107,84.423,38.6,915.183,,13.326,SIN_DATO,directo
05425,2019,52,23.362,86.28,11.6,915.461,,4.832,SIN_DATO,directo
05425,2020,1,22.255,83.357,12.4,917.763,,11.242,SIN_DATO,directo
05425,2020,2,23.009,73.613,0.4,916.823,,14.463,SIN_DATO,directo
05425,2020,3,24.667,71.161,0.9,915.119,,16.165,SIN_DATO,directo
05425,2020,4,22.073,83.542,50.2,917.595,,4.045,SIN_DATO,directo
05425,2020,5,22.988,77.244,21.1,917.846,,0.035349999999999944,SIN_DATO,directo
05425,2020,6,24.009,73.786,0.2,917.11,,0.08740543478260865,SIN_DATO,directo
05425,2020,7,24.624,72.756,74.4,915.703,,0.13946086956521733,SIN_DATO,directo
05425,2020,8,24.303,77.25,8.9,916.38,,0.19151630434782602,SIN_DATO,directo
05425,2020,9,23.183,76.351,1.6,917.971,,0.24357173913043473,SIN_DATO,directo
05425,2020,10,24.405,75.506,1.5,916.737,,,SIN_DATO,directo
05425,2020,11,23.028,81.482,13.6,917.226,,,SIN_DATO,directo
05425,2020,12,23.068,73.631,3.2,918.29,,,SIN_DATO,directo
05425,2020,13,23.862,73.03,11.3,916.535,,,SIN_DATO,directo
05425,2020,14,22.983,85.679,178.7,916.392,,,SIN_DATO,directo
05425,2020,15,23.453,84.874,89.5,916.972,,,SIN_DATO,directo
05425,2020,16,22.278,84.298,93.8,918.441,,,SIN_DATO,directo
05425,2020,17,22.923,85.179,100.0,917.786,,,SIN_DATO,directo
05425,2020,18,23.349,86.095,30.2,917.661,,,SIN_DATO,directo
05425,2020,19,23.807,82.375,16.0,916.67,,,SIN_DATO,directo
05425,2020,20,23.134,87.399,58.8,917.398,,,SIN_DATO,directo
05425,2020,21,23.619,85.101,36.7,917.31,,,SIN_DATO,directo
05425,2020,22,22.237,88.327,68.0,918.043,,,SIN_DATO,directo
05425,2020,23,21.992,88.506,36.1,918.519,,,SIN_DATO,directo
05425,2020,24,22.189,84.815,38.9,918.014,,,SIN_DATO,directo
05425,2020,25,22.282,86.357,48.8,917.635,,,SIN_DATO,directo
05425,2020,26,22.81,85.494,42.7,916.543,,,SIN_DATO,directo
05425,2020,27,21.879,88.607,111.8,916.836,,,SIN_DATO,directo
05425,2020,28,21.677,89.108,95.1,917.657,,,SIN_DATO,directo
05425,2020,29,23.082,79.911,5.6,916.703,,,SIN_DATO,directo
05425,2020,30,21.418,90.137,90.8,917.433,,,SIN_DATO,directo
05425,2020,31,22.999,78.798,82.3,917.161,,,SIN_DATO,directo
05425,2020,32,23.528,70.452,7.8,917.808,,,SIN_DATO,directo
05425,2020,33,23.029,83.745,63.7,915.627,,,SIN_DATO,directo
05425,2020,34,21.793,89.25,42.0,917.61,,,SIN_DATO,directo
05425,2020,35,21.781,86.762,59.5,917.713,,,SIN_DATO,directo
05425,2020,36,22.052,86.683,53.6,917.041,,,SIN_DATO,directo
05425,2020,37,21.488,88.385,36.1,916.888,,,SIN_DATO,directo
05425,2021,19,23.714,82.562,12.0,,,,SIN_DATO,directo
05425,2021,20,22.751,89.268,6.4,,,,SIN_DATO,directo
05425,2021,21,22.462,89.333,0.2,,,,SIN_DATO,directo
05425,2021,22,22.763,86.506,0.0,,,,SIN_DATO,directo
05425,2021,23,21.743,88.006,0.0,,,,SIN_DATO,directo
05425,2021,24,22.21,88.923,0.0,,,,SIN_DATO,directo
05425,2021,25,21.426,88.101,1.4,,,,SIN_DATO,directo
05425,2021,26,22.373,82.685,0.9,,,,SIN_DATO,directo
05425,2021,27,22.679,84.542,0.0,916.45225,,,SIN_DATO,directo
05425,2021,28,22.832,83.512,0.0,,,,SIN_DATO,directo
05425,2021,29,22.912,77.744,0.0,,,,SIN_DATO,directo
05425,2021,30,22.351,90.667,0.0,,,,SIN_DATO,directo
05425,2021,31,22.738,85.673,0.0,,,,SIN_DATO,directo
05425,2021,32,22.022,0.556,0.0,,,,SIN_DATO,directo
05425,2021,33,21.597,0.09,0.0,,,,SIN_DATO,directo
05425,2021,34,22.301,0.623,0.0,916.471,,,SIN_DATO,directo
05425,2021,35,21.689,0.095,0.0,917.796,,,SIN_DATO,directo
05425,2021,36,21.987,0.94,0.0,918.097,,,SIN_DATO,directo
05425,2021,37,22.548,0.077,0.0,918.351,,,SIN_DATO,directo
05425,2021,38,22.733,0.899,0.0,917.427,,,SIN_DATO,directo
05425,2021,39,22.158,23.28,0.0,916.983,,,SIN_DATO,directo
05425,2021,40,22.156,90.417,0.0,916.139,,,SIN_DATO,directo
05425,2021,41,22.069,91.071,0.0,917.423,,,SIN_DATO,directo
05425,2021,42,21.907,90.44,0.0,918.246,,,SIN_DATO,directo
05425,2021,43,21.423,91.327,0.0,918.109,,,SIN_DATO,directo
05425,2021,44,21.33,32.958,0.0,917.621,,,SIN_DATO,directo
05425,2021,45,21.76,0.593,0.0,917.04,,,SIN_DATO,directo
05425,2021,46,21.792,9.155,0.0,916.442,,,SIN_DATO,directo
05425,2021,47,21.097,0.095,0.0,917.21,,,SIN_DATO,directo
05425,2021,48,22.112,0.049,0.0,916.445,,,SIN_DATO,directo
05425,2021,49,22.339,0.077,0.0,916.194,,,SIN_DATO,directo
05425,2021,50,21.756,0.042,0.0,916.362,,,SIN_DATO,directo
05425,2021,51,22.134,0.03,0.0,917.228,,,SIN_DATO,directo
05425,2021,52,22.157,0.039,0.0,916.845,,,SIN_DATO,directo
05425,2022,1,20.64,0.0,0.0,918.06,,,SIN_DATO,directo
05425,2022,4,21.955,0.049,0.0,917.894,,,SIN_DATO,directo
05425,2022,5,21.669,6.0,0.0,917.233,,,SIN_DATO,directo
05425,2022,6,21.855,0.038,0.0,916.304,,,SIN_DATO,directo
05425,2022,7,21.908,0.417,0.0,917.034,,,SIN_DATO,directo
05425,2022,8,22.333,0.163,0.0,916.963,,,SIN_DATO,directo
05425,2022,13,22.399,0.083,0.0,,,,SIN_DATO,directo
05425,2022,14,22.396,0.661,0.0,,,,SIN_DATO,directo
05425,2022,15,22.646,0.081,0.0,,,,SIN_DATO,directo
05425,2022,16,20.795,1.482,0.0,,,,SIN_DATO,directo
05425,2022,17,22.112,0.09,0.0,,,,SIN_DATO,directo
05425,2022,18,22.675,0.06,0.0,,,,SIN_DATO,directo
05425,2022,19,22.649,0.098,0.0,,,,SIN_DATO,directo
05425,2022,20,22.383,0.047,0.0,,,,SIN_DATO,directo
05425,2022,21,22.151,0.072,0.0,,,,SIN_DATO,directo
05425,2022,22,21.408,0.063,0.0,,,,SIN_DATO,directo
05425,2022,23,21.081,0.054,0.3,,,,SIN_DATO,directo
05425,2022,24,21.456,7.612,47.1,,,,SIN_DATO,directo
05425,2022,25,21.523,0.044,84.8,,,,SIN_DATO,directo
05425,2022,26,22.047,0.118,30.3,,,,SIN_DATO,directo
05425,2022,27,25.494,23.596,0.0,,,,SIN_DATO,directo
05425,2022,28,24.41,0.118,4.3,,,,SIN_DATO,directo
05425,2022,29,24.184,0.032,1.2,,,,SIN_DATO,directo
05425,2022,30,23.937,1.857,8.0,,,,SIN_DATO,directo
05425,2022,31,24.254,24.087,0.1,,,,SIN_DATO,directo
05425,2022,32,25.6,31.381,0.0,,,,SIN_DATO,directo
05425,2022,33,24.175,43.382,0.2,,,,SIN_DATO,directo
05425,2022,34,23.248,23.875,1.4,,,,SIN_DATO,directo
05425,2022,35,24.398,33.881,2.1,,,,SIN_DATO,directo
05425,2022,36,24.918,71.237,0.7,,,,SIN_DATO,directo
05425,2022,37,23.948,64.212,0.1,,,,SIN_DATO,directo
05425,2022,38,23.206,36.265,0.0,,,,SIN_DATO,directo
05425,2022,39,24.044,30.538,0.0,,,,SIN_DATO,directo
05425,2022,40,23.181,69.031,0.0,,,,SIN_DATO,directo
05425,2022,41,23.819,91.423,0.0,,,,SIN_DATO,directo
05425,2022,42,22.588,95.154,0.0,,,,SIN_DATO,directo
05425,2022,43,23.56,98.72749999999998,0.1,,,,SIN_DATO,directo
05425,2022,44,23.56,81.0,0.0,,,,SIN_DATO,directo
05425,2022,48,24.345,77.182,0.0,,,,SIN_DATO,directo
05425,2022,49,22.275,87.0,0.0,,,,SIN_DATO,directo
05425,2022,50,23.923,83.538,0.0,,,,SIN_DATO,directo
05425,2022,51,24.737,77.833,0.0,,,,SIN_DATO,directo
05425,2022,52,23.85,79.786,0.0,,,,SIN_DATO,directo
05425,2023,1,23.711,78.214,0.0,,,,SIN_DATO,directo
05425,2023,2,22.514,91.182,0.0,,,,SIN_DATO,directo
05425,2023,3,23.952,79.276,0.0,,,,SIN_DATO,directo
05425,2023,4,25.67,75.522,0.0,,,,SIN_DATO,directo
05425,2023,5,27.301125,51.511,0.0,,,,SIN_DATO,directo
05425,2023,15,28.93225,27.5,0.0,,,,SIN_DATO,directo
05425,2023,16,21.226,97.857,0.0,,,,SIN_DATO,directo
05425,2023,17,22.131,98.72749999999998,0.0,,,,SIN_DATO,directo
05425,2023,18,24.182,94.271,0.0,,,,SIN_DATO,directo
05425,2023,19,23.562,97.595,0.0,,,,SIN_DATO,directo
05425,2023,20,22.18,98.72749999999998,0.0,,,,SIN_DATO,directo
05425,2023,48,22.18,98.72749999999998,0.0,,,16.629,SISAIRE_DIRECTO,directo
05425,2023,49,22.18,98.72749999999998,0.0,,,18.418,SISAIRE_DIRECTO,directo
05425,2023,50,22.18,98.72749999999998,0.0,,,15.422,SISAIRE_DIRECTO,directo
05425,2023,51,22.18,98.72749999999998,0.0,,,14.922,SISAIRE_DIRECTO,directo
05425,2023,52,,,74.5,,,14.06,SISAIRE_DIRECTO,directo
05440,2019,10,14.37275,89.417,3.0,788.748,36.31,16.44,SIN_DATO,directo
05440,2019,11,14.459125,88.637,3.0,788.416,19.599,19.799,SIN_DATO,directo
05440,2019,12,14.545499999999999,89.607,23.0,789.411,16.648,19.49,SIN_DATO,directo
05440,2019,13,,89.917,16.6,788.958,18.535,23.039,SIN_DATO,directo
05440,2019,14,,88.792,63.0,789.932,27.849,19.611,SIN_DATO,directo
05440,2019,15,,87.476,50.0,789.039,22.61,19.214,SIN_DATO,directo
05440,2019,16,,88.274,98.8,789.139,21.796,17.937,SIN_DATO,directo
05440,2019,17,,88.375,109.8,789.181,19.676,15.93,SIN_DATO,directo
05440,2019,18,,83.952,0.0,788.547,21.515,22.953,SIN_DATO,directo
05440,2019,19,,87.25,90.4,788.899,19.315,15.216,SIN_DATO,directo
05440,2019,20,,88.22,73.2,789.31,25.744,21.658,SIN_DATO,directo
05440,2019,21,,89.286,79.2,789.174,20.711,19.814,SIN_DATO,directo
05440,2019,22,,92.77,73.4,789.578,18.629,19.858,SIN_DATO,directo
05440,2019,23,,91.35521052631579,6.8,789.542,27.331,17.013,SIN_DATO,directo
05440,2019,24,,89.94042105263158,3.6,789.82,16.804,20.886,SIN_DATO,directo
05440,2019,25,,88.52563157894737,0.0,789.552,22.686,14.978,SIN_DATO,directo
05440,2019,26,,87.11084210526316,0.4,788.801,11.769,23.795,SIN_DATO,directo
05440,2019,27,,,7.8,789.27,14.678,18.851,SIN_DATO,directo
05440,2019,28,,,6.0,789.302,20.134,15.733,SIN_DATO,directo
05440,2019,29,,,3.6,789.117,19.221,16.464,SIN_DATO,directo
05440,2019,30,,,2.0,789.844,19.213,17.925,SIN_DATO,directo
05440,2019,31,,,0.8,789.252,26.306,12.905,SIN_DATO,directo
05440,2019,32,16.273,,0.0,790.227,26.648,20.471,SIN_DATO,directo
05440,2019,33,16.261,,2.2,789.579,23.712,12.638,SIN_DATO,directo
05440,2019,34,16.446,,0.8,789.862,16.538,20.209,SIN_DATO,directo
05440,2019,35,16.205,,2.4,789.114,21.473,17.931,SIN_DATO,directo
05440,2019,36,17.179,,3.6,789.506,32.48,24.192,SIN_DATO,directo
05440,2019,37,17.032,,45.0,788.955,35.551,12.216,SIN_DATO,directo
05440,2019,38,14.696,,1.8,788.945,27.389,14.774,SIN_DATO,directo
05440,2019,39,16.482,,2.8,789.619,16.73,21.215,SIN_DATO,directo
05440,2019,40,15.025,,8.4,789.02,21.52,19.585,SIN_DATO,directo
05440,2019,41,15.457,65.889,25.8,787.88,23.344,19.793,SIN_DATO,directo
05440,2019,42,15.572,65.223,11.4,789.484,22.507,21.986,SIN_DATO,directo
05440,2019,43,15.603,67.216,19.0,788.643,28.012,17.327,SIN_DATO,directo
05440,2019,44,16.012,65.187,12.4,788.379,26.047,19.882,SIN_DATO,directo
05440,2019,45,15.954,66.551,5.2,787.514,16.462,15.63,SIN_DATO,directo
05440,2019,46,15.271,67.947,27.4,788.399,18.752,15.961,SIN_DATO,directo
05440,2019,47,15.495,68.045,3.0,788.81,27.364,20.585,SIN_DATO,directo
05440,2019,48,16.141,65.742,5.4,787.957,29.818,17.37,SIN_DATO,directo
05440,2019,49,15.843,64.585,5.2,789.268,23.413,22.574,SIN_DATO,directo
05440,2019,50,15.576,66.225,10.6,788.233,30.597,15.093,SIN_DATO,directo
05440,2019,51,16.32,65.45,3.2,787.648,22.78,17.692,SIN_DATO,directo
05440,2019,52,16.765,65.56,4.2,788.042,17.301,16.74,SIN_DATO,directo
05440,2020,1,16.213,64.496,19.2,789.548,17.353758620689653,16.49213793103448,SIN_DATO,directo
05440,2020,2,14.939,61.094,0.0,788.901,17.40651724137931,16.244275862068964,SIN_DATO,directo
05440,2020,3,16.448,62.215,0.0,787.964,17.459275862068964,15.996413793103446,SIN_DATO,directo
05440,2020,4,15.015,65.636,4.0,789.416,17.51203448275862,15.74855172413793,SIN_DATO,directo
05440,2020,5,16.318,65.786,7.8,789.822,,,SIN_DATO,directo
05440,2020,6,15.979,65.786,0.0,789.529,,,SIN_DATO,directo
05440,2020,7,16.349,65.786,4.0,788.411,,,SIN_DATO,directo
05440,2020,8,16.532,65.786,3.2,788.835,,,SIN_DATO,directo
05440,2020,9,16.48,65.786,0.4,790.008,,,SIN_DATO,directo
05440,2020,10,16.881,,5.2,789.332,,,SIN_DATO,directo
05440,2020,11,16.621,,9.2,789.298,,,SIN_DATO,directo
05440,2020,12,16.098,,5.0,790.082,,,SIN_DATO,directo
05440,2020,13,16.399,,2.2,788.945,,,SIN_DATO,directo
05440,2020,14,17.222,,10.4,788.672,,,SIN_DATO,directo
05440,2020,15,17.67,,7.0,789.512,,,SIN_DATO,directo
05440,2020,16,16.028,,3.0,790.437,,,SIN_DATO,directo
05440,2020,17,16.576,,5.2,789.873,,,SIN_DATO,directo
05440,2020,18,17.02,,6.0,789.963,,,SIN_DATO,directo
05440,2020,19,17.894,,3.8,789.301,,,SIN_DATO,directo
05440,2020,20,17.459,,4.0,789.718,,,SIN_DATO,directo
05440,2020,21,18.056,,5.0,789.838,,,SIN_DATO,directo
05440,2020,22,16.705,,19.8,789.92,,,SIN_DATO,directo
05440,2020,23,16.276,,3.8,790.38,,,SIN_DATO,directo
05440,2020,24,16.207,,2.8,789.779,,,SIN_DATO,directo
05440,2020,25,16.888,,25.0,789.538,,,SIN_DATO,directo
05440,2020,26,16.909,,21.0,789.427,,,SIN_DATO,directo
05440,2020,27,,,14.4,,,,SIN_DATO,directo
05440,2020,28,,,3.8,,,,SIN_DATO,directo
05440,2020,29,,,0.6,,18.831,9.552,SIN_DATO,directo
05440,2020,30,,,5.8,,14.438,6.953,SIN_DATO,directo
05440,2020,31,,,5.2,,17.379,8.043,SIN_DATO,directo
05440,2020,32,,,1.2,,25.372,12.286,SIN_DATO,directo
05440,2020,33,,,2.4,,14.799,6.723,SIN_DATO,directo
05440,2020,34,,,48.6,,11.673,5.351,SIN_DATO,directo
05440,2020,35,,,52.2,,12.6142,5.5306,SIN_DATO,directo
05440,2020,36,,,2.8,,13.5554,5.7101999999999995,SIN_DATO,directo
05440,2020,37,,,0.0,,14.4966,5.889799999999999,SIN_DATO,directo
05440,2020,38,,,1.2,,15.437800000000001,6.0694,SIN_DATO,directo
05440,2020,39,,,9.2,,16.379,6.249,SIN_DATO,directo
05440,2020,40,,,13.6,,17.064,6.391,SIN_DATO,directo
05440,2020,41,,,3.6,,20.563,8.015,SIN_DATO,directo
05440,2020,42,,,5.0,,18.921,7.707,SIN_DATO,directo
05440,2020,43,,,22.8,,19.917,8.229,SIN_DATO,directo
05440,2020,44,,,11.6,,21.527,9.288,SIN_DATO,directo
05440,2020,45,,,38.0,,23.615,11.133,SIN_DATO,directo
05440,2020,46,,,24.4,,18.51,8.659,SIN_DATO,directo
05440,2020,47,,,3.6,,18.514,7.817,SIN_DATO,directo
05440,2020,48,,,8.6,,23.115,10.007,SIN_DATO,directo
05440,2020,49,,,1.4,,18.615,8.484,SIN_DATO,directo
05440,2020,50,,,0.2,,23.995,12.122,SIN_DATO,directo
05440,2020,51,,,2.0,,24.79,12.806,SIN_DATO,directo
05440,2020,52,,,13.4,,20.524,11.07,SIN_DATO,directo
05440,2021,44,,,13.4,,17.392,29.3,SISAIRE_DIRECTO,directo
05440,2021,45,,,13.4,,25.35,17.4,SISAIRE_DIRECTO,directo
05440,2021,46,,,13.4,,20.333,16.8,SISAIRE_DIRECTO,directo
05440,2021,47,,,13.4,,23.238666666666667,8.3,SISAIRE_DIRECTO,directo
05440,2021,48,,,,,26.144333333333332,24.4,SISAIRE_DIRECTO,directo
05440,2021,49,,,,,29.05,12.0,SISAIRE_DIRECTO,directo
05440,2021,50,,,,,30.225,21.433,SISAIRE_DIRECTO,directo
05440,2021,51,,,,,31.4,18.05,SISAIRE_DIRECTO,directo
05440,2021,52,,,,,30.799999999999997,12.2,SISAIRE_DIRECTO,directo
05440,2022,1,,,,,30.2,15.8,SISAIRE_DIRECTO,directo
05440,2022,2,,,,,17.1,15.6,SISAIRE_DIRECTO,directo
05440,2022,3,,,,,37.267,18.75,SISAIRE_DIRECTO,directo
05440,2022,4,,,,,39.9,20.4,SISAIRE_DIRECTO,directo
05440,2022,5,,,,,37.3,22.3,SISAIRE_DIRECTO,directo
05440,2022,6,,,,,28.867,15.4,SISAIRE_DIRECTO,directo
05440,2022,7,,,,,32.15,17.95,SISAIRE_DIRECTO,directo
05440,2022,8,,,,,40.7,18.6,SISAIRE_DIRECTO,directo
05440,2022,9,,,,,21.55,14.7,SISAIRE_DIRECTO,directo
05440,2022,51,,,,,36.26,21.44,SISAIRE_DIRECTO,directo
05440,2022,52,,,,,29.945,17.07,SISAIRE_DIRECTO,directo
05440,2023,1,,,,,12.4,10.9,SISAIRE_DIRECTO,directo
05440,2023,2,,,,,16.3,12.067,SISAIRE_DIRECTO,directo
05440,2023,3,,,,,30.5,11.0,SISAIRE_DIRECTO,directo
05440,2023,4,,,,,44.0,17.2,SISAIRE_DIRECTO,directo
05440,2023,5,,,,,35.3,14.4,SISAIRE_DIRECTO,directo
05440,2023,6,,,,,26.75,10.5,SISAIRE_DIRECTO,directo
05440,2023,7,,,,,21.15,9.55,SISAIRE_DIRECTO,directo
05440,2023,8,,,,,41.2,10.9,SISAIRE_DIRECTO,directo
05440,2023,9,,,,,27.5,8.4,SISAIRE_DIRECTO,directo
05440,2023,10,,,,,21.85,12.7,SISAIRE_DIRECTO,directo
05440,2023,11,,,,,19.867,11.2,SISAIRE_DIRECTO,directo
05440,2023,12,,,,,41.2,17.75,SISAIRE_DIRECTO,directo
05440,2023,13,,,,,41.3,17.75,SISAIRE_DIRECTO,directo
05480,2019,10,28.005,83.268,1.8,,,,SIN_DATO,directo
05480,2019,11,28.571,78.315,0.6,,,5.894,SIN_DATO,directo
05480,2019,12,27.477,86.298,54.6,,,5.892,SIN_DATO,directo
05480,2019,13,27.707,86.625,2.0,,,5.904,SIN_DATO,directo
05480,2019,14,27.228,92.089,78.6,,,5.904,SIN_DATO,directo
05480,2019,15,27.824,90.399,33.6,,,5.896,SIN_DATO,directo
05480,2019,16,27.219,93.855,128.2,,,5.893,SIN_DATO,directo
05480,2019,17,28.343,87.649,0.0,938.7611499999999,,5.9,SIN_DATO,directo
05480,2019,18,28.51,92.536,0.0,938.7611499999999,,5.903,SIN_DATO,directo
05480,2019,19,27.695,92.875,0.0,938.7611499999999,,5.907,SIN_DATO,directo
05480,2019,20,26.897,93.072,129.4,938.7611499999999,,5.902,SIN_DATO,directo
05480,2019,21,27.366,12.234,117.8,938.7611499999999,,5.899,SIN_DATO,directo
05480,2019,22,27.392666666666667,0.0,75.6,938.7611499999999,,5.897,SIN_DATO,directo
05480,2019,23,27.419333333333334,0.0,48.8,,,5.9,SIN_DATO,directo
05480,2019,24,27.445999999999998,0.0,165.4,,,5.899,SIN_DATO,directo
05480,2019,25,27.472666666666665,0.0,80.6,,,5.896,SIN_DATO,directo
05480,2019,26,,0.0,121.2,,,5.908,SIN_DATO,directo
05480,2019,27,27.526,39.183,62.8,,,5.907,SIN_DATO,directo
05480,2019,28,26.856,81.78,164.2,,,5.904,SIN_DATO,directo
05480,2019,29,27.557,82.701,95.6,938.7611499999999,,5.897,SIN_DATO,directo
05480,2019,30,26.705,84.783,134.6,938.7611499999999,,5.903,SIN_DATO,directo
05480,2019,31,27.385,85.56,19.8,938.7611499999999,,5.902,SIN_DATO,directo
05480,2019,32,27.41,84.804,100.4,938.7611499999999,,5.902,SIN_DATO,directo
05480,2019,33,26.864,85.902,118.0,938.7611499999999,,5.905,SIN_DATO,directo
05480,2019,34,27.368,83.831,116.2,,,5.902,SIN_DATO,directo
05480,2019,35,27.619,82.971,310.0,,,5.903,SIN_DATO,directo
05480,2019,36,26.756,87.488,308.4,,,5.902,SIN_DATO,directo
05480,2019,37,27.832,85.035,79.8,,,5.901,SIN_DATO,directo
05480,2019,38,26.597,84.742,7.2,,,5.893,SIN_DATO,directo
05480,2019,39,26.848,85.521,0.0,,,5.9,SIN_DATO,directo
05480,2019,40,26.326,85.395,0.0,,,5.898,SIN_DATO,directo
05480,2019,41,27.103,83.03,0.0,,,5.895,SIN_DATO,directo
05480,2019,42,26.525,86.875,0.0,,,5.906,SIN_DATO,directo
05480,2019,43,27.544,80.108,0.0,,,5.906,SIN_DATO,directo
05480,2019,44,27.858,78.786,49.2,,,5.905,SIN_DATO,directo
05480,2019,45,27.264,82.464,97.0,938.7611499999999,,5.901,SIN_DATO,directo
05480,2019,46,27.289,81.099,0.0,938.7611499999999,,5.905,SIN_DATO,directo
05480,2019,47,28.029,77.79,0.0,938.7611499999999,,5.9,SIN_DATO,directo
05480,2019,48,27.822,84.446,0.0,938.7611499999999,,5.901,SIN_DATO,directo
05480,2019,49,27.093,86.619,0.0,938.7611499999999,,5.896,SIN_DATO,directo
05480,2019,50,27.499,84.633,0.0,938.7611499999999,,5.901,SIN_DATO,directo
05480,2019,51,26.956,91.006,0.0,938.7611499999999,,5.9,SIN_DATO,directo
05480,2019,52,27.08,91.845,0.0,938.7611499999999,,5.895,SIN_DATO,directo
05480,2020,1,27.231,86.143,0.0,,,0.035349999999999944,SIN_DATO,directo
05480,2020,2,28.317,80.792,0.0,938.7611499999999,,0.035349999999999944,SIN_DATO,directo
05480,2020,3,28.93225,79.756,0.0,938.7611499999999,,0.035349999999999944,SIN_DATO,directo
05480,2020,4,27.038,85.372,0.0,938.7611499999999,,0.035349999999999944,SIN_DATO,directo
05480,2020,5,27.846,82.661,0.0,938.7611499999999,,0.035349999999999944,SIN_DATO,directo
05480,2020,6,28.457,79.31,0.0,938.7611499999999,,,SIN_DATO,directo
05480,2020,7,28.905,76.56,0.0,,,,SIN_DATO,directo
05480,2020,9,27.717,80.669,0.2,938.7611499999999,,,SIN_DATO,directo
05480,2020,10,28.338,76.204,0.0,938.7611499999999,,,SIN_DATO,directo
05480,2020,11,27.778,78.524,2.8,938.7611499999999,,,SIN_DATO,directo
05480,2020,12,28.431,75.055,0.0,938.7611499999999,,,SIN_DATO,directo
05480,2020,13,28.647,75.341,2.8,,,,SIN_DATO,directo
05480,2020,14,27.551,85.162,4.8,,,,SIN_DATO,directo
05480,2020,15,27.816,88.09,0.8,,,,SIN_DATO,directo
05480,2020,17,27.715,86.006,13.2,,,,SIN_DATO,directo
05480,2020,18,28.318,83.353,142.6,,,,SIN_DATO,directo
05480,2020,19,28.549,84.012,185.2,,,,SIN_DATO,directo
05480,2020,20,27.398,89.539,129.6,,,,SIN_DATO,directo
05480,2020,21,28.651,80.25,136.4,,,,SIN_DATO,directo
05480,2020,22,27.28,85.815,148.4,,,,SIN_DATO,directo
05480,2020,23,27.61,82.982,13.4,,,,SIN_DATO,directo
05480,2020,24,27.802,81.994,102.2,,,,SIN_DATO,directo
05480,2020,25,26.91,85.9,30.6,,,,SIN_DATO,directo
05480,2020,26,26.96015,86.37,91.6,,,,SIN_DATO,directo
05480,2020,27,27.0103,86.84,125.2,,,,SIN_DATO,directo
05480,2020,28,27.06045,87.31,0.0,,,,SIN_DATO,directo
05480,2020,29,27.1106,87.78,20.2,,,,SIN_DATO,directo
05480,2020,30,,,165.2,,,,SIN_DATO,directo
05480,2020,31,,,70.8,,,,SIN_DATO,directo
05480,2020,32,,,94.6,,,,SIN_DATO,directo
05480,2020,33,,,159.2,,,,SIN_DATO,directo
05480,2020,34,,,52.0,,,,SIN_DATO,directo
05480,2020,35,,,110.8,,,,SIN_DATO,directo
05480,2020,36,,,136.6,,,,SIN_DATO,directo
05480,2020,37,,,140.8,,,,SIN_DATO,directo
05480,2020,38,,,55.4,,,,SIN_DATO,directo
05480,2020,40,,,0.0,,,,SIN_DATO,directo
05480,2020,41,,,81.0,,,,SIN_DATO,directo
05480,2020,42,,,24.8,,,,SIN_DATO,directo
05480,2020,43,,,0.0,,,,SIN_DATO,directo
05480,2020,44,,,0.0,,,,SIN_DATO,directo
05480,2020,50,,,0.0,,,,SIN_DATO,directo
05480,2020,51,,,0.0,,,,SIN_DATO,directo
05495,2018,1,,,72.5,,13.401,,SIN_DATO,directo
05495,2018,2,,,82.7,,26.331,,SIN_DATO,directo
05495,2018,3,,,87.0,,38.838,,SIN_DATO,directo
05495,2018,4,,,0.0,,37.934,,SIN_DATO,directo
05495,2018,5,,,0.0,,29.974,,SIN_DATO,directo
05495,2018,6,,,0.0,,38.182,,SIN_DATO,directo
05495,2018,7,,,0.2,,33.37,,SIN_DATO,directo
05495,2018,9,,,0.0,,30.92,,SIN_DATO,directo
05495,2018,10,,,3.1,,23.073,,SIN_DATO,directo
05495,2018,12,,,0.0,,0.0,,SIN_DATO,directo
05495,2018,13,,,64.6,,32.057,,SIN_DATO,directo
05495,2018,14,,,0.0,,0.0,,SIN_DATO,directo
05495,2018,15,,,0.0,,6.436,,SIN_DATO,directo
05495,2018,16,,,0.0,,32.895,,SIN_DATO,directo
05495,2018,17,,,0.8,,33.209,,SIN_DATO,directo
05495,2018,18,,,0.9,,13.26,,SIN_DATO,directo
05495,2018,19,,,0.0,,18.738,,SIN_DATO,directo
05495,2018,20,,,1.8,,44.071,,SIN_DATO,directo
05495,2018,21,,,0.7,,21.512,,SIN_DATO,directo
05495,2018,22,,,0.9,,54.683,,SIN_DATO,directo
05495,2018,23,,,0.0,,27.377,,SIN_DATO,directo
05495,2018,24,,,0.3,,32.363,,SIN_DATO,directo
05495,2018,25,,,0.0,,47.068,,SIN_DATO,directo
05495,2018,26,,,12.6,,28.994,,SIN_DATO,directo
05495,2018,27,,,40.5,,15.208,,SIN_DATO,directo
05495,2018,28,,,11.1,,26.065,,SIN_DATO,directo
05495,2018,29,,,0.7,,26.967,,SIN_DATO,directo
05495,2018,30,,,4.3,,10.799,,SIN_DATO,directo
05495,2018,42,,,99.3,,22.384,,SIN_DATO,directo
05495,2018,43,,,969.2000000000086,,10.166,,SIN_DATO,directo
05495,2018,44,,,969.2000000000086,,32.799,,SIN_DATO,directo
05495,2018,45,,,969.2000000000086,,33.036,,SIN_DATO,directo
05495,2018,46,,,969.2000000000086,,8.78,,SIN_DATO,directo
05495,2018,47,,,969.2000000000086,,30.191,,SIN_DATO,directo
05495,2018,48,,,969.2000000000086,,36.348,,SIN_DATO,directo
05495,2018,49,,,969.2000000000086,,31.954,,SIN_DATO,directo
05495,2018,50,,,969.2000000000086,,35.087,,SIN_DATO,directo
05495,2018,51,,,969.2000000000086,,10.319,,SIN_DATO,directo
05495,2018,52,,,969.2000000000086,,31.427,,SIN_DATO,directo
05495,2019,1,,,969.2000000000086,,23.369,,SIN_DATO,directo
05495,2019,2,,,865.7,,21.177,,SIN_DATO,directo
05495,2020,36,,,16.4,,,,SIN_DATO,directo
05495,2020,37,,,8.9,,,,SIN_DATO,directo
05495,2020,38,,,4.3,,,,SIN_DATO,directo
05495,2020,39,,,27.4,,,,SIN_DATO,directo
05495,2020,40,,,30.5,,,,SIN_DATO,directo
05495,2020,41,,,12.7,,,,SIN_DATO,directo
05495,2020,42,,,16.0,,,,SIN_DATO,directo
05495,2020,43,,,13.5,,,,SIN_DATO,directo
05495,2020,44,,,56.2,,15.0,,SIN_DATO,directo
05495,2020,45,,,4.5,,16.858,,SIN_DATO,directo
05495,2020,46,,,23.9,,15.328,,SIN_DATO,directo
05495,2020,47,,,23.4,,15.445,,SIN_DATO,directo
05495,2020,48,,,22.2,,19.132,,SIN_DATO,directo
05495,2020,49,,,28.5,,19.821,,SIN_DATO,directo
05495,2020,50,,,6.6,,29.884,,SIN_DATO,directo
05495,2020,51,,,5.7,,33.907,,SIN_DATO,directo
05495,2020,52,,,1.2,,31.825,,SIN_DATO,directo
05495,2020,53,,,9.9,,32.641,,SIN_DATO,directo
05495,2021,1,,,6.3,,32.729,,SIN_DATO,directo
05495,2021,2,,,13.6,,38.922,,SIN_DATO,directo
05495,2021,22,21.323,92.815,0.0,,25.21275,,SIN_DATO,directo
05495,2021,23,20.692,94.75,107.7,,27.742,,SIN_DATO,directo
05495,2021,24,21.335,92.286,28.7,,23.117,,SIN_DATO,directo
05495,2021,25,20.701,90.917,83.0,,16.241,,SIN_DATO,directo
05495,2021,26,20.982,94.613,244.0,,19.062,,SIN_DATO,directo
05495,2021,27,21.242,93.899,113.2,,20.831,,SIN_DATO,directo
05495,2021,28,21.692,91.792,112.1,,27.132,,SIN_DATO,directo
05495,2021,29,22.177,92.577,58.0,,30.434,,SIN_DATO,directo
05495,2021,30,21.232,93.738,182.2,,24.5,,SIN_DATO,directo
05495,2021,31,21.41,93.357,105.4,,25.094,,SIN_DATO,directo
05495,2021,32,20.958,94.674,231.1,,19.407,,SIN_DATO,directo
05495,2021,33,20.674,95.035,287.6,,16.2,,SIN_DATO,directo
05495,2021,34,21.085,93.516,147.0,,20.857,,SIN_DATO,directo
05495,2021,35,20.931,93.327,261.0,,20.308,,SIN_DATO,directo
05495,2021,36,20.895,93.53,57.6,,18.483,,SIN_DATO,directo
05495,2021,37,21.252,93.726,99.5,,22.411,,SIN_DATO,directo
05495,2021,38,21.558,93.31,40.4,,21.593,,SIN_DATO,directo
05495,2021,39,20.83,93.19,46.8,,21.006,,SIN_DATO,directo
05495,2021,40,21.224,93.351,161.7,,20.454,,SIN_DATO,directo
05495,2022,12,,,220.0,,52.416,,SIN_DATO,directo
05495,2022,13,,,1.8,,27.493,,SIN_DATO,directo
05495,2022,14,,,181.1,,28.159,,SIN_DATO,directo
05495,2022,15,,,13.3,,26.592,,SIN_DATO,directo
05495,2022,16,,,191.7,,15.0,,SIN_DATO,directo
05495,2022,17,,,131.3,,16.748,,SIN_DATO,directo
05495,2022,18,,,62.2,,24.143,,SIN_DATO,directo
05495,2022,19,,,132.6,,15.848,,SIN_DATO,directo
05495,2022,20,,,72.4,,20.79,,SIN_DATO,directo
05495,2022,21,,,53.1,,17.962,,SIN_DATO,directo
05495,2022,22,,,135.4,,15.375,,SIN_DATO,directo
05495,2022,23,,,211.9,,14.818,,SIN_DATO,directo
05495,2022,24,20.082,92.98,269.3,,13.368,,SIN_DATO,directo
05495,2022,25,20.389,92.076,128.6,,14.335,,SIN_DATO,directo
05495,2022,26,20.198,92.626,155.8,,14.386,,SIN_DATO,directo
05495,2022,27,21.28,91.141,180.8,,16.374,,SIN_DATO,directo
05495,2022,28,21.133,91.675,110.9,,27.379,,SIN_DATO,directo
05495,2022,29,20.896,91.282,274.6,,14.673,,SIN_DATO,directo
05495,2022,30,20.725,92.357,91.4,,17.465,,SIN_DATO,directo
05495,2022,31,20.64,92.195,123.3,,16.833,,SIN_DATO,directo
05495,2022,32,,,66.8,,,,SIN_DATO,directo
05495,2022,33,21.385,89.4,117.9,,22.375,,SIN_DATO,directo
05495,2022,34,19.916,91.958,103.1,,16.421,,SIN_DATO,directo
05495,2022,35,,,146.3,,,,SIN_DATO,directo
05495,2022,36,,,46.9,,,,SIN_DATO,directo
05495,2022,37,,,1.2,,,,SIN_DATO,directo
05495,2022,38,20.166,89.093,20.9,,15.774714285714285,,SIN_DATO,directo
05495,2022,39,20.794,88.348,41.9,,15.128428571428572,,SIN_DATO,directo
05495,2022,40,20.52,89.214,54.9,,14.482142857142858,,SIN_DATO,directo
05495,2022,41,20.996,87.411,79.2,,13.835857142857144,,SIN_DATO,directo
05495,2022,42,20.59,89.379,258.0,,,,SIN_DATO,directo
05495,2022,43,20.102,90.667,68.3,,,,SIN_DATO,directo
05495,2022,44,20.562,89.196,33.6,,11.897,,SIN_DATO,directo
05495,2022,48,20.673,83.517,32.2,,22.203,,SIN_DATO,directo
05495,2022,49,18.809,84.375,6.7,,35.714,,SIN_DATO,directo
05495,2022,50,20.68,86.644,9.3,,32.145,,SIN_DATO,directo
05495,2022,51,21.15,85.613,0.8,,42.613,,SIN_DATO,directo
05495,2022,52,20.384,85.611,0.0,,33.796,,SIN_DATO,directo
05495,2023,1,,,5.5,,24.979,,SIN_DATO,directo
05495,2023,2,,,42.4,,22.892,,SIN_DATO,directo
05495,2023,3,20.479,85.155,0.9,,36.376,,SIN_DATO,directo
05495,2023,4,21.023,84.94,0.0,,45.015,,SIN_DATO,directo
05495,2023,5,20.711,83.333,0.0,,42.396,,SIN_DATO,directo
05495,2023,6,21.264,86.804,0.1,,50.366,,SIN_DATO,directo
05495,2023,7,21.023,85.137,4.9,,39.306,,SIN_DATO,directo
05495,2023,8,21.214,83.423,0.0,,47.477,,SIN_DATO,directo
05495,2023,9,21.359,85.53,0.9,,44.0,,SIN_DATO,directo
05495,2023,10,20.19,84.321,4.7,,39.878,,SIN_DATO,directo
05495,2023,11,19.95,83.634,8.2,,34.367,,SIN_DATO,directo
05495,2023,12,,,0.0,,46.125,,SIN_DATO,directo
05495,2023,13,,,9.4,,47.935,,SIN_DATO,directo
05495,2023,14,,,2.4,,43.291,,SIN_DATO,directo
05495,2023,15,,,38.3,,38.423,,SIN_DATO,directo
05495,2023,16,,,14.2,,36.776,,SIN_DATO,directo
05495,2023,17,,,61.1,,27.3,,SIN_DATO,directo
05495,2023,18,,,47.6,,41.543,,SIN_DATO,directo
05495,2023,19,,,29.6,,38.333,,SIN_DATO,directo
05495,2023,20,,,47.1,,30.108,,SIN_DATO,directo
05495,2023,21,,,100.7,,18.061,,SIN_DATO,directo
05495,2023,22,,,121.2,,18.209,,SIN_DATO,directo
05495,2023,23,,,114.8,,18.586,,SIN_DATO,directo
05495,2023,24,,,32.6,,18.625,,SIN_DATO,directo
05495,2023,25,,,13.4,,,,SIN_DATO,directo
05495,2023,26,,,98.9,,,,SIN_DATO,directo
05495,2023,27,,,138.3,,16.821,,SIN_DATO,directo
05495,2023,28,,,36.5,,16.878,,SIN_DATO,directo
05495,2023,29,,,6.4,,26.475,,SIN_DATO,directo
05495,2023,30,,,104.4,,23.484,,SIN_DATO,directo
05495,2023,31,,,24.0,,18.716,,SIN_DATO,directo
05495,2023,32,,,26.7,,18.472,,SIN_DATO,directo
05495,2023,33,,,16.4,,22.682,,SIN_DATO,directo
05495,2023,34,,,16.6,,15.238,,SIN_DATO,directo
05495,2023,35,,,15.4,,19.16,,SIN_DATO,directo
05495,2023,36,,,35.4,,21.58,,SIN_DATO,directo
05495,2023,37,,,3.2,,20.034,,SIN_DATO,directo
05495,2023,38,,,6.4,,21.531,,SIN_DATO,directo
05495,2023,39,,,30.8,,21.362,,SIN_DATO,directo
05495,2023,40,,,22.4,,18.778,,SIN_DATO,directo
05495,2023,41,,,12.3,,24.46,,SIN_DATO,directo
05495,2023,42,,,39.6,,22.252,,SIN_DATO,directo
05495,2023,43,,,16.4,,20.906,,SIN_DATO,directo
05495,2023,44,,,14.2,,18.012,,SIN_DATO,directo
05495,2023,45,,,12.7,,19.75,,SIN_DATO,directo
05495,2023,46,,,17.2,,19.493,,SIN_DATO,directo
05495,2023,47,,,21.0,,19.764,,SIN_DATO,directo
05495,2023,48,,,0.1,,32.65,,SIN_DATO,directo
05495,2023,49,,,0.0,,32.711,,SIN_DATO,directo
05495,2023,50,,,0.0,,25.592,,SIN_DATO,directo
05495,2023,51,,,0.0,,20.15,,SIN_DATO,directo
05495,2023,52,,,0.0,,23.335,,SIN_DATO,directo
05501,2018,1,25.79,76.723,0.3,,7.493,9.147,IMPUTADO_PA,directo
05501,2018,2,25.522,79.988,0.0,,25.02,15.346,IMPUTADO_PA,directo
05501,2018,3,25.685,79.02,0.0,,7.931,4.993,IMPUTADO_PA,directo
05501,2018,4,26.718,74.555,2.0,,20.251,4.708,IMPUTADO_PA,directo
05501,2018,5,28.686,66.226,4.5,,17.699,8.972,IMPUTADO_PA,directo
05501,2018,6,28.93225,56.629,0.0,,4.748,9.146,IMPUTADO_PA,directo
05501,2018,7,27.644,65.72,1.3,,24.151,4.441,IMPUTADO_PA,directo
05501,2018,8,27.407,60.515,1.7,,18.12,4.899,IMPUTADO_PA,directo
05501,2018,9,28.63,56.524,0.4,,4.637,8.18,IMPUTADO_PA,directo
05501,2018,10,28.93225,55.366,0.2,,27.684,3.425,IMPUTADO_PA,directo
05501,2018,11,28.741,63.585,3.9,,32.354,4.874,IMPUTADO_PA,directo
05501,2018,12,27.48,72.524,22.8,,32.786,6.611,IMPUTADO_PA,directo
05501,2018,13,27.446,71.993,11.3,,23.915,9.76,IMPUTADO_PA,directo
05501,2018,14,27.736,68.044,0.4,,21.461,4.199,IMPUTADO_PA,directo
05501,2018,15,28.366,67.654,12.8,,31.516,0.035349999999999944,IMPUTADO_PA,directo
05501,2018,16,28.609,68.548,1.3,,34.294,0.035349999999999944,IMPUTADO_PA,directo
05501,2018,17,28.93225,68.093,4.2,,29.99,1.924,IMPUTADO_PA,directo
05501,2018,18,28.358,71.411,1.0,,13.716,1.737,IMPUTADO_PA,directo
05501,2018,19,28.04,71.216,0.8,,22.679,5.763,IMPUTADO_PA,directo
05501,2018,20,28.293,71.788,0.2,,24.547,2.169,IMPUTADO_PA,directo
05501,2018,21,28.031,75.167,0.1,,6.908,3.858,IMPUTADO_PA,directo
05501,2018,22,,,,,24.781,3.61,IMPUTADO_PA,directo
05501,2018,23,,,,,38.926,4.769,IMPUTADO_PA,directo
05501,2018,24,,,,,26.119,10.895,IMPUTADO_PA,directo
05501,2018,25,,,,,32.655,8.6,IMPUTADO_PA,directo
05501,2018,26,,,,,22.535,6.356,IMPUTADO_PA,directo
05501,2018,27,,,,,20.526,4.698,IMPUTADO_PA,directo
05501,2018,28,,,,,24.09,4.795,IMPUTADO_PA,directo
05501,2018,29,,,,,14.702,7.439,IMPUTADO_PA,directo
05501,2018,30,,,,,13.542,8.33,IMPUTADO_PA,directo
05501,2018,31,,,,,31.031,3.146,IMPUTADO_PA,directo
05501,2018,32,,,,,31.863,6.427,IMPUTADO_PA,directo
05501,2018,33,,,,,13.327,0.035349999999999944,IMPUTADO_PA,directo
05501,2018,34,,,,,28.692,7.036,IMPUTADO_PA,directo
05501,2018,35,28.2,69.0,0.1,,20.418,8.948,IMPUTADO_PA,directo
05501,2018,36,,,,,23.765,5.327,IMPUTADO_PA,directo
05501,2018,37,,,,,24.709,12.612,IMPUTADO_PA,directo
05501,2018,38,28.93225,65.533,0.0,,28.898,3.238,IMPUTADO_PA,directo
05501,2018,39,26.727,77.525,9.6,,21.749,7.056,IMPUTADO_PA,directo
05501,2018,40,25.91,82.606,39.9,,32.159,6.176,IMPUTADO_PA,directo
05501,2018,41,25.766,85.194,20.9,,23.527,5.952,IMPUTADO_PA,directo
05501,2018,42,25.628,82.31,16.2,,25.995,5.903,IMPUTADO_PA,directo
05501,2018,43,26.47,79.322,4.1,,14.565,6.672,IMPUTADO_PA,directo
05501,2018,44,26.14,80.417,22.4,,38.029,9.246,IMPUTADO_PA,directo
05501,2018,45,25.572,88.252,4.0,,24.785,11.087,IMPUTADO_PA,directo
05501,2018,46,26.912,79.894,2.7,,26.692,6.292,IMPUTADO_PA,directo
05501,2018,47,27.046,80.938,18.7,,8.488,9.133,IMPUTADO_PA,directo
05501,2018,48,26.851,76.0,19.8,,14.648,3.862,IMPUTADO_PA,directo
05501,2018,49,27.119,69.375,0.5,,30.808,8.961,IMPUTADO_PA,directo
05501,2018,50,27.321,70.048,0.1,,23.35,3.652,IMPUTADO_PA,directo
05501,2018,51,27.62,66.857,0.0,,6.091,10.09,IMPUTADO_PA,directo
05501,2018,52,28.69,61.375,3.4,,29.243,13.981,IMPUTADO_PA,directo
05576,2019,30,17.048,81.006,0.0,,,8.163,SIN_DATO,directo
05576,2019,31,17.75,78.006,0.0,,,11.81,SIN_DATO,directo
05576,2019,32,18.626,68.44,0.0,,,9.677,SIN_DATO,directo
05576,2019,33,17.547,77.673,0.0,,,11.741,SIN_DATO,directo
05576,2019,34,18.392,68.179,0.0,,,8.419,SIN_DATO,directo
05576,2019,35,18.538,66.603,0.0,,,7.531,SIN_DATO,directo
05576,2019,36,18.432,70.065,0.0,,,14.255,SIN_DATO,directo
05576,2019,37,18.776,69.222,0.0,,,10.378,SIN_DATO,directo
05576,2019,38,15.495,92.592,0.0,,,17.626,SIN_DATO,directo
05576,2019,39,16.359,87.096,0.0,,,10.761,SIN_DATO,directo
05576,2019,40,16.073,86.815,0.0,,,7.382,SIN_DATO,directo
05576,2019,41,16.093,88.054,0.0,,,14.863,SIN_DATO,directo
05576,2019,42,15.732,89.036,0.0,,,12.792,SIN_DATO,directo
05576,2019,43,15.564,92.416,0.0,,,13.126,SIN_DATO,directo
05576,2019,44,16.648,87.339,0.0,,,14.737,SIN_DATO,directo
05576,2019,45,16.748,87.377,0.0,,,8.332,SIN_DATO,directo
05576,2019,46,15.23,95.512,0.0,,,10.158,SIN_DATO,directo
05576,2019,47,15.96,89.369,0.0,,,10.004,SIN_DATO,directo
05576,2019,48,17.683,82.875,0.0,,,6.115,SIN_DATO,directo
05576,2019,49,16.623,87.113,0.0,,,9.684,SIN_DATO,directo
05576,2019,50,15.807,89.81,0.0,,,15.243,SIN_DATO,directo
05576,2019,51,17.311,85.905,0.0,,,11.425,SIN_DATO,directo
05576,2019,52,17.875,82.321,0.0,,,5.923,SIN_DATO,directo
05576,2020,1,16.552,87.536,0.0,,,5.923,SIN_DATO,directo
05576,2020,2,17.39,65.155,0.0,,,5.923,SIN_DATO,directo
05576,2020,3,18.568,66.089,0.0,,,5.923,SIN_DATO,directo
05576,2020,4,16.309,87.363,0.0,,,5.923,SIN_DATO,directo
05576,2020,5,17.357,78.375,0.0,,,,SIN_DATO,directo
05576,2020,6,18.335,68.506,0.0,,,,SIN_DATO,directo
05576,2020,7,18.673,68.744,0.0,,,,SIN_DATO,directo
05576,2020,8,18.477,71.899,0.0,,,,SIN_DATO,directo
05576,2020,9,17.662,80.815,0.0,,,,SIN_DATO,directo
05576,2020,10,18.693,76.042,0.0,,,,SIN_DATO,directo
05576,2020,11,17.486,82.625,0.0,,,,SIN_DATO,directo
05576,2020,12,17.423,73.643,0.0,,,,SIN_DATO,directo
05576,2020,13,18.146,73.506,0.0,,,,SIN_DATO,directo
05576,2020,14,17.824,83.256,0.0,,,,SIN_DATO,directo
05576,2020,15,18.175,82.542,0.0,,,,SIN_DATO,directo
05576,2020,16,15.581,95.316,0.0,,,,SIN_DATO,directo
05576,2020,17,,,0.0,,,,SIN_DATO,directo
05576,2020,18,,,0.0,,,,SIN_DATO,directo
05576,2020,19,,,0.0,,,,SIN_DATO,directo
05576,2020,20,,,0.0,,,,SIN_DATO,directo
05576,2020,21,,,0.0,,,,SIN_DATO,directo
05576,2020,22,,,0.0,,,,SIN_DATO,directo
05576,2020,23,,,0.0,,,,SIN_DATO,directo
05576,2020,24,,,0.0,,,,SIN_DATO,directo
05576,2020,25,,,0.0,,,,SIN_DATO,directo
05576,2020,26,,,0.0,,,,SIN_DATO,directo
05576,2020,27,,,0.0,,,,SIN_DATO,directo
05576,2020,28,,,0.0,,,,SIN_DATO,directo
05576,2020,29,,,0.0,,,,SIN_DATO,directo
05576,2020,30,,,0.0,,,,SIN_DATO,directo
05576,2020,31,,,0.0,,,,SIN_DATO,directo
05576,2020,32,,,0.0,,,,SIN_DATO,directo
05576,2020,33,,,0.0,,,,SIN_DATO,directo
05576,2020,34,,,0.0,,,,SIN_DATO,directo
05576,2020,35,,,0.0,,,,SIN_DATO,directo
05576,2020,36,,,0.0,,,,SIN_DATO,directo
05576,2020,37,,,0.0,,,,SIN_DATO,directo
05576,2020,38,,,0.0,,,,SIN_DATO,directo
05576,2020,39,,,0.0,,,,SIN_DATO,directo
05576,2020,40,,,0.0,,,,SIN_DATO,directo
05576,2020,41,,,0.0,,,,SIN_DATO,directo
05576,2020,42,,,0.0,,,,SIN_DATO,directo
05576,2020,43,,,0.0,,,,SIN_DATO,directo
05576,2020,44,,,0.0,,,,SIN_DATO,directo
05576,2020,45,,,0.0,,,,SIN_DATO,directo
05576,2020,46,,,0.0,,,,SIN_DATO,directo
05576,2020,47,,,0.0,,,,SIN_DATO,directo
05576,2020,48,,,0.0,,,,SIN_DATO,directo
05576,2020,49,,,0.0,,,,SIN_DATO,directo
05576,2020,51,,,0.0,,,,SIN_DATO,directo
05576,2020,52,,,0.0,,,,SIN_DATO,directo
05576,2021,13,,,0.0,,,,SIN_DATO,directo
05576,2021,14,,,0.0,,,,SIN_DATO,directo
05576,2021,15,,,0.0,,,,SIN_DATO,directo
05576,2021,16,,,0.0,,,,SIN_DATO,directo
05576,2021,17,,,0.0,,,,SIN_DATO,directo
05576,2021,18,,,0.0,,,,SIN_DATO,directo
05576,2021,19,,,0.0,,,,SIN_DATO,directo
05576,2021,20,,,0.0,,,,SIN_DATO,directo
05576,2021,21,,,0.0,,,,SIN_DATO,directo
05576,2021,22,,,0.0,,,,SIN_DATO,directo
05576,2021,23,,,0.0,,,,SIN_DATO,directo
05576,2021,24,,,0.0,,,,SIN_DATO,directo
05576,2021,25,,,0.0,,,,SIN_DATO,directo
05576,2021,26,,,0.0,,,,SIN_DATO,directo
05576,2021,27,,,0.0,,,,SIN_DATO,directo
05576,2021,28,,,0.0,,,,SIN_DATO,directo
05579,2018,1,21.68,85.19,6.3,,0.0,11.971,IMPUTADO_PA,directo
05579,2018,2,21.061,86.726,18.6,,0.0,13.672,IMPUTADO_PA,directo
05579,2018,3,21.571,86.726,44.9,,0.0,18.398,IMPUTADO_PA,directo
05579,2018,4,22.979,82.899,9.4,,0.0,10.296,IMPUTADO_PA,directo
05579,2018,5,22.636,83.994,7.6,,0.0,17.086,IMPUTADO_PA,directo
05579,2018,6,22.757,75.695,1.5,,0.0,7.777,IMPUTADO_PA,directo
05579,2018,7,22.846,76.036,0.4,,0.0,11.75,IMPUTADO_PA,directo
05579,2018,8,22.134,71.234,5.5,,0.0,7.073,IMPUTADO_PA,directo
05579,2018,9,21.976,76.446,2.6,,0.0,13.972,IMPUTADO_PA,directo
05579,2018,10,23.685,75.677,12.6,,0.0,11.123,IMPUTADO_PA,directo
05579,2018,11,23.67,79.658,86.2,,0.0,11.446,IMPUTADO_PA,directo
05579,2018,12,22.465,85.399,4.3,,0.0,19.736,IMPUTADO_PA,directo
05579,2018,13,21.826,86.323,68.2,,0.0,11.94,IMPUTADO_PA,directo
05579,2018,14,20.779,91.196,61.6,,0.0,19.048,IMPUTADO_PA,directo
05579,2018,15,21.674,86.911,54.6,,0.0,10.953,IMPUTADO_PA,directo
05579,2018,16,22.465,84.714,8.4,,0.0,14.336,IMPUTADO_PA,directo
05579,2018,17,22.048,87.137,1.1,,0.0,13.792,IMPUTADO_PA,directo
05579,2018,18,22.46,85.607,1.9000000000000001,,0.0,18.254,IMPUTADO_PA,directo
05579,2018,19,21.551,89.25,2.7,,0.0,12.772,IMPUTADO_PA,directo
05579,2018,20,21.717,87.696,3.5000000000000004,,0.0,16.478,IMPUTADO_PA,directo
05579,2018,21,22.286,86.69,4.300000000000001,,0.0,16.196,IMPUTADO_PA,directo
05579,2018,22,22.254,87.208,0.0,,0.0,10.383,IMPUTADO_PA,directo
05579,2018,23,23.265,82.232,0.0,,0.0,19.399,IMPUTADO_PA,directo
05579,2018,24,22.751,84.94,0.0,,0.0,20.12,IMPUTADO_PA,directo
05579,2018,25,22.062,83.133,7.5,,0.0,15.086,IMPUTADO_PA,directo
05579,2018,26,22.132,84.81,13.6,,0.0,10.055,IMPUTADO_PA,directo
05579,2018,27,22.529,83.97,36.4,,0.0,18.8,IMPUTADO_PA,directo
05579,2018,28,23.298,78.536,6.0,,0.0,13.923,IMPUTADO_PA,directo
05579,2018,29,23.162,78.364,12.8,,0.0,15.0,IMPUTADO_PA,directo
05579,2018,30,22.243,85.482,29.0,,0.0,13.329,IMPUTADO_PA,directo
05579,2018,31,21.514,88.792,137.8,,0.0,10.238,IMPUTADO_PA,directo
05579,2018,32,23.915,70.357,0.8,,0.0,12.704,IMPUTADO_PA,directo
05579,2018,33,22.714,83.149,13.8,,0.0,12.423,IMPUTADO_PA,directo
05579,2018,34,23.236,81.488,5.0,,0.0,12.509,IMPUTADO_PA,directo
05579,2018,35,22.736,80.899,42.0,,0.0,13.926,IMPUTADO_PA,directo
05579,2018,36,22.222,84.786,37.0,,0.0,16.578,IMPUTADO_PA,directo
05579,2018,37,21.751,89.012,119.6,,0.0,12.267,IMPUTADO_PA,directo
05579,2018,38,22.867,84.28,23.6,,0.0,13.106,IMPUTADO_PA,directo
05579,2018,39,22.423,86.03,76.6,,0.0,19.842,IMPUTADO_PA,directo
05579,2018,40,22.004,85.833,29.2,,0.0,7.384,IMPUTADO_PA,directo
05579,2018,41,21.217,90.006,45.2,,0.0,18.6,IMPUTADO_PA,directo
05579,2018,42,21.657,89.06,14.6,,0.0,17.715,IMPUTADO_PA,directo
05579,2018,43,21.608,91.929,2.4,,0.0,8.458,IMPUTADO_PA,directo
05579,2018,44,21.962,88.952,18.4,,0.0,7.447,IMPUTADO_PA,directo
05579,2018,45,21.551,90.714,61.2,,0.0,18.801,IMPUTADO_PA,directo
05579,2018,46,22.619,86.857,3.8,,0.0,9.226,IMPUTADO_PA,directo
05579,2018,47,22.09,90.071,10.2,,0.0,13.764,IMPUTADO_PA,directo
05579,2018,48,21.735,87.0,53.6,,0.0,19.22,IMPUTADO_PA,directo
05579,2018,49,21.838,82.196,0.0,,0.0,15.848,IMPUTADO_PA,directo
05579,2018,50,22.821,85.351,33.0,,0.0,15.467,IMPUTADO_PA,directo
05579,2018,51,22.564,83.357,31.6,,0.0,17.198,IMPUTADO_PA,directo
05579,2018,52,23.404,82.333,0.0,,0.0,17.117,IMPUTADO_PA,directo
05579,2019,1,23.338,76.417,0.0,,0.0,10.087,IMPUTADO_PA,directo
05579,2019,2,21.394,80.06,13.8,,0.0,8.643,IMPUTADO_PA,directo
05579,2019,3,22.845,80.054,7.0,,0.0,10.793,IMPUTADO_PA,directo
05579,2019,4,23.829,81.113,33.6,,0.0,0.035349999999999944,IMPUTADO_PA,directo
05579,2019,5,22.188,81.381,0.0,,,10.428,IMPUTADO_PA,directo
05579,2019,6,22.69,79.994,51.0,,,8.877,IMPUTADO_PA,directo
05579,2019,7,23.309,79.643,30.8,,,9.111,IMPUTADO_PA,directo
05579,2019,8,22.799,83.274,62.4,,,11.936,IMPUTADO_PA,directo
05579,2019,9,22.777,80.357,111.6,,,9.021,IMPUTADO_PA,directo
05579,2019,10,23.3,82.399,37.4,916.021,,5.046,IMPUTADO_PA,directo
05579,2019,11,23.519,82.69,119.6,915.83,,8.772,IMPUTADO_PA,directo
05579,2019,12,21.853,86.405,80.6,917.427,,9.552,IMPUTADO_PA,directo
05579,2019,13,22.555,86.185,110.4,916.769,,9.729,IMPUTADO_PA,directo
05579,2019,14,22.603,82.208,0.8,917.917,,9.904,IMPUTADO_PA,directo
05579,2019,15,22.811,86.554,0.0,916.61,,13.178,IMPUTADO_PA,directo
05579,2019,16,22.277,88.702,0.0,916.942,,5.248,IMPUTADO_PA,directo
05579,2019,17,22.558,86.083,0.0,917.023,,9.956,IMPUTADO_PA,directo
05579,2019,18,24.264,82.274,0.0,915.596,,14.113,IMPUTADO_PA,directo
05579,2019,19,22.63,87.226,0.0,916.511,,2.828,IMPUTADO_PA,directo
05579,2019,20,22.345,86.69,0.0,917.222,,9.97,IMPUTADO_PA,directo
05579,2019,21,22.176,88.768,0.0,917.059,,7.116,IMPUTADO_PA,directo
05579,2019,22,21.474,91.958,0.0,917.782,,7.917,IMPUTADO_PA,directo
05579,2019,23,22.932,84.375,0.0,917.314,,5.924,IMPUTADO_PA,directo
05579,2019,24,22.619,88.161,0.0,917.632,,8.667,IMPUTADO_PA,directo
05579,2019,25,23.62,73.149,0.0,916.923,,16.169,IMPUTADO_PA,directo
05579,2019,26,23.277,80.911,0.0,916.336,,4.583,IMPUTADO_PA,directo
05579,2019,27,23.314,78.286,0.0,916.897,,4.936,IMPUTADO_PA,directo
05579,2019,28,22.663,83.268,0.0,917.274,,4.443,IMPUTADO_PA,directo
05579,2019,29,23.298,78.101,0.0,916.664,,15.745,IMPUTADO_PA,directo
05579,2019,30,22.274,83.494,0.0,917.964,,7.575,IMPUTADO_PA,directo
05579,2019,31,23.1,81.458,0.0,916.909,,9.204,IMPUTADO_PA,directo
05579,2019,32,24.036,70.774,0.0,917.943,,7.797,IMPUTADO_PA,directo
05579,2019,33,23.033,77.667,0.0,917.61,,5.777,IMPUTADO_PA,directo
05579,2019,34,24.061,76.208,2.4,917.476,,8.423,IMPUTADO_PA,directo
05579,2019,35,23.389,78.789,12.3,916.629,,18.471,IMPUTADO_PA,directo
05579,2019,36,23.571,80.923,59.7,917.121,,14.494,IMPUTADO_PA,directo
05579,2019,37,23.714,81.535,36.9,916.012,,6.118,IMPUTADO_PA,directo
05579,2019,38,21.492,88.425,5.0,917.358,,11.716,IMPUTADO_PA,directo
05579,2019,39,22.511,83.351,7.0,917.646,,6.198,IMPUTADO_PA,directo
05579,2019,40,22.199,84.72,0.0,917.148,,2.673,IMPUTADO_PA,directo
05579,2019,41,22.049,86.274,0.0,915.915,,13.104,IMPUTADO_PA,directo
05579,2019,42,21.711,85.69,0.0,917.939,,13.628,IMPUTADO_PA,directo
05579,2019,43,21.656,87.711,0.0,916.977,,13.203,IMPUTADO_PA,directo
05579,2019,44,22.829,84.655,0.0,916.217,,7.547,IMPUTADO_PA,directo
05579,2019,45,23.255,84.31,0.0,914.992,,8.678,IMPUTADO_PA,directo
05579,2019,46,21.698,87.458,0.0,916.732,,12.097,IMPUTADO_PA,directo
05579,2019,47,22.025,83.333,0.0,917.182,,10.761,IMPUTADO_PA,directo
05579,2019,48,23.361,84.381,0.0,915.463,,7.831,IMPUTADO_PA,directo
05579,2019,49,22.198,86.321,0.0,917.314,,3.26,IMPUTADO_PA,directo
05579,2019,50,22.132,81.768,0.0,916.403,,9.725,IMPUTADO_PA,directo
05579,2019,51,23.107,84.423,0.0,915.183,,13.326,IMPUTADO_PA,directo
05579,2019,52,23.362,86.28,0.0,915.461,,4.832,IMPUTADO_PA,directo
05579,2020,1,22.255,83.357,0.0,917.763,,11.242,SISAIRE_DIRECTO,directo
05579,2020,2,23.009,73.613,0.0,916.823,,14.463,SISAIRE_DIRECTO,directo
05579,2020,3,24.667,71.161,0.0,915.119,,16.165,SISAIRE_DIRECTO,directo
05579,2020,4,22.073,83.542,0.0,917.595,,4.045,SISAIRE_DIRECTO,directo
05579,2020,5,22.988,77.244,0.0,917.846,,0.035349999999999944,SISAIRE_DIRECTO,directo
05579,2020,6,24.009,73.786,0.0,917.11,,0.08740543478260865,SIN_DATO,directo
05579,2020,7,24.624,72.756,0.0,915.703,,0.13946086956521733,SIN_DATO,directo
05579,2020,8,24.303,77.25,0.0,916.38,,0.19151630434782602,SIN_DATO,directo
05579,2020,9,23.183,76.351,0.0,917.971,,0.24357173913043473,SIN_DATO,directo
05579,2020,10,24.405,75.506,0.0,916.737,,,SIN_DATO,directo
05579,2020,11,23.028,81.482,0.0,917.226,,,SIN_DATO,directo
05579,2020,12,23.068,73.631,0.0,918.29,,,SIN_DATO,directo
05579,2020,13,23.862,73.03,0.0,916.535,,,SIN_DATO,directo
05579,2020,14,22.983,85.679,0.0,916.392,,,SIN_DATO,directo
05579,2020,15,23.453,84.874,0.0,916.972,,,SIN_DATO,directo
05579,2020,16,22.278,84.298,0.0,918.441,,,SIN_DATO,directo
05579,2020,17,22.923,85.179,0.0,917.786,,,SIN_DATO,directo
05579,2020,18,23.349,86.095,0.0,917.661,,,SIN_DATO,directo
05579,2020,19,23.807,82.375,0.0,916.67,,,SIN_DATO,directo
05579,2020,20,23.134,87.399,0.0,917.398,,,SIN_DATO,directo
05579,2020,21,23.619,85.101,0.0,917.31,,,SIN_DATO,directo
05579,2020,22,22.237,88.327,0.0,918.043,,,SIN_DATO,directo
05579,2020,23,21.992,88.506,0.0,918.519,,,SIN_DATO,directo
05579,2020,24,22.189,84.815,0.0,918.014,,,SIN_DATO,directo
05579,2020,25,22.282,86.357,0.0,917.635,,,SIN_DATO,directo
05579,2020,26,22.81,85.494,0.0,916.543,,,SIN_DATO,directo
05579,2020,27,21.879,88.607,0.0,916.836,,,SIN_DATO,directo
05579,2020,28,21.677,89.108,0.0,917.657,,,SIN_DATO,directo
05579,2020,29,23.082,79.911,0.0,916.703,,,SIN_DATO,directo
05579,2020,30,21.418,90.137,0.0,917.433,,,SIN_DATO,directo
05579,2020,31,22.999,78.798,0.0,917.161,,,SIN_DATO,directo
05579,2020,32,23.528,70.452,0.0,917.808,,,SIN_DATO,directo
05579,2020,33,23.029,83.745,0.0,915.627,,,SIN_DATO,directo
05579,2020,34,21.793,89.25,0.0,917.61,,,SIN_DATO,directo
05579,2020,35,21.781,86.762,0.0,917.713,,,SIN_DATO,directo
05579,2020,36,22.052,86.683,0.0,917.041,,,SIN_DATO,directo
05579,2020,37,21.488,88.385,0.0,916.888,,,SIN_DATO,directo
05579,2020,38,,,0.0,,,,SIN_DATO,directo
05579,2020,39,,,0.0,,,,SIN_DATO,directo
05579,2020,40,,,0.0,,,,SIN_DATO,directo
05579,2020,41,,,0.0,,,,SIN_DATO,directo
05579,2020,42,,,0.0,,,,SIN_DATO,directo
05579,2020,43,,,0.0,,,,SIN_DATO,directo
05579,2020,44,,,0.0,,,,SIN_DATO,directo
05579,2020,45,,,0.0,,,,SIN_DATO,directo
05579,2020,46,,,0.0,,,,SIN_DATO,directo
05579,2020,47,,,0.0,,,,SIN_DATO,directo
05579,2020,48,,,0.0,,,,SIN_DATO,directo
05579,2020,49,,,0.0,,,,SIN_DATO,directo
05579,2020,50,,,0.0,,,,SIN_DATO,directo
05579,2020,51,,,0.0,,,,SIN_DATO,directo
05579,2020,52,,,0.0,,,,SIN_DATO,directo
05579,2020,53,,,0.0,,,,SIN_DATO,directo
05579,2021,1,,,0.0,,,,SIN_DATO,directo
05579,2021,2,,,0.0,,,,SIN_DATO,directo
05579,2021,3,,,0.0,,,,SIN_DATO,directo
05579,2021,4,,,0.0,,,,SIN_DATO,directo
05579,2021,5,,,0.0,,,,SIN_DATO,directo
05579,2021,6,,,0.0,,,,SIN_DATO,directo
05579,2021,7,,,0.0,,,,SIN_DATO,directo
05579,2021,8,,,0.0,,,,SIN_DATO,directo
05579,2021,9,,,0.0,,,,SIN_DATO,directo
05579,2021,10,,,0.0,,,,SIN_DATO,directo
05579,2021,11,,,0.0,,,,SIN_DATO,directo
05579,2021,12,,,0.0,,,,SIN_DATO,directo
05579,2021,13,,,0.0,,,,SIN_DATO,directo
05579,2021,14,,,0.0,,,,SIN_DATO,directo
05579,2021,15,,,0.0,,,,SIN_DATO,directo
05579,2021,16,,,0.0,,,,SIN_DATO,directo
05579,2021,17,,,0.0,,,,SIN_DATO,directo
05579,2021,18,,,0.0,,,,SIN_DATO,directo
05579,2021,19,23.714,82.562,0.0,,,,SIN_DATO,directo
05579,2021,20,22.751,89.268,0.0,,,,SIN_DATO,directo
05579,2021,21,22.462,89.333,0.0,,,,SIN_DATO,directo
05579,2021,22,22.763,86.506,0.0,,,,SIN_DATO,directo
05579,2021,23,21.743,88.006,0.0,,,,SIN_DATO,directo
05579,2021,24,22.21,88.923,0.0,,,,SIN_DATO,directo
05579,2021,25,21.426,88.101,0.0,,,,SIN_DATO,directo
05579,2021,26,22.373,82.685,0.0,,,,SIN_DATO,directo
05579,2021,27,22.679,84.542,0.0,916.45225,,,SIN_DATO,directo
05579,2021,28,22.832,83.512,0.0,,,,SIN_DATO,directo
05579,2021,29,22.912,77.744,0.0,,,,SIN_DATO,directo
05579,2021,30,22.351,90.667,0.0,,,,SIN_DATO,directo
05579,2021,31,22.738,85.673,0.0,,,,SIN_DATO,directo
05579,2021,32,22.022,0.556,0.0,,,,SIN_DATO,directo
05579,2021,33,21.597,0.09,0.0,,,,SIN_DATO,directo
05579,2021,34,22.301,0.623,0.0,916.471,,,SIN_DATO,directo
05579,2021,35,21.689,0.095,0.0,917.796,,,SIN_DATO,directo
05579,2021,36,21.987,0.94,0.0,918.097,,,SIN_DATO,directo
05579,2021,37,22.548,0.077,0.0,918.351,,,SIN_DATO,directo
05579,2021,38,22.733,0.899,0.0,917.427,,,SIN_DATO,directo
05579,2021,39,22.158,23.28,0.0,916.983,,,SIN_DATO,directo
05579,2021,40,22.156,90.417,0.0,916.139,,,SIN_DATO,directo
05579,2021,41,22.069,91.071,0.0,917.423,,,SIN_DATO,directo
05579,2021,42,21.907,90.44,0.0,918.246,,,SIN_DATO,directo
05579,2021,43,21.423,91.327,0.0,918.109,,,SIN_DATO,directo
05579,2021,44,21.33,32.958,0.0,917.621,,,SIN_DATO,directo
05579,2021,45,21.76,0.593,0.0,917.04,,,SIN_DATO,directo
05579,2021,46,21.792,9.155,0.0,916.442,,,SIN_DATO,directo
05579,2021,47,21.097,0.095,0.0,917.21,,,SIN_DATO,directo
05579,2021,48,22.112,0.049,0.0,916.445,,,SIN_DATO,directo
05579,2021,49,22.339,0.077,0.0,916.194,,,SIN_DATO,directo
05579,2021,50,21.756,0.042,0.0,916.362,,,SIN_DATO,directo
05579,2021,51,22.134,0.03,0.0,917.228,,,SIN_DATO,directo
05579,2021,52,22.157,0.039,0.0,916.845,,,SIN_DATO,directo
05579,2022,1,20.64,0.0,0.0,918.06,,,SIN_DATO,directo
05579,2022,2,,,0.0,,,,SIN_DATO,directo
05579,2022,3,,,0.0,,,,SIN_DATO,directo
05579,2022,4,21.955,0.049,0.0,917.894,,,SIN_DATO,directo
05579,2022,5,21.669,6.0,0.0,917.233,,,SIN_DATO,directo
05579,2022,6,21.855,0.038,0.0,916.304,,,SIN_DATO,directo
05579,2022,7,21.908,0.417,0.0,917.034,,,SIN_DATO,directo
05579,2022,8,22.333,0.163,0.0,916.963,,,SIN_DATO,directo
05579,2022,9,,,0.0,,,,SIN_DATO,directo
05579,2022,10,,,0.0,,,,SIN_DATO,directo
05579,2022,11,,,0.0,,,,SIN_DATO,directo
05579,2022,12,,,0.0,,,,SIN_DATO,directo
05579,2022,13,22.399,0.083,0.0,,,,SIN_DATO,directo
05579,2022,14,22.396,0.661,0.0,,,,SIN_DATO,directo
05579,2022,15,22.646,0.081,0.0,,,,SIN_DATO,directo
05579,2022,16,20.795,1.482,0.0,,,,SIN_DATO,directo
05579,2022,17,22.112,0.09,0.0,,,,SIN_DATO,directo
05579,2022,18,22.675,0.06,0.0,,,,SIN_DATO,directo
05579,2022,34,24.4,62.0,9.75,,,,SIN_DATO,directo
05579,2023,16,24.4,62.0,19.5,,,,SIN_DATO,directo
05579,2023,17,24.4,62.0,55.0,,,,SIN_DATO,directo
05579,2023,18,24.4,62.0,19.3,,,,SIN_DATO,directo
05579,2023,19,24.4,62.0,3.5,,,,SIN_DATO,directo
05579,2023,20,22.18,98.72749999999998,8.6,,,,SIN_DATO,directo
05579,2023,21,,,25.5,,,,SIN_DATO,directo
05579,2023,22,,,95.9,,,,SIN_DATO,directo
05579,2023,23,,,63.7,,,,SIN_DATO,directo
05579,2023,24,,,15.0,,,,SIN_DATO,directo
05579,2023,25,,,7.4,,,,SIN_DATO,directo
05579,2023,26,,,15.1,,,,SIN_DATO,directo
05579,2023,27,,,52.6,,,,SIN_DATO,directo
05579,2023,28,,,29.0,,,,SIN_DATO,directo
05579,2023,29,,,0.5,,,,SIN_DATO,directo
05579,2023,30,,,26.8,,,,SIN_DATO,directo
05579,2023,31,,,0.0,,,,SIN_DATO,directo
05579,2023,32,,,59.7,,,,SIN_DATO,directo
05579,2023,33,,,42.0,,,,SIN_DATO,directo
05579,2023,34,,,110.9,,,7.219,SISAIRE_DIRECTO,directo
05579,2023,35,,,24.7,,,11.088,SISAIRE_DIRECTO,directo
05579,2023,36,,,4.3,,,9.418,SISAIRE_DIRECTO,directo
05579,2023,37,,,3.9,,,6.936,SISAIRE_DIRECTO,directo
05579,2023,38,,,27.8,,,8.25,SISAIRE_DIRECTO,directo
05579,2023,39,,,15.9,,,8.593,SISAIRE_DIRECTO,directo
05579,2023,40,,,78.4,,,6.385,SISAIRE_DIRECTO,directo
05579,2023,41,,,11.9,,,7.61,SISAIRE_DIRECTO,directo
05579,2023,42,,,8.5,,,6.786,SISAIRE_DIRECTO,directo
05579,2023,43,,,26.6,,,5.882,SISAIRE_DIRECTO,directo
05579,2023,44,,,23.0,,,5.54,SISAIRE_DIRECTO,directo
05579,2023,45,,,54.3,,,6.07,SISAIRE_DIRECTO,directo
05579,2023,46,,,43.9,,,5.495,SISAIRE_DIRECTO,directo
05579,2023,47,,,9.2,,,5.495,SIN_DATO,directo
05579,2023,48,22.18,98.72749999999998,33.3,,,5.495,SIN_DATO,directo
05579,2023,49,22.18,98.72749999999998,0.0,,,5.495,SIN_DATO,directo
05579,2023,50,22.18,98.72749999999998,21.2,,,5.495,SIN_DATO,directo
05579,2023,51,22.18,98.72749999999998,3.2,,,14.922,SIN_DATO,directo
05579,2023,52,,,74.5,,,14.06,SIN_DATO,directo
05585,2019,10,23.3,82.399,8.4,916.021,,,SIN_DATO,directo
05585,2019,11,23.519,82.69,35.0,915.83,,,SIN_DATO,directo
05585,2019,12,21.853,86.405,105.8,917.427,,,SIN_DATO,directo
05585,2019,13,22.555,86.185,138.4,916.769,,,SIN_DATO,directo
05585,2019,14,22.603,82.208,34.4,917.917,,,SIN_DATO,directo
05585,2019,15,22.811,86.554,37.0,916.61,,,SIN_DATO,directo
05585,2019,16,22.277,88.702,67.4,916.942,,,SIN_DATO,directo
05585,2019,17,22.558,86.083,118.8,917.023,,,SIN_DATO,directo
05585,2019,18,24.264,82.274,6.0,915.596,,,SIN_DATO,directo
05585,2019,19,22.63,87.226,52.6,916.511,,,SIN_DATO,directo
05585,2019,20,22.345,86.69,74.0,917.222,,,SIN_DATO,directo
05585,2019,21,22.176,88.768,90.0,917.059,,,SIN_DATO,directo
05585,2019,22,21.474,91.958,171.4,917.782,,,SIN_DATO,directo
05585,2019,23,22.932,84.375,86.6,917.314,,,SIN_DATO,directo
05585,2019,24,22.619,88.161,151.0,917.632,,,SIN_DATO,directo
05585,2019,25,23.62,73.149,0.0,916.923,,,SIN_DATO,directo
05585,2019,26,23.277,80.911,8.8,916.336,,,SIN_DATO,directo
05585,2019,27,23.314,78.286,43.6,916.897,,,SIN_DATO,directo
05585,2019,28,22.663,83.268,34.0,917.274,,,SIN_DATO,directo
05585,2019,29,23.298,78.101,24.2,916.664,,,SIN_DATO,directo
05585,2019,30,22.274,83.494,34.4,917.964,,,SIN_DATO,directo
05585,2019,31,23.1,81.458,2.6,916.909,,,SIN_DATO,directo
05585,2019,32,24.036,70.774,1.6,917.943,,,SIN_DATO,directo
05585,2019,33,23.033,77.667,1.8,917.61,,,SIN_DATO,directo
05585,2019,34,24.061,76.208,0.0,917.476,,,SIN_DATO,directo
05585,2019,35,23.389,78.789,42.0,916.629,,,SIN_DATO,directo
05585,2019,36,23.571,80.923,25.8,917.121,,,SIN_DATO,directo
05585,2019,37,23.714,81.535,46.8,916.012,,,SIN_DATO,directo
05585,2019,38,21.492,88.425,105.8,917.358,,,SIN_DATO,directo
05585,2019,39,22.511,83.351,19.2,917.646,,,SIN_DATO,directo
05585,2019,40,22.199,84.72,25.0,917.148,,,SIN_DATO,directo
05585,2019,41,22.049,86.274,61.4,915.915,,,SIN_DATO,directo
05585,2019,42,21.711,85.69,87.0,917.939,,,SIN_DATO,directo
05585,2019,43,21.656,87.711,74.8,916.977,,,SIN_DATO,directo
05585,2019,44,22.829,84.655,74.8,916.217,,,SIN_DATO,directo
05585,2019,45,23.255,84.31,90.0,914.992,,,SIN_DATO,directo
05585,2019,46,21.698,87.458,41.4,916.732,,,SIN_DATO,directo
05585,2019,47,22.025,83.333,2.8,917.182,,,SIN_DATO,directo
05585,2019,48,23.361,84.381,11.2,915.463,,,SIN_DATO,directo
05585,2019,49,22.198,86.321,106.6,917.314,,,SIN_DATO,directo
05585,2019,50,22.132,81.768,0.4,916.403,,,SIN_DATO,directo
05585,2019,51,23.107,84.423,50.8,915.183,,,SIN_DATO,directo
05585,2019,52,23.362,86.28,13.6,915.461,,,SIN_DATO,directo
05585,2020,1,22.255,83.357,17.2,917.763,,,SIN_DATO,directo
05585,2020,2,23.009,73.613,0.0,916.823,,,SIN_DATO,directo
05585,2020,3,24.667,71.161,0.0,915.119,,,SIN_DATO,directo
05585,2020,4,22.073,83.542,19.0,917.595,,,SIN_DATO,directo
05585,2020,5,22.988,77.244,8.2,917.846,,,SIN_DATO,directo
05585,2020,6,24.009,73.786,0.0,917.11,,,SIN_DATO,directo
05585,2020,7,24.624,72.756,6.2,915.703,,,SIN_DATO,directo
05585,2020,8,24.303,77.25,9.6,916.38,,,SIN_DATO,directo
05585,2020,9,23.183,76.351,4.2,917.971,,,SIN_DATO,directo
05585,2020,10,24.405,75.506,1.2,916.737,,,SIN_DATO,directo
05585,2020,11,23.028,81.482,13.0,917.226,,,SIN_DATO,directo
05585,2020,12,23.068,73.631,1.6,918.29,,,SIN_DATO,directo
05585,2020,13,23.862,73.03,22.0,916.535,,,SIN_DATO,directo
05585,2020,14,22.983,85.679,128.8,916.392,,,SIN_DATO,directo
05585,2020,15,23.453,84.874,70.6,916.972,,,SIN_DATO,directo
05585,2020,16,22.278,84.298,0.4,918.441,,,SIN_DATO,directo
05585,2020,17,22.923,85.179,30.0,917.786,,,SIN_DATO,directo
05585,2020,18,23.349,86.095,121.0,917.661,,,SIN_DATO,directo
05585,2020,19,23.807,82.375,0.0,916.67,,,SIN_DATO,directo
05585,2020,20,23.134,87.399,0.0,917.398,,,SIN_DATO,directo
05585,2020,21,23.619,85.101,0.0,917.31,,,SIN_DATO,directo
05585,2020,22,22.237,88.327,0.0,918.043,,,SIN_DATO,directo
05585,2020,23,21.992,88.506,29.0,918.519,,,SIN_DATO,directo
05585,2020,24,22.189,84.815,60.0,918.014,,,SIN_DATO,directo
05585,2020,25,22.282,86.357,54.4,917.635,,,SIN_DATO,directo
05585,2020,27,21.879,88.607,15.8,916.836,,,SIN_DATO,directo
05585,2020,28,21.677,89.108,1.0,917.657,,,SIN_DATO,directo
05585,2020,29,23.082,79.911,0.0,916.703,,,SIN_DATO,directo
05585,2020,30,21.418,90.137,33.6,917.433,,,SIN_DATO,directo
05585,2020,31,22.999,78.798,83.6,917.161,,,SIN_DATO,directo
05585,2020,32,23.528,70.452,8.6,917.808,,,SIN_DATO,directo
05585,2020,33,23.029,83.745,96.0,915.627,,,SIN_DATO,directo
05585,2020,34,21.793,89.25,34.2,917.61,,,SIN_DATO,directo
05585,2020,35,21.781,86.762,57.0,917.713,,,SIN_DATO,directo
05585,2020,36,22.052,86.683,138.0,917.041,,,SIN_DATO,directo
05585,2020,37,21.488,88.385,86.8,916.888,,,SIN_DATO,directo
05585,2020,38,,,105.4,917.908,,,SIN_DATO,directo
05585,2020,39,,,48.2,917.759,,,SIN_DATO,directo
05585,2020,40,,,38.8,916.167,,,SIN_DATO,directo
05585,2020,41,,,49.8,917.698,,,SIN_DATO,directo
05585,2020,42,,,39.6,915.925,,,SIN_DATO,directo
05585,2020,43,,,74.2,916.882,,,SIN_DATO,directo
05585,2020,44,,,7.4,916.922,,,SIN_DATO,directo
05585,2020,45,,,2.0,916.798,,,SIN_DATO,directo
05585,2020,46,,,88.6,917.704,,,SIN_DATO,directo
05585,2020,47,,,15.2,917.29,,,SIN_DATO,directo
05585,2020,48,,,16.8,916.637,,,SIN_DATO,directo
05585,2020,49,,,68.0,916.833,,,SIN_DATO,directo
05585,2020,50,,,11.2,,,,SIN_DATO,directo
05585,2020,51,,,0.0,916.271,,,SIN_DATO,directo
05585,2020,52,,,3.4,916.396,,,SIN_DATO,directo
05585,2021,1,,,0.0,,,,SIN_DATO,directo
05585,2021,2,,,0.0,,,,SIN_DATO,directo
05585,2021,3,,,1.8,,,,SIN_DATO,directo
05585,2021,4,,,5.0,,,,SIN_DATO,directo
05585,2021,5,,,72.6,,,,SIN_DATO,directo
05585,2021,6,,,88.4,,,,SIN_DATO,directo
05585,2021,7,,,10.8,,,,SIN_DATO,directo
05585,2021,8,,,20.4,916.4147499999999,,,SIN_DATO,directo
05585,2021,9,,,12.0,916.4335,,,SIN_DATO,directo
05585,2021,10,,,11.4,,,,SIN_DATO,directo
05585,2021,11,,,41.0,,,,SIN_DATO,directo
05585,2021,12,,,32.4,,,,SIN_DATO,directo
05585,2021,13,,,45.0,,,,SIN_DATO,directo
05585,2021,14,,,86.8,,,,SIN_DATO,directo
05585,2021,15,,,14.6,,,,SIN_DATO,directo
05585,2021,16,,,27.4,,,,SIN_DATO,directo
05585,2021,17,,,74.8,,,,SIN_DATO,directo
05585,2021,18,,,2.8,,,,SIN_DATO,directo
05585,2021,19,23.714,82.562,22.6,,,,SIN_DATO,directo
05585,2021,20,22.751,89.268,38.6,,,,SIN_DATO,directo
05585,2021,21,22.462,89.333,58.0,,,,SIN_DATO,directo
05585,2021,22,22.763,86.506,104.0,,,,SIN_DATO,directo
05585,2021,36,21.987,0.94,0.0,918.097,,,SIN_DATO,directo
05585,2021,37,22.548,0.077,0.0,918.351,,,SIN_DATO,directo
05585,2021,43,21.423,91.327,9.4,918.109,,,SIN_DATO,directo
05585,2021,44,21.33,32.958,4.0,917.621,,,SIN_DATO,directo
05585,2021,45,21.76,0.593,48.8,917.04,,,SIN_DATO,directo
05585,2021,46,21.792,9.155,1.4,916.442,,,SIN_DATO,directo
05585,2021,47,21.097,0.095,93.0,917.21,,,SIN_DATO,directo
05585,2021,48,22.112,0.049,63.2,916.445,,,SIN_DATO,directo
05585,2021,49,22.339,0.077,0.6,916.194,,,SIN_DATO,directo
05585,2021,50,21.756,0.042,23.6,916.362,,,SIN_DATO,directo
05585,2021,51,22.134,0.03,0.0,917.228,,,SIN_DATO,directo
05585,2021,52,22.157,0.039,1.4,916.845,,,SIN_DATO,directo
05585,2022,4,21.955,0.049,0.0,917.894,,,SIN_DATO,directo
05585,2022,5,21.669,6.0,6.2,917.233,,,SIN_DATO,directo
05585,2022,6,21.855,0.038,3.8,916.304,,,SIN_DATO,directo
05585,2022,7,21.908,0.417,8.0,917.034,,,SIN_DATO,directo
05585,2022,8,22.333,0.163,0.0,916.963,,,SIN_DATO,directo
05585,2022,13,,,0.2,,,,SIN_DATO,directo
05585,2022,14,,,2.0,,,,SIN_DATO,directo
05585,2022,15,,,0.0,,,,SIN_DATO,directo
05585,2022,16,,,0.6,,,,SIN_DATO,directo
05585,2022,17,,,10.4,,,,SIN_DATO,directo
05585,2022,18,,,20.2,,,,SIN_DATO,directo
05585,2022,19,,,12.4,,,,SIN_DATO,directo
05585,2022,20,,,111.8,,,,SIN_DATO,directo
05585,2022,21,,,137.4,,,,SIN_DATO,directo
05585,2022,22,,,73.2,,,,SIN_DATO,directo
05585,2022,23,,,63.2,,,,SIN_DATO,directo
05585,2022,24,,,57.2,,,,SIN_DATO,directo
05585,2022,25,,,4.4,,,,SIN_DATO,directo
05585,2022,26,,,49.6,,,,SIN_DATO,directo
05585,2022,27,,,15.4,,,,SIN_DATO,directo
05585,2022,28,,,36.8,,,,SIN_DATO,directo
05585,2022,29,,,1.6,,,,SIN_DATO,directo
05585,2022,30,,,59.8,,,,SIN_DATO,directo
05585,2022,31,,,0.0,,,,SIN_DATO,directo
05585,2022,32,,,0.0,,,,SIN_DATO,directo
05585,2022,33,,,27.4,,,,SIN_DATO,directo
05585,2022,34,,,5.4,,,,SIN_DATO,directo
05585,2022,35,,,15.4,,,,SIN_DATO,directo
05585,2022,38,,,0.0,,,,SIN_DATO,directo
05585,2022,39,,,74.0,,,,SIN_DATO,directo
05585,2022,40,,,12.6,,,,SIN_DATO,directo
05585,2022,41,,,3.2,,,,SIN_DATO,directo
05585,2022,42,,,13.2,,,,SIN_DATO,directo
05585,2022,43,,,12.2,,,,SIN_DATO,directo
05585,2022,44,,,0.0,,,,SIN_DATO,directo
05585,2022,48,,,0.2,,,,SIN_DATO,directo
05585,2022,49,,,0.2,,,,SIN_DATO,directo
05585,2022,51,,,0.1,,27.518,12.402,SISAIRE_DIRECTO,directo
05585,2022,52,,,0.0,,24.881,11.048,SISAIRE_DIRECTO,directo
05585,2023,1,,,11.2,,17.066,6.394,SISAIRE_DIRECTO,directo
05585,2023,2,,,27.8,,14.424,5.363,SISAIRE_DIRECTO,directo
05585,2023,3,,,13.9,,22.897,9.891,SISAIRE_DIRECTO,directo
05585,2023,4,,,0.0,,25.932,12.907,SISAIRE_DIRECTO,directo
05585,2023,5,,,0.0,,28.578,14.295,SISAIRE_DIRECTO,directo
05585,2023,6,,,9.8,,25.791,13.289,SISAIRE_DIRECTO,directo
05585,2023,7,,,7.6,,20.121,9.329,SISAIRE_DIRECTO,directo
05585,2023,8,,,1.6,,30.383,16.425,SISAIRE_DIRECTO,directo
05585,2023,9,,,0.8,,27.439,15.54,SISAIRE_DIRECTO,directo
05585,2023,10,,,0.0,,21.678,9.64,SISAIRE_DIRECTO,directo
05585,2023,11,,,2.0,,28.353,13.394,SISAIRE_DIRECTO,directo
05585,2023,12,,,2.0,,46.025,26.227,SISAIRE_DIRECTO,directo
05585,2023,13,,,2.0,,29.237,16.693,SISAIRE_DIRECTO,directo
05585,2023,14,,,2.0,,25.756,13.529,SISAIRE_DIRECTO,directo
05585,2023,15,,,2.0,,26.624,13.446,SISAIRE_DIRECTO,directo
05585,2023,16,,,,,22.03,10.267,SISAIRE_DIRECTO,directo
05585,2023,17,,,,,20.163,8.253,SISAIRE_DIRECTO,directo
05607,2019,10,14.444,92.306,32.0,750.112,51.305,14.527,SIN_DATO,directo
05607,2019,11,14.335,92.667,32.4,749.938,57.045,9.409,SIN_DATO,directo
05607,2019,12,13.233,95.506,120.6,750.861,40.41,4.315,SIN_DATO,directo
05607,2019,13,14.368,94.156,37.4,750.433,44.519,6.412,SIN_DATO,directo
05607,2019,14,13.73,93.339,163.8,751.308,53.368,1.751,SIN_DATO,directo
05607,2019,15,14.27,92.006,98.2,750.527,50.407,9.664,SIN_DATO,directo
05607,2019,16,14.067,93.494,97.6,750.642,55.743,9.807,SIN_DATO,directo
05607,2019,17,14.253,93.03,14.2,750.662,41.433,9.065,SIN_DATO,directo
05607,2019,18,15.03,83.359,0.8,750.102,54.037,13.793,SIN_DATO,directo
05607,2019,19,14.58,89.659,63.4,750.476,59.872,14.17,SIN_DATO,directo
05607,2019,20,14.03,92.892,100.6,750.786,55.067,9.864,SIN_DATO,directo
05607,2019,21,14.074,93.464,118.2,750.646,52.305,3.686,SIN_DATO,directo
05607,2019,22,13.488,94.155,87.8,750.968,50.438,12.342,SIN_DATO,directo
05607,2019,23,14.54,89.072,60.6,750.995,44.568,12.147,SIN_DATO,directo
05607,2019,24,14.425,89.687,50.4,751.26,50.628,11.373,SIN_DATO,directo
05607,2019,25,14.86,80.262,3.8,751.023,61.207,13.487,SIN_DATO,directo
05607,2019,26,14.549,85.423,5.8,750.227,50.254,6.736,SIN_DATO,directo
05607,2019,27,14.246,85.903,56.4,750.666,44.131,16.718,SIN_DATO,directo
05607,2019,28,13.707,86.904,33.6,750.614,47.289,7.382,SIN_DATO,directo
05607,2019,29,14.286,83.473,35.6,750.5,52.796,12.757,SIN_DATO,directo
05607,2019,30,13.822,86.837,48.6,751.136,48.233,5.093,SIN_DATO,directo
05607,2019,31,14.191,85.808,34.4,750.607,55.055,7.474,SIN_DATO,directo
05607,2019,32,14.351,80.289,1.4,751.521,55.354,15.17,SIN_DATO,directo
05607,2019,33,14.028,84.945,4.4,750.889,58.262,9.579,SIN_DATO,directo
05607,2019,34,14.18,79.363,0.2,751.147,62.509,13.042,SIN_DATO,directo
05607,2019,35,14.463,79.815,10.2,750.46,59.111,11.145,SIN_DATO,directo
05607,2019,36,14.727,80.994,25.2,750.913,43.778,10.07,SIN_DATO,directo
05607,2019,37,14.835,82.796,85.8,750.399,44.022,14.69,SIN_DATO,directo
05607,2019,38,12.336,97.212,24.2,750.261,50.598,9.656,SIN_DATO,directo
05607,2019,39,14.036,87.068,15.6,751.002,47.616,4.799,SIN_DATO,directo
05607,2019,40,13.325,88.777,31.8,750.333,42.157,7.874,SIN_DATO,directo
05607,2019,41,13.221,91.811,0.4,749.315,47.691,12.134,SIN_DATO,directo
05607,2019,42,13.003,91.629,0.0,750.754,47.43,11.644,SIN_DATO,directo
05607,2019,43,12.927,93.948,0.0,749.895,45.863,5.471,SIN_DATO,directo
05607,2019,44,12.996,93.992,1.4,749.896,48.691,8.122,SIN_DATO,directo
05607,2019,45,13.466,93.418,2.4,749.072,60.562,8.57,SIN_DATO,directo
05607,2019,46,13.104,94.962,0.2,749.877,52.783,9.25,SIN_DATO,directo
05607,2019,47,13.223,93.384,2.8,750.179,66.08268,6.072,SIN_DATO,directo
05607,2019,48,14.357,89.269,1.8,749.474,52.555,8.424,SIN_DATO,directo
05607,2019,49,13.44,90.818,3.2,750.604,48.896,8.108,SIN_DATO,directo
05607,2019,50,13.398,92.569,8.2,749.581,51.233,12.827,SIN_DATO,directo
05607,2019,51,14.124,90.581,4.2,749.143,53.238,12.945,SIN_DATO,directo
05607,2019,52,14.607,89.542,2.6,749.58,54.658,9.941,SIN_DATO,directo
05607,2020,1,13.956,91.245,5.8,750.879,35.971,6.435,SIN_DATO,directo
05607,2020,2,13.223,80.683,0.0,750.11,41.556,8.785,SIN_DATO,directo
05607,2020,3,14.61,83.167,0.0,749.457,47.396,13.602,SIN_DATO,directo
05607,2020,4,12.873,93.467,5.0,750.761,48.668,13.915,SIN_DATO,directo
05607,2020,5,14.26,87.615,3.0,751.122,43.67,15.903,SIN_DATO,directo
05607,2020,6,14.135,83.06,0.2,750.838,58.495,21.23,SIN_DATO,directo
05607,2020,7,14.368,85.049,0.2,749.858,57.159,23.887,SIN_DATO,directo
05607,2020,8,14.683,86.531,5.0,750.335,50.919,22.557,SIN_DATO,directo
05607,2020,9,14.281,91.837,2.4,751.342,55.854,25.853,SIN_DATO,directo
05607,2020,10,14.96,88.431,1.8,750.778,62.499,21.767,SIN_DATO,directo
05607,2020,11,14.346,92.024,26.0,750.69,63.772,23.869,SIN_DATO,directo
05607,2020,12,13.821,88.419,1.6,751.308,56.14,12.095,SIN_DATO,directo
05607,2020,13,14.195,88.413,2.2,750.31,53.718,12.681,SIN_DATO,directo
05607,2020,14,14.86,90.427,5.2,750.136,27.41,15.055,SIN_DATO,directo
05607,2020,15,15.413,89.067,8.4,751.007,20.267,9.277,SIN_DATO,directo
05607,2020,16,13.51,93.431,14.2,751.738,34.501,16.806,SIN_DATO,directo
05607,2020,17,13.943,91.187,1.4,751.214,33.682,13.602,SIN_DATO,directo
05607,2020,18,14.624,90.423,1.4,751.357,37.744,13.849,SIN_DATO,directo
05607,2020,19,15.682,82.575,0.2,750.818,32.585,9.045,SIN_DATO,directo
05607,2020,20,14.917,89.417,6.6,751.149,38.837,12.937,SIN_DATO,directo
05607,2020,21,15.101,87.596,5.2,751.283,41.162,11.922,SIN_DATO,directo
05607,2020,22,14.304,90.958,21.8,751.274,33.82,10.919,SIN_DATO,directo
05607,2020,23,14.139,88.608,9.0,751.699,41.143,11.177,SIN_DATO,directo
05607,2020,24,13.79,89.749,3.2,751.101,38.718,12.327,SIN_DATO,directo
05607,2020,25,14.035,90.488,2.0,750.899,39.92,11.524,SIN_DATO,directo
05607,2020,26,14.101,87.383,6.4,750.179,42.315,17.945,SIN_DATO,directo
05607,2020,27,13.63,90.988,39.6,750.052,35.338,12.274,SIN_DATO,directo
05607,2020,28,13.48,91.204,8.6,750.594,39.909,12.632,SIN_DATO,directo
05607,2020,29,14.061,83.229,1.2,750.25,39.885,9.166,SIN_DATO,directo
05607,2020,30,13.283,89.946,17.4,750.317,34.072,11.52,SIN_DATO,directo
05607,2020,31,14.324,86.4,4.2,750.823,43.384,11.191,SIN_DATO,directo
05607,2020,43,13.768,88.07533333333333,0.4,750.57,47.722,13.359,SIN_DATO,directo
05607,2020,44,13.212,89.75066666666667,0.0,750.04,40.703,11.861,SIN_DATO,directo
05607,2021,7,12.656,91.426,29.4,750.326,44.264,15.444,SIN_DATO,directo
05607,2021,8,13.805,89.554,27.6,749.021,42.496,15.851,SIN_DATO,directo
05607,2021,9,12.953,91.114,15.8,749.37,49.622,19.481,SIN_DATO,directo
05607,2021,10,12.507,91.077,39.6,750.532,45.203,14.918,SIN_DATO,directo
05607,2021,11,12.472,92.708,103.0,749.96,42.987,13.589,SIN_DATO,directo
05607,2021,12,13.069,93.329,59.0,749.799,41.833,12.975,SIN_DATO,directo
05607,2021,13,14.232,90.826,30.2,748.649,35.057,12.581,SIN_DATO,directo
05607,2021,14,14.33,89.885,10.2,749.715,37.343,10.318,SIN_DATO,directo
05607,2021,15,14.485,87.681,6.4,749.799,45.724,12.166,SIN_DATO,directo
05607,2021,16,13.902,90.036,1.0,750.273,49.82,16.147,SIN_DATO,directo
05607,2021,17,13.373,95.06,3.6,750.061,41.358,12.735,SIN_DATO,directo
05607,2021,18,11.819,93.5,1.4,751.631,39.577,11.478,SIN_DATO,directo
05607,2021,19,14.756,88.581,0.0,750.145,41.379,11.164,SIN_DATO,directo
05607,2021,20,14.436,90.113,4.6,750.424,42.902,12.123,SIN_DATO,directo
05607,2021,21,14.047,91.844,7.2,750.906,45.21,11.705,SIN_DATO,directo
05607,2021,22,14.321,90.802,6.4,750.357,44.475,10.433,SIN_DATO,directo
05607,2021,23,13.245,92.94,17.8,750.976,41.296,12.496,SIN_DATO,directo
05607,2021,24,13.962,88.399,9.8,751.199,41.62,10.668,SIN_DATO,directo
05607,2021,25,13.286,89.355,5.2,751.047,48.75,11.743,SIN_DATO,directo
05607,2021,26,13.747,86.084,3.6,751.095,47.065,11.156,SIN_DATO,directo
05607,2021,27,14.263,85.719,4.8,750.383,47.429,12.196,SIN_DATO,directo
05607,2021,28,14.081,83.24,2.6,750.846,36.1,11.098,SIN_DATO,directo
05607,2021,29,14.22,83.655,3.8,750.838,41.667,10.913,SIN_DATO,directo
05607,2021,30,13.976,86.228,1.8,750.99,48.17,11.302,SIN_DATO,directo
05607,2021,31,13.791,84.03,0.2,751.753,55.535,15.653,SIN_DATO,directo
05607,2021,32,13.44,90.261,3.0,751.48,35.13,10.841,SIN_DATO,directo
05607,2021,33,13.65,87.301,1.8,750.221,36.22,11.86,SIN_DATO,directo
05607,2021,34,13.873,88.297,2.8,749.728,41.157,12.009,SIN_DATO,directo
05607,2021,35,13.51,87.096,4.0,750.689,29.885,10.911,SIN_DATO,directo
05607,2021,36,13.199,89.274,2.4,750.902,61.2,12.324,SIN_DATO,directo
05607,2021,37,13.754,80.372,0.2,751.201,51.03,11.817,SIN_DATO,directo
05607,2021,38,13.876,84.599,1.0,750.493,45.84,12.371,SIN_DATO,directo
05607,2021,39,13.436,87.339,1.4,750.072,52.78,12.6,SIN_DATO,directo
05607,2021,40,14.113,86.357,1.0,749.543,42.757,10.981,SIN_DATO,directo
05607,2021,41,13.631,88.223,3.4,750.564,42.033,13.96,SIN_DATO,directo
05607,2021,42,13.232,87.036,1.4,751.008,47.605,13.662,SIN_DATO,directo
05607,2021,43,13.259,88.497,4.0,750.908,55.05,11.372,SIN_DATO,directo
05607,2021,44,13.21,88.012,2.4,750.372,40.973,11.373,SIN_DATO,directo
05607,2021,45,13.034,89.283,3.2,750.015,54.0,13.284,SIN_DATO,directo
05607,2021,46,13.212,89.577,2.6,749.576,51.75,13.381,SIN_DATO,directo
05607,2021,47,13.226,90.988,6.6,749.901,49.915,13.035,SIN_DATO,directo
05607,2021,48,13.712,89.718,1.4,749.645,50.857,12.834,SIN_DATO,directo
05607,2021,49,13.804,89.22,0.0,749.565,40.605,15.716,SIN_DATO,directo
05607,2021,50,13.269,89.048,1.2,749.481,43.39,15.111,SIN_DATO,directo
05607,2021,51,14.042,88.581,0.8,750.294,43.92,13.372,SIN_DATO,directo
05607,2021,52,13.533,91.136,1.4,750.01,43.58,14.336,SIN_DATO,directo
05607,2022,1,10.98,95.2,0.0,751.0,39.755,14.27,SIN_DATO,directo
05607,2022,4,12.768,85.263,0.0,750.252,50.56,17.337,SIN_DATO,directo
05607,2022,5,12.67,87.875,5.4,749.796,54.1,19.067,SIN_DATO,directo
05607,2022,6,13.006,90.252,3.2,749.285,52.855,16.089,SIN_DATO,directo
05607,2022,7,12.839,90.614,1.4,749.831,62.92,17.517,SIN_DATO,directo
05607,2022,8,12.914,86.256,0.4,749.679,50.043,21.114,SIN_DATO,directo
05607,2022,13,13.545,89.957,1.2,749.697,32.813,15.113,SIN_DATO,directo
05607,2022,14,13.965,88.054,2.6,749.686,38.565,12.357,SIN_DATO,directo
05607,2022,15,14.232,86.168,0.2,749.275,38.305,16.005,SIN_DATO,directo
05607,2022,16,13.005,89.12,1.8,750.362,28.51,10.268,SIN_DATO,directo
05607,2022,17,13.79,86.362,3.2,749.729,39.115,11.611,SIN_DATO,directo
05607,2022,18,14.216,85.527,0.2,750.901,33.445,11.629,SIN_DATO,directo
05607,2022,19,14.072,89.495,0.6,749.957,43.17,12.67,SIN_DATO,directo
05607,2022,20,13.929,88.945,0.4,751.762,47.54,12.304,SIN_DATO,directo
05607,2022,21,13.571,87.046,0.4,750.243,43.115,12.171,SIN_DATO,directo
05607,2022,22,12.906,89.994,1.6,750.28,30.967,11.38,SIN_DATO,directo
05607,2022,23,12.734,90.246,5.2,750.329,38.73,12.253,SIN_DATO,directo
05607,2022,24,13.278,90.154,4.2,750.331,36.005,10.445,SIN_DATO,directo
05607,2022,25,13.053,88.813,1.6,750.188,35.303,10.597,SIN_DATO,directo
05607,2022,26,13.029,89.492,1.8,750.742,53.18,9.973,SIN_DATO,directo
05607,2022,27,13.777,84.029,0.4,750.631,57.055,9.666,SIN_DATO,directo
05607,2022,28,14.174,85.712,42.6,750.518,55.855,12.081,SIN_DATO,directo
05607,2022,29,14.003,85.949,34.0,750.283,32.113,10.863,SIN_DATO,directo
05607,2022,30,13.239,89.242,118.6,750.605,30.87,9.731,SIN_DATO,directo
05607,2022,31,13.469,88.406,128.6,749.722,31.8,10.474,SIN_DATO,directo
05607,2022,32,13.773,83.397,42.8,750.628,47.04,10.872,SIN_DATO,directo
05607,2022,33,13.712,86.616,26.0,750.459,51.715,9.993,SIN_DATO,directo
05607,2022,34,13.155,87.65,19.8,750.518,62.41,17.033,SIN_DATO,directo
05607,2022,35,13.631,88.575,52.2,750.181,44.93,12.133,SIN_DATO,directo
05607,2022,36,13.86,85.991,46.6,751.039,47.195,14.99,SIN_DATO,directo
05607,2022,37,12.722,89.352,93.6,750.56,45.27,10.8,SIN_DATO,directo
05607,2022,38,12.571,90.457,93.8,750.351,42.797,12.024,SIN_DATO,directo
05607,2022,39,13.184,89.282,44.2,750.275,28.635,11.971,SIN_DATO,directo
05607,2022,40,13.43,88.457,116.8,749.847,41.005,10.557,SIN_DATO,directo
05607,2022,41,13.313,88.993,21.2,750.588,44.697,14.722,SIN_DATO,directo
05607,2022,42,12.63,92.647,24.2,750.677,43.83,12.64,SIN_DATO,directo
05607,2022,43,13.448,91.077,19.4,749.838,35.175,9.405,SIN_DATO,directo
05607,2022,44,13.482,89.84,1.6,750.575,34.893,10.758,SIN_DATO,directo
05607,2022,46,13.076666666666666,89.98533333333333,1.3333333333333335,750.091,46.785,13.468,SIN_DATO,directo
05607,2022,47,12.671333333333333,90.13066666666667,1.0666666666666669,749.425,35.84,12.501,SIN_DATO,directo
05607,2022,48,12.266,90.276,0.8,748.788,42.96,10.224,SIN_DATO,directo
05607,2022,49,11.897,94.812,0.0,749.347,46.885,13.856,SIN_DATO,directo
05607,2022,50,13.081,88.186,3.8,749.253,49.433,13.642,SIN_DATO,directo
05607,2022,51,13.633,89.53,1.2,749.651,49.433,17.373,SIN_DATO,directo
05607,2022,52,12.469,93.358,12.8,750.431,49.433,16.831,SIN_DATO,directo
05607,2023,3,12.576,90.227,7.2,749.642,,14.918,SIN_DATO,directo
05607,2023,4,13.774,80.916,0.0,749.221,,16.521,SIN_DATO,directo
05607,2023,5,13.338,85.153,5.6,749.926,,21.343,SIN_DATO,directo
05607,2023,6,13.619,88.583,9.2,749.068,,17.733,SIN_DATO,directo
05607,2023,7,13.704,91.371,23.0,749.12,,15.357,SIN_DATO,directo
05607,2023,8,13.311,88.784,50.0,750.329,,22.576,SIN_DATO,directo
05607,2023,9,14.692,88.413,15.4,749.618,,18.08,SIN_DATO,directo
05607,2023,10,12.989,93.156,102.2,750.444,,13.761,SIN_DATO,directo
05607,2023,11,12.598,93.03,74.2,751.176,,13.016,SIN_DATO,directo
05615,2018,1,16.054,42.505,79.767,790.895,,,SIN_DATO,directo
05615,2018,2,15.953,43.763,68.962,790.217,,,SIN_DATO,directo
05615,2018,3,17.182,42.943,54.128,789.808,,,SIN_DATO,directo
05615,2018,4,16.735,59.973,21.008,788.446,,,SIN_DATO,directo
05615,2018,5,17.335,85.212,4.061,788.464,,,SIN_DATO,directo
05615,2018,6,16.771,82.265,2.763,789.509,,,SIN_DATO,directo
05615,2018,7,16.694,83.09,29.881,790.381,,,SIN_DATO,directo
05615,2018,8,15.437,83.74,104.746,790.672,,,SIN_DATO,directo
05615,2018,9,15.952,84.298,15.443,790.369,,,SIN_DATO,directo
05615,2018,10,17.371,78.511,14.641,789.474,,,SIN_DATO,directo
05615,2018,11,17.255,81.922,21.943,790.012,,,SIN_DATO,directo
05615,2018,12,16.923,85.565,27.02,789.27,,,SIN_DATO,directo
05615,2018,13,16.711,85.5,27.183,789.366,,,SIN_DATO,directo
05615,2018,14,15.709,87.742,55.31,790.107,,,SIN_DATO,directo
05615,2018,15,15.983,88.807,78.093,790.934,,,SIN_DATO,directo
05615,2018,16,17.186,81.837,4.38,790.682,,,SIN_DATO,directo
05615,2018,17,17.44,84.779,54.046,790.773,,,SIN_DATO,directo
05615,2018,18,18.454,85.785,35.823,790.836,,,SIN_DATO,directo
05615,2018,19,16.314,88.248,106.28,791.381,,,SIN_DATO,directo
05615,2018,20,16.591,86.236,124.232,790.219,,,SIN_DATO,directo
05615,2018,21,17.378,84.101,47.598,790.609,,,SIN_DATO,directo
05615,2018,22,17.442,82.473,71.803,790.386,,,SIN_DATO,directo
05615,2018,23,18.073,78.98,2.256,790.404,,,SIN_DATO,directo
05615,2018,24,17.233,81.524,30.687,791.326,,,SIN_DATO,directo
05615,2018,25,17.265,79.167,40.407,791.186,,,SIN_DATO,directo
05615,2018,26,16.029,84.476,37.009,790.512,,,SIN_DATO,directo
05615,2018,27,17.149,80.589,25.358,790.098,,,SIN_DATO,directo
05615,2018,28,17.734,76.461,4.845,790.577,,,SIN_DATO,directo
05615,2018,29,17.105,80.182,21.244,790.668,,,SIN_DATO,directo
05615,2018,30,17.22,81.827,31.134,791.286,,,SIN_DATO,directo
05615,2018,31,16.479,83.679,65.123,790.495,,,SIN_DATO,directo
05615,2018,32,16.707,72.417,0.033,790.687,,,SIN_DATO,directo
05615,2018,33,16.716,78.792,36.731,791.157,,,SIN_DATO,directo
05615,2018,34,17.332,76.363,17.964,790.555,,,SIN_DATO,directo
05615,2018,35,17.394,77.786,28.469,790.03,,,SIN_DATO,directo
05615,2018,36,16.952,83.417,78.035,789.922,,,SIN_DATO,directo
05615,2018,37,16.633,85.137,47.196,789.96,,,SIN_DATO,directo
05615,2018,38,17.615,78.52,29.237,789.013,,,SIN_DATO,directo
05615,2018,39,16.721,83.383,91.4,789.165,,,SIN_DATO,directo
05615,2018,40,16.56,87.512,66.512,789.832,,,SIN_DATO,directo
05615,2018,41,16.435,87.685,64.561,790.476,,,SIN_DATO,directo
05615,2018,42,16.399,89.335,75.31,789.501,,,SIN_DATO,directo
05615,2018,43,16.648,89.536,56.313,789.563,,,SIN_DATO,directo
05615,2018,44,16.319,89.796,52.666,789.902,,,SIN_DATO,directo
05615,2018,45,16.546,90.827,40.383,789.05,,,SIN_DATO,directo
05615,2018,46,17.483,88.565,25.049,789.221,,,SIN_DATO,directo
05615,2018,47,17.154,90.12,178.97,789.586,,,SIN_DATO,directo
05615,2018,48,16.798,87.576,73.826,789.839,,,SIN_DATO,directo
05615,2018,49,16.523,84.829,8.378,790.215,,,SIN_DATO,directo
05615,2018,50,16.812,84.667,49.269,790.822,,,SIN_DATO,directo
05615,2018,51,16.366,82.955,11.824,789.861,,,SIN_DATO,directo
05615,2018,52,16.606,80.918,5.597,788.533,,,SIN_DATO,directo
05615,2019,1,16.647,77.882,21.053,789.263,23.888,20.082,IMPUTADO_PA,directo
05615,2019,2,15.858,87.976,84.19,790.783,26.803,20.462,IMPUTADO_PA,directo
05615,2019,3,16.63,85.985,72.971,790.208,13.379,15.528,IMPUTADO_PA,directo
05615,2019,4,17.522,83.315,16.469,789.958,26.895,16.078,IMPUTADO_PA,directo
05615,2019,5,17.133,84.538,8.916,790.112,18.357,16.049,IMPUTADO_PA,directo
05615,2019,6,17.436,85.252,12.494,789.093,31.553,11.679,IMPUTADO_PA,directo
05615,2019,7,18.077,84.603,31.829,790.141,26.252,20.72,IMPUTADO_PA,directo
05615,2019,8,17.221,87.205,87.944,790.241,25.21,21.205,IMPUTADO_PA,directo
05615,2019,9,16.338,88.725,255.485,790.556,21.217,17.066,IMPUTADO_PA,directo
05615,2019,10,17.546,86.055,18.623,790.109,36.31,16.44,IMPUTADO_PA,directo
05615,2019,11,17.702,85.495,14.054,789.771,19.599,19.799,IMPUTADO_PA,directo
05615,2019,12,16.733,89.293,102.808,790.738,16.648,19.49,IMPUTADO_PA,directo
05615,2019,13,17.361,87.924,39.925,790.611,18.535,23.039,IMPUTADO_PA,directo
05615,2019,14,16.683,88.647,194.137,791.367,27.849,19.611,IMPUTADO_PA,directo
05615,2019,15,17.438,87.362,47.9,790.374,22.61,19.214,IMPUTADO_PA,directo
05615,2019,16,17.429,87.367,82.0,790.468,21.796,17.937,IMPUTADO_PA,directo
05615,2019,17,17.422,87.35,59.7,790.511,19.676,15.93,IMPUTADO_PA,directo
05615,2019,18,18.136,80.703,0.1,789.904,21.515,22.953,IMPUTADO_PA,directo
05615,2019,19,17.934,85.538,70.8,790.226,19.315,15.216,IMPUTADO_PA,directo
05615,2019,20,17.301,88.183,76.2,790.636,25.744,21.658,IMPUTADO_PA,directo
05615,2019,21,17.158,88.505,114.7,790.518,20.711,19.814,IMPUTADO_PA,directo
05615,2019,22,16.844,89.733,68.6,790.68,18.629,19.858,IMPUTADO_PA,directo
05615,2019,23,17.926,84.062,42.4,790.64,27.331,17.013,IMPUTADO_PA,directo
05615,2019,24,18.048,84.34,50.0,790.908,16.804,20.886,IMPUTADO_PA,directo
05615,2019,25,17.951,77.265,4.6,790.685,22.686,14.978,IMPUTADO_PA,directo
05615,2019,26,17.715,81.694,8.2,789.948,11.769,23.795,IMPUTADO_PA,directo
05615,2019,27,17.857,80.841,52.0,790.361,14.678,18.851,IMPUTADO_PA,directo
05615,2019,28,17.247,83.415,51.4,790.393,20.134,15.733,IMPUTADO_PA,directo
05615,2019,29,17.92,77.648,19.4,790.299,19.221,16.464,IMPUTADO_PA,directo
05615,2019,30,17.606,80.954,26.0,791.014,19.213,17.925,IMPUTADO_PA,directo
05615,2019,31,17.612,82.0,16.0,790.355,26.306,12.905,IMPUTADO_PA,directo
05615,2019,32,17.79,75.777,0.8,791.36,26.648,20.471,IMPUTADO_PA,directo
05615,2019,33,17.44,80.35,16.4,790.685,23.712,12.638,IMPUTADO_PA,directo
05615,2019,34,17.387,76.39,0.8,790.826,16.538,20.209,IMPUTADO_PA,directo
05615,2019,35,16.941,78.527,29.086,790.555,21.473,17.931,IMPUTADO_PA,directo
05615,2019,36,17.945,77.845,99.663,790.996,32.48,24.192,IMPUTADO_PA,directo
05615,2019,37,17.904,80.439,209.382,790.302,35.551,12.216,IMPUTADO_PA,directo
05615,2019,38,16.562,88.588,45.335,790.7,27.389,14.774,IMPUTADO_PA,directo
05615,2019,39,16.722,87.647,85.67,791.208,16.73,21.215,IMPUTADO_PA,directo
05615,2019,40,16.384,86.858,59.928,790.28,21.52,19.585,IMPUTADO_PA,directo
05615,2019,41,16.648,86.092,101.738,789.271,23.344,19.793,IMPUTADO_PA,directo
05615,2019,42,16.486,86.689,48.805,790.771,22.507,21.986,IMPUTADO_PA,directo
05615,2019,43,16.475,89.767,132.383,789.917,28.012,17.327,IMPUTADO_PA,directo
05615,2019,44,17.08,87.16,95.166,789.683,26.047,19.882,IMPUTADO_PA,directo
05615,2019,45,16.89,89.188,30.467,788.968,16.462,15.63,IMPUTADO_PA,directo
05615,2019,46,16.327,92.692,139.237,789.71,18.752,15.961,IMPUTADO_PA,directo
05615,2019,47,16.467,90.372,35.858,790.094,27.364,20.585,IMPUTADO_PA,directo
05615,2019,48,17.193,87.746,35.5,788.689,29.818,17.37,IMPUTADO_PA,directo
05615,2019,49,16.929,86.591,10.4,788.8626666666667,23.413,22.574,IMPUTADO_PA,directo
05615,2019,50,16.529,88.109,124.0,789.0363333333333,30.597,15.093,IMPUTADO_PA,directo
05615,2019,51,17.605,87.807,27.463,789.21,22.78,17.692,IMPUTADO_PA,directo
05615,2019,52,17.617,87.28,6.167,789.614,17.301,16.74,IMPUTADO_PA,directo
05615,2020,1,16.888,89.836,93.084,791.201,17.353758620689653,16.49213793103448,SIN_DATO,directo
05615,2020,2,16.094,82.96,0.343,790.424,17.40651724137931,16.244275862068964,SIN_DATO,directo
05615,2020,3,17.134,83.743,0.366,789.5,17.459275862068964,15.996413793103446,SIN_DATO,directo
05615,2020,4,16.45,91.981,64.566,791.193,17.51203448275862,15.74855172413793,SIN_DATO,directo
05615,2020,5,17.222,88.0,24.86,791.407,,,SIN_DATO,directo
05615,2020,6,17.196,82.929,0.732,791.016,,,SIN_DATO,directo
05615,2020,7,17.374,84.498,33.442,789.751,,,SIN_DATO,directo
05615,2020,8,17.556,86.777,33.152,790.068,,,SIN_DATO,directo
05615,2020,9,17.377,89.151,0.242,791.589,,,SIN_DATO,directo
05615,2020,10,17.827,88.159,19.536,790.834,,,SIN_DATO,directo
05615,2020,11,17.531,90.384,51.407,790.776,,,SIN_DATO,directo
05615,2020,12,16.557,88.892,75.868,791.55,,,SIN_DATO,directo
05615,2020,13,17.016,88.21,14.912,790.337,,,SIN_DATO,directo
05615,2020,14,17.873,89.821,71.209,789.995,,,SIN_DATO,directo
05615,2020,15,18.508,88.126,35.203,790.954,,,SIN_DATO,directo
05615,2020,16,16.323,92.552,25.763,791.849,,,SIN_DATO,directo
05615,2020,17,17.105,90.105,18.817,791.261,,,SIN_DATO,directo
05615,2020,18,17.911,89.151,27.029,791.333,,,SIN_DATO,directo
05615,2020,19,18.606,84.016,13.122,790.637,,,SIN_DATO,directo
05615,2020,20,18.082,88.588,10.815,791.034,,,SIN_DATO,directo
05615,2020,21,18.182,86.745,27.069,791.158,,,SIN_DATO,directo
05615,2020,22,17.102,91.955,11.34,791.257,,,SIN_DATO,directo
05615,2020,23,16.973,88.969,15.013,791.712,,,SIN_DATO,directo
05615,2020,24,16.747,91.392,37.351,791.182,,,SIN_DATO,directo
05615,2020,25,17.256,89.401,72.326,790.891,,,SIN_DATO,directo
05615,2020,26,17.16,86.69,40.423,790.172,,,SIN_DATO,directo
05615,2020,27,17.115,89.161,90.056,790.029,,,SIN_DATO,directo
05615,2020,28,16.754,90.273,70.477,790.659,,,SIN_DATO,directo
05615,2020,29,17.273,84.741,14.398,790.309,18.831,9.552,SISAIRE_DIRECTO,directo
05615,2020,30,16.85,90.346,40.601,790.355,14.438,6.953,SISAIRE_DIRECTO,directo
05615,2020,31,17.853,83.801,44.096,790.601,17.379,8.043,SISAIRE_DIRECTO,directo
05615,2020,32,17.654,83.202,1.163,791.22,25.372,12.286,SISAIRE_DIRECTO,directo
05615,2020,33,17.801,88.304,38.867,789.302,14.799,6.723,SISAIRE_DIRECTO,directo
05615,2020,34,16.917,92.691,97.416,790.642,11.673,5.351,SISAIRE_DIRECTO,directo
05615,2020,35,16.309,92.621,34.895,790.748,12.6142,5.5306,SIN_DATO,directo
05615,2020,36,16.342,91.886,69.014,790.377,13.5554,5.7101999999999995,SIN_DATO,directo
05615,2020,37,17.138,89.3,40.222,790.07,14.4966,5.889799999999999,SIN_DATO,directo
05615,2020,38,16.483,91.51,49.018,791.206,15.437800000000001,6.0694,SIN_DATO,directo
05615,2020,39,17.18,87.832,68.099,790.988,16.379,6.249,SISAIRE_DIRECTO,directo
05615,2020,40,16.714,91.417,45.639,789.531,17.064,6.391,SISAIRE_DIRECTO,directo
05615,2020,41,17.133,89.937,16.552,790.403,20.563,8.015,SISAIRE_DIRECTO,directo
05615,2020,42,16.937,91.12,27.137,789.349,18.921,7.707,SISAIRE_DIRECTO,directo
05615,2020,43,16.319,95.013,43.404,790.066,19.917,8.229,SISAIRE_DIRECTO,directo
05615,2020,44,16.402,95.085,80.545,790.027,21.527,9.288,SISAIRE_DIRECTO,directo
05615,2020,45,16.81,94.31,17.851,789.855,23.615,11.133,SISAIRE_DIRECTO,directo
05615,2020,46,16.076,95.786,98.427,790.541,18.51,8.659,SISAIRE_DIRECTO,directo
05615,2020,47,16.363,95.157,46.408,790.083,18.514,7.817,SISAIRE_DIRECTO,directo
05615,2020,48,16.927,92.857,72.932,789.861,23.115,10.007,SISAIRE_DIRECTO,directo
05615,2020,49,16.786,92.288,65.072,790.217,18.615,8.484,SISAIRE_DIRECTO,directo
05615,2020,50,16.879,90.927,9.142,790.532,23.995,12.122,SISAIRE_DIRECTO,directo
05615,2020,51,16.537,93.434,17.298,789.509,24.79,12.806,SISAIRE_DIRECTO,directo
05615,2020,52,16.83,92.523,85.855,789.532,20.524,11.07,SISAIRE_DIRECTO,directo
05615,2020,53,16.51,92.791,1.866,789.787,19.783,10.297,SISAIRE_DIRECTO,directo
05615,2021,1,15.925,91.354,36.231,789.959,17.767,8.94,SISAIRE_DIRECTO,directo
05615,2021,2,17.022,90.065,51.782,789.528,19.125,9.67,SISAIRE_DIRECTO,directo
05615,2021,3,16.82,90.397,19.808,789.27,27.286,14.645,SISAIRE_DIRECTO,directo
05615,2021,4,17.392,89.185,15.502,788.858,24.122,12.39,SISAIRE_DIRECTO,directo
05615,2021,5,17.665,89.273,19.953,789.501,21.523,10.85,SISAIRE_DIRECTO,directo
05615,2021,6,16.654,94.185,60.438,789.558,23.124,12.159,SISAIRE_DIRECTO,directo
05615,2021,7,15.747,94.541,95.718,790.752,22.072,11.949,SISAIRE_DIRECTO,directo
05615,2021,8,17.499,91.347,23.169,788.934,20.691,11.448,SISAIRE_DIRECTO,directo
05615,2021,9,16.254,92.48,204.158,789.28,28.158,16.456,SISAIRE_DIRECTO,directo
05615,2021,10,15.47,95.172,183.67,790.671,20.361,11.174,SISAIRE_DIRECTO,directo
05615,2021,11,15.393,94.762,287.259,790.133,20.376718750000002,11.13125,SIN_DATO,directo
05615,2021,12,16.253,93.411,120.21,789.776,20.3924375,11.0885,SIN_DATO,directo
05615,2021,13,17.719,89.929,27.851,788.474,20.40815625,11.04575,SIN_DATO,directo
05615,2021,14,17.796,89.527,53.509,789.338,20.423875000000002,11.003,SIN_DATO,directo
05615,2021,15,17.835,88.092,32.675,789.525,,,SIN_DATO,directo
05615,2021,16,17.583,89.51,13.674,790.2,,,SIN_DATO,directo
05615,2021,17,16.246,95.341,53.495,790.651,,,SIN_DATO,directo
05615,2021,18,16.013,93.753,55.326,791.189,,,SIN_DATO,directo
05615,2021,19,17.845,91.195,107.362,790.02,,,SIN_DATO,directo
05615,2021,20,17.69,91.694,157.496,790.209,,,SIN_DATO,directo
05615,2021,21,17.302,92.819,105.326,790.905,,,SIN_DATO,directo
05615,2021,22,17.83,90.489,160.165,790.405,,,SIN_DATO,directo
05615,2021,23,16.389,94.625,199.0,790.953,,,SIN_DATO,directo
05615,2021,24,17.23,90.931,160.136,791.231,,,SIN_DATO,directo
05615,2021,25,16.503,90.146,100.856,791.806,,,SIN_DATO,directo
05615,2021,26,17.149,86.522,24.8,791.4871,,,SIN_DATO,directo
05615,2021,27,17.668,86.687,26.8,791.1682000000001,,,SIN_DATO,directo
05615,2021,28,17.256,86.713,64.2,790.8493,,,SIN_DATO,directo
05615,2021,29,16.921,87.202,10.0,790.5304,,,SIN_DATO,directo
05615,2021,30,17.101,87.75,14.4,,,,SIN_DATO,directo
05615,2021,31,17.022,85.853,10.8,,,,SIN_DATO,directo
05615,2021,32,17.192,91.729,76.4,,,,SIN_DATO,directo
05615,2021,33,17.495,90.139,13.6,,,,SIN_DATO,directo
05615,2021,34,17.274,90.351,77.2,,,,SIN_DATO,directo
05615,2021,35,16.732,90.401,115.151,788.617,,,SIN_DATO,directo
05615,2021,36,16.81,91.702,105.24,791.078,,,SIN_DATO,directo
05615,2021,37,17.214,85.571,56.433,791.406,,,SIN_DATO,directo
05615,2021,38,17.007,90.693,143.922,790.643,,,SIN_DATO,directo
05615,2021,39,16.563,92.522,91.268,790.218,,,SIN_DATO,directo
05615,2021,40,17.653,90.569,52.038,789.56,,,SIN_DATO,directo
05615,2021,41,16.719,94.02,110.505,790.638,,,SIN_DATO,directo
05615,2021,42,16.588,92.614,42.729,791.379,20.864,9.806,SISAIRE_DIRECTO,directo
05615,2021,43,16.334,94.088,181.892,791.187,17.313,7.498,SISAIRE_DIRECTO,directo
05615,2021,44,16.481,93.869,64.951,790.506,17.392,7.771,SISAIRE_DIRECTO,directo
05615,2021,45,16.544,94.306,119.564,790.199,18.684,8.987,SISAIRE_DIRECTO,directo
05615,2021,46,16.557,93.115,43.714,789.689,22.559,11.097,SISAIRE_DIRECTO,directo
05615,2021,47,16.406,95.643,206.744,790.088,14.327,6.805,SISAIRE_DIRECTO,directo
05615,2021,48,17.369,92.426,89.213,789.643,15.469,7.421,SISAIRE_DIRECTO,directo
05615,2021,49,17.293,93.097,6.64,789.595,22.458,10.867,SISAIRE_DIRECTO,directo
05615,2021,50,16.615,93.38,15.044,789.54,21.191,10.783,SISAIRE_DIRECTO,directo
05615,2021,51,17.282,93.698,34.318,790.393,20.699,10.887,SISAIRE_DIRECTO,directo
05615,2021,52,16.656,96.055,32.321,790.089,19.248,10.139,SISAIRE_DIRECTO,directo
05615,2022,1,15.083,96.588,24.193,789.761,24.095,14.132,SISAIRE_DIRECTO,directo
05615,2022,2,15.523,95.723,38.937,790.712,22.155,12.081,SISAIRE_DIRECTO,directo
05615,2022,3,16.804,93.886,8.334,789.751,30.818,18.392,SISAIRE_DIRECTO,directo
05615,2022,4,16.095,92.325,0.385,789.885,32.75,18.685,SISAIRE_DIRECTO,directo
05615,2022,5,15.94,92.552,47.243,789.882,40.456,22.389,SISAIRE_DIRECTO,directo
05615,2022,6,16.395,92.849,5.6,789.9041111111111,33.023,16.474,SISAIRE_DIRECTO,directo
05615,2022,7,16.195,94.163,51.8,789.9262222222221,38.429,20.659,SISAIRE_DIRECTO,directo
05615,2022,8,16.091,90.698,6.6,789.9483333333333,31.732,19.095,SISAIRE_DIRECTO,directo
05615,2022,9,16.3462,91.29039999999999,10.64,789.9704444444444,17.411,8.168,SISAIRE_DIRECTO,directo
05615,2022,10,16.6014,91.88279999999999,14.680000000000001,,20.03,10.621,SISAIRE_DIRECTO,directo
05615,2022,11,16.8566,92.4752,18.720000000000002,,24.423,14.197,SISAIRE_DIRECTO,directo
05615,2022,12,17.111800000000002,93.0676,22.760000000000005,,26.124,16.189,SISAIRE_DIRECTO,directo
05615,2022,13,17.367,93.66,26.8,,20.565,11.375,SISAIRE_DIRECTO,directo
05615,2022,14,17.641,91.884,53.2,,17.601,8.84,SISAIRE_DIRECTO,directo
05615,2022,15,17.877,90.982,25.0,,25.194,14.146,SISAIRE_DIRECTO,directo
05615,2022,16,16.068,95.976,113.0,,14.705,7.002,SISAIRE_DIRECTO,directo
05615,2022,17,17.34,91.516,45.4,,16.952,7.736,SISAIRE_DIRECTO,directo
05615,2022,18,17.997,90.378,39.2,,19.374,10.028,SISAIRE_DIRECTO,directo
05615,2022,19,17.991,92.577,47.0,,18.634,8.737,SISAIRE_DIRECTO,directo
05615,2022,20,17.909,92.484,32.8,,17.989,8.478,SISAIRE_DIRECTO,directo
05615,2022,21,17.622,91.174,7.4,,19.628,8.895,SISAIRE_DIRECTO,directo
05615,2022,22,16.557,94.176,81.2,,18.146,8.886,SISAIRE_DIRECTO,directo
05615,2022,23,16.434,94.333,64.8,790.28,17.83,8.928,SISAIRE_DIRECTO,directo
05615,2022,24,16.763,92.361,82.996,790.076,14.721,6.898,SISAIRE_DIRECTO,directo
05615,2022,25,16.794,91.758,58.014,789.988,15.284,7.704,SISAIRE_DIRECTO,directo
05615,2022,26,16.495,93.0,71.371,790.616,14.562,7.288,SISAIRE_DIRECTO,directo
05615,2022,27,17.401,89.029,8.354,790.262,19.635,10.345,SISAIRE_DIRECTO,directo
05615,2022,28,17.816,89.598,15.422,790.661,17.779,8.401,SISAIRE_DIRECTO,directo
05615,2022,29,17.703,89.119,85.305,790.111,17.368,9.466,SISAIRE_DIRECTO,directo
05615,2022,30,16.762,92.794,122.555,790.508,15.258,7.548,SISAIRE_DIRECTO,directo
05615,2022,31,17.116,90.656,92.809,789.556,15.043,7.485,SISAIRE_DIRECTO,directo
05615,2022,32,17.675,86.123,15.104,790.549,20.197,10.478,SISAIRE_DIRECTO,directo
05615,2022,33,17.439,89.881,25.889,790.346,20.586,10.076,SISAIRE_DIRECTO,directo
05615,2022,34,16.807,90.827,34.218,790.399,26.204,16.51,SISAIRE_DIRECTO,directo
05615,2022,35,17.266,91.613,48.615,789.974,18.097,10.386,SISAIRE_DIRECTO,directo
05615,2022,36,17.786,86.883,35.106,790.871,22.847,13.372,SISAIRE_DIRECTO,directo
05615,2022,37,16.529,91.183,67.357,790.448,22.939,13.3192,SIN_DATO,directo
05615,2022,38,16.248,92.578,61.922,790.253,23.031,13.2664,SIN_DATO,directo
05615,2022,39,17.013,91.2,34.001,790.075,23.123,13.2136,SIN_DATO,directo
05615,2022,40,16.94,91.762,53.273,789.607,23.215,13.1608,SIN_DATO,directo
05615,2022,41,16.781,91.189,23.894,790.404,23.307,13.108,SISAIRE_DIRECTO,directo
05615,2022,42,16.187,95.576,63.62,790.219,16.637,7.398,SISAIRE_DIRECTO,directo
05615,2022,43,16.338,94.45,104.09,789.851,16.691,7.297,SISAIRE_DIRECTO,directo
05615,2022,44,16.611,92.505,0.615,789.968,14.244,4.823,SISAIRE_DIRECTO,directo
05615,2022,45,15.456,91.5,2.8994999999999997,789.65,16.788,7.195,SISAIRE_DIRECTO,directo
05615,2022,46,15.9455,94.0,5.184,789.931,16.45807142857143,7.085357142857143,SIN_DATO,directo
05615,2022,47,16.435,95.13,7.468500000000001,789.264,16.12814285714286,6.975714285714286,SIN_DATO,directo
05615,2022,48,15.952,90.611,9.753,788.698,15.798214285714286,6.866071428571429,SIN_DATO,directo
05615,2022,49,15.283,95.218,39.297,789.047,15.468285714285715,6.756428571428572,SIN_DATO,directo
05615,2022,50,16.517,91.429,1.734,789.435,,,SIN_DATO,directo
05615,2022,51,18.051,89.906,0.144,788.617,36.26,21.44,SIN_DATO,directo
05615,2022,52,16.58,93.182,12.476,790.334,29.945,17.07,SIN_DATO,directo
05615,2023,1,15.993,94.372,35.5,790.791,12.4,10.9,SIN_DATO,directo
05615,2023,2,16.812,92.757,19.961,790.488,16.3,12.067,SIN_DATO,directo
05615,2023,3,16.414,92.482,4.216,789.481,30.5,11.0,SIN_DATO,directo
05615,2023,4,17.31,85.856,1.449,789.192,44.0,17.2,SIN_DATO,directo
05615,2023,5,16.97,86.284,0.978,789.851,35.3,14.4,SIN_DATO,directo
05615,2023,6,17.441,89.04,8.027,788.888,26.75,10.5,SIN_DATO,directo
05615,2023,7,17.537,91.931,10.722,788.986,21.15,9.55,SIN_DATO,directo
05615,2023,8,17.178,90.111,2.097,790.324,41.2,10.9,SIN_DATO,directo
05615,2023,9,18.509,89.236,37.249,789.323,27.5,8.4,SIN_DATO,directo
05615,2023,10,16.17,95.668,130.968,790.387,21.85,12.7,SIN_DATO,directo
05615,2023,11,16.097,95.829,72.865,790.978,19.867,11.2,SIN_DATO,directo
05615,2023,12,16.399,92.276,11.724,790.091,41.2,17.75,SIN_DATO,directo
05615,2023,13,17.116,88.912,19.93,789.677,41.3,17.75,SIN_DATO,directo
05615,2023,14,17.185,92.275,38.244,789.074,,,SIN_DATO,directo
05615,2023,15,17.356,90.911,14.714,789.504,,,SIN_DATO,directo
05615,2023,16,16.161,94.161,79.013,789.852,,,SIN_DATO,directo
05615,2023,17,17.222,83.414,59.274,790.243,,,SIN_DATO,directo
05615,2023,18,18.735,73.889,0.892,790.2624000000001,,,SIN_DATO,directo
05615,2023,19,18.685,78.494,12.846,790.2818000000001,,,SIN_DATO,directo
05615,2023,20,18.159,81.211,57.202,790.3012,,,SIN_DATO,directo
05615,2023,21,17.235,83.914,93.572,790.3206,7.55,4.125,SISAIRE_DIRECTO,directo
05615,2023,22,17.726,81.606,35.083,,8.044,4.332,SISAIRE_DIRECTO,directo
05615,2023,23,17.76,81.172,35.832,,4.181,2.108,SISAIRE_DIRECTO,directo
05615,2023,24,17.774,79.4445,0.0,,12.2805,5.3004999999999995,SIN_DATO,directo
05615,2023,25,17.788,77.717,1.078,,20.38,8.493,SISAIRE_DIRECTO,directo
05615,2023,26,18.065,79.463,0.0,,17.141,7.732,SISAIRE_DIRECTO,directo
05615,2023,27,17.499,84.759,0.5,,14.358,6.931,SISAIRE_DIRECTO,directo
05615,2023,28,18.35,74.49,0.0,,17.908,8.487,SISAIRE_DIRECTO,directo
05615,2023,29,17.858,72.889,0.0,,22.271,9.713,SISAIRE_DIRECTO,directo
05615,2023,30,18.133,77.388,0.0,,20.605,9.565,SISAIRE_DIRECTO,directo
05615,2023,31,18.347,71.053,0.0,,24.084,10.893,SISAIRE_DIRECTO,directo
05615,2023,32,17.891,74.091,0.0,,20.122,9.543,SISAIRE_DIRECTO,directo
05615,2023,33,17.829,79.697,0.0,,14.88,6.832,SISAIRE_DIRECTO,directo
05615,2023,34,17.107,83.211,0.0,,16.124,7.827,SISAIRE_DIRECTO,directo
05615,2023,35,17.494,76.018,0.0,,23.664,11.076,SISAIRE_DIRECTO,directo
05615,2023,36,17.943,74.701,0.0,,25.486,11.41,SISAIRE_DIRECTO,directo
05615,2023,37,17.719,77.849,0.0,790.631,18.396,8.924,SISAIRE_DIRECTO,directo
05615,2023,38,18.279,72.254,0.0,789.867,24.18,11.761,SISAIRE_DIRECTO,directo
05615,2023,39,18.339,76.868,0.0,790.388,19.336,9.199,SISAIRE_DIRECTO,directo
05615,2023,40,17.248,83.435,0.0,790.683,16.027,7.9,SISAIRE_DIRECTO,directo
05615,2023,41,17.982,80.059,0.0,790.466,18.49,9.57,SISAIRE_DIRECTO,directo
05615,2023,42,17.07,83.09,0.0,790.461,21.664,10.622,SISAIRE_DIRECTO,directo
05615,2023,43,16.396,83.473,0.0,789.95,13.854,6.229,SISAIRE_DIRECTO,directo
05615,2023,44,16.922,84.079,0.0,789.581,13.15,6.29,SISAIRE_DIRECTO,directo
05615,2023,45,17.992,80.906,0.0,789.366,18.792,9.215,SISAIRE_DIRECTO,directo
05615,2023,46,17.643,83.57,0.0,789.994,18.382,8.654,SISAIRE_DIRECTO,directo
05615,2023,47,17.352,81.905,0.0,790.486,18.382,8.654,SIN_DATO,directo
05615,2023,48,17.437,76.53,0.0,789.9,18.382,8.654,SIN_DATO,directo
05628,2019,1,,,,,,19.597,IMPUTADO_PA,directo
05628,2019,2,,,,,,26.899,IMPUTADO_PA,directo
05628,2019,3,,,,,,21.978,IMPUTADO_PA,directo
05628,2019,4,,,,,,32.49740000000006,IMPUTADO_PA,directo
05628,2019,5,,,,,,20.926,IMPUTADO_PA,directo
05628,2019,6,,,,,,20.331,IMPUTADO_PA,directo
05628,2019,7,,,,,,26.472,IMPUTADO_PA,directo
05628,2019,8,,,,,,30.014,IMPUTADO_PA,directo
05628,2019,9,,,,,,24.924,IMPUTADO_PA,directo
05628,2019,10,,,,,,26.688,IMPUTADO_PA,directo
05628,2019,11,25.35,78.429,0.0,870.736,,18.295,IMPUTADO_PA,directo
05628,2019,12,25.206952380952384,89.685,59.4,873.222,,22.346,IMPUTADO_PA,directo
05628,2019,13,25.063904761904762,86.179,32.4,872.387,,20.97,IMPUTADO_PA,directo
05628,2019,14,24.920857142857145,88.417,69.2,873.936,,18.116,IMPUTADO_PA,directo
05628,2019,15,24.777809523809523,89.179,33.4,872.718,,25.106,IMPUTADO_PA,directo
05628,2019,16,,91.369,142.4,873.017,,16.907,IMPUTADO_PA,directo
05628,2019,17,,86.649,32.6,872.725,,20.106,IMPUTADO_PA,directo
05628,2019,18,,84.31,1.4,871.582,,22.834,IMPUTADO_PA,directo
05628,2019,19,,88.357,74.8,872.651,,21.812,IMPUTADO_PA,directo
05628,2019,20,,89.976,140.4,873.29,,26.077,IMPUTADO_PA,directo
05628,2019,21,,89.226,110.0,873.154,,25.762,IMPUTADO_PA,directo
05628,2019,22,,88.405,89.4,873.793,,27.806,IMPUTADO_PA,directo
05628,2019,23,,88.631,75.2,873.37,,27.314,IMPUTADO_PA,directo
05628,2019,24,,89.232,38.8,873.627,,28.664,IMPUTADO_PA,directo
05628,2019,25,,83.476,0.0,872.397,,24.693,IMPUTADO_PA,directo
05628,2019,26,,87.018,14.8,872.226,,25.754,IMPUTADO_PA,directo
05628,2019,27,,83.768,17.8,872.762,,26.477,IMPUTADO_PA,directo
05628,2019,28,,87.393,17.8,873.182,,25.192,IMPUTADO_PA,directo
05628,2019,29,,81.744,8.8,872.343,,23.32,IMPUTADO_PA,directo
05628,2019,30,,86.899,52.4,873.716,,23.545,IMPUTADO_PA,directo
05628,2019,31,,86.595,16.0,872.849,,21.859,IMPUTADO_PA,directo
05628,2019,32,22.346,83.405,0.6,873.623,,26.165,IMPUTADO_PA,directo
05628,2019,33,21.309,86.911,52.0,873.451,,24.373,IMPUTADO_PA,directo
05628,2019,34,21.474,84.476,9.0,873.428,,22.396,IMPUTADO_PA,directo
05628,2019,35,21.792,81.534,5.4,872.511,,22.399,IMPUTADO_PA,directo
05628,2019,36,21.986,83.327,30.6,873.118,,20.494,IMPUTADO_PA,directo
05628,2019,37,21.959,85.215,68.4,872.437,,28.101,IMPUTADO_PA,directo
05628,2019,38,19.418,94.939,43.0,873.606,,24.973,IMPUTADO_PA,directo
05628,2019,39,21.386,85.774,22.0,873.841,,21.702,IMPUTADO_PA,directo
05628,2019,40,20.571,88.6,25.6,873.176,,27.509,IMPUTADO_PA,directo
05628,2019,41,20.042,89.847,49.2,872.033,,22.753,IMPUTADO_PA,directo
05628,2019,42,20.124,90.661,119.8,873.782,,19.813,IMPUTADO_PA,directo
05628,2019,43,20.317,90.44,76.2,872.897,,28.248,IMPUTADO_PA,directo
05628,2019,44,20.73,86.957,45.0,872.327,,22.834,IMPUTADO_PA,directo
05628,2019,45,20.85,84.78206666666667,54.4,871.173,,23.279,IMPUTADO_PA,directo
05628,2019,46,21.118,82.60713333333332,18.8,872.049,,24.843,IMPUTADO_PA,directo
05628,2019,47,20.684,80.4322,42.6,873.116,,28.67,IMPUTADO_PA,directo
05628,2019,48,21.951,78.25726666666667,39.0,871.511,,24.77,IMPUTADO_PA,directo
05628,2019,49,21.351,,35.8,873.336,,20.534,IMPUTADO_PA,directo
05628,2019,50,20.846,,50.6,872.282,,26.59,IMPUTADO_PA,directo
05628,2019,51,21.203,,11.2,871.308,,23.015,IMPUTADO_PA,directo
05628,2019,52,21.546,,12.8,871.474,,31.26,IMPUTADO_PA,directo
05631,2018,1,,,,,32.844,25.911,IMPUTADO_PA,directo
05631,2018,2,,,,,66.048,27.713,IMPUTADO_PA,directo
05631,2018,3,,,,,65.145,32.49740000000006,IMPUTADO_PA,directo
05631,2018,4,,,,,57.846,20.792,IMPUTADO_PA,directo
05631,2018,5,,,,,52.382,22.288,IMPUTADO_PA,directo
05631,2018,6,,,,,45.48,19.519,IMPUTADO_PA,directo
05631,2018,7,,,,,57.738,22.518,IMPUTADO_PA,directo
05631,2018,8,,,,,52.799,29.941,IMPUTADO_PA,directo
05631,2018,9,,,,,48.124,19.13,IMPUTADO_PA,directo
05631,2018,10,,,,,57.509,22.167,IMPUTADO_PA,directo
05631,2018,11,,,,,58.992,31.838,IMPUTADO_PA,directo
05631,2018,12,,,,,28.837,22.121,IMPUTADO_PA,directo
05631,2018,13,,,,,61.894,17.037,IMPUTADO_PA,directo
05631,2018,14,,,,,44.636,23.9,IMPUTADO_PA,directo
05631,2018,15,,,,,60.651,32.49740000000006,IMPUTADO_PA,directo
05631,2018,16,,,,,48.269,26.04,IMPUTADO_PA,directo
05631,2018,17,,,,,52.405,25.253,IMPUTADO_PA,directo
05631,2018,18,,,,,53.956,32.49740000000006,IMPUTADO_PA,directo
05631,2018,19,,,,,59.889,29.565,IMPUTADO_PA,directo
05631,2018,20,,,,,56.597,20.038,IMPUTADO_PA,directo
05631,2018,21,,,,,30.612,24.436,IMPUTADO_PA,directo
05631,2018,22,,,,,42.512,15.222,IMPUTADO_PA,directo
05631,2018,23,,,,,51.504,28.586,IMPUTADO_PA,directo
05631,2018,24,,,,,66.08268,26.843,IMPUTADO_PA,directo
05631,2018,25,,,,,50.382,19.539,IMPUTADO_PA,directo
05631,2018,26,,,,,44.751,27.447,IMPUTADO_PA,directo
05631,2018,27,,,,,37.89,26.059,IMPUTADO_PA,directo
05631,2018,28,,,,,45.185,32.49740000000006,IMPUTADO_PA,directo
05631,2018,29,,,,,50.342,32.49740000000006,IMPUTADO_PA,directo
05631,2018,30,,,,,50.177,31.083,IMPUTADO_PA,directo
05631,2018,31,,,,,45.96,25.762,IMPUTADO_PA,directo
05631,2018,32,,,,,53.126,26.515,IMPUTADO_PA,directo
05631,2018,33,,,,,49.607,21.975,IMPUTADO_PA,directo
05631,2018,34,,,,,66.08268,22.851,IMPUTADO_PA,directo
05631,2018,35,,,,,62.876,25.466,IMPUTADO_PA,directo
05631,2018,36,,,,,52.66,24.934,IMPUTADO_PA,directo
05631,2018,37,,,,,47.048,19.276,IMPUTADO_PA,directo
05631,2018,38,,,,,63.2,26.975,IMPUTADO_PA,directo
05631,2018,39,,,,,61.593,27.032,IMPUTADO_PA,directo
05631,2018,40,,,,,63.528,29.137,IMPUTADO_PA,directo
05631,2018,41,,,,,66.08268,25.62,IMPUTADO_PA,directo
05631,2018,42,,,,,44.511,23.477,IMPUTADO_PA,directo
05631,2018,43,,,,,66.08268,19.836,IMPUTADO_PA,directo
05631,2018,44,,,,,47.946,30.035,IMPUTADO_PA,directo
05631,2018,45,,,,,56.063,32.194,IMPUTADO_PA,directo
05631,2018,46,,,,,38.304,32.49740000000006,IMPUTADO_PA,directo
05631,2018,47,,,,,46.926,24.583,IMPUTADO_PA,directo
05631,2018,48,,,,,59.023,15.998,IMPUTADO_PA,directo
05631,2018,49,,,,,56.476,24.558,IMPUTADO_PA,directo
05631,2018,50,,,,,47.794,32.49740000000006,IMPUTADO_PA,directo
05631,2018,51,,,,,51.543,23.8,IMPUTADO_PA,directo
05631,2018,52,,,,,46.098,30.878,IMPUTADO_PA,directo
05631,2019,1,,,,,46.188,30.641509433962263,IMPUTADO_PA,directo
05631,2019,2,,,,,59.599,30.40501886792453,IMPUTADO_PA,directo
05631,2019,3,,,,,54.208,30.16852830188679,IMPUTADO_PA,directo
05631,2019,4,,,,,34.956,29.932037735849057,IMPUTADO_PA,directo
05631,2019,5,,,,,41.465,17.649,IMPUTADO_PA,directo
05631,2019,6,,,,,63.126,21.449,IMPUTADO_PA,directo
05631,2019,7,,,,,54.393,21.158,IMPUTADO_PA,directo
05631,2019,8,,,,,45.145,20.986,IMPUTADO_PA,directo
05631,2019,9,,,,,49.846,24.564,IMPUTADO_PA,directo
05631,2019,10,14.444,92.306,32.0,750.112,51.305,12.215,IMPUTADO_PA,directo
05631,2019,11,14.335,92.667,32.4,749.938,57.045,21.733,IMPUTADO_PA,directo
05631,2019,12,13.233,95.506,120.6,750.861,40.41,17.259,IMPUTADO_PA,directo
05631,2019,13,14.368,94.156,37.4,750.433,44.519,19.261,IMPUTADO_PA,directo
05631,2019,14,13.73,93.339,163.8,751.308,53.368,27.008,IMPUTADO_PA,directo
05631,2019,15,14.27,92.006,98.2,750.527,50.407,16.871,IMPUTADO_PA,directo
05631,2019,16,14.067,93.494,97.6,750.642,55.743,22.35,IMPUTADO_PA,directo
05631,2019,17,14.253,93.03,14.2,750.662,41.433,24.751,IMPUTADO_PA,directo
05631,2019,18,15.03,83.359,0.8,750.102,54.037,22.806,IMPUTADO_PA,directo
05631,2019,19,14.58,89.659,63.4,750.476,59.872,20.839,IMPUTADO_PA,directo
05631,2019,20,14.03,92.892,100.6,750.786,55.067,21.542,IMPUTADO_PA,directo
05631,2019,21,14.074,93.464,118.2,750.646,52.305,23.109,IMPUTADO_PA,directo
05631,2019,22,13.488,94.155,87.8,750.968,50.438,16.82,IMPUTADO_PA,directo
05631,2019,23,14.54,89.072,60.6,750.995,44.568,20.421,IMPUTADO_PA,directo
05631,2019,24,14.425,89.687,50.4,751.26,50.628,30.722,IMPUTADO_PA,directo
05631,2019,25,14.86,80.262,3.8,751.023,61.207,22.497,IMPUTADO_PA,directo
05631,2019,26,14.549,85.423,5.8,750.227,50.254,21.002,IMPUTADO_PA,directo
05631,2019,27,14.246,85.903,56.4,750.666,44.131,18.807,IMPUTADO_PA,directo
05631,2019,28,13.707,86.904,33.6,750.614,47.289,16.868,IMPUTADO_PA,directo
05631,2019,29,14.286,83.473,35.6,750.5,52.796,21.698,IMPUTADO_PA,directo
05631,2019,30,13.822,86.837,48.6,751.136,48.233,22.021,IMPUTADO_PA,directo
05631,2019,31,14.191,85.808,34.4,750.607,55.055,20.112,IMPUTADO_PA,directo
05631,2019,32,14.351,80.289,1.4,751.521,55.354,32.49740000000006,IMPUTADO_PA,directo
05631,2019,33,14.028,84.945,4.4,750.889,58.262,17.233,IMPUTADO_PA,directo
05631,2019,34,14.18,79.363,0.2,751.147,62.509,16.204,IMPUTADO_PA,directo
05631,2019,35,14.463,79.815,10.2,750.46,59.111,18.87,IMPUTADO_PA,directo
05631,2019,36,14.727,80.994,25.2,750.913,43.778,20.257,IMPUTADO_PA,directo
05631,2019,37,14.835,82.796,85.8,750.399,44.022,16.647,IMPUTADO_PA,directo
05631,2019,38,12.336,97.212,24.2,750.261,50.598,21.584,IMPUTADO_PA,directo
05631,2019,39,14.036,87.068,15.6,751.002,47.616,22.083,IMPUTADO_PA,directo
05631,2019,40,13.325,88.777,31.8,750.333,42.157,23.673,IMPUTADO_PA,directo
05631,2019,41,13.221,91.811,0.4,749.315,47.691,18.146,IMPUTADO_PA,directo
05631,2019,42,13.003,91.629,0.0,750.754,47.43,26.548,IMPUTADO_PA,directo
05631,2019,43,12.927,93.948,0.0,749.895,45.863,23.339,IMPUTADO_PA,directo
05631,2019,44,12.996,93.992,1.4,749.896,48.691,32.49740000000006,IMPUTADO_PA,directo
05631,2019,45,13.466,93.418,2.4,749.072,60.562,17.146,IMPUTADO_PA,directo
05631,2019,46,13.104,94.962,0.2,749.877,52.783,16.628,IMPUTADO_PA,directo
05631,2019,47,13.223,93.384,2.8,750.179,66.08268,19.169,IMPUTADO_PA,directo
05631,2019,48,14.357,89.269,1.8,749.474,52.555,22.094,IMPUTADO_PA,directo
05631,2019,49,13.44,90.818,3.2,750.604,48.896,22.767,IMPUTADO_PA,directo
05631,2019,50,13.398,92.569,8.2,749.581,51.233,23.33,IMPUTADO_PA,directo
05631,2019,51,14.124,90.581,4.2,749.143,53.238,30.328,IMPUTADO_PA,directo
05631,2019,52,14.607,89.542,2.6,749.58,54.658,11.964,IMPUTADO_PA,directo
05631,2020,1,13.956,91.245,5.8,750.879,35.971,18.344,SISAIRE_DIRECTO,directo
05631,2020,2,13.223,80.683,0.0,750.11,41.556,21.333,SISAIRE_DIRECTO,directo
05631,2020,3,14.61,83.167,0.0,749.457,47.396,21.486,SISAIRE_DIRECTO,directo
05631,2020,4,12.873,93.467,5.0,750.761,48.668,21.457,SISAIRE_DIRECTO,directo
05631,2020,5,14.26,87.615,3.0,751.122,43.67,14.781,SISAIRE_DIRECTO,directo
05631,2020,6,14.135,83.06,0.2,750.838,58.495,32.433,SISAIRE_DIRECTO,directo
05631,2020,7,14.368,85.049,0.2,749.858,57.159,31.161,SISAIRE_DIRECTO,directo
05631,2020,8,14.683,86.531,5.0,750.335,50.919,28.641,SISAIRE_DIRECTO,directo
05631,2020,9,14.281,91.837,2.4,751.342,55.854,32.49740000000006,SISAIRE_DIRECTO,directo
05631,2020,10,14.96,88.431,1.8,750.778,62.499,32.49740000000006,SISAIRE_DIRECTO,directo
05631,2020,11,14.346,92.024,26.0,750.69,63.772,32.49740000000006,SISAIRE_DIRECTO,directo
05631,2020,12,13.821,88.419,1.6,751.308,56.14,32.49740000000006,SISAIRE_DIRECTO,directo
05631,2020,13,14.195,88.413,2.2,750.31,53.718,32.49740000000006,SISAIRE_DIRECTO,directo
05631,2020,14,14.86,90.427,5.2,750.136,27.41,19.061,SISAIRE_DIRECTO,directo
05631,2020,15,15.413,89.067,8.4,751.007,20.267,10.191,SISAIRE_DIRECTO,directo
05631,2020,16,13.51,93.431,14.2,751.738,34.501,21.114,SISAIRE_DIRECTO,directo
05631,2020,17,13.943,91.187,1.4,751.214,33.682,17.212,SISAIRE_DIRECTO,directo
05631,2020,18,14.624,90.423,1.4,751.357,37.744,19.363,SISAIRE_DIRECTO,directo
05631,2020,19,15.682,82.575,0.2,750.818,32.585,14.335,SISAIRE_DIRECTO,directo
05631,2020,20,14.917,89.417,6.6,751.149,38.837,18.127,SISAIRE_DIRECTO,directo
05631,2020,21,15.101,87.596,5.2,751.283,41.162,19.657,SISAIRE_DIRECTO,directo
05631,2020,22,14.304,90.958,21.8,751.274,33.82,14.982,SISAIRE_DIRECTO,directo
05631,2020,23,14.139,88.608,9.0,751.699,41.143,18.693,SISAIRE_DIRECTO,directo
05631,2020,24,13.79,89.749,3.2,751.101,38.718,17.05,SISAIRE_DIRECTO,directo
05631,2020,25,14.035,90.488,2.0,750.899,39.92,18.159,SISAIRE_DIRECTO,directo
05631,2020,26,14.101,87.383,6.4,750.179,42.315,21.576,SISAIRE_DIRECTO,directo
05631,2020,27,13.63,90.988,39.6,750.052,35.338,16.074,SISAIRE_DIRECTO,directo
05631,2020,28,13.48,91.204,8.6,750.594,39.909,16.898,SISAIRE_DIRECTO,directo
05631,2020,29,14.061,83.229,1.2,750.25,39.885,16.92,SISAIRE_DIRECTO,directo
05631,2020,30,13.283,89.946,17.4,750.317,34.072,16.142,SISAIRE_DIRECTO,directo
05631,2020,31,14.324,86.4,4.2,750.823,43.384,18.372,SISAIRE_DIRECTO,directo
05631,2020,32,,,,,49.84,23.709,SISAIRE_DIRECTO,directo
05631,2020,33,,,,,42.577,19.491,SISAIRE_DIRECTO,directo
05631,2020,34,,,,,37.452,15.645,SISAIRE_DIRECTO,directo
05631,2020,35,,,,,36.787,16.599,SISAIRE_DIRECTO,directo
05631,2020,36,,,,,45.191,20.18,SISAIRE_DIRECTO,directo
05631,2020,37,,,,,45.281,19.702,SISAIRE_DIRECTO,directo
05631,2020,38,,,,,48.457,24.408,SISAIRE_DIRECTO,directo
05631,2020,39,,,,,47.087,21.268,SISAIRE_DIRECTO,directo
05631,2020,40,,,,,42.866,20.551,SISAIRE_DIRECTO,directo
05631,2020,41,,,,,46.675,20.658,SISAIRE_DIRECTO,directo
05631,2020,42,,,,,45.794,22.519,SISAIRE_DIRECTO,directo
05631,2020,43,13.768,88.07533333333333,0.4,750.57,47.722,21.553,SISAIRE_DIRECTO,directo
05631,2020,44,13.212,89.75066666666667,0.0,750.04,40.703,18.969,SISAIRE_DIRECTO,directo
05631,2020,45,,,,,40.032,19.152,SISAIRE_DIRECTO,directo
05631,2020,46,,,,,39.823,20.192,SISAIRE_DIRECTO,directo
05631,2020,47,,,,,35.835,17.227,SISAIRE_DIRECTO,directo
05631,2020,48,,,,,40.515,20.361,SISAIRE_DIRECTO,directo
05631,2020,49,,,,,43.006,20.162,SISAIRE_DIRECTO,directo
05631,2020,50,,,,,47.069,23.169,SISAIRE_DIRECTO,directo
05631,2020,51,,,,,53.649,27.416,SISAIRE_DIRECTO,directo
05631,2020,52,,,,,33.372,17.002,SISAIRE_DIRECTO,directo
05631,2020,53,,,,,31.444,16.42,SISAIRE_DIRECTO,directo
05631,2021,1,,,,,36.787,17.535,SISAIRE_DIRECTO,directo
05631,2021,2,,,,,36.318,17.75,SISAIRE_DIRECTO,directo
05631,2021,3,,,,,43.156,21.995,SISAIRE_DIRECTO,directo
05631,2021,4,,,,,42.561,21.187,SISAIRE_DIRECTO,directo
05631,2021,5,,,,,39.896,20.899,SISAIRE_DIRECTO,directo
05631,2021,6,,,,,45.754,25.882,SISAIRE_DIRECTO,directo
05631,2021,7,12.656,91.426,29.4,750.326,44.264,24.824,SISAIRE_DIRECTO,directo
05631,2021,8,13.805,89.554,27.6,749.021,42.496,23.558,SISAIRE_DIRECTO,directo
05631,2021,9,12.953,91.114,15.8,749.37,49.622,28.075,SISAIRE_DIRECTO,directo
05631,2021,10,12.507,91.077,39.6,750.532,45.203,21.224,SISAIRE_DIRECTO,directo
05631,2021,11,12.472,92.708,103.0,749.96,42.987,21.239,SISAIRE_DIRECTO,directo
05631,2021,12,13.069,93.329,59.0,749.799,41.833,18.76,SISAIRE_DIRECTO,directo
05631,2021,13,14.232,90.826,30.2,748.649,35.057,15.675,SISAIRE_DIRECTO,directo
05631,2021,14,14.33,89.885,10.2,749.715,37.343,15.487,SISAIRE_DIRECTO,directo
05631,2021,15,14.485,87.681,6.4,749.799,45.724,20.039,SISAIRE_DIRECTO,directo
05631,2021,16,13.902,90.036,1.0,750.273,49.82,22.619,SISAIRE_DIRECTO,directo
05631,2021,17,13.373,95.06,3.6,750.061,41.358,17.726,SISAIRE_DIRECTO,directo
05631,2021,18,11.819,93.5,1.4,751.631,39.577,16.258,SISAIRE_DIRECTO,directo
05631,2021,19,14.756,88.581,0.0,750.145,41.379,15.811,SISAIRE_DIRECTO,directo
05631,2021,20,14.436,90.113,4.6,750.424,42.902,17.325,SISAIRE_DIRECTO,directo
05631,2021,21,14.047,91.844,7.2,750.906,45.21,18.405,SISAIRE_DIRECTO,directo
05631,2021,22,14.321,90.802,6.4,750.357,44.475,16.976,SISAIRE_DIRECTO,directo
05631,2021,23,13.245,92.94,17.8,750.976,41.296,18.186,SISAIRE_DIRECTO,directo
05631,2021,24,13.962,88.399,9.8,751.199,41.62,17.003,SISAIRE_DIRECTO,directo
05631,2021,25,13.286,89.355,5.2,751.047,48.75,18.782,SISAIRE_DIRECTO,directo
05631,2021,26,13.747,86.084,3.6,751.095,47.065,18.038,SISAIRE_DIRECTO,directo
05631,2021,27,14.263,85.719,4.8,750.383,47.429,18.166,SISAIRE_DIRECTO,directo
05631,2021,28,14.081,83.24,2.6,750.846,36.1,13.101,SISAIRE_DIRECTO,directo
05631,2021,29,14.22,83.655,3.8,750.838,41.667,12.315,SISAIRE_DIRECTO,directo
05631,2021,30,13.976,86.228,1.8,750.99,48.17,13.161,SISAIRE_DIRECTO,directo
05631,2021,31,13.791,84.03,0.2,751.753,55.535,18.601,SISAIRE_DIRECTO,directo
05631,2021,32,13.44,90.261,3.0,751.48,35.13,12.869,SISAIRE_DIRECTO,directo
05631,2021,33,13.65,87.301,1.8,750.221,36.22,14.315,SISAIRE_DIRECTO,directo
05631,2021,34,13.873,88.297,2.8,749.728,41.157,19.531,SISAIRE_DIRECTO,directo
05631,2021,35,13.51,87.096,4.0,750.689,29.885,17.54,SISAIRE_DIRECTO,directo
05631,2021,36,13.199,89.274,2.4,750.902,61.2,21.722,SISAIRE_DIRECTO,directo
05631,2021,37,13.754,80.372,0.2,751.201,51.03,22.431,SISAIRE_DIRECTO,directo
05631,2021,38,13.876,84.599,1.0,750.493,45.84,21.427,SISAIRE_DIRECTO,directo
05631,2021,39,13.436,87.339,1.4,750.072,52.78,24.163,SISAIRE_DIRECTO,directo
05631,2021,40,14.113,86.357,1.0,749.543,42.757,21.919,SISAIRE_DIRECTO,directo
05631,2021,41,13.631,88.223,3.4,750.564,42.033,23.87,SISAIRE_DIRECTO,directo
05631,2021,42,13.232,87.036,1.4,751.008,47.605,22.435,SISAIRE_DIRECTO,directo
05631,2021,43,13.259,88.497,4.0,750.908,55.05,20.519,SISAIRE_DIRECTO,directo
05631,2021,44,13.21,88.012,2.4,750.372,40.973,18.506,SISAIRE_DIRECTO,directo
05631,2021,45,13.034,89.283,3.2,750.015,54.0,20.693,SISAIRE_DIRECTO,directo
05631,2021,46,13.212,89.577,2.6,749.576,51.75,22.768,SISAIRE_DIRECTO,directo
05631,2021,47,13.226,90.988,6.6,749.901,49.915,21.932,SISAIRE_DIRECTO,directo
05631,2021,48,13.712,89.718,1.4,749.645,50.857,20.109,SISAIRE_DIRECTO,directo
05631,2021,49,13.804,89.22,0.0,749.565,40.605,22.2,SISAIRE_DIRECTO,directo
05631,2021,50,13.269,89.048,1.2,749.481,43.39,24.024,SISAIRE_DIRECTO,directo
05631,2021,51,14.042,88.581,0.8,750.294,43.92,18.398,SISAIRE_DIRECTO,directo
05631,2021,52,13.533,91.136,1.4,750.01,43.58,21.453,SISAIRE_DIRECTO,directo
05631,2022,1,10.98,95.2,0.0,751.0,39.755,20.751,SISAIRE_DIRECTO,directo
05631,2022,2,,,,,31.247,17.359,SISAIRE_DIRECTO,directo
05631,2022,3,,,,,52.45,24.576,SISAIRE_DIRECTO,directo
05631,2022,4,12.768,85.263,0.0,750.252,50.56,24.493,SISAIRE_DIRECTO,directo
05631,2022,5,12.67,87.875,5.4,749.796,54.1,27.096,SISAIRE_DIRECTO,directo
05631,2022,6,13.006,90.252,3.2,749.285,52.855,24.293,SISAIRE_DIRECTO,directo
05631,2022,7,12.839,90.614,1.4,749.831,62.92,25.603,SISAIRE_DIRECTO,directo
05631,2022,8,12.914,86.256,0.4,749.679,50.043,31.775,SISAIRE_DIRECTO,directo
05631,2022,9,,,,,41.155,21.639,SISAIRE_DIRECTO,directo
05631,2022,10,,,,,44.01,22.52,SISAIRE_DIRECTO,directo
05631,2022,11,,,,,45.3,28.079,SISAIRE_DIRECTO,directo
05631,2022,12,,,,,60.74,32.49740000000006,SISAIRE_DIRECTO,directo
05631,2022,13,13.545,89.957,1.2,749.697,32.813,22.434,SISAIRE_DIRECTO,directo
05631,2022,14,13.965,88.054,2.6,749.686,38.565,20.095,SISAIRE_DIRECTO,directo
05631,2022,15,14.232,86.168,0.2,749.275,38.305,21.113,SISAIRE_DIRECTO,directo
05631,2022,16,13.005,89.12,1.8,750.362,28.51,16.056,SISAIRE_DIRECTO,directo
05631,2022,17,13.79,86.362,3.2,749.729,39.115,19.958,SISAIRE_DIRECTO,directo
05631,2022,18,14.216,85.527,0.2,750.901,33.445,19.094,SISAIRE_DIRECTO,directo
05631,2022,19,14.072,89.495,0.6,749.957,43.17,21.722,SISAIRE_DIRECTO,directo
05631,2022,20,13.929,88.945,0.4,751.762,47.54,20.449,SISAIRE_DIRECTO,directo
05631,2022,21,13.571,87.046,0.4,750.243,43.115,19.451,SISAIRE_DIRECTO,directo
05631,2022,22,12.906,89.994,1.6,750.28,30.967,19.985,SISAIRE_DIRECTO,directo
05631,2022,23,12.734,90.246,5.2,750.329,38.73,20.948,SISAIRE_DIRECTO,directo
05631,2022,24,13.278,90.154,4.2,750.331,36.005,16.927,SISAIRE_DIRECTO,directo
05631,2022,25,13.053,88.813,1.6,750.188,35.303,18.939,SISAIRE_DIRECTO,directo
05631,2022,26,13.029,89.492,1.8,750.742,53.18,17.814,SISAIRE_DIRECTO,directo
05631,2022,27,13.777,84.029,0.4,750.631,57.055,18.962,SISAIRE_DIRECTO,directo
05631,2022,28,14.174,85.712,42.6,750.518,55.855,23.89,SISAIRE_DIRECTO,directo
05631,2022,29,14.003,85.949,34.0,750.283,32.113,17.254,SISAIRE_DIRECTO,directo
05631,2022,30,13.239,89.242,118.6,750.605,30.87,16.659,SISAIRE_DIRECTO,directo
05631,2022,31,13.469,88.406,128.6,749.722,31.8,19.672,SISAIRE_DIRECTO,directo
05631,2022,32,13.773,83.397,42.8,750.628,47.04,20.415,SISAIRE_DIRECTO,directo
05631,2022,33,13.712,86.616,26.0,750.459,51.715,17.484,SISAIRE_DIRECTO,directo
05631,2022,34,13.155,87.65,19.8,750.518,62.41,26.049,SISAIRE_DIRECTO,directo
05631,2022,35,13.631,88.575,52.2,750.181,44.93,20.727,SISAIRE_DIRECTO,directo
05631,2022,36,13.86,85.991,46.6,751.039,47.195,23.651,SISAIRE_DIRECTO,directo
05631,2022,37,12.722,89.352,93.6,750.56,45.27,20.731,SISAIRE_DIRECTO,directo
05631,2022,38,12.571,90.457,93.8,750.351,42.797,22.172,SISAIRE_DIRECTO,directo
05631,2022,39,13.184,89.282,44.2,750.275,28.635,20.782,SISAIRE_DIRECTO,directo
05631,2022,40,13.43,88.457,116.8,749.847,41.005,17.412,SISAIRE_DIRECTO,directo
05631,2022,41,13.313,88.993,21.2,750.588,44.697,23.576,SISAIRE_DIRECTO,directo
05631,2022,42,12.63,92.647,24.2,750.677,43.83,20.28,SISAIRE_DIRECTO,directo
05631,2022,43,13.448,91.077,19.4,749.838,35.175,15.209,SISAIRE_DIRECTO,directo
05631,2022,44,13.482,89.84,1.6,750.575,34.893,16.148,SISAIRE_DIRECTO,directo
05631,2022,45,,,,,32.4,15.845,SISAIRE_DIRECTO,directo
05631,2022,46,13.076666666666666,89.98533333333333,1.3333333333333335,750.091,46.785,20.586,SISAIRE_DIRECTO,directo
05631,2022,47,12.671333333333333,90.13066666666667,1.0666666666666669,749.425,35.84,20.128,SISAIRE_DIRECTO,directo
05631,2022,48,12.266,90.276,0.8,748.788,42.96,17.708,SISAIRE_DIRECTO,directo
05631,2022,49,11.897,94.812,0.0,749.347,46.885,19.637,SISAIRE_DIRECTO,directo
05631,2022,50,13.081,88.186,3.8,749.253,49.433,22.822,SISAIRE_DIRECTO,directo
05631,2022,51,13.633,89.53,1.2,749.651,49.433,26.13,SISAIRE_DIRECTO,directo
05631,2022,52,12.469,93.358,12.8,750.431,49.433,23.406,SISAIRE_DIRECTO,directo
05631,2023,1,,,,,49.433,14.774,SISAIRE_DIRECTO,directo
05631,2023,2,,,,,49.433,14.698,SISAIRE_DIRECTO,directo
05631,2023,3,12.576,90.227,7.2,749.642,40.86,19.542,SISAIRE_DIRECTO,directo
05631,2023,4,13.774,80.916,0.0,749.221,53.55,18.675,SISAIRE_DIRECTO,directo
05631,2023,5,13.338,85.153,5.6,749.926,50.84,25.601,SISAIRE_DIRECTO,directo
05631,2023,6,13.619,88.583,9.2,749.068,52.71,21.802,SISAIRE_DIRECTO,directo
05631,2023,7,13.704,91.371,23.0,749.12,45.743,18.087,SISAIRE_DIRECTO,directo
05631,2023,8,13.311,88.784,50.0,750.329,53.085,26.594,SISAIRE_DIRECTO,directo
05631,2023,9,14.692,88.413,15.4,749.618,62.425,22.927,SISAIRE_DIRECTO,directo
05631,2023,10,12.989,93.156,102.2,750.444,38.163,17.848,SISAIRE_DIRECTO,directo
05631,2023,11,12.598,93.03,74.2,751.176,36.23,14.931,SISAIRE_DIRECTO,directo
05631,2023,12,,,,,66.08268,30.379,SISAIRE_DIRECTO,directo
05631,2023,13,,,,,37.457,23.77,SISAIRE_DIRECTO,directo
05631,2023,14,,,,,32.425,15.57,SISAIRE_DIRECTO,directo
05631,2023,15,,,,,47.48,20.209,SISAIRE_DIRECTO,directo
05631,2023,16,,,,,33.077,14.895,SISAIRE_DIRECTO,directo
05631,2023,17,,,,,35.86,14.438,SISAIRE_DIRECTO,directo
05631,2023,18,,,,,56.195,15.351,SISAIRE_DIRECTO,directo
05631,2023,19,,,,,41.51,18.592,SISAIRE_DIRECTO,directo
05631,2023,20,,,,,34.515,16.621,SISAIRE_DIRECTO,directo
05631,2023,21,,,,,33.88,16.161,SISAIRE_DIRECTO,directo
05631,2023,22,,,,,39.563,14.019,SISAIRE_DIRECTO,directo
05631,2023,23,,,,,61.13,15.847,SISAIRE_DIRECTO,directo
05631,2023,24,,,,,54.23,14.002,SISAIRE_DIRECTO,directo
05631,2023,25,,,,,45.505,13.955,SISAIRE_DIRECTO,directo
05631,2023,26,,,,,46.0,14.617,SISAIRE_DIRECTO,directo
05631,2023,27,,,,,30.2,13.794,SISAIRE_DIRECTO,directo
05631,2023,28,,,,,39.337,14.573,SISAIRE_DIRECTO,directo
05631,2023,29,,,,,47.73,13.65,SISAIRE_DIRECTO,directo
05631,2023,30,,,,,57.7,16.759,SISAIRE_DIRECTO,directo
05631,2023,31,,,,,45.005,15.846,SISAIRE_DIRECTO,directo
05631,2023,32,,,,,25.11,16.275,SISAIRE_DIRECTO,directo
05631,2023,33,,,,,27.319444444444443,15.911,SISAIRE_DIRECTO,directo
05631,2023,34,,,,,29.528888888888886,13.848,SISAIRE_DIRECTO,directo
05631,2023,35,,,,,31.738333333333333,17.943,SISAIRE_DIRECTO,directo
05631,2023,36,,,,,33.94777777777777,16.39,SISAIRE_DIRECTO,directo
05631,2023,37,,,,,,15.969,SISAIRE_DIRECTO,directo
05631,2023,38,,,,,,17.356,SISAIRE_DIRECTO,directo
05631,2023,39,,,,,,18.546,SISAIRE_DIRECTO,directo
05631,2023,40,,,,,,15.555,SISAIRE_DIRECTO,directo
05631,2023,41,,,,,44.995,19.02,SISAIRE_DIRECTO,directo
05631,2023,42,,,,,50.83,19.968,SISAIRE_DIRECTO,directo
05631,2023,43,,,,,52.519999999999996,12.309,SISAIRE_DIRECTO,directo
05631,2023,44,,,,,54.21,12.616,SISAIRE_DIRECTO,directo
05631,2023,45,,,,,56.6,18.158,SISAIRE_DIRECTO,directo
05631,2023,46,,,,,42.015,13.497,SISAIRE_DIRECTO,directo
05631,2023,47,,,,,41.28,14.412,SISAIRE_DIRECTO,directo
05631,2023,48,,,,,57.0,17.135,SISAIRE_DIRECTO,directo
05631,2023,49,,,,,48.265,20.255,SISAIRE_DIRECTO,directo
05631,2023,50,,,,,45.22,17.722,SISAIRE_DIRECTO,directo
05631,2023,51,,,,,53.985,18.014,SISAIRE_DIRECTO,directo
05631,2023,52,,,,,45.703,14.782,SISAIRE_DIRECTO,directo
05656,2018,1,20.848,74.988,22.1,859.192,30.487,22.415,IMPUTADO_PA,directo
05656,2018,2,20.886,76.917,5.9,858.515,7.571,19.594,IMPUTADO_PA,directo
05656,2018,3,20.816,75.774,0.0,858.074,20.937,17.242,IMPUTADO_PA,directo
05656,2018,4,22.17,70.667,5.5,856.095,15.829,20.604,IMPUTADO_PA,directo
05656,2018,5,22.569,73.407,18.7,856.23,1.879,22.258,IMPUTADO_PA,directo
05656,2018,6,22.253,67.928,0.4,857.345,20.244,18.324,IMPUTADO_PA,directo
05656,2018,7,21.887,71.783,35.7,858.467,24.141,19.13,IMPUTADO_PA,directo
05656,2018,8,21.208,66.162,10.9,858.981,7.478,18.64,IMPUTADO_PA,directo
05656,2018,9,21.724,66.44,0.8,858.518,14.13,18.089,IMPUTADO_PA,directo
05656,2018,10,23.739,60.055,0.4,857.01,0.669,15.4,IMPUTADO_PA,directo
05656,2018,11,23.391,64.933,5.3,857.702,4.328,15.132,IMPUTADO_PA,directo
05656,2018,12,22.007,74.429,24.9,857.546,22.419,22.338,IMPUTADO_PA,directo
05656,2018,13,21.603,75.912,3.7,857.807,10.542,17.235,IMPUTADO_PA,directo
05656,2018,14,21.029,75.119,0.0,858.682,5.504,17.152,IMPUTADO_PA,directo
05656,2018,15,21.055,78.262,1.5,859.401,16.0,11.486,IMPUTADO_PA,directo
05656,2018,16,22.474,72.256,0.0,858.613,10.103,10.893,IMPUTADO_PA,directo
05656,2018,17,21.732,78.083,1.6,859.124,10.508,23.374,IMPUTADO_PA,directo
05656,2018,18,21.627,77.119,0.2,859.229,19.998,15.623,IMPUTADO_PA,directo
05656,2018,19,20.71,82.821,0.0,860.04,5.089,7.271,IMPUTADO_PA,directo
05656,2018,20,21.026,79.274,0.0,858.608,7.1,27.305,IMPUTADO_PA,directo
05656,2018,21,22.152,76.577,0.0,858.671,15.408,16.218,IMPUTADO_PA,directo
05656,2018,22,22.266,74.97,0.1,858.334,21.803,12.493,IMPUTADO_PA,directo
05656,2018,23,23.576,71.548,0.0,857.985,23.91,18.67,IMPUTADO_PA,directo
05656,2018,24,23.145,69.274,0.0,859.093,8.984,21.242,IMPUTADO_PA,directo
05656,2018,25,22.557,69.541,0.0,859.033,21.551,20.786,IMPUTADO_PA,directo
05656,2018,26,21.214,75.393,0.0,858.696,8.05,21.64,IMPUTADO_PA,directo
05656,2018,27,22.576,71.054,0.0,857.879,28.522,14.691,IMPUTADO_PA,directo
05656,2018,28,24.043,59.387,0.0,857.97,5.308,23.27,IMPUTADO_PA,directo
05656,2018,29,23.221,64.5,0.0,858.321,24.619,23.523,IMPUTADO_PA,directo
05656,2018,30,22.318,72.827,0.0,859.484,9.051,23.713,IMPUTADO_PA,directo
05656,2018,31,21.323,75.946,0.0,859.02,29.989,19.261,IMPUTADO_PA,directo
05656,2018,32,24.322,50.106,0.0,858.088,18.837,16.954,IMPUTADO_PA,directo
05656,2018,33,24.52,56.269,0.0,858.796,6.232,16.631,IMPUTADO_PA,directo
05656,2018,34,26.948,41.448,0.0,857.233,10.104,12.475,IMPUTADO_PA,directo
05656,2018,35,26.699,47.476,0.0,856.754,20.326,16.296,IMPUTADO_PA,directo
05656,2018,36,23.402,66.021,0.0,857.779,22.455,9.392,IMPUTADO_PA,directo
05656,2018,37,23.926,63.355,0.0,857.395,13.645,12.026,IMPUTADO_PA,directo
05656,2018,38,27.409,42.697,0.0,854.391,14.55,19.221,IMPUTADO_PA,directo
05656,2018,39,26.421,49.273,0.0,856.682,20.147,17.357,IMPUTADO_PA,directo
05656,2018,40,26.350153846153844,51.61181818181819,0.0,857.1563636363636,15.234,19.057,IMPUTADO_PA,directo
05656,2018,41,26.279307692307693,53.95063636363636,0.0,857.6307272727273,4.056,20.93,IMPUTADO_PA,directo
05656,2018,42,26.20846153846154,56.28945454545455,0.0,858.1050909090909,7.824,19.733,IMPUTADO_PA,directo
05656,2018,43,26.137615384615383,58.62827272727273,0.0,858.5794545454545,16.044,19.403,IMPUTADO_PA,directo
05656,2018,44,19.143,80.647,121.576,851.735,23.733,17.976,IMPUTADO_PA,directo
05656,2018,45,19.776,79.479,36.817,850.704,26.873,15.497,IMPUTADO_PA,directo
05656,2018,46,20.521,78.102,43.536,850.834,20.314,13.67,IMPUTADO_PA,directo
05656,2018,47,20.163,79.355,228.883,851.252,16.453,18.037,IMPUTADO_PA,directo
05656,2018,48,19.569,80.197,38.901,851.671,20.073,18.49,IMPUTADO_PA,directo
05656,2018,49,19.921,73.256,11.767,852.01,8.971,21.649,IMPUTADO_PA,directo
05656,2018,50,20.673,75.0,0.0,861.9,12.998,17.706,IMPUTADO_PA,directo
05656,2018,51,20.359,60.0,0.0,859.9,7.737,20.34,IMPUTADO_PA,directo
05656,2018,52,25.5,45.0,0.0,857.9,4.407,12.912,IMPUTADO_PA,directo
05658,2021,43,,,,,,8.836,SISAIRE_DIRECTO,directo
05658,2021,44,,,,,,10.404,SISAIRE_DIRECTO,directo
05658,2021,45,,,,,,15.363,SISAIRE_DIRECTO,directo
05658,2021,46,,,,,,13.523,SISAIRE_DIRECTO,directo
05658,2021,47,,,,,,9.87,SISAIRE_DIRECTO,directo
05658,2021,48,,,,,,10.589,SISAIRE_DIRECTO,directo
05658,2021,49,,,,,,12.225,SISAIRE_DIRECTO,directo
05658,2021,50,,,,,,12.046,SISAIRE_DIRECTO,directo
05658,2021,51,,,,,,11.092,SISAIRE_DIRECTO,directo
05658,2021,52,,,,,,12.013,SISAIRE_DIRECTO,directo
05658,2022,1,,,,,,12.565,SISAIRE_DIRECTO,directo
05658,2022,2,,,,,,10.619,SISAIRE_DIRECTO,directo
05658,2022,3,,,,,,14.574,SISAIRE_DIRECTO,directo
05658,2022,4,,,,,,14.937,SISAIRE_DIRECTO,directo
05658,2022,5,,,,,,17.033,SISAIRE_DIRECTO,directo
05658,2022,6,,,,,,11.519,SISAIRE_DIRECTO,directo
05658,2022,7,,,,,,14.295,SISAIRE_DIRECTO,directo
05658,2022,8,,,,,,18.675,SISAIRE_DIRECTO,directo
05660,2019,13,20.39,82.968,21.2,788.958,,,SIN_DATO,directo
05660,2019,14,20.765,79.642,39.6,789.932,,,SIN_DATO,directo
05660,2019,30,21.13,76.301,13.4,789.844,,,SIN_DATO,directo
05660,2019,31,21.771,74.355,18.6,789.252,,,SIN_DATO,directo
05660,2019,32,21.916,66.37,29.0,790.227,,,SIN_DATO,directo
05660,2019,33,21.955,69.062,64.0,789.579,,,SIN_DATO,directo
05660,2019,34,22.555,61.758,13.0,789.862,,,SIN_DATO,directo
05660,2019,35,22.012,68.823,2.0,789.114,,,SIN_DATO,directo
05660,2019,36,22.102,72.552,318.0,789.506,,,SIN_DATO,directo
05660,2019,37,22.483,71.793,207.6,788.955,,,SIN_DATO,directo
05660,2019,38,20.12,80.223,96.4,788.945,,,SIN_DATO,directo
05660,2019,39,21.21,74.545,19.4,789.619,,,SIN_DATO,directo
05660,2019,40,20.395,76.8,63.0,789.02,,,SIN_DATO,directo
05660,2019,41,21.076,73.184,0.0,787.88,,,SIN_DATO,directo
05660,2019,42,20.403,75.439,0.0,789.484,,,SIN_DATO,directo
05660,2019,43,19.716,79.637,0.0,788.643,,,SIN_DATO,directo
05660,2019,44,21.187,74.69,3.0,788.379,,,SIN_DATO,directo
05660,2019,45,21.622,78.165,157.8,787.514,,,SIN_DATO,directo
05660,2019,46,19.998,81.502,51.2,788.399,,,SIN_DATO,directo
05660,2019,47,20.428,78.134,69.0,788.81,,,SIN_DATO,directo
05660,2019,48,21.963,77.463,67.4,787.957,,,SIN_DATO,directo
05660,2019,49,21.087,76.302,109.6,789.268,,,SIN_DATO,directo
05660,2019,50,20.55,76.756,85.6,788.233,,,SIN_DATO,directo
05660,2019,51,21.706,74.904,164.2,787.648,,,SIN_DATO,directo
05660,2019,52,22.198,75.274,85.4,788.042,,,SIN_DATO,directo
05660,2020,1,21.118,77.621,0.0,789.548,,,SIN_DATO,directo
05660,2020,2,21.709,67.357,0.0,788.901,,,SIN_DATO,directo
05660,2020,3,22.607,69.399,0.0,787.964,,,SIN_DATO,directo
05660,2020,4,20.627,81.53,0.0,789.416,,,SIN_DATO,directo
05660,2020,5,21.816,76.744,0.0,789.822,,,SIN_DATO,directo
05660,2020,6,22.496,71.207,0.0,789.529,,,SIN_DATO,directo
05660,2020,7,22.453,72.628,0.0,788.411,,,SIN_DATO,directo
05660,2020,8,22.038,76.376,0.0,788.835,,,SIN_DATO,directo
05660,2020,9,21.326,79.058,0.0,790.008,,,SIN_DATO,directo
05660,2020,10,21.864,76.491,0.0,789.332,,,SIN_DATO,directo
05660,2020,11,20.853,79.57,0.0,789.298,,,SIN_DATO,directo
05660,2020,12,20.466,76.652,0.0,790.082,,,SIN_DATO,directo
05660,2020,13,21.894,73.868,0.0,788.945,,,SIN_DATO,directo
05660,2020,14,21.611,74.955,0.0,788.672,,,SIN_DATO,directo
05660,2020,15,22.257,75.518,47.8,789.512,,,SIN_DATO,directo
05660,2020,16,20.799,78.724,92.8,790.437,,,SIN_DATO,directo
05660,2020,17,21.673,75.981,84.2,789.873,,,SIN_DATO,directo
05660,2020,18,21.755,75.62,140.0,789.963,,,SIN_DATO,directo
05660,2020,19,22.676,73.162,90.6,789.301,,,SIN_DATO,directo
05660,2020,20,21.995,76.804,36.0,789.718,,,SIN_DATO,directo
05660,2020,21,22.52,75.052,92.0,789.838,,,SIN_DATO,directo
05660,2020,22,21.2,77.86,64.0,789.92,,,SIN_DATO,directo
05660,2020,23,21.115,77.328,30.4,790.38,,,SIN_DATO,directo
05660,2020,24,20.721,76.4,68.8,789.779,,,SIN_DATO,directo
05660,2020,25,21.168,77.89,39.4,789.538,,,SIN_DATO,directo
05660,2020,26,21.271,75.427,66.2,789.427,,,SIN_DATO,directo
05660,2020,27,20.86,74.909,189.8,,,,SIN_DATO,directo
05660,2020,28,20.685,75.169,89.8,,,,SIN_DATO,directo
05660,2020,29,21.752,70.87,60.6,,,,SIN_DATO,directo
05660,2020,30,20.444,75.67,103.2,,,,SIN_DATO,directo
05660,2020,31,22.131,68.351,0.0,,,,SIN_DATO,directo
05660,2020,32,21.751,67.254,0.4,,,,SIN_DATO,directo
05660,2020,33,21.616,73.627,39.6,,,,SIN_DATO,directo
05660,2020,34,20.494,76.868,107.8,,,,SIN_DATO,directo
05660,2020,35,20.147,78.079,51.4,,,,SIN_DATO,directo
05660,2020,36,21.066,73.591,114.6,,,,SIN_DATO,directo
05660,2020,37,21.12,73.936,135.0,,,,SIN_DATO,directo
05660,2020,38,20.674,73.497,120.4,,,,SIN_DATO,directo
05660,2020,39,21.095,75.469,52.6,,,,SIN_DATO,directo
05660,2020,40,,,111.8,,,,SIN_DATO,directo
05660,2020,41,,,45.6,,,,SIN_DATO,directo
05660,2020,42,,,93.6,,,,SIN_DATO,directo
05660,2020,43,,,126.4,,,,SIN_DATO,directo
05660,2020,44,,,26.2,,,,SIN_DATO,directo
05660,2020,45,,,21.6,,,,SIN_DATO,directo
05660,2020,46,,,166.4,,,,SIN_DATO,directo
05660,2020,47,,,49.8,,,,SIN_DATO,directo
05660,2020,48,,,51.0,,,,SIN_DATO,directo
05660,2020,49,,,76.4,,,,SIN_DATO,directo
05660,2020,50,,,0.0,,,,SIN_DATO,directo
05660,2020,51,,,56.2,,,,SIN_DATO,directo
05660,2021,45,20.743,75.014,0.0,,,,SIN_DATO,directo
05660,2021,46,20.711,77.328,0.0,,,,SIN_DATO,directo
05660,2021,47,20.326,74.073,0.0,,,,SIN_DATO,directo
05660,2022,13,,,57.0,,,,SIN_DATO,directo
05660,2022,14,20.972,73.465,20.4,,,,SIN_DATO,directo
05660,2022,15,21.357,76.84,103.0,,,,SIN_DATO,directo
05660,2022,16,18.864,18.542,37.8,,,,SIN_DATO,directo
05660,2022,17,23.08,47.157,0.0,,,,SIN_DATO,directo
05660,2022,18,23.456,67.806,106.8,,,,SIN_DATO,directo
05660,2022,19,22.781,51.634,62.8,,,,SIN_DATO,directo
05660,2022,20,23.272,69.781,29.2,,,,SIN_DATO,directo
05660,2022,21,22.271,71.984,38.4,,,,SIN_DATO,directo
05660,2022,22,21.365,65.11,50.4,,,,SIN_DATO,directo
05660,2022,23,21.993,55.884,32.2,,,,SIN_DATO,directo
05660,2022,24,21.871,58.155,9.6,,,,SIN_DATO,directo
05660,2022,25,21.201,49.757,0.8,,,,SIN_DATO,directo
05660,2022,26,21.452,41.963,0.6,,,,SIN_DATO,directo
05660,2022,27,22.792,66.356,0.0,,,,SIN_DATO,directo
05660,2022,28,22.755,63.31,0.0,,,,SIN_DATO,directo
05660,2022,29,21.998,58.273,11.8,,,,SIN_DATO,directo
05664,2019,1,25.5,45.5,0.0,858.5999999999999,22.516,19.475,IMPUTADO_PA,directo
05664,2019,2,25.5,46.0,0.0,859.3,21.355,19.206,IMPUTADO_PA,directo
05664,2019,3,25.5,0.0,0.0,635.4347,25.293,23.471,IMPUTADO_PA,directo
05664,2019,4,25.5,0.0,0.0,635.4347,24.183,17.561,IMPUTADO_PA,directo
05664,2019,5,20.58,0.0,0.0,635.4347,21.803,9.534,IMPUTADO_PA,directo
05664,2019,6,20.98,0.0,0.0,635.4347,24.265,17.407,IMPUTADO_PA,directo
05664,2019,7,21.846,0.0,0.0,635.4347,19.565,21.158,IMPUTADO_PA,directo
05664,2019,8,20.703,0.0,0.0,635.4347,23.138,14.122,IMPUTADO_PA,directo
05664,2019,9,19.816,0.0,0.0,635.4347,14.205,19.376,IMPUTADO_PA,directo
05664,2019,10,21.132,0.0,0.0,635.4347,22.799,13.952,IMPUTADO_PA,directo
05664,2019,11,21.176,0.0,0.0,635.4347,25.142,25.276,IMPUTADO_PA,directo
05664,2019,12,19.429,0.0,0.0,635.4347,14.648,13.734,IMPUTADO_PA,directo
05664,2019,13,20.277,77.78,65.8,851.568,20.306,16.563,IMPUTADO_PA,directo
05664,2019,14,19.479,79.571,81.5,852.8,15.009,19.399,IMPUTADO_PA,directo
05664,2019,15,20.662,76.226,45.8,851.452,15.771,20.418,IMPUTADO_PA,directo
05664,2019,16,20.265,78.427,30.4,851.758,11.078,23.241,IMPUTADO_PA,directo
05664,2019,17,20.518,77.292,35.1,851.69,29.827,16.132,IMPUTADO_PA,directo
05664,2019,18,22.407,64.324,0.0,850.549,28.258,21.338,IMPUTADO_PA,directo
05664,2019,19,20.845,75.451,38.6,851.574,24.115,12.229,IMPUTADO_PA,directo
05664,2019,20,20.026,78.682,73.3,852.001,35.367,14.652,IMPUTADO_PA,directo
05664,2019,21,19.67,81.613,64.3,851.936,18.416,13.203,IMPUTADO_PA,directo
05664,2019,22,19.457,82.327,62.1,852.419,43.677,15.499,IMPUTADO_PA,directo
05664,2019,23,20.989,73.129,37.8,851.965,18.116,21.156,IMPUTADO_PA,directo
05664,2019,24,21.168,74.213,18.4,852.242,21.901,16.216,IMPUTADO_PA,directo
05664,2019,25,22.348,59.165,0.1,851.608,16.78,16.861,IMPUTADO_PA,directo
05664,2019,26,21.652,66.482,3.2,851.004,22.82,19.5,IMPUTADO_PA,directo
05664,2019,27,20.966,68.824,38.1,851.711,26.453,20.253,IMPUTADO_PA,directo
05664,2019,28,20.985,69.167,29.8,851.729,19.007,16.969,IMPUTADO_PA,directo
05664,2019,29,21.875,60.83,10.1,851.404,33.834,14.629,IMPUTADO_PA,directo
05664,2019,30,20.988,0.0,0.0,635.4347,21.776,24.493,IMPUTADO_PA,directo
05664,2019,31,21.508,0.7747340425531916,0.17765957446808509,636.516320212766,22.021,16.992,IMPUTADO_PA,directo
05664,2019,32,22.545,1.5494680851063831,0.35531914893617017,637.597940425532,12.771,17.345,IMPUTADO_PA,directo
05664,2019,33,21.652,2.3242021276595746,0.5329787234042552,638.6795606382979,23.182,17.793,IMPUTADO_PA,directo
05664,2019,34,22.28,3.0989361702127662,0.7106382978723403,639.7611808510638,18.849,20.656,IMPUTADO_PA,directo
05664,2019,35,22.217,54.966,3.834,851.249,15.13,12.94,IMPUTADO_PA,directo
05664,2019,36,22.328,58.611,51.072,851.762,13.81,26.137,IMPUTADO_PA,directo
05664,2019,37,22.421,60.291,93.228,851.271,40.854,17.245,IMPUTADO_PA,directo
05664,2019,38,19.658,78.395,72.412,852.301,17.834,20.789,IMPUTADO_PA,directo
05664,2019,39,20.234,74.323,84.449,852.717,8.473,19.112,IMPUTADO_PA,directo
05664,2019,40,19.808,74.012,64.079,851.719,14.424,25.375,IMPUTADO_PA,directo
05664,2019,41,19.936,73.25,33.158,850.552,19.496,24.705,IMPUTADO_PA,directo
05664,2019,42,19.728,74.53,77.337,852.354,24.187,20.685,IMPUTADO_PA,directo
05664,2019,43,19.318,78.911,123.856,851.512,24.251,15.267,IMPUTADO_PA,directo
05664,2019,44,20.32,75.32,99.606,850.954,25.206,23.011,IMPUTADO_PA,directo
05664,2019,45,20.312,76.9,90.394,850.02,14.843,12.205,IMPUTADO_PA,directo
05664,2019,46,19.268,82.193,86.971,851.325,22.57,15.143,IMPUTADO_PA,directo
05664,2019,47,19.33,78.985,179.652,851.596,13.029,18.196,IMPUTADO_PA,directo
05664,2019,48,21.171,72.461,15.971,850.251,15.04,12.489,IMPUTADO_PA,directo
05664,2019,49,20.208,74.135,19.691,851.679,12.703,16.555,IMPUTADO_PA,directo
05664,2019,50,19.788,75.513,65.613,850.989,10.58,21.42,IMPUTADO_PA,directo
05664,2019,51,21.003,73.437,19.577,849.959,28.246,15.844,IMPUTADO_PA,directo
05664,2019,52,21.58,71.317,44.2,850.234,25.3,21.61,IMPUTADO_PA,directo
05670,2019,10,24.197,87.07,0.4,916.021,,,SIN_DATO,directo
05670,2019,11,24.008,86.442,11.0,915.83,,,SIN_DATO,directo
05670,2019,12,22.578,91.315,187.4,917.427,,,SIN_DATO,directo
05670,2019,13,23.339,89.657,70.8,916.769,,,SIN_DATO,directo
05670,2019,14,23.338,87.375,27.8,917.917,,,SIN_DATO,directo
05670,2019,15,23.479,88.935,103.0,916.61,,,SIN_DATO,directo
05670,2019,16,23.285,89.333,103.2,916.942,,,SIN_DATO,directo
05670,2019,17,23.31,88.506,97.2,917.023,,,SIN_DATO,directo
05670,2019,18,24.623,86.256,2.8,915.596,,,SIN_DATO,directo
05670,2019,19,23.583,89.131,211.2,916.511,,,SIN_DATO,directo
05670,2019,20,23.135,89.179,102.8,917.222,,,SIN_DATO,directo
05670,2019,21,23.167,89.595,106.2,917.059,,,SIN_DATO,directo
05670,2019,22,22.69,92.417,56.4,917.782,,,SIN_DATO,directo
05670,2019,23,23.804,86.673,23.8,917.314,,,SIN_DATO,directo
05670,2019,24,23.729,89.497,40.8,917.632,,,SIN_DATO,directo
05670,2019,25,23.569,82.976,0.4,916.923,,,SIN_DATO,directo
05670,2019,26,23.866,84.762,20.0,916.336,,,SIN_DATO,directo
05670,2019,27,23.937,83.06,21.2,916.897,,,SIN_DATO,directo
05670,2019,28,23.468,85.601,79.6,917.274,,,SIN_DATO,directo
05670,2019,29,23.861,82.571,78.2,916.664,,,SIN_DATO,directo
05670,2019,30,23.17,86.857,58.0,917.964,,,SIN_DATO,directo
05670,2019,31,23.851,85.476,55.8,916.909,,,SIN_DATO,directo
05670,2019,32,24.225,78.732,12.8,917.943,,,SIN_DATO,directo
05670,2019,33,23.505,83.208,7.2,917.61,,,SIN_DATO,directo
05670,2019,34,24.345,79.036,11.4,917.476,,,SIN_DATO,directo
05670,2019,35,23.631,81.939,183.0,916.629,,,SIN_DATO,directo
05670,2019,36,24.433,82.833,206.4,917.121,,,SIN_DATO,directo
05670,2019,37,24.611,83.226,82.8,916.012,,,SIN_DATO,directo
05670,2019,38,21.688,94.576,56.4,917.358,,,SIN_DATO,directo
05670,2019,39,23.5,87.416,34.8,917.646,,,SIN_DATO,directo
05670,2019,40,22.774,89.15,43.2,917.148,,,SIN_DATO,directo
05670,2019,41,22.622,89.667,57.2,915.915,,,SIN_DATO,directo
05670,2019,42,22.567,88.804,127.6,917.939,,,SIN_DATO,directo
05670,2019,43,22.286,91.247,76.4,916.977,,,SIN_DATO,directo
05670,2019,44,23.218,88.12,95.4,916.217,,,SIN_DATO,directo
05670,2019,45,23.421,90.744,87.0,914.992,,,SIN_DATO,directo
05670,2019,46,22.322,93.669,53.6,916.732,,,SIN_DATO,directo
05670,2019,47,22.301,91.384,20.8,917.182,,,SIN_DATO,directo
05670,2019,48,23.809,90.214,41.0,915.463,,,SIN_DATO,directo
05670,2019,49,22.879,90.905,33.2,917.314,,,SIN_DATO,directo
05670,2019,50,22.472,89.572,27.0,916.403,,,SIN_DATO,directo
05670,2019,51,23.682,89.006,21.2,915.183,,,SIN_DATO,directo
05670,2019,52,23.91,90.143,41.0,915.461,,,SIN_DATO,directo
05670,2020,1,22.73,90.185,18.0,917.763,,,SIN_DATO,directo
05670,2020,2,22.542,83.325,2.4,916.823,,,SIN_DATO,directo
05670,2020,3,23.891,82.042,0.0,915.119,,,SIN_DATO,directo
05670,2020,4,22.465,91.654,55.2,917.595,,,SIN_DATO,directo
05670,2020,5,23.312,85.333,46.6,917.846,,,SIN_DATO,directo
05670,2020,6,23.831,82.587,0.0,917.11,,,SIN_DATO,directo
05670,2020,7,24.35,81.177,1.4,915.703,,,SIN_DATO,directo
05670,2020,8,24.387,84.504,9.6,916.38,,,SIN_DATO,directo
05670,2020,9,23.697,84.245,3.2,917.971,,,SIN_DATO,directo
05670,2020,10,24.606,84.768,32.2,916.737,,,SIN_DATO,directo
05670,2020,11,23.509,88.446,54.4,917.226,,,SIN_DATO,directo
05670,2020,12,23.348,83.214,9.8,918.29,,,SIN_DATO,directo
05670,2020,13,23.919,82.554,37.0,916.535,,,SIN_DATO,directo
05670,2020,14,23.764,88.068,170.8,916.392,,,SIN_DATO,directo
05670,2020,15,24.506,87.302,130.2,916.972,,,SIN_DATO,directo
05670,2020,16,23.102,88.818,63.0,918.441,,,SIN_DATO,directo
05670,2020,17,23.655,89.22,96.2,917.786,,,SIN_DATO,directo
05670,2020,18,24.263,89.357,86.6,917.661,,,SIN_DATO,directo
05670,2020,19,24.402,87.994,30.2,916.67,,,SIN_DATO,directo
05670,2020,20,24.087,89.643,65.0,917.398,,,SIN_DATO,directo
05670,2020,21,24.603,87.69,38.6,917.31,,,SIN_DATO,directo
05670,2020,22,23.371,91.155,88.2,918.043,,,SIN_DATO,directo
05670,2020,23,22.754,91.923,42.6,918.519,,,SIN_DATO,directo
05670,2020,24,23.071,88.583,30.8,918.014,,,SIN_DATO,directo
05670,2020,25,23.249,89.738,46.0,917.635,,,SIN_DATO,directo
05670,2020,26,23.772,88.44,48.4,916.543,,,SIN_DATO,directo
05670,2020,27,22.999,89.869,51.2,916.836,,,SIN_DATO,directo
05670,2020,28,22.773,90.31,364.4,917.657,,,SIN_DATO,directo
05670,2020,29,23.862,84.435,67.6,916.703,,,SIN_DATO,directo
05670,2020,30,22.665,90.81,126.0,917.433,,,SIN_DATO,directo
05670,2020,31,23.757,84.232,111.2,917.161,,,SIN_DATO,directo
05670,2020,32,23.767,81.19,1.8,917.808,,,SIN_DATO,directo
05670,2020,33,24.007,86.815,9.2,915.627,,,SIN_DATO,directo
05670,2020,34,22.963,90.435,93.2,917.61,,,SIN_DATO,directo
05670,2020,35,22.948,88.768,73.4,917.713,,,SIN_DATO,directo
05670,2020,36,23.17,87.571,54.8,917.041,,,SIN_DATO,directo
05670,2020,37,23.172,89.054,3.4,916.888,,,SIN_DATO,directo
05670,2020,38,23.299,87.744,41.8,917.908,,,SIN_DATO,directo
05670,2020,39,23.31,89.089,0.4,917.759,,,SIN_DATO,directo
05670,2020,40,23.092,88.869,36.2,916.167,,,SIN_DATO,directo
05670,2020,41,22.948,89.768,49.8,917.698,,,SIN_DATO,directo
05670,2020,42,23.405,88.833,11.4,915.925,,,SIN_DATO,directo
05670,2020,43,22.726,91.054,86.6,916.882,,,SIN_DATO,directo
05670,2020,44,22.785,92.012,114.6,916.922,,,SIN_DATO,directo
05670,2020,45,22.833,90.744,35.8,916.798,,,SIN_DATO,directo
05670,2020,46,22.168,93.0,12.8,917.704,,,SIN_DATO,directo
05670,2020,47,22.307,91.905,21.6,917.29,,,SIN_DATO,directo
05670,2020,48,23.039,91.56,30.0,916.637,,,SIN_DATO,directo
05670,2020,49,22.647,90.531,15.8,916.833,,,SIN_DATO,directo
05670,2020,50,23.406,88.389,0.0,916.317,,,SIN_DATO,directo
05670,2020,51,23.073,89.399,0.6,916.271,,,SIN_DATO,directo
05670,2020,52,22.714,90.137,0.2,916.396,,,SIN_DATO,directo
05670,2021,8,23.515749999999997,87.7635,0.0,916.4147499999999,,,SIN_DATO,directo
05670,2021,9,24.3175,85.39,0.0,916.4335,,,SIN_DATO,directo
05670,2021,27,25.11925,83.01650000000001,0.0,916.45225,,,SIN_DATO,directo
05670,2021,34,25.921,80.643,0.6,916.471,,,SIN_DATO,directo
05670,2021,35,22.87,89.589,56.6,917.796,,,SIN_DATO,directo
05670,2021,36,23.14,89.875,88.6,918.097,,,SIN_DATO,directo
05670,2021,37,23.54,85.583,26.0,918.351,,,SIN_DATO,directo
05670,2021,38,23.428,87.315,82.6,917.427,,,SIN_DATO,directo
05670,2021,39,22.992,89.042,56.4,916.983,,,SIN_DATO,directo
05670,2021,40,23.273,90.833,46.6,916.139,,,SIN_DATO,directo
05670,2021,41,23.033,91.107,62.8,917.423,,,SIN_DATO,directo
05670,2021,42,23.037,90.422,34.8,918.246,,,SIN_DATO,directo
05670,2021,43,22.748,90.75,70.0,918.109,,,SIN_DATO,directo
05670,2021,44,22.56,90.94,40.4,917.621,,,SIN_DATO,directo
05670,2021,45,22.674,89.494,4.6,917.04,,,SIN_DATO,directo
05670,2021,46,22.667,89.268,5.2,916.442,,,SIN_DATO,directo
05670,2021,47,22.251,92.101,8.4,917.21,,,SIN_DATO,directo
05670,2021,48,23.052,91.062,4.2,916.445,,,SIN_DATO,directo
05670,2021,49,23.196,89.815,0.0,916.194,,,SIN_DATO,directo
05670,2021,50,22.68,89.244,10.0,916.362,,,SIN_DATO,directo
05670,2021,51,22.847,90.125,0.4,917.228,,,SIN_DATO,directo
05670,2021,52,22.955,91.221,0.8,916.845,,,SIN_DATO,directo
05670,2022,1,20.22,98.72749999999998,0.0,918.06,,,SIN_DATO,directo
05670,2022,4,22.032,81.264,0.0,917.894,,,SIN_DATO,directo
05670,2022,5,22.14,86.851,5.0,917.233,,,SIN_DATO,directo
05670,2022,6,22.724,87.628,1.6,916.304,,,SIN_DATO,directo
05670,2022,7,22.094,90.591,2.8,917.034,,,SIN_DATO,directo
05670,2022,8,23.03,82.953,0.4,916.963,,,SIN_DATO,directo
05670,2022,13,23.429,88.78,2.0,916.392,,,SIN_DATO,directo
05670,2022,14,23.345,89.446,16.2,916.38,,,SIN_DATO,directo
05670,2022,15,23.504,91.321,14.2,915.636,,,SIN_DATO,directo
05670,2022,16,21.919,92.184,26.4,918.115,,,SIN_DATO,directo
05670,2022,17,22.773,90.219,7.0,916.78,,,SIN_DATO,directo
05670,2022,18,23.785,89.694,14.8,917.617,,,SIN_DATO,directo
05670,2022,19,23.628,90.549,4.2,916.516,,,SIN_DATO,directo
05670,2022,20,23.102,90.424,2.6,918.858,,,SIN_DATO,directo
05670,2022,21,23.055,90.63,13.8,917.15,,,SIN_DATO,directo
05670,2022,22,22.199,91.556,17.8,917.785,,,SIN_DATO,directo
05670,2022,23,21.883,91.873,17.6,917.807,,,SIN_DATO,directo
05670,2022,24,22.539,90.854,65.6,917.824,,,SIN_DATO,directo
05670,2022,25,22.459,90.805,20.6,917.815,,,SIN_DATO,directo
05670,2022,26,22.341,91.176,40.4,918.248,,,SIN_DATO,directo
05670,2022,27,23.217,89.382,16.0,917.755,,,SIN_DATO,directo
05670,2022,28,23.358,89.755,63.4,917.678,,,SIN_DATO,directo
05670,2022,29,22.687,90.94,40.0,917.521,,,SIN_DATO,directo
05670,2022,30,22.461,91.0,72.6,917.983,,,SIN_DATO,directo
05670,2022,31,22.7,91.348,91.0,916.845,,,SIN_DATO,directo
05670,2022,32,23.451,88.47,9.0,917.538,,,SIN_DATO,directo
05670,2022,33,22.875,90.791,0.0,917.583,,,SIN_DATO,directo
05670,2022,34,21.97,93.568,0.0,918.171,,,SIN_DATO,directo
05670,2022,35,22.975,89.552,0.0,917.371,,,SIN_DATO,directo
05670,2022,36,23.322,89.107,0.0,918.317,,,SIN_DATO,directo
05670,2022,37,22.361,89.688,0.0,917.942,,,SIN_DATO,directo
05670,2022,38,21.932,91.339,0.0,917.941,,,SIN_DATO,directo
05670,2022,39,22.527,90.399,0.0,917.618,,,SIN_DATO,directo
05670,2022,40,22.544,91.418,0.0,916.882,,,SIN_DATO,directo
05670,2022,41,22.957,90.177,0.0,917.724,,,SIN_DATO,directo
05670,2022,42,22.398,92.691,0.0,917.495,,,SIN_DATO,directo
05670,2022,43,22.259,93.185,0.0,917.41,,,SIN_DATO,directo
05670,2022,44,22.064,91.536,0.0,917.966,,,SIN_DATO,directo
05670,2022,46,21.8355,90.70949999999999,0.0,916.85,,,SIN_DATO,directo
05670,2022,48,21.607,89.883,0.0,916.222,,,SIN_DATO,directo
05670,2022,49,20.538,92.438,0.0,917.309,,,SIN_DATO,directo
05670,2022,50,22.446,90.847,0.0,916.166,,,SIN_DATO,directo
05670,2022,51,23.21,87.304,0.0,916.573,,,SIN_DATO,directo
05670,2022,52,22.699,88.46,0.0,917.827,,,SIN_DATO,directo
05670,2023,3,22.439,87.402,0.0,917.024,,,SIN_DATO,directo
05670,2023,4,22.948,86.179,0.0,916.136,,,SIN_DATO,directo
05670,2023,5,22.466,83.743,0.0,917.138,,,SIN_DATO,directo
05670,2023,6,23.684,85.839,0.0,915.573,,,SIN_DATO,directo
05670,2023,7,23.267,88.795,0.0,915.866,,,SIN_DATO,directo
05670,2023,8,22.553,87.024,0.0,917.667,,,SIN_DATO,directo
05670,2023,9,23.813,87.275,0.0,915.977,,,SIN_DATO,directo
05670,2023,10,21.909,93.065,0.0,918.07,,,SIN_DATO,directo
05670,2023,11,21.567,94.782,0.0,919.113,,,SIN_DATO,directo
05679,2018,1,24.313,84.071,33.7,,16.25,10.293,IMPUTADO_PA,directo
05679,2018,2,23.505,87.47,32.0,,30.036,7.037,IMPUTADO_PA,directo
05679,2018,3,24.005,84.952,41.9,,28.945,9.599,IMPUTADO_PA,directo
05679,2018,4,21.22,76.168,11.3,,26.226,0.78,IMPUTADO_PA,directo
05679,2018,5,21.292,79.083,0.2,,45.671,9.899,IMPUTADO_PA,directo
05679,2018,6,21.517,71.293,0.2,,34.205,7.515,IMPUTADO_PA,directo
05679,2018,7,20.527,78.699,40.9,,35.594,9.079,IMPUTADO_PA,directo
05679,2018,8,19.29,78.143,28.1,,22.598,8.22,IMPUTADO_PA,directo
05679,2018,9,20.984,69.223,0.4,,22.064,3.47,IMPUTADO_PA,directo
05679,2018,10,22.114,67.169,34.7,,30.189,1.695,IMPUTADO_PA,directo
05679,2018,11,21.451,71.794,7.8,,31.257,4.426,IMPUTADO_PA,directo
05679,2018,12,20.613,79.97,22.5,,15.342,8.863,IMPUTADO_PA,directo
05679,2018,13,20.15,83.179,33.4,,28.486,9.298,IMPUTADO_PA,directo
05679,2018,14,19.18,83.738,47.7,,30.01,2.147,IMPUTADO_PA,directo
05679,2018,15,19.324,85.185,66.2,,28.213,3.491,IMPUTADO_PA,directo
05679,2018,16,20.565,81.887,0.3,,23.521,4.387,IMPUTADO_PA,directo
05679,2018,17,19.614,86.976,71.9,,25.669,5.659,IMPUTADO_PA,directo
05679,2018,18,19.53,87.107,110.6,,28.513,2.168,IMPUTADO_PA,directo
05679,2018,19,18.895,90.363,153.7,,30.612,1.959,IMPUTADO_PA,directo
05679,2018,20,18.98,88.284,98.3,,34.643,4.045,IMPUTADO_PA,directo
05679,2018,21,19.498,90.661,62.7,,38.377,7.2,IMPUTADO_PA,directo
05679,2018,22,19.87,87.565,36.5,,27.592,2.798,IMPUTADO_PA,directo
05679,2018,23,21.349,82.78,5.4,,26.323,6.498,IMPUTADO_PA,directo
05679,2018,24,20.287,83.452,25.0,,33.332,10.578,IMPUTADO_PA,directo
05679,2018,25,20.208,82.511,18.8,,34.691,2.377,IMPUTADO_PA,directo
05679,2018,26,19.16,84.583,48.8,,26.495,6.183,IMPUTADO_PA,directo
05679,2018,27,20.432,80.905,18.7,,36.099,10.461,IMPUTADO_PA,directo
05679,2018,28,21.83,70.976,2.0,,37.582,5.447,IMPUTADO_PA,directo
05679,2018,29,21.897,66.818,0.8,,40.03,4.907,IMPUTADO_PA,directo
05679,2018,30,20.268,82.476,22.1,,43.847,10.943,IMPUTADO_PA,directo
05679,2018,31,18.983,87.31,67.0,,23.105,5.836,IMPUTADO_PA,directo
05679,2018,32,22.329,59.464,1.4,,30.009,10.738,IMPUTADO_PA,directo
05679,2018,33,20.623,75.637,35.7,,29.988,8.39,IMPUTADO_PA,directo
05679,2018,34,22.093,65.744,1.6,,29.131,5.709,IMPUTADO_PA,directo
05679,2018,35,21.101,73.696,25.3,,24.808,8.567,IMPUTADO_PA,directo
05679,2018,36,19.581,84.643,114.3,,18.249,8.013,IMPUTADO_PA,directo
05679,2018,37,19.183,87.423,48.3,,30.627,10.447,IMPUTADO_PA,directo
05679,2018,38,21.152,76.464,21.1,,23.874,4.995,IMPUTADO_PA,directo
05679,2018,39,20.368,81.298,16.1,,30.574,7.043,IMPUTADO_PA,directo
05679,2018,40,19.936,83.786,47.0,,23.673,6.686,IMPUTADO_PA,directo
05679,2018,41,19.348,83.292,28.6,,21.276,9.347,IMPUTADO_PA,directo
05679,2018,42,19.452,86.911,44.5,,31.738,3.338,IMPUTADO_PA,directo
05679,2018,43,19.827,88.079,76.9,,31.084,10.434,IMPUTADO_PA,directo
05679,2018,44,19.543,86.97,51.9,,34.443,8.52,IMPUTADO_PA,directo
05679,2018,45,20.147,87.559,48.3,,47.043,2.324,IMPUTADO_PA,directo
05679,2018,46,22.058,83.024,7.6,,32.075,11.098,IMPUTADO_PA,directo
05679,2018,47,22.265,83.595,0.4,,33.704,14.662,IMPUTADO_PA,directo
05679,2018,48,21.642,81.261,1.2,,21.449,10.381,IMPUTADO_PA,directo
05679,2018,49,21.939,78.211,2.2,,19.807,11.858,IMPUTADO_PA,directo
05679,2018,50,22.775,77.279,2.2,,42.313,7.197,IMPUTADO_PA,directo
05679,2018,51,22.836,73.435,0.0,,22.658,1.127,IMPUTADO_PA,directo
05679,2018,52,24.351,64.014,0.0,,21.713,0.493,IMPUTADO_PA,directo
05679,2019,1,25.474,54.913,0.1,,21.713,0.493,SIN_DATO,directo
05679,2019,8,22.154,73.25,6.0,,,0.493,SIN_DATO,directo
05679,2019,9,20.849,78.542,23.4,,,0.493,SIN_DATO,directo
05679,2021,47,20.831,0.0,1.0,749.901,,0.493,SIN_DATO,directo
05679,2022,41,20.813,93.478,7.2,750.588,,17.644,SIN_DATO,directo
05679,2022,42,19.368,95.5,139.0,750.677,,14.602,SIN_DATO,directo
05679,2022,43,19.72,95.825,37.8,749.838,,9.233,SIN_DATO,directo
05679,2022,44,20.161,94.211,0.6,750.575,,12.053,SIN_DATO,directo
05679,2022,48,19.262,96.889,0.1,748.788,,12.488,SIN_DATO,directo
05679,2022,49,17.544,97.15,0.0,749.347,,16.626,SIN_DATO,directo
05679,2022,50,20.002,95.788,0.0,749.253,,17.67,SIN_DATO,directo
05679,2022,51,20.607,96.505,0.0,749.651,,22.681,SIN_DATO,directo
05679,2022,52,19.577,96.964,0.0,750.431,,18.475,SIN_DATO,directo
05679,2023,1,18.757,97.333,0.0,,,14.177,SIN_DATO,directo
05679,2023,2,18.606,98.163,0.1,,,14.322,SIN_DATO,directo
05679,2023,3,19.436,96.539,0.0,749.642,,18.709,SIN_DATO,directo
05679,2023,4,20.596,96.533,0.3,749.221,,21.482,SIN_DATO,directo
05679,2023,5,20.454,96.867,0.1,749.926,,25.268,SIN_DATO,directo
05679,2023,6,21.094,97.244,0.0,749.068,,24.64825,SIN_DATO,directo
05679,2023,7,20.568,97.378,0.0,749.12,,24.0285,SIN_DATO,directo
05679,2023,8,19.472,97.584,0.0,750.329,,23.40875,SIN_DATO,directo
05679,2023,9,21.399,97.697,0.0,749.618,,22.789,SIN_DATO,directo
05679,2023,10,18.917,98.188,0.0,750.444,,15.291,SIN_DATO,directo
05679,2023,11,18.573,98.621,0.0,751.176,,10.891,SIN_DATO,directo
05686,2018,1,11.859,88.97,36.9,648.916,20.057,11.786,IMPUTADO_PA,directo
05686,2018,2,11.507,92.327,8.6,648.562,24.208,7.722,IMPUTADO_PA,directo
05686,2018,3,11.56,90.214,2.6,648.405,13.307,13.039,IMPUTADO_PA,directo
05686,2018,4,12.246,88.601,3.7,647.92,36.541,9.34,IMPUTADO_PA,directo
05686,2018,5,13.468,90.494,5.0,648.035,31.521,7.164,IMPUTADO_PA,directo
05686,2018,6,12.134,89.898,0.5,648.323,28.98,9.216,IMPUTADO_PA,directo
05686,2018,7,12.047,91.584,18.5,648.673,30.514,14.713,IMPUTADO_PA,directo
05686,2018,8,11.451,88.377,1.2,648.658,15.669,14.059,IMPUTADO_PA,directo
05686,2018,9,12.051,89.53,0.7,648.624,18.013,14.769,IMPUTADO_PA,directo
05686,2018,10,13.915,51.025,0.2,648.416,26.725,11.802,IMPUTADO_PA,directo
05686,2018,11,12.531,0.05,0.0,648.688,27.343,12.586,IMPUTADO_PA,directo
05686,2018,12,12.789,0.018,0.1,648.378,14.114,7.968,IMPUTADO_PA,directo
05686,2018,13,12.432,0.084,0.1,648.366,26.157,13.931,IMPUTADO_PA,directo
05686,2018,14,12.338,8.904,0.1,648.561,24.349,14.894,IMPUTADO_PA,directo
05686,2018,15,12.532,61.857,0.0,648.957,32.277,6.018,IMPUTADO_PA,directo
05686,2018,16,13.115,6.456,0.0,648.965,27.382,9.613,IMPUTADO_PA,directo
05686,2018,17,13.58,0.03,0.0,649.046,37.596,8.65,IMPUTADO_PA,directo
05686,2018,18,12.947,31.589,0.0,649.103,22.054,7.854,IMPUTADO_PA,directo
05686,2018,19,12.868,25.327,0.0,649.212,16.134,11.273,IMPUTADO_PA,directo
05686,2018,20,13.149,9.31,0.0,648.757,37.342,12.048,IMPUTADO_PA,directo
05686,2018,21,13.809,15.898,0.0,648.961,27.799,9.196,IMPUTADO_PA,directo
05686,2018,22,13.529,0.639,0.0,648.884,24.395,1.347,IMPUTADO_PA,directo
05686,2018,23,14.277,0.036,0.0,648.961,18.281,9.812,IMPUTADO_PA,directo
05686,2018,24,13.723,14.398,0.1,649.263,22.141,14.658,IMPUTADO_PA,directo
05686,2018,25,13.633,1.844,0.0,649.084,21.742,10.283,IMPUTADO_PA,directo
05686,2018,26,12.748,0.036,0.0,648.686,15.822,4.24,IMPUTADO_PA,directo
05686,2018,27,13.092,0.036,0.0,648.62,8.153,14.239,IMPUTADO_PA,directo
05686,2018,28,13.98,0.096,0.0,648.882,21.565,8.237,IMPUTADO_PA,directo
05686,2018,29,13.558,0.041,0.0,648.89,30.728,16.958,IMPUTADO_PA,directo
05686,2018,30,13.318,0.024,0.0,649.227,34.931,8.964,IMPUTADO_PA,directo
05686,2018,31,12.749,0.066,0.0,648.848,32.614,8.327,IMPUTADO_PA,directo
05686,2018,32,12.103,0.048,0.0,648.986,33.117,6.179,IMPUTADO_PA,directo
05686,2018,33,12.846,0.036,0.0,649.13,16.634,9.489,IMPUTADO_PA,directo
05686,2018,34,13.627,0.042,0.0,648.94,26.875,10.146,IMPUTADO_PA,directo
05686,2018,35,13.236,0.03,0.0,648.75,29.044,9.181,IMPUTADO_PA,directo
05686,2018,36,12.995,0.018,0.0,648.657,29.565,8.874,IMPUTADO_PA,directo
05686,2018,37,12.317,0.024,0.0,648.611,24.222,12.437,IMPUTADO_PA,directo
05686,2018,38,13.145,0.018,0.0,648.426,25.888,9.366,IMPUTADO_PA,directo
05686,2018,39,13.058,0.055,0.0,648.461,40.87,12.812,IMPUTADO_PA,directo
05686,2018,40,13.319,0.024,0.0,648.66,32.354,14.164,IMPUTADO_PA,directo
05686,2018,41,12.592,0.072,0.0,648.849,28.746,21.631,IMPUTADO_PA,directo
05686,2018,42,12.77,0.036,0.0,648.518,30.221,12.584,IMPUTADO_PA,directo
05686,2018,43,12.957,0.012,0.0,648.567,21.219,7.394,IMPUTADO_PA,directo
05686,2018,44,12.712,0.042,0.0,648.656,29.779,9.141,IMPUTADO_PA,directo
05686,2018,45,12.991,0.018,0.0,641.254,25.784,10.295,IMPUTADO_PA,directo
05686,2018,46,12.92,0.018,0.0,643.904,31.469,14.678,IMPUTADO_PA,directo
05686,2018,47,13.048,0.03,0.0,648.697,19.446,10.338,IMPUTADO_PA,directo
05686,2018,48,12.428,0.036,0.0,648.685,30.769,14.845,IMPUTADO_PA,directo
05686,2018,49,11.714,0.042,0.0,647.166,22.244,5.319,IMPUTADO_PA,directo
05686,2018,50,12.346,0.048,0.0,639.716,30.808,11.475,IMPUTADO_PA,directo
05686,2018,51,11.975,0.036,0.0,648.653,26.927,14.062,IMPUTADO_PA,directo
05686,2018,52,12.395,0.03,0.0,648.142,25.203,12.933,IMPUTADO_PA,directo
05686,2019,1,11.682,0.024,0.0,648.467,25.203,12.933,SIN_DATO,directo
05686,2019,2,11.724,0.036,0.0,648.818,25.203,12.933,SIN_DATO,directo
05686,2019,3,12.365,0.036,0.0,648.738,25.203,12.933,SIN_DATO,directo
05686,2019,4,13.883,0.065,0.0,648.796,25.203,12.933,SIN_DATO,directo
05686,2019,5,11.963,0.054,0.0,640.083,21.803,6.669,SIN_DATO,directo
05686,2019,6,12.783,0.036,0.0,635.4347,24.265,8.483,SIN_DATO,directo
05686,2019,7,13.548,0.03,0.0,635.526,19.565,5.245,SIN_DATO,directo
05686,2019,8,13.415,0.048,0.0,635.4347,23.138,14.447,SIN_DATO,directo
05686,2019,9,12.471,0.036,0.0,635.4347,14.205,1.252,SIN_DATO,directo
05686,2019,10,14.07,0.048,0.0,635.4347,22.799,11.081,SIN_DATO,directo
05686,2019,11,14.034,0.024,0.0,635.4347,25.142,11.453,SIN_DATO,directo
05686,2019,12,12.879,0.012,0.0,635.4347,14.648,3.739,SIN_DATO,directo
05686,2019,13,13.942,0.048,0.0,635.4347,20.306,14.446,SIN_DATO,directo
05686,2019,14,13.192,0.054,0.0,639.327,15.009,10.159,SIN_DATO,directo
05686,2019,15,13.367,0.018,0.0,648.903,15.771,10.074,SIN_DATO,directo
05686,2019,16,13.469,0.036,0.0,648.926,11.078,6.797,SIN_DATO,directo
05686,2019,17,13.691,0.06,0.0,648.962,29.827,5.945,SIN_DATO,directo
05686,2019,18,14.074,0.03,0.0,648.788,28.258,5.972,SIN_DATO,directo
05686,2019,19,14.207,0.048,0.0,648.915,24.115,8.057,SIN_DATO,directo
05686,2019,20,13.57,0.054,0.0,649.011,35.367,11.568,SIN_DATO,directo
05686,2019,21,14.205,0.024,0.0,648.962,18.416,7.33,SIN_DATO,directo
05686,2019,22,13.314,0.048,0.2,649.08,43.677,3.533,SIN_DATO,directo
05686,2019,23,13.932,0.0,0.0,649.171,18.116,9.564,SIN_DATO,directo
05686,2019,24,14.026,0.036,0.0,649.271,21.901,9.901,SIN_DATO,directo
05686,2019,25,13.595,0.054,0.0,649.207,16.78,8.975,SIN_DATO,directo
05686,2019,26,13.772,0.042,0.0,648.817,22.82,9.29,SIN_DATO,directo
05686,2019,27,13.061,0.018,0.0,648.978,26.453,5.759,SIN_DATO,directo
05686,2019,28,13.502,0.048,0.0,648.915,19.007,3.472,SIN_DATO,directo
05686,2019,29,13.509,0.018,0.0,648.905,33.834,3.683,SIN_DATO,directo
05686,2019,30,13.385,0.06,0.0,649.146,21.776,1.018,SIN_DATO,directo
05686,2019,31,13.637,0.036,0.0,648.986,22.021,7.523,SIN_DATO,directo
05686,2019,32,13.474,0.024,0.0,649.462,12.771,6.41,SIN_DATO,directo
05686,2019,33,13.593,0.03,1.4,649.046,23.182,5.171,SIN_DATO,directo
05686,2019,34,12.163,34.598,1.6,648.012,18.849,0.035349999999999944,SIN_DATO,directo
05686,2019,35,12.215,70.831,15.9,648.948,15.13,2.366,SIN_DATO,directo
05686,2019,36,13.009,72.293,46.2,649.162,13.81,10.594,SIN_DATO,directo
05686,2019,37,12.904,71.481,40.2,648.922,40.854,4.391,SIN_DATO,directo
05686,2019,38,12.987,80.456,25.6,648.94,17.834,7.953,SIN_DATO,directo
05686,2019,39,12.492,76.724,33.8,649.241,8.473,1.868,SIN_DATO,directo
05686,2019,40,12.233,74.548,0.4,648.759,14.424,11.699,SIN_DATO,directo
05686,2019,41,12.385,76.347,0.2,648.341,19.496,6.2,SIN_DATO,directo
05686,2019,42,12.376,78.838,0.1,648.944,24.187,7.708,SIN_DATO,directo
05686,2019,43,12.373,81.672,0.2,648.604,24.251,14.781,SIN_DATO,directo
05686,2019,44,12.612,74.429,0.2,648.572,25.206,11.969,SIN_DATO,directo
05686,2019,45,12.852,79.08,0.0,648.249,14.843,5.635,SIN_DATO,directo
05686,2019,46,12.365,84.092,0.2,648.49,22.57,4.639,SIN_DATO,directo
05686,2019,47,11.714,80.103,0.1,648.623,13.029,5.569,SIN_DATO,directo
05686,2019,48,13.639,73.0,0.0,648.457,15.04,8.472,SIN_DATO,directo
05686,2019,49,12.17,70.974,0.0,648.931,12.703,6.334,SIN_DATO,directo
05686,2019,50,12.035,77.049,0.0,648.402,10.58,5.327,SIN_DATO,directo
05686,2019,51,13.001,76.054,0.0,648.302,28.246,11.798,SIN_DATO,directo
05686,2019,52,14.15,73.823,0.0,648.562,25.3,6.303,SIN_DATO,directo
05686,2020,1,12.777,72.733,0.0,649.101,,6.303,SIN_DATO,directo
05686,2020,2,11.507,60.933,0.0,648.674,,6.303,SIN_DATO,directo
05686,2020,3,12.679,66.489,0.0,648.507,,6.303,SIN_DATO,directo
05686,2020,4,12.861,79.025,0.0,649.112,,6.303,SIN_DATO,directo
05686,2020,5,12.534,72.293,0.0,649.248,,,SIN_DATO,directo
05686,2020,6,12.26,64.079,0.8,649.082,,,SIN_DATO,directo
05686,2020,7,12.774,67.446,5.7,648.623,,,SIN_DATO,directo
05686,2020,8,13.479,68.974,46.6,648.764,,,SIN_DATO,directo
05686,2020,9,13.021,75.06,8.1,649.321,,,SIN_DATO,directo
05686,2020,10,13.875,70.588,1.3,649.08,,,SIN_DATO,directo
05686,2020,11,13.747,80.464,27.7,649.014,,,SIN_DATO,directo
05686,2020,12,12.092,73.966,0.9,649.208,,,SIN_DATO,directo
05686,2020,13,11.46,71.431,5.6,648.816,,,SIN_DATO,directo
05686,2020,14,14.128,77.397,0.4,648.776,,,SIN_DATO,directo
05686,2020,15,14.558,76.621,0.1,649.287,,,SIN_DATO,directo
05686,2020,16,11.738,76.947,0.0,649.458,,,SIN_DATO,directo
05686,2020,17,12.393,75.645,0.0,649.174,,,SIN_DATO,directo
05686,2020,18,14.1,74.125,0.0,649.405,,,SIN_DATO,directo
05686,2020,19,14.811,69.955,0.0,649.224,,,SIN_DATO,directo
05686,2020,20,13.575,73.373,0.0,649.323,,,SIN_DATO,directo
05686,2020,21,13.998,70.927,0.0,649.445,,,SIN_DATO,directo
05686,2020,22,13.861,78.75,0.0,649.34,,,SIN_DATO,directo
05686,2020,23,13.039,72.429,0.0,649.546,,,SIN_DATO,directo
05686,2020,24,12.986,76.423,0.0,649.194,,,SIN_DATO,directo
05686,2020,25,13.462,73.545,0.0,648.839,,,SIN_DATO,directo
05686,2021,19,14.277,73.702,10.5,,,,SIN_DATO,directo
05686,2021,20,13.354,77.652,0.7,,,,SIN_DATO,directo
05686,2021,21,13.822,79.344,0.3,,,,SIN_DATO,directo
05686,2021,22,13.717,78.5,0.4,,,,SIN_DATO,directo
05686,2021,23,12.851,80.361,0.5,,,,SIN_DATO,directo
05686,2021,24,13.102,76.634,0.2,,,,SIN_DATO,directo
05686,2021,25,12.49,79.393,0.4,,,,SIN_DATO,directo
05686,2021,26,13.049,72.662,0.3,,,,SIN_DATO,directo
05686,2021,27,13.605,74.149,0.1,,,,SIN_DATO,directo
05686,2021,28,13.85,71.362,0.1,,,,SIN_DATO,directo
05686,2021,29,13.345,72.338,0.0,,,,SIN_DATO,directo
05686,2021,30,13.352,73.662,0.1,,,,SIN_DATO,directo
05686,2021,31,12.982,69.025,12.5,,,,SIN_DATO,directo
05686,2021,32,13.423,80.545,37.4,,,,SIN_DATO,directo
05686,2021,33,13.205,78.414,25.3,,,,SIN_DATO,directo
05686,2021,34,13.168,76.95,0.4,,,,SIN_DATO,directo
05686,2021,35,12.99,77.475,0.8,,,,SIN_DATO,directo
05686,2021,36,12.921,78.597,0.1,,,,SIN_DATO,directo
05686,2021,37,12.978,70.052,0.0,,,,SIN_DATO,directo
05686,2021,38,13.298,74.101,0.0,,,,SIN_DATO,directo
05686,2021,39,12.455,77.875,3.3,,,,SIN_DATO,directo
05686,2021,40,12.964,80.518,0.0,,,,SIN_DATO,directo
05686,2021,41,13.113,80.627,0.2,,,,SIN_DATO,directo
05686,2021,42,12.019,76.552,0.0,,,,SIN_DATO,directo
05686,2021,43,12.173,78.279,0.0,,,,SIN_DATO,directo
05686,2021,44,12.192,81.638,4.2,,,,SIN_DATO,directo
05686,2021,45,12.039,78.412,13.5,,,,SIN_DATO,directo
05686,2021,46,11.764,75.491,10.0,,,,SIN_DATO,directo
05686,2021,47,12.386,83.725,29.3,,,,SIN_DATO,directo
05686,2021,48,12.288,81.65,12.4,,,,SIN_DATO,directo
05686,2021,49,12.421,78.821,1.9,,,,SIN_DATO,directo
05686,2021,50,11.928,77.574,10.8,,,,SIN_DATO,directo
05686,2021,51,12.715,79.787,10.7,,,,SIN_DATO,directo
05686,2021,52,12.496,82.706,42.4,,,,SIN_DATO,directo
05686,2022,1,9.353250000000001,78.742,0.0,,,,SIN_DATO,directo
05686,2022,4,10.496,74.778,9.8,,,,SIN_DATO,directo
05686,2022,5,11.71,74.893,25.9,,,,SIN_DATO,directo
05686,2022,6,12.526,86.565,10.8,,,,SIN_DATO,directo
05686,2022,7,12.5,86.56649999999999,14.7,,,,SIN_DATO,directo
05686,2022,8,12.616333333333333,86.568,28.6,,,,SIN_DATO,directo
05686,2022,15,12.732666666666667,86.5695,0.0,,,,SIN_DATO,directo
05686,2022,16,12.849,86.571,9.3,,,,SIN_DATO,directo
05686,2022,17,13.147,83.535,15.3,,,,SIN_DATO,directo
05686,2022,18,13.568,77.139,18.5,,,,SIN_DATO,directo
05686,2022,19,13.411,84.769,20.6,,,,SIN_DATO,directo
05686,2022,20,13.015,85.278,9.0,,,,SIN_DATO,directo
05686,2022,21,13.066,85.312,6.3,,,,SIN_DATO,directo
05686,2022,22,12.513,83.326,0.7,,,,SIN_DATO,directo
05686,2022,23,11.907,87.043,9.8,,,,SIN_DATO,directo
05686,2022,24,12.884,86.025,72.0,,,,SIN_DATO,directo
05686,2022,25,12.391,85.262,18.8,,,,SIN_DATO,directo
05686,2022,26,12.66,87.486,6.3,,,,SIN_DATO,directo
05686,2022,27,13.191,80.472,0.2,642.983,,,SIN_DATO,directo
05686,2022,28,14.09,47.115,4.7,,,,SIN_DATO,directo
05686,2022,31,25.167,29.0,3.9,,,,SIN_DATO,directo
05686,2022,32,23.961,29.0,10.4,,,,SIN_DATO,directo
05686,2022,33,23.961,29.0,3.8,,,,SIN_DATO,directo
05686,2022,34,23.961,29.0,1.3,,,,SIN_DATO,directo
05686,2022,35,23.961,29.0,12.0,,,,SIN_DATO,directo
05686,2022,36,23.961,29.0,7.3,,,,SIN_DATO,directo
05686,2022,37,18.394,84.872,7.5,,,,SIN_DATO,directo
05686,2022,38,17.661,86.259,5.3,,,,SIN_DATO,directo
05686,2022,39,18.467,84.172,19.8,,,,SIN_DATO,directo
05686,2022,40,18.265,85.643,14.7,,,,SIN_DATO,directo
05686,2022,41,18.392,85.457,9.5,,,,SIN_DATO,directo
05686,2022,42,17.901,86.967,70.6,,,,SIN_DATO,directo
05686,2022,43,17.542,88.111,36.5,,,,SIN_DATO,directo
05686,2022,44,17.802,85.25,0.5,,,,SIN_DATO,directo
05686,2022,48,16.988,82.9,0.2,,,,SIN_DATO,directo
05686,2022,49,16.094,86.844,0.1,,,,SIN_DATO,directo
05686,2022,50,17.888,85.621,0.4,,,,SIN_DATO,directo
05686,2022,51,18.772,83.681,0.5,,,,SIN_DATO,directo
05686,2022,52,17.414,87.045,15.4,,,,SIN_DATO,directo
05686,2023,1,17.374,85.593,12.9,,,,SIN_DATO,directo
05686,2023,2,17.522,87.036,52.6,,,,SIN_DATO,directo
05686,2023,3,17.776,83.512,40.4,,,,SIN_DATO,directo
05686,2023,4,18.504,80.319,4.0,,,,SIN_DATO,directo
05686,2023,5,18.267,80.774,1.0,,,,SIN_DATO,directo
05686,2023,6,18.855,84.309,20.7,,,,SIN_DATO,directo
05686,2023,7,18.398,85.363,21.4,,,,SIN_DATO,directo
05686,2023,8,18.143,84.078,14.8,,,,SIN_DATO,directo
05686,2023,9,19.858,82.19,10.9,,,,SIN_DATO,directo
05686,2023,10,17.858,84.964,59.0,,,,SIN_DATO,directo
05686,2023,11,17.134,86.86,68.6,,,,SIN_DATO,directo
05697,2018,42,16.017,89.81,78.6,788.49,,,SIN_DATO,directo
05697,2018,43,15.945,91.494,33.8,788.582,,,SIN_DATO,directo
05697,2018,44,15.913,90.565,9.0,788.831,,,SIN_DATO,directo
05697,2018,45,16.053,91.768,7.4,788.058,,,SIN_DATO,directo
05697,2018,46,16.268,91.842,2.8,788.042,,,SIN_DATO,directo
05697,2019,8,14.2,89.429,34.6,788.88,,,SIN_DATO,directo
05697,2019,9,14.286375,89.357,62.2,789.202,,,SIN_DATO,directo
05697,2019,10,14.37275,89.417,22.8,788.748,36.31,16.44,SIN_DATO,directo
05697,2019,11,14.459125,88.637,8.8,788.416,19.599,19.799,SIN_DATO,directo
05697,2019,12,14.545499999999999,89.607,34.6,789.411,16.648,19.49,SIN_DATO,directo
05697,2019,13,20.39,89.917,25.2,788.958,18.535,23.039,SIN_DATO,directo
05697,2019,14,20.765,88.792,70.2,789.932,27.849,19.611,SIN_DATO,directo
05697,2019,15,21.37,87.476,28.0,789.039,22.61,19.214,SIN_DATO,directo
05697,2019,16,20.848,88.274,58.4,789.139,21.796,17.937,SIN_DATO,directo
05697,2019,17,20.763,88.375,28.2,789.181,19.676,15.93,SIN_DATO,directo
05697,2019,18,22.75,83.952,0.0,788.547,21.515,22.953,SIN_DATO,directo
05697,2019,19,21.308,87.25,78.4,788.899,19.315,15.216,SIN_DATO,directo
05697,2019,20,20.932,88.22,106.4,789.31,25.744,21.658,SIN_DATO,directo
05697,2019,21,20.882,89.286,84.6,789.174,20.711,19.814,SIN_DATO,directo
05697,2019,22,20.295,92.77,63.4,789.578,18.629,19.858,SIN_DATO,directo
05697,2019,23,21.61,91.35521052631579,55.0,789.542,27.331,17.013,SIN_DATO,directo
05697,2019,24,20.507,89.94042105263158,51.8,789.82,16.804,20.886,SIN_DATO,directo
05697,2019,25,22.35,88.52563157894737,0.0,789.552,22.686,14.978,SIN_DATO,directo
05697,2019,26,21.689,87.11084210526316,8.0,788.801,11.769,23.795,SIN_DATO,directo
05697,2019,27,21.378,,60.0,789.27,14.678,18.851,SIN_DATO,directo
05697,2019,28,21.07,,96.0,789.302,20.134,15.733,SIN_DATO,directo
05697,2019,29,21.945,,22.6,789.117,19.221,16.464,SIN_DATO,directo
05697,2019,30,21.13,,60.2,789.844,19.213,17.925,SIN_DATO,directo
05697,2019,31,21.771,,7.2,789.252,26.306,12.905,SIN_DATO,directo
05697,2019,32,16.273,,1.2,790.227,26.648,20.471,SIN_DATO,directo
05697,2019,33,16.261,,7.0,789.579,23.712,12.638,SIN_DATO,directo
05697,2019,34,16.446,,1.6,789.862,16.538,20.209,SIN_DATO,directo
05697,2019,35,16.205,,45.6,789.114,21.473,17.931,SIN_DATO,directo
05697,2019,36,17.179,,101.4,789.506,32.48,24.192,SIN_DATO,directo
05697,2019,37,17.032,,156.6,788.955,35.551,12.216,SIN_DATO,directo
05697,2019,38,14.696,,19.8,788.945,27.389,14.774,SIN_DATO,directo
05697,2019,39,16.482,,18.2,789.619,16.73,21.215,SIN_DATO,directo
05697,2019,40,15.025,,29.4,789.02,21.52,19.585,SIN_DATO,directo
05697,2019,41,15.457,65.889,87.8,787.88,23.344,19.793,SIN_DATO,directo
05697,2019,42,15.572,65.223,57.2,789.484,22.507,21.986,SIN_DATO,directo
05697,2019,43,15.603,67.216,70.0,788.643,28.012,17.327,SIN_DATO,directo
05697,2019,44,16.012,65.187,52.4,788.379,26.047,19.882,SIN_DATO,directo
05697,2019,45,15.954,66.551,17.2,787.514,16.462,15.63,SIN_DATO,directo
05697,2019,46,15.271,67.947,28.8,788.399,18.752,15.961,SIN_DATO,directo
05697,2019,47,15.495,68.045,30.6,788.81,27.364,20.585,SIN_DATO,directo
05697,2019,48,16.141,65.742,17.8,787.957,29.818,17.37,SIN_DATO,directo
05697,2019,49,15.843,64.585,24.2,789.268,23.413,22.574,SIN_DATO,directo
05697,2019,50,15.576,66.225,16.0,788.233,30.597,15.093,SIN_DATO,directo
05697,2019,51,16.32,65.45,28.6,787.648,22.78,17.692,SIN_DATO,directo
05697,2019,52,16.765,65.56,17.8,788.042,17.301,16.74,SIN_DATO,directo
05697,2020,1,16.213,64.496,20.6,789.548,17.353758620689653,16.49213793103448,SIN_DATO,directo
05697,2020,2,14.939,61.094,0.0,788.901,17.40651724137931,16.244275862068964,SIN_DATO,directo
05697,2020,3,16.448,62.215,2.0,787.964,17.459275862068964,15.996413793103446,SIN_DATO,directo
05697,2020,4,15.015,65.636,29.0,789.416,17.51203448275862,15.74855172413793,SIN_DATO,directo
05697,2020,5,16.318,65.786,6.4,789.822,,,SIN_DATO,directo
05697,2020,6,15.979,65.786,0.0,789.529,,,SIN_DATO,directo
05697,2020,7,16.349,65.786,32.0,788.411,,,SIN_DATO,directo
05697,2020,8,16.532,65.786,35.2,788.835,,,SIN_DATO,directo
05697,2020,9,16.48,65.786,1.4,790.008,,,SIN_DATO,directo
05697,2020,10,16.881,,25.4,789.332,,,SIN_DATO,directo
05697,2020,11,16.621,,49.2,789.298,,,SIN_DATO,directo
05697,2020,12,16.098,,28.4,790.082,,,SIN_DATO,directo
05697,2020,13,16.399,,22.2,788.945,,,SIN_DATO,directo
05697,2020,14,17.222,,150.8,788.672,,,SIN_DATO,directo
05697,2020,15,17.67,,66.0,789.512,,,SIN_DATO,directo
05697,2020,16,16.028,,17.8,790.437,,,SIN_DATO,directo
05697,2020,17,16.576,,43.8,789.873,,,SIN_DATO,directo
05697,2020,18,17.02,,38.0,789.963,,,SIN_DATO,directo
05697,2020,19,17.894,,35.8,789.301,,,SIN_DATO,directo
05697,2020,20,17.459,,20.6,789.718,,,SIN_DATO,directo
05697,2020,21,18.056,,40.0,789.838,,,SIN_DATO,directo
05697,2020,22,16.705,,25.8,789.92,,,SIN_DATO,directo
05697,2020,23,16.276,,26.8,790.38,,,SIN_DATO,directo
05697,2020,24,16.207,,52.0,789.779,,,SIN_DATO,directo
05697,2020,25,16.888,,155.0,789.538,,,SIN_DATO,directo
05697,2020,26,16.909,,15.0,789.427,,,SIN_DATO,directo
05697,2021,8,16.514,,26.6,787.456,,,SIN_DATO,directo
05697,2021,9,15.293,,90.2,788.133,,,SIN_DATO,directo
05697,2021,10,14.577,,96.8,789.392,,,SIN_DATO,directo
05697,2021,11,15.024,,142.0,788.67,,,SIN_DATO,directo
05697,2021,12,14.772,,22.6,789.046,,,SIN_DATO,directo
05736,2018,1,,,4.0,,13.401,11.159,IMPUTADO_PA,directo
05736,2018,2,,,,,26.331,12.592,IMPUTADO_PA,directo
05736,2018,3,,,0.0,,38.838,13.566,IMPUTADO_PA,directo
05736,2018,4,,,0.0,,37.934,13.38,IMPUTADO_PA,directo
05736,2018,5,,,0.0,,29.974,6.949,IMPUTADO_PA,directo
05736,2018,6,,,0.2,,38.182,12.119,IMPUTADO_PA,directo
05736,2018,7,,,0.5,,33.37,13.695,IMPUTADO_PA,directo
05736,2018,8,,,0.3,,42.0,12.522,IMPUTADO_PA,directo
05736,2018,9,,,0.0,,30.92,12.642,IMPUTADO_PA,directo
05736,2018,10,,,93.8,,23.073,15.196,IMPUTADO_PA,directo
05736,2018,11,,,0.0,,31.485,9.751,IMPUTADO_PA,directo
05736,2018,12,,,53.0,,0.0,7.843,IMPUTADO_PA,directo
05736,2018,13,,,0.0,,32.057,12.29,IMPUTADO_PA,directo
05736,2018,14,,,2.3,,0.0,16.155,IMPUTADO_PA,directo
05736,2018,15,,,40.6,,6.436,19.363,IMPUTADO_PA,directo
05736,2018,16,,,37.2,,32.895,16.218,IMPUTADO_PA,directo
05736,2018,17,,,22.9,,33.209,8.398,IMPUTADO_PA,directo
05736,2018,18,,,,,13.26,12.693,IMPUTADO_PA,directo
05736,2018,19,,,,,18.738,14.392,IMPUTADO_PA,directo
05736,2018,20,,,,,44.071,14.117,IMPUTADO_PA,directo
05736,2018,21,,,,,21.512,15.374,IMPUTADO_PA,directo
05736,2018,22,,,,,54.683,10.314,IMPUTADO_PA,directo
05736,2018,23,,,,,27.377,13.726,IMPUTADO_PA,directo
05736,2018,24,,,,,32.363,14.96,IMPUTADO_PA,directo
05736,2018,25,,,,,47.068,16.369,IMPUTADO_PA,directo
05736,2018,26,,,,,28.994,10.701,IMPUTADO_PA,directo
05736,2018,27,,,,,15.208,12.301,IMPUTADO_PA,directo
05736,2018,28,,,,,26.065,4.106,IMPUTADO_PA,directo
05736,2018,29,,,,,26.967,11.341,IMPUTADO_PA,directo
05736,2018,30,,,,,10.799,11.678,IMPUTADO_PA,directo
05736,2018,31,,,,,24.288,9.957,IMPUTADO_PA,directo
05736,2018,32,,,,,18.372,14.075,IMPUTADO_PA,directo
05736,2018,33,,,,,38.644,13.306,IMPUTADO_PA,directo
05736,2018,34,,,,,27.821,5.65,IMPUTADO_PA,directo
05736,2018,35,,,,,23.96,14.249,IMPUTADO_PA,directo
05736,2018,36,,,,,26.108,10.275,IMPUTADO_PA,directo
05736,2018,37,,,,,30.114,15.188,IMPUTADO_PA,directo
05736,2018,38,,,,,34.903,9.046,IMPUTADO_PA,directo
05736,2018,39,,,,,15.24,13.604,IMPUTADO_PA,directo
05736,2018,40,,,,,14.73,12.516,IMPUTADO_PA,directo
05736,2018,41,,,0.0,,40.837,14.553,IMPUTADO_PA,directo
05736,2018,42,,,38.9,,22.384,13.933,IMPUTADO_PA,directo
05736,2018,43,,,84.7,,10.166,12.613,IMPUTADO_PA,directo
05736,2018,44,,,39.1,,32.799,8.162,IMPUTADO_PA,directo
05736,2018,45,,,98.3,,33.036,8.367,IMPUTADO_PA,directo
05736,2018,46,,,87.9,,8.78,11.471,IMPUTADO_PA,directo
05736,2018,47,,,61.4,,30.191,13.471,IMPUTADO_PA,directo
05736,2018,48,,,35.0,,36.348,11.387,IMPUTADO_PA,directo
05736,2018,49,,,0.0,,31.954,15.672,IMPUTADO_PA,directo
05736,2018,50,,,0.5,,35.087,12.53,IMPUTADO_PA,directo
05736,2018,51,,,9.6,,10.319,10.147,IMPUTADO_PA,directo
05736,2018,52,,,0.0,,31.427,12.534,IMPUTADO_PA,directo
05736,2019,1,,,0.0,,32.148,4.485,IMPUTADO_PA,directo
05736,2019,2,,,5.9,,24.354,10.226,IMPUTADO_PA,directo
05736,2019,3,,,3.6,,32.942,3.445,IMPUTADO_PA,directo
05736,2019,4,,,0.5,,25.674,3.619,IMPUTADO_PA,directo
05736,2019,5,,,17.3,,25.594,0.035349999999999944,IMPUTADO_PA,directo
05736,2019,6,,,0.0,,16.059,0.035349999999999944,IMPUTADO_PA,directo
05736,2019,7,,,0.0,,21.388,0.935,IMPUTADO_PA,directo
05736,2019,8,,,10.6,,34.314,5.728,IMPUTADO_PA,directo
05736,2019,9,,,2.0,,27.559,0.559,IMPUTADO_PA,directo
05736,2019,10,21.762,93.268,18.7,,25.723,0.035349999999999944,IMPUTADO_PA,directo
05736,2019,11,22.332,90.982,14.9,,36.07,5.086,IMPUTADO_PA,directo
05736,2019,12,20.862,95.941,17.1,,37.849,1.223,IMPUTADO_PA,directo
05736,2019,13,20.9303,95.84985,74.7,,19.815,0.035349999999999944,IMPUTADO_PA,directo
05736,2019,14,20.9986,95.7587,81.1,,42.706,6.166,IMPUTADO_PA,directo
05736,2019,15,21.0669,95.66755,70.96249999999999,,29.284,5.414,IMPUTADO_PA,directo
05736,2019,16,21.135199999999998,95.5764,60.824999999999996,,13.739,0.035349999999999944,IMPUTADO_PA,directo
05736,2019,17,,,50.6875,,26.792,4.15,IMPUTADO_PA,directo
05736,2019,18,,,40.55,,30.114,0.035349999999999944,IMPUTADO_PA,directo
05736,2019,19,,,,,37.007,4.1,IMPUTADO_PA,directo
05736,2019,20,,,,,39.234,4.175,IMPUTADO_PA,directo
05736,2019,21,,,,,28.695,3.728,IMPUTADO_PA,directo
05736,2019,22,,,0.0,,21.926,7.398,IMPUTADO_PA,directo
05736,2019,23,,,0.0,,32.543,13.479,IMPUTADO_PA,directo
05736,2019,24,,,0.0,,33.718,5.023,IMPUTADO_PA,directo
05736,2019,25,,,0.3,,35.815,10.222,IMPUTADO_PA,directo
05736,2019,26,,,45.9,,40.607,0.035349999999999944,IMPUTADO_PA,directo
05736,2019,27,,,55.1,,30.44,2.516,IMPUTADO_PA,directo
05736,2019,28,,,53.6,,33.727,0.035349999999999944,IMPUTADO_PA,directo
05736,2019,29,,,52.0,,30.386,1.437,IMPUTADO_PA,directo
05736,2019,30,,,69.2,,44.697,2.713,IMPUTADO_PA,directo
05736,2019,31,,,59.9,,29.965,10.587,IMPUTADO_PA,directo
05736,2019,32,22.228,94.118,17.3,,26.671,3.922,IMPUTADO_PA,directo
05736,2019,33,21.365,95.208,60.8,,27.02,7.543,IMPUTADO_PA,directo
05736,2019,34,22.17,93.071,67.8,,37.275,2.236,IMPUTADO_PA,directo
05736,2019,35,21.968,92.426,74.1,,29.304,1.83,IMPUTADO_PA,directo
05736,2019,36,21.774,92.381,104.7,,35.123,0.035349999999999944,IMPUTADO_PA,directo
05736,2019,37,22.502,92.806,121.2,,35.256,10.444,IMPUTADO_PA,directo
05736,2019,38,20.602,94.95,20.8,,22.964,8.779,IMPUTADO_PA,directo
05736,2019,39,21.37,93.786,49.6,,22.203,4.521,IMPUTADO_PA,directo
05736,2019,40,21.055,94.339,23.0,,35.656,2.909,IMPUTADO_PA,directo
05736,2019,41,20.808,95.18,18.3,,18.521,4.054,IMPUTADO_PA,directo
05736,2019,42,20.708,93.28,16.266666666666666,,18.768,0.035349999999999944,IMPUTADO_PA,directo
05736,2019,43,20.657,94.235,14.233333333333334,,45.786,5.408,IMPUTADO_PA,directo
05736,2019,44,21.704,93.28,12.200000000000001,,14.731,8.434,IMPUTADO_PA,directo
05736,2019,45,21.614,91.869,10.166666666666668,,36.944,8.638,IMPUTADO_PA,directo
05736,2019,46,21.051,93.071,,,27.222,0.035349999999999944,IMPUTADO_PA,directo
05736,2019,47,20.802,93.179,,,33.917,7.506,IMPUTADO_PA,directo
05736,2019,48,21.88,92.964,,,34.39,0.035349999999999944,IMPUTADO_PA,directo
05736,2019,49,21.513,94.292,,,27.852,0.035349999999999944,IMPUTADO_PA,directo
05736,2019,50,21.336,92.0,0.0,,29.744,7.654,IMPUTADO_PA,directo
05736,2019,51,21.649,95.315,0.0,,36.575,1.966,IMPUTADO_PA,directo
05736,2019,52,21.513,96.958,0.0,,39.874,7.087,IMPUTADO_PA,directo
05756,2018,1,18.098,74.146,58.5,767.51,,,SIN_DATO,directo
05756,2018,2,17.699,80.027,63.7,766.629,,,SIN_DATO,directo
05756,2018,3,17.905,73.717,50.9,766.272,,,SIN_DATO,directo
05756,2018,4,19.325,66.801,3.9,764.926,,,SIN_DATO,directo
05756,2018,5,19.727,71.556,5.8,765.046,,,SIN_DATO,directo
05756,2018,6,19.546,67.849,4.9,765.957,,,SIN_DATO,directo
05756,2018,7,18.805,73.86,22.4,766.768,,,SIN_DATO,directo
05756,2018,8,17.895,72.322,39.7,767.09,,,SIN_DATO,directo
05756,2018,9,19.321,63.146,3.3,766.814,,,SIN_DATO,directo
05756,2018,10,19.978,62.744,11.9,766.053,,,SIN_DATO,directo
05756,2018,11,15.786,81.635,44.8,766.595,,,SIN_DATO,directo
05756,2018,12,19.156,75.042,90.4,766.027,,,SIN_DATO,directo
05756,2018,13,18.578,76.352,96.1,765.999,,,SIN_DATO,directo
05756,2018,14,17.884,76.916,75.0,766.755,,,SIN_DATO,directo
05756,2018,15,14.165,91.18,82.4,767.51,,,SIN_DATO,directo
05756,2018,16,15.246,82.018,5.8,767.21,,,SIN_DATO,directo
05756,2018,17,18.731,79.525,114.6,767.445,,,SIN_DATO,directo
05756,2018,18,18.864,77.481,63.6,767.551,,,SIN_DATO,directo
05756,2018,19,18.457,82.657,121.6,767.929,,,SIN_DATO,directo
05756,2018,20,19.645,78.976,111.5,766.836,,,SIN_DATO,directo
05756,2018,21,20.552,75.334,44.9,767.208,,,SIN_DATO,directo
05756,2018,22,21.106,74.323,102.1,766.938,,,SIN_DATO,directo
05756,2018,23,22.487,68.756,4.0,767.027,,,SIN_DATO,directo
05756,2018,24,20.877,71.94,52.2,767.793,,,SIN_DATO,directo
05756,2018,25,20.014,69.066,52.0,767.578,,,SIN_DATO,directo
05756,2018,26,19.068,72.349,98.1,766.83,,,SIN_DATO,directo
05756,2018,27,20.592,67.747,48.7,766.537,,,SIN_DATO,directo
05756,2018,28,21.932,57.461,6.3,766.992,,,SIN_DATO,directo
05756,2018,29,21.973,54.71,20.3,767.087,,,SIN_DATO,directo
05756,2018,30,20.182,68.171,36.9,767.793,,,SIN_DATO,directo
05756,2018,31,19.14,75.603,133.4,767.135,,,SIN_DATO,directo
05756,2018,32,22.533,47.26,0.0,767.188,,,SIN_DATO,directo
05756,2018,33,21.518,57.856,45.6,767.694,,,SIN_DATO,directo
05756,2018,34,22.541,52.746,6.8,767.125,,,SIN_DATO,directo
05756,2018,35,22.354,58.614,26.0,766.683,,,SIN_DATO,directo
05756,2018,36,20.028,71.75,109.8,766.551,,,SIN_DATO,directo
05756,2018,37,19.024,77.454,105.7,766.622,,,SIN_DATO,directo
05756,2018,38,22.459,59.885,31.9,765.814,,,SIN_DATO,directo
05756,2018,39,20.732,71.835,45.6,765.996,,,SIN_DATO,directo
05756,2018,40,20.429,73.432,87.2,766.61,,,SIN_DATO,directo
05756,2018,41,19.327,74.649,79.0,767.341,,,SIN_DATO,directo
05756,2018,42,20.143,74.138,98.3,766.33,,,SIN_DATO,directo
05756,2018,43,20.688,75.224,57.3,766.508,,,SIN_DATO,directo
05756,2018,44,19.62,78.207,42.6,766.602,,,SIN_DATO,directo
05756,2018,45,19.991,78.153,50.3,765.84,,,SIN_DATO,directo
05756,2018,46,20.618,76.408,24.5,766.123,,,SIN_DATO,directo
05756,2018,47,20.54,74.138,75.1,766.458,,,SIN_DATO,directo
05756,2018,48,19.448,80.079,37.8,766.695,,,SIN_DATO,directo
05756,2018,49,19.823,74.004,30.3,766.885,,,SIN_DATO,directo
05756,2018,50,21.084,68.709,6.6,767.535,,,SIN_DATO,directo
05756,2018,51,20.778,65.917,3.6,766.561,,,SIN_DATO,directo
05756,2018,52,22.407,54.26,4.0,765.302,,,SIN_DATO,directo
05756,2019,1,22.991,50.541,2.4,765.72,,,SIN_DATO,directo
05756,2019,2,19.786,70.911,35.6,767.233,,,SIN_DATO,directo
05756,2019,3,21.377,63.89,24.2,766.678,,,SIN_DATO,directo
05756,2019,4,23.444,55.91,2.9,766.527,,,SIN_DATO,directo
05756,2019,5,21.708,64.746,43.0,766.658,,,SIN_DATO,directo
05756,2019,6,20.742,67.625,56.7,765.692,,,SIN_DATO,directo
05756,2019,7,16.455,82.455,60.8,766.721,,,SIN_DATO,directo
05756,2019,8,19.019,79.378,54.4,766.736,,,SIN_DATO,directo
05756,2019,9,18.377,77.741,64.5,766.918,,,SIN_DATO,directo
05756,2019,10,19.889,74.692,40.0,766.414,,,SIN_DATO,directo
05756,2019,11,20.168,74.274,26.6,766.077,,,SIN_DATO,directo
05756,2019,12,17.907,87.402,55.7,767.132,,,SIN_DATO,directo
05756,2019,13,18.743,79.631,14.3,766.632,,,SIN_DATO,directo
05756,2019,14,18.351,84.57,143.0,767.635,,,SIN_DATO,directo
05756,2019,15,19.563,78.188,95.4,766.784,,,SIN_DATO,directo
05756,2019,16,18.699,83.254,192.2,766.918,,,SIN_DATO,directo
05756,2019,17,18.469,86.367,74.4,766.926,,,SIN_DATO,directo
05756,2019,18,20.669,70.212,0.0,766.276,,,SIN_DATO,directo
05756,2019,19,19.041,82.988,104.4,766.777,,,SIN_DATO,directo
05756,2019,20,18.256,88.418,167.8,767.081,,,SIN_DATO,directo
05756,2019,21,18.049,89.331,157.0,766.959,,,SIN_DATO,directo
05756,2019,22,17.557,89.608,203.2,767.321,,,SIN_DATO,directo
05756,2019,23,19.164,80.794,89.9,767.309,,,SIN_DATO,directo
05756,2019,24,19.17,84.502,80.1,767.552,,,SIN_DATO,directo
05756,2019,25,21.139,61.394,4.7,767.312,,,SIN_DATO,directo
05756,2019,26,20.375,70.293,22.2,766.5,,,SIN_DATO,directo
05756,2019,27,19.576,74.073,148.0,766.988,,,SIN_DATO,directo
05756,2019,28,19.348,76.23,63.3,766.952,,,SIN_DATO,directo
05756,2019,29,20.827,62.769,29.8,766.766,,,SIN_DATO,directo
05756,2019,30,19.717,70.431,93.8,767.489,,,SIN_DATO,directo
05756,2019,31,20.325,68.541,31.9,766.935,,,SIN_DATO,directo
05756,2019,32,21.548,55.391,0.0,767.874,,,SIN_DATO,directo
05756,2019,33,20.079,62.642,8.2,767.285,,,SIN_DATO,directo
05756,2019,34,16.298,69.367,0.2,767.535,,,SIN_DATO,directo
05756,2019,35,21.095,58.575,63.0,766.803,,,SIN_DATO,directo
05756,2019,36,21.198,59.728,75.3,767.226,,,SIN_DATO,directo
05756,2019,37,21.163,62.866,346.8,766.716,,,SIN_DATO,directo
05756,2019,38,18.177,84.185,66.0,766.73,,,SIN_DATO,directo
05756,2019,39,18.879,78.077,60.1,767.339,,,SIN_DATO,directo
05756,2019,40,18.22,78.457,67.7,766.731,,,SIN_DATO,directo
05756,2019,41,18.04,82.068,73.7,765.634,,,SIN_DATO,directo
05756,2019,42,17.253,86.662,47.2,767.118,,,SIN_DATO,directo
05756,2019,43,17.041,86.992,129.8,766.343,,,SIN_DATO,directo
05756,2019,44,18.367,82.847,98.9,766.088,,,SIN_DATO,directo
05756,2019,45,18.602,83.389,19.4,765.233,,,SIN_DATO,directo
05756,2019,46,17.289,88.583,131.7,766.256,,,SIN_DATO,directo
05756,2019,47,18.066,80.449,108.6,766.453,,,SIN_DATO,directo
05756,2019,48,19.625,74.879,24.7,765.726,,,SIN_DATO,directo
05756,2019,49,18.172,78.893,92.8,766.945,,,SIN_DATO,directo
05756,2019,50,17.844,83.441,84.5,765.882,,,SIN_DATO,directo
05756,2019,51,18.936,79.084,54.5,765.398,,,SIN_DATO,directo
05756,2019,52,19.825,75.174,1.0,765.739,,,SIN_DATO,directo
05756,2020,1,18.352,76.477,43.3,767.25,,,SIN_DATO,directo
05756,2020,2,19.384,58.936,0.0,766.453,,,SIN_DATO,directo
05756,2020,3,20.752,60.2,0.0,765.462,,,SIN_DATO,directo
05756,2020,4,18.673,77.714,46.3,767.15,,,SIN_DATO,directo
05756,2020,5,19.339,74.858,57.8,767.412,,,SIN_DATO,directo
05756,2020,6,20.141,62.995,2.0,767.119,,,SIN_DATO,directo
05756,2020,7,21.034,62.137,12.2,766.04,,,SIN_DATO,directo
05756,2020,8,20.698,65.841,80.4,766.523,,,SIN_DATO,directo
05756,2020,9,20.122,72.443,33.3,767.542,,,SIN_DATO,directo
05756,2020,10,20.905,69.372,37.3,766.951,,,SIN_DATO,directo
05756,2020,11,20.297,74.383,43.9,766.915,,,SIN_DATO,directo
05756,2020,12,19.969,66.048,30.8,767.619,,,SIN_DATO,directo
05756,2020,13,21.116,62.635,6.2,766.508,,,SIN_DATO,directo
05756,2020,14,19.928,76.83,87.8,766.344,,,SIN_DATO,directo
05756,2020,15,21.09,75.55,56.6,767.223,,,SIN_DATO,directo
05756,2020,16,19.341,78.047,29.1,767.39875,,,SIN_DATO,directo
05756,2020,17,19.887,77.892,21.6,767.5745,,,SIN_DATO,directo
05756,2020,18,20.399,76.57,20.6,767.7502499999999,,,SIN_DATO,directo
05756,2020,19,21.947,67.141,4.5,767.9259999999999,,,SIN_DATO,directo
05756,2020,20,20.793,76.134,16.1,,,,SIN_DATO,directo
05756,2020,21,21.336,70.516,13.1,,,,SIN_DATO,directo
05756,2020,22,19.805,77.446,47.8,,,,SIN_DATO,directo
05756,2020,23,19.346,79.01,49.3,768.629,,,SIN_DATO,directo
05756,2020,24,19.047,77.517,58.7,767.742,,,SIN_DATO,directo
05756,2020,25,19.305,80.515,37.2,767.418,,,SIN_DATO,directo
05756,2020,26,19.783,77.451,38.5,767.31775,,,SIN_DATO,directo
05756,2020,27,18.717,84.207,70.2,767.2175,,,SIN_DATO,directo
05756,2020,28,18.557,83.618,65.4,767.11725,,,SIN_DATO,directo
05756,2020,29,20.17,70.478,12.0,767.017,,,SIN_DATO,directo
05756,2020,30,18.26,83.21,76.0,766.933,,,SIN_DATO,directo
05756,2020,31,20.006,71.963,52.7,766.849,,,SIN_DATO,directo
05756,2020,32,21.396,59.663,0.0,767.821,,,SIN_DATO,directo
05756,2020,33,20.061,76.759,24.6,767.408,,,SIN_DATO,directo
05756,2020,34,18.35,85.562,105.6,766.995,,,SIN_DATO,directo
05756,2020,35,18.02,83.777,60.8,766.582,,,SIN_DATO,directo
05756,2020,36,18.851,80.624,105.3,766.169,,,SIN_DATO,directo
05756,2020,37,18.651,82.338,83.4,765.756,,,SIN_DATO,directo
05756,2020,38,18.587,79.753,54.0,765.7036666666667,,,SIN_DATO,directo
05756,2020,39,18.758,79.539,24.1,765.6513333333334,,,SIN_DATO,directo
05756,2020,40,18.06,82.978,63.6,765.5989999999999,,,SIN_DATO,directo
05756,2020,41,18.977,78.001,17.5,765.5466666666666,,,SIN_DATO,directo
05756,2020,42,18.821,80.342,64.3,,,,SIN_DATO,directo
05756,2020,43,18.019,87.389,31.7,,,,SIN_DATO,directo
05756,2020,44,18.224,86.514,72.3,,,,SIN_DATO,directo
05756,2020,45,18.777,83.572,33.2,,,,SIN_DATO,directo
05756,2020,46,17.367,88.54,90.7,,,,SIN_DATO,directo
05756,2020,47,17.963,85.963,69.6,,,,SIN_DATO,directo
05756,2020,48,18.398,83.62,41.5,,,,SIN_DATO,directo
05756,2020,49,18.549,81.489,61.1,,,,SIN_DATO,directo
05756,2020,50,18.688,79.241,9.1,,,,SIN_DATO,directo
05756,2020,51,18.629,80.46,2.4,,,,SIN_DATO,directo
05756,2020,52,18.113,81.615,44.2,,,,SIN_DATO,directo
05756,2020,53,18.302,80.985,18.2,,,,SIN_DATO,directo
05756,2021,1,18.068,82.813,12.9,,,,SIN_DATO,directo
05756,2021,2,19.035,74.218,19.6,,,,SIN_DATO,directo
05756,2021,3,19.492,70.884,30.7,,,,SIN_DATO,directo
05756,2021,4,20.047,67.602,4.0,,,,SIN_DATO,directo
05756,2021,5,20.581,68.53,8.6,,,,SIN_DATO,directo
05756,2021,6,18.859,77.604,35.0,,,,SIN_DATO,directo
05756,2021,7,18.18,80.334,24.3,,,,SIN_DATO,directo
05756,2021,8,20.112,72.091,3.5,764.5,,,SIN_DATO,directo
05756,2021,9,18.813,81.807,30.7,764.5,,,SIN_DATO,directo
05756,2021,10,17.459,83.519,21.7,764.5,,,SIN_DATO,directo
05756,2021,11,17.263,84.785,68.2,764.5,,,SIN_DATO,directo
05756,2021,12,18.118,81.854,62.4,764.5,,,SIN_DATO,directo
05756,2021,13,19.827,77.411,3.2,,,,SIN_DATO,directo
05756,2021,14,18.967,84.468,33.3,,,,SIN_DATO,directo
05756,2021,15,19.963,75.034,12.0,,,,SIN_DATO,directo
05756,2021,16,28.613,51.525,0.0,,,,SIN_DATO,directo
05756,2021,17,20.798,83.45,0.0,,,,SIN_DATO,directo
05756,2021,19,18.913,83.819,23.8,,,,SIN_DATO,directo
05756,2021,20,17.794,85.877,11.5,,,,SIN_DATO,directo
05756,2021,26,20.19,72.091,6.6,,,,SIN_DATO,directo
05756,2021,27,20.107,72.02,30.3,,,,SIN_DATO,directo
05756,2021,28,20.094,70.927,21.0,,,,SIN_DATO,directo
05756,2021,29,20.562,64.115,31.1,,,,SIN_DATO,directo
05756,2021,30,19.623,76.37,38.2,,,,SIN_DATO,directo
05756,2021,31,19.968,67.993,22.3,,,,SIN_DATO,directo
05756,2021,32,18.127,84.758,72.3,,,,SIN_DATO,directo
05756,2021,33,18.356,84.57,84.7,,,,SIN_DATO,directo
05756,2021,34,18.501,83.788,92.5,,,,SIN_DATO,directo
05756,2021,35,18.467,80.229,39.0,,,,SIN_DATO,directo
05756,2021,36,18.297,82.902,79.6,,,,SIN_DATO,directo
05756,2021,37,19.859,70.956,12.0,,,,SIN_DATO,directo
05756,2021,38,18.471,79.771,70.0,,,,SIN_DATO,directo
05756,2021,39,18.211,82.699,27.0,,,,SIN_DATO,directo
05756,2021,40,18.859,84.83,33.0,,,,SIN_DATO,directo
05756,2021,41,18.433,84.448,50.6,,,,SIN_DATO,directo
05756,2021,42,18.131,84.059,57.1,,,,SIN_DATO,directo
05756,2021,43,18.018,86.283,45.1,,,,SIN_DATO,directo
05756,2021,44,18.187,82.017,31.6,,57.3,13.3,SISAIRE_DIRECTO,directo
05756,2021,45,17.957,83.757,77.1,,44.45,14.933,SISAIRE_DIRECTO,directo
05756,2021,46,18.137,83.365,7.6,,40.133,17.033,SISAIRE_DIRECTO,directo
05756,2021,47,17.709,85.445,99.9,,36.75,12.5,SISAIRE_DIRECTO,directo
05756,2021,48,18.096,86.716,29.4,,36.425,14.8,SISAIRE_DIRECTO,directo
05756,2021,49,18.76,83.732,33.9,,47.22,17.05,SISAIRE_DIRECTO,directo
05756,2021,50,18.169,83.857,8.9,,50.425,17.425,SISAIRE_DIRECTO,directo
05756,2021,51,19.02,80.012,75.1,,55.925,14.2,SISAIRE_DIRECTO,directo
05756,2021,52,18.191,87.626,16.4,,47.6,15.767,SISAIRE_DIRECTO,directo
05756,2022,1,17.873,81.873,23.4,,47.025,18.325,SISAIRE_DIRECTO,directo
05756,2022,2,18.003,78.983,7.2,,59.9,16.5,SISAIRE_DIRECTO,directo
05756,2022,3,19.2,76.149,14.6,,52.18,18.16,SISAIRE_DIRECTO,directo
05756,2022,4,18.947,74.657,3.6,,66.08268,21.8,SISAIRE_DIRECTO,directo
05756,2022,5,19.659,64.771,0.0,,57.8,21.767,SISAIRE_DIRECTO,directo
05756,2022,6,18.676,77.029,10.6,,66.08268,12.8,SISAIRE_DIRECTO,directo
05756,2022,7,19.226,78.369,30.2,,65.46568914285714,12.921914285714287,SIN_DATO,directo
05756,2022,8,23.542,64.696,0.0,,64.84869828571428,13.043828571428572,SIN_DATO,directo
05756,2022,14,18.984,82.58,88.5,,64.23170742857143,13.165742857142858,SIN_DATO,directo
05756,2022,15,19.984,81.098,2.8,,63.614716571428566,13.287657142857144,SIN_DATO,directo
05756,2022,16,18.3,80.709,113.1,,,,SIN_DATO,directo
05756,2022,17,18.934,82.002,37.1,,,,SIN_DATO,directo
05756,2022,18,20.009,76.832,16.4,,,,SIN_DATO,directo
05756,2022,19,19.735,81.348,14.7,,,,SIN_DATO,directo
05756,2022,20,19.472,81.601,25.6,,,,SIN_DATO,directo
05756,2022,21,19.657,81.96,3.2,,,,SIN_DATO,directo
05756,2022,22,18.118,85.452,62.9,,,,SIN_DATO,directo
05756,2022,23,18.343,83.092,33.9,,,,SIN_DATO,directo
05756,2022,24,18.692,81.31,30.8,,,,SIN_DATO,directo
05756,2022,25,18.454,79.565,42.1,,,,SIN_DATO,directo
05756,2022,26,17.979,83.379,53.1,,,,SIN_DATO,directo
05756,2022,27,20.054,73.471,7.7,,,,SIN_DATO,directo
05756,2022,28,19.312,80.12,41.0,,,,SIN_DATO,directo
05756,2022,29,20.313,70.344,8.3,,,,SIN_DATO,directo
05756,2022,30,18.906,79.57,76.6,,,,SIN_DATO,directo
05756,2022,31,18.413,78.954,36.4,,,,SIN_DATO,directo
05756,2022,32,19.39,75.06,25.9,,,,SIN_DATO,directo
05756,2022,33,19.567,74.502,37.1,,,,SIN_DATO,directo
05756,2022,34,19.086,75.995,8.8,,,,SIN_DATO,directo
05756,2022,37,18.223,81.555,21.2,,,,SIN_DATO,directo
05756,2022,40,17.601,87.807,52.8,,,,SIN_DATO,directo
05756,2022,41,18.673,78.693,32.6,,,,SIN_DATO,directo
05756,2022,42,17.886,83.896,196.5,,,,SIN_DATO,directo
05756,2022,43,18.147,84.033,119.4,,,,SIN_DATO,directo
05756,2022,44,18.617,76.068,1.0,,,,SIN_DATO,directo
05756,2022,45,18.819000000000003,84.922,0.6666666666666667,,,,SIN_DATO,directo
05756,2022,47,19.021,82.21199999999999,0.33333333333333337,,,,SIN_DATO,directo
05756,2022,48,18.704,79.502,0.0,,,,SIN_DATO,directo
05756,2022,49,16.627,87.881,5.3,,,,SIN_DATO,directo
05756,2022,50,17.658,82.629,3.3,,,,SIN_DATO,directo
05756,2022,51,18.935,76.38,0.0,,44.488,17.067,SISAIRE_DIRECTO,directo
05756,2022,52,18.053,84.268,16.7,,48.368,14.997,SISAIRE_DIRECTO,directo
05756,2023,1,17.394,85.585,84.5,,35.875,12.575,SISAIRE_DIRECTO,directo
05756,2023,2,17.404,87.061,87.2,,30.62,9.64,SISAIRE_DIRECTO,directo
05756,2023,3,17.989,82.087,6.5,,33.2,13.725,SISAIRE_DIRECTO,directo
05756,2023,4,19.346,66.234,0.0,,49.925,17.1,SISAIRE_DIRECTO,directo
05756,2023,5,19.436,66.844,0.2,,43.08,15.56,SISAIRE_DIRECTO,directo
05756,2023,6,19.855,71.116,1.1,,34.533,9.7,SISAIRE_DIRECTO,directo
05756,2023,7,19.462,79.574,7.0,,36.0,8.8,SISAIRE_DIRECTO,directo
05756,2023,8,18.946,76.893,19.8,,44.175,12.825,SISAIRE_DIRECTO,directo
05756,2023,9,20.729,73.731,27.2,,36.6,12.45,SISAIRE_DIRECTO,directo
05756,2023,10,18.04,88.489,76.0,,35.4,5.9,SISAIRE_DIRECTO,directo
05756,2023,11,17.865,86.612,52.6,,38.65,8.22,SISAIRE_DIRECTO,directo
05756,2023,12,19.517,72.37,51.9,,53.55,12.8,SISAIRE_DIRECTO,directo
05756,2023,13,19.683,78.837,29.4,,35.5,12.367,SISAIRE_DIRECTO,directo
05756,2023,14,20.033,76.655,13.1,,30.775,12.067,SISAIRE_DIRECTO,directo
05756,2023,15,19.442,81.843,36.1,,46.767,13.7,SISAIRE_DIRECTO,directo
05756,2023,16,18.781,82.214,28.1,,30.4,14.075,SISAIRE_DIRECTO,directo
05756,2023,17,19.345,80.866,44.5,,30.4,14.075,SIN_DATO,directo
05756,2023,18,22.092,63.065,0.1,,30.4,14.075,SIN_DATO,directo
05756,2023,19,21.16,75.717,0.1,,30.4,14.075,SIN_DATO,directo
05756,2023,20,20.346,78.934,31.3,,30.4,14.075,SIN_DATO,directo
05756,2023,21,19.153,83.572,95.0,,,,SIN_DATO,directo
05756,2023,22,19.912,80.555,51.8,,,,SIN_DATO,directo
05756,2023,23,19.462,83.666,19.8,,,,SIN_DATO,directo
05756,2023,24,21.462,65.07,0.2,,,,SIN_DATO,directo
05756,2023,25,21.907,63.867,8.4,,,,SIN_DATO,directo
05756,2023,26,21.694,67.823,12.9,,,,SIN_DATO,directo
05756,2023,27,20.755,76.121,30.7,,,,SIN_DATO,directo
05756,2023,28,22.158,66.725,1.3,,,,SIN_DATO,directo
05756,2023,29,23.881,48.97,0.0,,,,SIN_DATO,directo
05756,2023,30,22.163,67.114,5.1,,,,SIN_DATO,directo
05756,2023,31,22.798,54.669,0.0,,,,SIN_DATO,directo
05756,2023,32,20.776,63.487,1.0,,,,SIN_DATO,directo
05761,2018,1,20.848,74.988,22.1,859.192,12.857,22.415,IMPUTADO_PA,directo
05761,2018,2,20.886,76.917,5.9,858.515,14.481,19.594,IMPUTADO_PA,directo
05761,2018,3,20.816,75.774,0.0,858.074,11.748,17.242,IMPUTADO_PA,directo
05761,2018,4,22.17,70.667,5.5,856.095,8.082,20.604,IMPUTADO_PA,directo
05761,2018,5,22.569,73.407,18.7,856.23,6.702,22.258,IMPUTADO_PA,directo
05761,2018,6,22.253,67.928,0.4,857.345,4.139,18.324,IMPUTADO_PA,directo
05761,2018,7,21.887,71.783,35.7,858.467,0.0,19.13,IMPUTADO_PA,directo
05761,2018,8,21.208,66.162,10.9,858.981,0.0,18.64,IMPUTADO_PA,directo
05761,2018,9,21.724,66.44,0.8,858.518,3.788,18.089,IMPUTADO_PA,directo
05761,2018,10,23.739,60.055,0.4,857.01,7.894,15.4,IMPUTADO_PA,directo
05761,2018,11,23.391,64.933,5.3,857.702,17.3,15.132,IMPUTADO_PA,directo
05761,2018,12,22.007,74.429,24.9,857.546,5.672,22.338,IMPUTADO_PA,directo
05761,2018,13,21.603,75.912,3.7,857.807,13.87,17.235,IMPUTADO_PA,directo
05761,2018,14,21.029,75.119,0.0,858.682,14.465,17.152,IMPUTADO_PA,directo
05761,2018,15,21.055,78.262,1.5,859.401,4.185,11.486,IMPUTADO_PA,directo
05761,2018,16,22.474,72.256,0.0,858.613,10.664,10.893,IMPUTADO_PA,directo
05761,2018,17,21.732,78.083,1.6,859.124,4.09,23.374,IMPUTADO_PA,directo
05761,2018,18,21.627,77.119,0.2,859.229,16.369,15.623,IMPUTADO_PA,directo
05761,2018,19,20.71,82.821,0.0,860.04,10.987,7.271,IMPUTADO_PA,directo
05761,2018,20,21.026,79.274,0.0,858.608,0.0,27.305,IMPUTADO_PA,directo
05761,2018,21,22.152,76.577,0.0,858.671,7.267,16.218,IMPUTADO_PA,directo
05761,2018,22,22.266,74.97,0.1,858.334,18.925,12.493,IMPUTADO_PA,directo
05761,2018,23,23.576,71.548,0.0,857.985,4.579,18.67,IMPUTADO_PA,directo
05761,2018,24,23.145,69.274,0.0,859.093,9.511,21.242,IMPUTADO_PA,directo
05761,2018,25,22.557,69.541,0.0,859.033,10.281,20.786,IMPUTADO_PA,directo
05761,2018,26,21.214,75.393,0.0,858.696,0.0,21.64,IMPUTADO_PA,directo
05761,2018,27,22.576,71.054,0.0,857.879,10.005,14.691,IMPUTADO_PA,directo
05761,2018,28,24.043,59.387,0.0,857.97,0.0,23.27,IMPUTADO_PA,directo
05761,2018,29,23.221,64.5,0.0,858.321,1.093,23.523,IMPUTADO_PA,directo
05761,2018,30,22.318,72.827,0.0,859.484,14.436,23.713,IMPUTADO_PA,directo
05761,2018,31,21.323,75.946,0.0,859.02,8.798,19.261,IMPUTADO_PA,directo
05761,2018,32,24.322,50.106,0.0,858.088,3.612,16.954,IMPUTADO_PA,directo
05761,2018,33,24.52,56.269,0.0,858.796,9.501,16.631,IMPUTADO_PA,directo
05761,2018,34,26.948,41.448,0.0,857.233,5.529,12.475,IMPUTADO_PA,directo
05761,2018,35,26.699,47.476,0.0,856.754,6.099,16.296,IMPUTADO_PA,directo
05761,2018,36,23.402,66.021,0.0,857.779,11.151,9.392,IMPUTADO_PA,directo
05761,2018,37,23.926,63.355,0.0,857.395,0.296,12.026,IMPUTADO_PA,directo
05761,2018,38,27.409,42.697,0.0,854.391,6.316,19.221,IMPUTADO_PA,directo
05761,2018,39,26.421,49.273,0.0,856.682,3.551,17.357,IMPUTADO_PA,directo
05761,2018,40,26.350153846153844,51.61181818181819,0.0,857.1563636363636,0.0,19.057,IMPUTADO_PA,directo
05761,2018,41,26.279307692307693,53.95063636363636,0.0,857.6307272727273,0.0,20.93,IMPUTADO_PA,directo
05761,2018,42,26.20846153846154,56.28945454545455,0.0,858.1050909090909,18.299,19.733,IMPUTADO_PA,directo
05761,2018,43,26.137615384615383,58.62827272727273,0.0,858.5794545454545,9.017,19.403,IMPUTADO_PA,directo
05761,2018,44,19.143,80.647,121.576,851.735,0.0,17.976,IMPUTADO_PA,directo
05761,2018,45,19.776,79.479,36.817,850.704,0.0,15.497,IMPUTADO_PA,directo
05761,2018,46,20.521,78.102,43.536,850.834,5.12,13.67,IMPUTADO_PA,directo
05761,2018,47,20.163,79.355,228.883,851.252,18.244,18.037,IMPUTADO_PA,directo
05761,2018,48,19.569,80.197,38.901,851.671,4.535,18.49,IMPUTADO_PA,directo
05761,2018,49,19.921,73.256,11.767,852.01,16.25,21.649,IMPUTADO_PA,directo
05761,2018,50,20.673,75.0,0.0,861.9,8.76,17.706,IMPUTADO_PA,directo
05761,2018,51,20.359,60.0,0.0,859.9,9.696,20.34,IMPUTADO_PA,directo
05761,2018,52,25.5,45.0,0.0,857.9,0.0,12.912,IMPUTADO_PA,directo
05761,2019,1,,,,,0.0,16.107,IMPUTADO_PA,directo
05761,2019,2,,,,,0.0,11.686,IMPUTADO_PA,directo
05761,2019,3,,,,,0.0,15.849,IMPUTADO_PA,directo
05761,2019,4,,,,,0.0,10.021,IMPUTADO_PA,directo
05761,2019,5,,,,,21.803,13.465,IMPUTADO_PA,directo
05761,2019,6,,,,,24.265,14.073,IMPUTADO_PA,directo
05761,2019,7,,,,,19.565,12.315,IMPUTADO_PA,directo
05761,2019,8,,,,,23.138,14.256,IMPUTADO_PA,directo
05761,2019,9,,,,,14.205,11.924,IMPUTADO_PA,directo
05761,2019,10,,,,,22.799,10.595,IMPUTADO_PA,directo
05761,2019,11,,,,,25.142,18.428,IMPUTADO_PA,directo
05761,2019,12,,,,,14.648,16.495,IMPUTADO_PA,directo
05761,2019,13,,,,,20.306,10.206,IMPUTADO_PA,directo
05761,2019,14,,,,,15.009,14.825,IMPUTADO_PA,directo
05761,2019,15,,,,,15.771,10.27,IMPUTADO_PA,directo
05761,2019,16,,,,,11.078,8.734,IMPUTADO_PA,directo
05761,2019,17,,,,,29.827,16.442,IMPUTADO_PA,directo
05761,2019,18,,,,,28.258,6.929,IMPUTADO_PA,directo
05761,2019,19,,,,,24.115,16.07,IMPUTADO_PA,directo
05761,2019,20,,,,,35.367,11.972,IMPUTADO_PA,directo
05761,2019,21,,,,,18.416,12.115,IMPUTADO_PA,directo
05761,2019,22,,,,,43.677,14.274,IMPUTADO_PA,directo
05761,2019,23,,,,,18.116,14.869,IMPUTADO_PA,directo
05761,2019,24,,,,,21.901,9.979,IMPUTADO_PA,directo
05761,2019,25,,,,,16.78,15.344,IMPUTADO_PA,directo
05761,2019,26,,,,,22.82,13.244,IMPUTADO_PA,directo
05761,2019,27,,,,,26.453,8.486,IMPUTADO_PA,directo
05761,2019,28,,,,,19.007,12.26,IMPUTADO_PA,directo
05761,2019,29,,,,,33.834,17.649,IMPUTADO_PA,directo
05761,2019,30,,,,,21.776,18.675,IMPUTADO_PA,directo
05761,2019,31,,,,,22.021,15.342,IMPUTADO_PA,directo
05761,2019,32,,,,,12.771,8.714,IMPUTADO_PA,directo
05761,2019,33,,,,,23.182,14.555,IMPUTADO_PA,directo
05761,2019,34,,,,,18.849,15.806,IMPUTADO_PA,directo
05761,2019,35,,,,,15.13,15.371,IMPUTADO_PA,directo
05761,2019,36,,,,,13.81,15.577,IMPUTADO_PA,directo
05761,2019,37,,,,,40.854,14.112,IMPUTADO_PA,directo
05761,2019,38,,,,,17.834,12.598,IMPUTADO_PA,directo
05761,2019,39,,,,,8.473,10.736,IMPUTADO_PA,directo
05761,2019,40,,,,,14.424,6.256,IMPUTADO_PA,directo
05761,2019,41,,,,,19.496,14.03,IMPUTADO_PA,directo
05761,2019,42,,,,,24.187,13.496,IMPUTADO_PA,directo
05761,2019,43,,,,,24.251,14.787,IMPUTADO_PA,directo
05761,2019,44,,,,,25.206,8.203,IMPUTADO_PA,directo
05761,2019,45,,,,,14.843,15.091,IMPUTADO_PA,directo
05761,2019,46,,,,,22.57,19.989,IMPUTADO_PA,directo
05761,2019,47,,,,,13.029,13.123,IMPUTADO_PA,directo
05761,2019,48,,,,,15.04,12.636,IMPUTADO_PA,directo
05761,2019,49,,,,,12.703,13.924,IMPUTADO_PA,directo
05761,2019,50,,,,,10.58,19.911,IMPUTADO_PA,directo
05761,2019,51,,,,,28.246,9.293,IMPUTADO_PA,directo
05761,2019,52,,,,,25.3,13.556,IMPUTADO_PA,directo
05789,2018,1,19.352,78.688,17.5,,16.25,,SIN_DATO,directo
05789,2018,2,18.796,82.414,99.0,,30.036,,SIN_DATO,directo
05789,2018,3,19.35,78.119,54.5,,28.945,,SIN_DATO,directo
05789,2018,4,20.683,69.519,3.8,,26.226,,SIN_DATO,directo
05789,2018,5,21.139,72.727,7.5,,45.671,,SIN_DATO,directo
05789,2018,6,21.332,65.258,0.1,,34.205,,SIN_DATO,directo
05789,2018,7,20.449,71.994,24.4,,35.594,,SIN_DATO,directo
05789,2018,8,19.676,69.741,6.6,,22.598,,SIN_DATO,directo
05789,2018,9,20.945,64.289,9.5,,22.064,,SIN_DATO,directo
05789,2018,10,22.045,60.908,27.9,,30.189,,SIN_DATO,directo
05789,2018,11,21.669,64.873,3.3,,31.257,,SIN_DATO,directo
05789,2018,12,20.539,74.915,42.3,,15.342,,SIN_DATO,directo
05789,2018,13,20.107,76.138,48.9,,28.486,,SIN_DATO,directo
05789,2018,14,19.684,77.354,22.3,,30.01,,SIN_DATO,directo
05789,2018,15,19.003,83.584,94.4,,28.213,,SIN_DATO,directo
05789,2018,17,19.52,82.924,92.1,,25.669,,SIN_DATO,directo
05789,2018,18,20.329,79.794,32.4,,28.513,,SIN_DATO,directo
05789,2018,19,19.954,81.617,37.9,,30.612,,SIN_DATO,directo
05789,2018,20,19.546,82.636,156.0,,34.643,,SIN_DATO,directo
05789,2018,21,19.336,85.559,90.8,,38.377,,SIN_DATO,directo
05789,2018,22,19.897,82.951,149.9,,27.592,,SIN_DATO,directo
05789,2018,23,21.319,76.707,27.9,,26.323,,SIN_DATO,directo
05789,2018,24,20.516,77.328,14.2,,33.332,,SIN_DATO,directo
05789,2018,25,20.176,75.644,23.1,,34.691,,SIN_DATO,directo
05789,2018,26,19.435,80.012,44.7,,26.495,,SIN_DATO,directo
05789,2018,27,20.59,74.637,82.9,,36.099,,SIN_DATO,directo
05789,2018,28,21.743,64.44,29.9,,37.582,,SIN_DATO,directo
05789,2018,29,22.034,62.274,0.8,,40.03,,SIN_DATO,directo
05789,2018,30,20.257,76.351,26.0,,43.847,,SIN_DATO,directo
05789,2018,31,19.023,82.958,112.1,,23.105,,SIN_DATO,directo
05789,2018,32,22.761,54.326,0.0,,30.009,,SIN_DATO,directo
05789,2018,33,20.495,70.776,140.4,,29.988,,SIN_DATO,directo
05789,2018,34,21.992,61.179,0.5,,29.131,,SIN_DATO,directo
05789,2018,35,21.349,66.455,8.7,,24.808,,SIN_DATO,directo
05789,2018,36,19.6,79.086,99.4,,18.249,,SIN_DATO,directo
05789,2018,37,19.09,84.506,113.0,,30.627,,SIN_DATO,directo
05789,2018,38,21.365,71.385,22.3,,23.874,,SIN_DATO,directo
05789,2018,39,20.033,78.107,80.9,,30.574,,SIN_DATO,directo
05789,2018,40,19.75,77.086,79.8,,23.673,,SIN_DATO,directo
05789,2018,41,19.19,80.542,35.1,,21.276,,SIN_DATO,directo
05789,2018,42,19.414,80.824,59.2,,31.738,,SIN_DATO,directo
05789,2018,43,19.673,84.036,59.6,,31.084,,SIN_DATO,directo
05789,2018,44,19.111,83.216,83.6,,34.443,,SIN_DATO,directo
05789,2018,45,19.851,83.159,54.5,,47.043,,SIN_DATO,directo
05789,2018,46,20.542,79.655,16.0,,32.075,,SIN_DATO,directo
05789,2018,47,20.365,81.501,104.3,,33.704,,SIN_DATO,directo
05789,2018,48,19.256,83.63,72.3,,21.449,,SIN_DATO,directo
05789,2018,49,19.589,77.549,69.7,,19.807,,SIN_DATO,directo
05789,2018,50,20.435,73.282,45.6,,42.313,,SIN_DATO,directo
05789,2018,51,20.677,69.962,3.3,,22.658,,SIN_DATO,directo
05789,2018,52,21.741,62.101,0.2,,21.713,,SIN_DATO,directo
05789,2019,1,22.489,54.598,0.0,,21.713,7.822,IMPUTADO_PA,directo
05789,2019,2,19.775,74.296,24.4,,21.713,8.699,IMPUTADO_PA,directo
05789,2019,3,21.031,67.478,19.9,,21.713,10.428,IMPUTADO_PA,directo
05789,2019,4,22.854,59.406,0.1,,21.713,15.281,IMPUTADO_PA,directo
05789,2019,5,21.177,70.889,24.5,,,16.858,IMPUTADO_PA,directo
05789,2019,6,21.511,68.016,10.4,,,12.157,IMPUTADO_PA,directo
05789,2019,7,21.264,73.091,3.2,,,9.292,IMPUTADO_PA,directo
05789,2019,8,20.663,74.273,66.9,,,19.261,IMPUTADO_PA,directo
05789,2019,9,20.261,75.615,44.0,,,9.114,IMPUTADO_PA,directo
05789,2019,10,21.685,69.133,20.7,,,8.616,IMPUTADO_PA,directo
05789,2019,11,21.631,70.121,39.7,,,4.433,IMPUTADO_PA,directo
05789,2019,12,19.778,80.071,29.6,,,15.451,IMPUTADO_PA,directo
05789,2019,13,20.213,76.153,31.0,,,13.964,IMPUTADO_PA,directo
05789,2019,14,20.053,78.749,87.9,,,19.001,IMPUTADO_PA,directo
05789,2019,15,20.838,75.743,60.2,,,5.772,IMPUTADO_PA,directo
05789,2019,16,20.051,81.931,56.7,,,15.666,IMPUTADO_PA,directo
05789,2019,17,20.399,81.248,34.6,,,10.844,IMPUTADO_PA,directo
05789,2019,18,22.325,67.805,1.8,,,13.401,IMPUTADO_PA,directo
05789,2019,19,20.697,80.834,72.4,,,4.875,IMPUTADO_PA,directo
05789,2019,20,19.732,85.623,100.9,,,15.701,IMPUTADO_PA,directo
05789,2019,21,19.648,87.005,102.0,,,13.333,IMPUTADO_PA,directo
05789,2019,22,19.116,87.369,160.0,,,10.465,IMPUTADO_PA,directo
05789,2019,23,20.377,81.981,95.0,,,12.841,IMPUTADO_PA,directo
05789,2019,24,20.685,82.517,59.5,,,7.94,IMPUTADO_PA,directo
05789,2019,25,22.436,62.097,0.2,,,8.587,IMPUTADO_PA,directo
05789,2019,26,21.334,72.967,6.5,,,8.99,IMPUTADO_PA,directo
05789,2019,27,20.707,74.565,61.3,,,4.163,IMPUTADO_PA,directo
05789,2019,28,20.821,75.312,36.1,,,13.594,IMPUTADO_PA,directo
05789,2019,29,21.976,63.694,41.9,,,14.74,IMPUTADO_PA,directo
05789,2019,30,20.809,73.02,62.4,,,8.163,IMPUTADO_PA,directo
05789,2019,31,21.435,68.797,12.7,,,11.81,IMPUTADO_PA,directo
05789,2019,32,22.757,55.95,0.0,,,9.677,IMPUTADO_PA,directo
05789,2019,33,21.521,65.892,1.7,,,11.741,IMPUTADO_PA,directo
05789,2019,34,22.143,56.445,0.0,,,8.419,IMPUTADO_PA,directo
05789,2019,35,22.696,54.66,1.5,,,7.531,IMPUTADO_PA,directo
05789,2019,36,22.54,58.731,3.9,,,14.255,IMPUTADO_PA,directo
05789,2019,37,22.77,61.882,84.0,,,10.378,IMPUTADO_PA,directo
05789,2019,38,18.978,85.795,83.2,,,17.626,IMPUTADO_PA,directo
05789,2019,39,20.186,76.941,46.7,,,10.761,IMPUTADO_PA,directo
05789,2019,40,19.22,80.171,8.3,,,7.382,IMPUTADO_PA,directo
05789,2019,41,19.37033333333333,80.08033333333334,16.2,,,14.863,IMPUTADO_PA,directo
05789,2019,42,19.520666666666667,79.98966666666666,24.1,,,12.792,IMPUTADO_PA,directo
05789,2019,43,19.671,79.899,32.0,,,13.126,IMPUTADO_PA,directo
05789,2019,44,20.329,77.829,19.9,,,14.737,IMPUTADO_PA,directo
05789,2019,45,20.154,80.373,20.8,,,8.332,IMPUTADO_PA,directo
05789,2019,46,18.762,89.543,100.7,,,10.158,IMPUTADO_PA,directo
05789,2019,47,19.79,79.181,8.6,,,10.004,IMPUTADO_PA,directo
05789,2019,48,21.374,73.037,12.5,,,6.115,IMPUTADO_PA,directo
05789,2019,49,20.449,77.032,25.9,,,9.684,IMPUTADO_PA,directo
05789,2019,50,19.525,80.761,66.3,,,15.243,IMPUTADO_PA,directo
05789,2019,51,20.951,76.5,11.3,,,11.425,IMPUTADO_PA,directo
05789,2019,52,21.553,73.418,4.9,,,5.923,IMPUTADO_PA,directo
05789,2020,1,20.681,78.038,69.8,,,5.923,SIN_DATO,directo
05789,2020,2,21.349,57.883,0.0,,,5.923,SIN_DATO,directo
05789,2020,3,22.367,58.212,2.2,,,5.923,SIN_DATO,directo
05789,2020,4,20.493,74.57,5.4,,,5.923,SIN_DATO,directo
05789,2020,5,21.197,69.714,20.2,,,,SIN_DATO,directo
05789,2020,6,22.02,59.599,0.0,,,,SIN_DATO,directo
05789,2020,7,22.84,57.836,0.3,,,,SIN_DATO,directo
05789,2020,8,22.919,59.785,61.4,,,,SIN_DATO,directo
05789,2020,9,21.696,70.12,31.8,,,,SIN_DATO,directo
05789,2020,10,22.683,63.747,2.6,,,,SIN_DATO,directo
05789,2020,11,21.87,70.287,12.7,,,,SIN_DATO,directo
05789,2020,12,21.768,60.699,2.5,,,,SIN_DATO,directo
05789,2020,13,22.333,59.89,2.4,,,,SIN_DATO,directo
05789,2020,14,21.37,74.373,33.5,,,,SIN_DATO,directo
05789,2020,15,21.646,71.807,35.7,,,,SIN_DATO,directo
05789,2020,16,20.166,77.474,14.7,,,,SIN_DATO,directo
05789,2020,17,20.965,74.743,24.5,,,,SIN_DATO,directo
05789,2020,18,21.117,75.007,27.1,,,,SIN_DATO,directo
05789,2020,19,22.952,66.488,66.4,,,,SIN_DATO,directo
05789,2020,20,21.338,76.418,73.1,,,,SIN_DATO,directo
05789,2020,21,21.754,73.051,11.2,,,,SIN_DATO,directo
05789,2020,22,20.251,81.784,51.5,,,,SIN_DATO,directo
05789,2020,23,20.143,81.255,62.1,,,,SIN_DATO,directo
05789,2020,24,20.518,76.868,12.0,,,,SIN_DATO,directo
05789,2020,25,20.066,81.276,54.8,,,,SIN_DATO,directo
05789,2020,26,20.697,77.358,40.2,,,,SIN_DATO,directo
05789,2020,27,19.416,83.429,108.5,,,,SIN_DATO,directo
05789,2020,28,19.383,83.078,85.2,,,,SIN_DATO,directo
05789,2020,29,20.908,71.307,25.0,,,,SIN_DATO,directo
05789,2020,30,19.235,84.579,83.2,,,,SIN_DATO,directo
05789,2020,31,20.858,72.573,52.1,,,,SIN_DATO,directo
05789,2020,32,22.328,61.156,0.0,,,,SIN_DATO,directo
05789,2020,33,20.719,77.061,66.6,,,,SIN_DATO,directo
05789,2020,34,19.188,86.106,169.0,,,,SIN_DATO,directo
05789,2020,35,19.355,82.156,11.9,,,,SIN_DATO,directo
05789,2020,36,19.84,78.99,76.2,,,,SIN_DATO,directo
05789,2020,37,19.422,82.082,115.4,,,,SIN_DATO,directo
05789,2020,38,19.556,82.15,81.1,,,,SIN_DATO,directo
05789,2020,39,20.04,78.34,28.3,,,,SIN_DATO,directo
05789,2020,40,19.159,84.384,137.6,,,,SIN_DATO,directo
05789,2020,41,20.001,79.311,30.8,,,,SIN_DATO,directo
05789,2020,42,20.026,79.351,34.3,,,,SIN_DATO,directo
05789,2020,43,19.138,84.789,41.5,,,,SIN_DATO,directo
05789,2020,44,19.548,82.794,80.0,,,,SIN_DATO,directo
05789,2020,45,19.679,79.792,20.4,,,,SIN_DATO,directo
05789,2020,46,18.874,85.068,87.7,,,,SIN_DATO,directo
05789,2020,47,19.409,85.285,69.8,,,,SIN_DATO,directo
05789,2020,48,19.738,82.777,65.1,,,,SIN_DATO,directo
05789,2020,49,19.94,81.455,49.0,,,,SIN_DATO,directo
05789,2020,50,20.113,79.149,5.5,,,,SIN_DATO,directo
05789,2020,51,19.762,79.358,29.3,,,,SIN_DATO,directo
05789,2020,52,19.011,83.244,56.6,,,,SIN_DATO,directo
05789,2020,53,19.723,76.142,56.5,,,,SIN_DATO,directo
05789,2021,1,19.187,82.13,36.9,,,,SIN_DATO,directo
05789,2021,2,20.584,74.949,10.9,,,,SIN_DATO,directo
05789,2021,3,20.557,70.918,18.0,,,,SIN_DATO,directo
05789,2021,4,21.243,66.953,2.3,,,,SIN_DATO,directo
05789,2021,5,21.718,67.346,5.5,,,,SIN_DATO,directo
05789,2021,6,20.096,77.7,54.1,,,,SIN_DATO,directo
05789,2021,7,19.279,79.459,33.1,,,,SIN_DATO,directo
05789,2021,8,21.278,71.923,19.6,,,,SIN_DATO,directo
05789,2021,9,20.364,74.595,2.5,,,,SIN_DATO,directo
05789,2021,10,18.617,82.371,57.5,,,,SIN_DATO,directo
05789,2021,11,18.176,83.82,58.1,,,,SIN_DATO,directo
05789,2021,12,19.478,80.447,47.2,,,,SIN_DATO,directo
05789,2021,13,20.74,77.461,33.7,,,,SIN_DATO,directo
05789,2021,14,19.719,83.599,56.0,,,,SIN_DATO,directo
05789,2021,15,20.892,73.346,4.6,,,,SIN_DATO,directo
05789,2021,16,27.415,47.521,0.0,,,,SIN_DATO,directo
05789,2021,17,21.08,77.601,5.1,,,,SIN_DATO,directo
05789,2021,19,20.092,81.789,38.6,,,,SIN_DATO,directo
05789,2021,20,19.241,80.872,11.0,,,,SIN_DATO,directo
05789,2021,26,20.495,74.741,35.0,,,,SIN_DATO,directo
05789,2021,27,20.813,74.293,12.9,,,,SIN_DATO,directo
05789,2021,28,20.828,71.072,41.4,,,,SIN_DATO,directo
05789,2021,29,21.241,68.947,17.8,,,,SIN_DATO,directo
05789,2021,30,20.818,75.33,10.7,,,,SIN_DATO,directo
05789,2021,31,20.862,67.808,75.6,,,,SIN_DATO,directo
05789,2021,32,19.323,83.679,73.7,,,,SIN_DATO,directo
05789,2021,33,19.297,82.294,118.8,,,,SIN_DATO,directo
05789,2021,34,19.612,83.591,87.4,,,,SIN_DATO,directo
05789,2021,35,19.676,79.051,80.0,,,,SIN_DATO,directo
05789,2021,36,19.322,80.774,84.3,,,,SIN_DATO,directo
05789,2021,37,20.769,72.39,62.1,,,,SIN_DATO,directo
05789,2021,38,19.694,79.869,55.7,,,,SIN_DATO,directo
05789,2021,39,19.572,79.505,92.3,,,,SIN_DATO,directo
05789,2021,40,20.189,82.074,14.3,,,,SIN_DATO,directo
05789,2021,41,19.597,84.175,69.3,,,,SIN_DATO,directo
05789,2021,42,19.518,81.315,39.3,,,,SIN_DATO,directo
05789,2021,43,19.086,84.802,118.7,,,,SIN_DATO,directo
05789,2021,44,19.689,81.187,38.7,,,,SIN_DATO,directo
05789,2021,45,19.042,83.649,109.8,,,,SIN_DATO,directo
05789,2021,46,19.621,81.327,28.3,,,,SIN_DATO,directo
05789,2021,47,18.854,84.576,135.6,,,,SIN_DATO,directo
05789,2021,48,19.622,84.271,39.1,,,,SIN_DATO,directo
05789,2021,49,20.357,79.32,36.0,,,,SIN_DATO,directo
05789,2021,50,19.806,78.301,6.3,,,,SIN_DATO,directo
05789,2021,51,20.442,78.932,75.2,,,,SIN_DATO,directo
05789,2021,52,19.679,84.074,104.1,,,,SIN_DATO,directo
05789,2022,1,19.194,81.996,65.0,,,,SIN_DATO,directo
05789,2022,2,19.552,76.066,9.0,,,,SIN_DATO,directo
05789,2022,3,20.632,72.254,7.3,,,,SIN_DATO,directo
05789,2022,4,20.419,69.205,3.5,,,,SIN_DATO,directo
05789,2022,5,20.883,63.088,0.0,,,,SIN_DATO,directo
05789,2022,6,19.92,76.825,7.0,,,,SIN_DATO,directo
05789,2022,7,20.238,78.889,0.0,,,,SIN_DATO,directo
05789,2022,8,24.269,54.859,0.0,,,,SIN_DATO,directo
05789,2022,14,19.881,84.314,116.4,,,,SIN_DATO,directo
05789,2022,15,20.543,80.583,53.6,,,,SIN_DATO,directo
05789,2022,16,18.811,85.349,90.6,,,,SIN_DATO,directo
05789,2022,17,19.776,80.128,48.2,,,,SIN_DATO,directo
05789,2022,18,20.474,78.983,50.1,,,,SIN_DATO,directo
05789,2022,19,20.816,79.455,7.2,,,,SIN_DATO,directo
05789,2022,20,19.854,83.241,98.7,,,,SIN_DATO,directo
05789,2022,21,19.969,78.789,11.6,,,,SIN_DATO,directo
05789,2022,22,18.911,83.792,57.2,,,,SIN_DATO,directo
05789,2022,23,18.991,81.937,81.8,,,,SIN_DATO,directo
05789,2022,24,18.885,83.369,56.6,,,,SIN_DATO,directo
05789,2022,25,19.31,78.6,50.1,,,,SIN_DATO,directo
05789,2022,26,18.632,83.993,47.6,,,,SIN_DATO,directo
05789,2022,27,20.857,75.492,35.4,,,,SIN_DATO,directo
05789,2022,28,20.014,78.246,59.1,,,,SIN_DATO,directo
05789,2022,29,20.567,74.872,39.8,,,,SIN_DATO,directo
05789,2022,30,19.34,80.095,87.2,,,,SIN_DATO,directo
05789,2022,31,19.595,77.964,47.2,,,,SIN_DATO,directo
05789,2022,32,20.135,76.421,29.1,,,,SIN_DATO,directo
05789,2022,33,19.762,76.927,55.5,,,,SIN_DATO,directo
05789,2022,34,19.275,78.257,69.7,,,,SIN_DATO,directo
05789,2022,35,19.677,80.126,46.8,,,,SIN_DATO,directo
05789,2022,36,20.122,78.118,74.3,,,,SIN_DATO,directo
05789,2022,37,19.086,78.874,63.1,,,,SIN_DATO,directo
05789,2022,38,18.506,83.697,62.4,,,,SIN_DATO,directo
05789,2022,39,19.506,81.581,23.3,,,,SIN_DATO,directo
05789,2022,40,19.402,78.655,71.7,,,,SIN_DATO,directo
05789,2022,41,19.794,76.603,16.5,,,,SIN_DATO,directo
05789,2022,42,18.904,84.038,75.1,,,,SIN_DATO,directo
05789,2022,43,19.066,84.45,67.8,,,,SIN_DATO,directo
05789,2022,44,19.833,77.717,5.9,,,,SIN_DATO,directo
05789,2022,48,20.331,81.595,0.0,,,,SIN_DATO,directo
05789,2022,49,17.553,90.888,4.0,,,,SIN_DATO,directo
05789,2022,50,19.105,82.964,0.0,,,,SIN_DATO,directo
05789,2022,51,19.8,80.427,17.0,,,,SIN_DATO,directo
05789,2022,52,18.744,85.939,4.3,,,,SIN_DATO,directo
05789,2023,1,18.368,86.672,71.0,,,,SIN_DATO,directo
05789,2023,2,18.243,89.116,63.1,,,,SIN_DATO,directo
05789,2023,3,18.675,83.532,22.7,,,,SIN_DATO,directo
05789,2023,4,20.259,74.564,0.0,,,,SIN_DATO,directo
05789,2023,5,20.209,73.466,2.4,,,,SIN_DATO,directo
05789,2023,6,20.499,74.829,0.2,,,,SIN_DATO,directo
05789,2023,7,19.974,80.013,47.2,,,,SIN_DATO,directo
05789,2023,8,19.313,80.329,32.3,,,,SIN_DATO,directo
05789,2023,9,20.815,78.2,4.2,,,,SIN_DATO,directo
05789,2023,10,18.451,89.744,103.7,,,,SIN_DATO,directo
05789,2023,11,18.222,89.69,71.4,,,,SIN_DATO,directo
05789,2023,12,19.547,82.327,17.9,,,,SIN_DATO,directo
05789,2023,13,20.601,83.762,19.5,,,,SIN_DATO,directo
05789,2023,14,20.856,83.026,31.2,,,,SIN_DATO,directo
05789,2023,15,20.82,84.122,43.5,,,,SIN_DATO,directo
05789,2023,16,20.107,86.138,19.4,,,,SIN_DATO,directo
05789,2023,17,20.473,85.024,75.6,,,,SIN_DATO,directo
05789,2023,18,22.467,79.332,0.1,,,,SIN_DATO,directo
05789,2023,19,21.553,83.455,21.4,,,,SIN_DATO,directo
05789,2023,20,21.562,84.836,28.6,,,,SIN_DATO,directo
05789,2023,21,20.072,87.933,111.4,,,,SIN_DATO,directo
05789,2023,22,20.694,86.266,89.5,,,,SIN_DATO,directo
05789,2023,23,20.706,87.4,66.3,,,,SIN_DATO,directo
05789,2023,24,21.871,81.081,8.0,,,,SIN_DATO,directo
05789,2023,25,22.19,78.115,15.1,,,,SIN_DATO,directo
05789,2023,26,21.822,82.169,19.1,,,,SIN_DATO,directo
05789,2023,27,20.114,88.391,156.8,,,,SIN_DATO,directo
05789,2023,28,21.845,81.246,4.4,,,,SIN_DATO,directo
05789,2023,29,23.026,72.903,0.0,,,,SIN_DATO,directo
05789,2023,30,21.722,81.883,31.8,,,,SIN_DATO,directo
05789,2023,31,22.563,76.487,0.0,,,,SIN_DATO,directo
05789,2023,32,22.065,78.539,0.2,,,,SIN_DATO,directo
05789,2023,33,20.92,83.255,5.3,,,,SIN_DATO,directo
05789,2023,34,19.496,89.432,15.1,,,,SIN_DATO,directo
05789,2023,38,22.03,89.432,0.0,,,,SIN_DATO,directo
05790,2018,1,20.896,91.149,0.0,,,,SIN_DATO,directo
05790,2018,2,20.273,92.976,0.0,,,,SIN_DATO,directo
05790,2018,3,20.568,94.506,0.0,,,,SIN_DATO,directo
05790,2018,4,21.321,94.042,0.0,,,,SIN_DATO,directo
05790,2018,5,21.087,93.369,0.0,,,,SIN_DATO,directo
05790,2018,6,21.498,86.413,0.0,,,,SIN_DATO,directo
05790,2018,7,21.504,86.343,0.0,,,,SIN_DATO,directo
05790,2018,8,21.455,78.82,0.0,,,,SIN_DATO,directo
05790,2018,9,20.265,89.292,0.0,,,,SIN_DATO,directo
05790,2018,10,21.057,90.807,0.0,,,,SIN_DATO,directo
05790,2018,11,21.132,94.817,0.0,,,,SIN_DATO,directo
05790,2018,12,20.999,94.381,0.0,,,,SIN_DATO,directo
05790,2018,13,20.986,91.97,0.0,,,,SIN_DATO,directo
05790,2018,14,20.491,93.292,0.0,,,,SIN_DATO,directo
05790,2018,15,21.085,92.518,0.0,,,,SIN_DATO,directo
05790,2018,16,21.329,95.857,0.0,,,,SIN_DATO,directo
05790,2018,17,21.045,94.012,0.0,,,,SIN_DATO,directo
05790,2018,18,21.245,94.839,0.0,,,,SIN_DATO,directo
05790,2018,19,20.475,94.774,0.0,,,,SIN_DATO,directo
05790,2018,20,20.824,93.946,0.0,,,,SIN_DATO,directo
05790,2018,21,20.908,95.095,0.0,,,,SIN_DATO,directo
05790,2018,22,21.654,90.964,0.0,,,,SIN_DATO,directo
05790,2018,23,21.938,94.071,0.0,,,,SIN_DATO,directo
05790,2018,24,21.559,93.744,0.0,,,,SIN_DATO,directo
05790,2018,25,21.074,90.83,0.0,,,,SIN_DATO,directo
05790,2018,26,21.119,91.643,0.0,,,,SIN_DATO,directo
05790,2018,27,21.658,93.131,0.0,,,,SIN_DATO,directo
05790,2018,28,21.94,93.786,0.0,,,,SIN_DATO,directo
05790,2018,29,22.217,89.765,0.0,,,,SIN_DATO,directo
05790,2018,30,21.065,92.857,0.0,,,,SIN_DATO,directo
05790,2018,31,20.98,92.435,0.0,,,,SIN_DATO,directo
05790,2018,32,22.741,91.387,0.0,,,,SIN_DATO,directo
05790,2018,33,21.12,94.161,0.0,,,,SIN_DATO,directo
05790,2018,34,21.466,91.911,0.0,,,,SIN_DATO,directo
05790,2018,35,21.556,91.774,0.0,,,,SIN_DATO,directo
05790,2018,36,20.863,92.732,0.0,,,,SIN_DATO,directo
05790,2018,37,21.112,94.595,0.0,,,,SIN_DATO,directo
05790,2018,38,21.781,89.976,0.0,,,,SIN_DATO,directo
05790,2018,39,21.021,95.268,0.0,,,,SIN_DATO,directo
05790,2018,40,21.07,91.542,0.0,,,,SIN_DATO,directo
05790,2018,41,20.396,94.726,0.0,,,,SIN_DATO,directo
05790,2018,42,21.092,93.327,0.0,,,,SIN_DATO,directo
05790,2018,43,20.968,95.012,0.0,,,,SIN_DATO,directo
05790,2018,44,20.888,96.119,0.0,,,,SIN_DATO,directo
05790,2018,45,20.882,94.768,0.0,,,,SIN_DATO,directo
05790,2018,46,21.964,93.536,0.0,,,,SIN_DATO,directo
05790,2018,47,21.7,94.613,0.0,,,,SIN_DATO,directo
05790,2018,48,21.247,93.375,0.0,,,,SIN_DATO,directo
05790,2018,49,20.968,92.482,0.0,,,,SIN_DATO,directo
05790,2018,50,21.362,96.131,0.0,,,,SIN_DATO,directo
05790,2018,51,20.905,96.25,0.0,,,,SIN_DATO,directo
05790,2018,52,21.572,94.196,0.0,,,,SIN_DATO,directo
05790,2019,1,21.867,93.476,0.0,,,,SIN_DATO,directo
05790,2019,2,20.292,92.196,0.0,,,,SIN_DATO,directo
05790,2019,3,21.219,92.815,1.0,,,,SIN_DATO,directo
05790,2019,4,21.708,95.607,0.0,,,,SIN_DATO,directo
05790,2019,5,20.861,92.798,0.0,,,,SIN_DATO,directo
05790,2019,6,21.194,91.47,0.0,,,,SIN_DATO,directo
05790,2019,7,21.215,94.071,0.0,,,,SIN_DATO,directo
05790,2019,8,21.83,91.696,0.0,,,,SIN_DATO,directo
05790,2019,9,21.941,90.411,0.0,,,,SIN_DATO,directo
05790,2019,10,21.762,93.268,0.0,,28.524,8.036,SIN_DATO,directo
05790,2019,11,22.332,90.982,0.0,,28.641,6.582,SIN_DATO,directo
05790,2019,12,20.862,95.941,0.0,,37.07,9.372,SIN_DATO,directo
05790,2019,13,20.9303,95.84985,0.0,,26.329,3.78,SIN_DATO,directo
05790,2019,14,20.9986,95.7587,0.0,,18.179,10.481,SIN_DATO,directo
05790,2019,15,21.0669,95.66755,0.0,,22.008,3.887,SIN_DATO,directo
05790,2019,16,21.135199999999998,95.5764,0.0,,34.761,13.708,SIN_DATO,directo
05790,2019,17,,,0.0,,27.086,2.039,SIN_DATO,directo
05790,2019,18,,,50.1,,31.188,4.204,SIN_DATO,directo
05790,2019,19,,,593.4,,35.201,9.45,SIN_DATO,directo
05790,2019,20,,,463.7,,22.49,13.782,SIN_DATO,directo
05790,2019,21,,,274.2,,36.249,9.095,SIN_DATO,directo
05790,2019,22,,,0.0,,31.658,9.956,SIN_DATO,directo
05790,2019,23,,,0.0,,12.03,8.061,SIN_DATO,directo
05790,2019,24,,,0.0,,44.594,4.434,SIN_DATO,directo
05790,2019,25,,,0.0,,20.959,6.297,SIN_DATO,directo
05790,2019,26,,,138.1,,6.917,3.789,SIN_DATO,directo
05790,2019,27,,,18.4,,14.338,3.557,SIN_DATO,directo
05790,2019,28,,,64.1,,14.63,9.396,SIN_DATO,directo
05790,2019,29,,,8.5,,27.685,4.098,SIN_DATO,directo
05790,2019,30,,,12.4,,23.719,9.11,SIN_DATO,directo
05790,2019,31,,,0.2,,22.953,3.477,SIN_DATO,directo
05790,2019,32,22.228,94.118,0.2,,34.588,9.03,SIN_DATO,directo
05790,2019,33,21.365,95.208,14.1,,31.184,6.302,SIN_DATO,directo
05790,2019,34,22.17,93.071,37.1,,30.894,12.887,SIN_DATO,directo
05790,2019,35,21.968,92.426,0.0,,32.035,9.125,SIN_DATO,directo
05790,2019,36,21.774,92.381,0.0,,34.545,12.294,SIN_DATO,directo
05790,2019,37,22.502,92.806,0.0,,1.409,5.374,SIN_DATO,directo
05790,2019,38,20.602,94.95,0.0,,22.617,8.195,SIN_DATO,directo
05790,2019,39,21.37,93.786,0.0,,0.53,4.591,SIN_DATO,directo
05790,2019,40,21.055,94.339,0.0,,27.489,6.563,SIN_DATO,directo
05790,2019,41,20.808,95.18,0.0,,26.994,7.089,SIN_DATO,directo
05790,2019,42,20.708,93.28,0.0,,39.768,5.478,SIN_DATO,directo
05790,2019,43,20.657,94.235,0.0,,41.496,3.777,SIN_DATO,directo
05790,2019,44,21.704,93.28,0.0,,29.517,3.089,SIN_DATO,directo
05790,2019,45,21.614,91.869,0.0,,20.964,0.035349999999999944,SIN_DATO,directo
05790,2019,46,21.051,93.071,0.0,,32.951,4.33,SIN_DATO,directo
05790,2019,47,20.802,93.179,0.0,,20.628,10.18,SIN_DATO,directo
05790,2019,48,21.88,92.964,0.0,,27.033,2.446,SIN_DATO,directo
05790,2019,49,21.513,94.292,0.0,,39.045,3.246,SIN_DATO,directo
05790,2019,50,21.336,92.0,0.0,,20.265,14.223,SIN_DATO,directo
05790,2019,51,21.649,95.315,0.0,,36.85,5.788,SIN_DATO,directo
05790,2019,52,21.513,96.958,0.0,,35.29,9.115,SIN_DATO,directo
05790,2020,1,21.531,91.589,0.0,,12.016,,SIN_DATO,directo
05790,2020,4,20.555,96.128,0.0,,0.0,,SIN_DATO,directo
05790,2020,5,21.284,90.44,0.0,,8.268,,SIN_DATO,directo
05790,2020,6,22.67,86.839,0.0,,32.824,,SIN_DATO,directo
05790,2020,7,22.527,90.25,0.0,,3.345,,SIN_DATO,directo
05790,2020,8,22.683,90.792,0.0,,0.0,,SIN_DATO,directo
05790,2020,9,21.543,90.524,0.0,,6.978,,SIN_DATO,directo
05790,2020,10,22.41,90.601,0.0,,25.106,,SIN_DATO,directo
05790,2020,11,21.469,92.381,0.0,,43.478,,SIN_DATO,directo
05790,2020,12,22.24,83.911,0.0,,38.091,,SIN_DATO,directo
05790,2020,13,22.805,84.11,0.0,,53.375,,SIN_DATO,directo
05790,2020,14,21.831,93.75,0.0,,52.13709677419355,,SIN_DATO,directo
05790,2020,15,22.577,92.927,0.0,,50.899193548387096,,SIN_DATO,directo
05790,2020,16,22.232,88.345,0.0,,49.66129032258065,,SIN_DATO,directo
05790,2020,17,22.023,92.583,0.0,,48.42338709677419,,SIN_DATO,directo
05790,2020,18,22.312,94.429,0.0,,,,SIN_DATO,directo
05790,2020,19,22.746,93.232,0.0,,,,SIN_DATO,directo
05790,2020,20,22.018,94.976,0.0,,,,SIN_DATO,directo
05790,2020,21,22.366,94.256,0.0,,,,SIN_DATO,directo
05790,2020,22,21.205,96.625,0.0,,,,SIN_DATO,directo
05790,2020,23,21.611,93.131,0.0,,,,SIN_DATO,directo
05790,2020,24,21.332,92.399,0.0,,,,SIN_DATO,directo
05790,2020,25,21.429,93.524,0.0,,,,SIN_DATO,directo
05790,2021,17,,,0.0,,,,SIN_DATO,directo
05790,2021,18,20.208,92.917,0.0,,16.975,,SIN_DATO,directo
05790,2021,19,21.696,94.92,0.0,,17.625,,SIN_DATO,directo
05790,2021,20,21.349,94.815,0.0,,20.15425,,SIN_DATO,directo
05790,2021,21,21.429,92.583,0.0,,22.683500000000002,,SIN_DATO,directo
05790,2021,22,21.323,92.815,0.0,,25.21275,,SIN_DATO,directo
05790,2021,23,20.692,94.75,0.0,,27.742,,SIN_DATO,directo
05790,2021,24,21.335,92.286,0.0,,23.117,,SIN_DATO,directo
05790,2021,25,20.701,90.917,0.0,,16.241,,SIN_DATO,directo
05790,2021,26,20.982,94.613,0.0,,19.062,,SIN_DATO,directo
05790,2021,27,21.242,93.899,0.0,,20.831,,SIN_DATO,directo
05790,2021,28,21.692,91.792,0.0,,27.132,,SIN_DATO,directo
05790,2021,29,22.177,92.577,0.0,,30.434,,SIN_DATO,directo
05790,2021,30,21.232,93.738,0.0,,24.5,,SIN_DATO,directo
05790,2021,31,21.41,93.357,0.0,,25.094,,SIN_DATO,directo
05790,2021,32,20.958,94.674,0.0,,19.407,,SIN_DATO,directo
05790,2021,33,20.674,95.035,0.0,,16.2,,SIN_DATO,directo
05792,2018,1,15.509,87.06,104.8,,3.598,3.738,IMPUTADO_PA,directo
05792,2018,2,15.098,88.804,68.0,,28.856,5.586,IMPUTADO_PA,directo
05792,2018,3,15.76,84.851,24.8,,15.092,2.263,IMPUTADO_PA,directo
05792,2018,4,16.93,78.393,2.8,,10.723,1.115,IMPUTADO_PA,directo
05792,2018,5,17.274,83.18,2.6,,13.651,1.833,IMPUTADO_PA,directo
05792,2018,6,16.913,80.491,0.2,,4.214,2.894,IMPUTADO_PA,directo
05792,2018,7,16.193,84.364,17.1,,26.961,1.057,IMPUTADO_PA,directo
05792,2018,8,15.103,84.713,2.6,,12.717,5.663,IMPUTADO_PA,directo
05792,2018,9,16.61,76.661,0.0,,26.524,7.635,IMPUTADO_PA,directo
05792,2018,10,18.278,69.54,5.1,,16.205,0.035349999999999944,IMPUTADO_PA,directo
05792,2018,11,17.735,74.962,0.8,,27.011,5.187,IMPUTADO_PA,directo
05792,2018,12,16.455,85.19,34.4,,17.813,4.336,IMPUTADO_PA,directo
05792,2018,13,16.312,84.797,43.4,,22.492,6.287,IMPUTADO_PA,directo
05792,2018,14,15.66,85.708,27.2,,21.44,5.055,IMPUTADO_PA,directo
05792,2018,15,15.487,88.696,89.0,,20.688,0.049,IMPUTADO_PA,directo
05792,2018,16,16.716,83.929,0.4,,18.529,0.714,IMPUTADO_PA,directo
05792,2018,17,16.022,88.381,14.9,,13.974,5.202,IMPUTADO_PA,directo
05792,2018,18,15.855,88.917,7.9,,30.822,8.675,IMPUTADO_PA,directo
05792,2018,19,15.347,91.619,20.4,,8.687,0.035349999999999944,IMPUTADO_PA,directo
05792,2018,20,15.723,89.054,0.2,,15.834,6.301,IMPUTADO_PA,directo
05792,2018,21,16.388,89.44,0.1,,15.917,9.233,IMPUTADO_PA,directo
05792,2018,22,16.827,84.22,0.1,,18.956,4.568,IMPUTADO_PA,directo
05792,2018,23,17.753,84.185,0.0,,12.432,7.012,IMPUTADO_PA,directo
05792,2018,24,17.129,82.988,16.4,,18.268,2.657,IMPUTADO_PA,directo
05792,2018,25,16.746,84.496,52.2,,14.476,4.685,IMPUTADO_PA,directo
05792,2018,26,16.033,85.524,48.0,,3.393,0.035349999999999944,IMPUTADO_PA,directo
05792,2018,27,16.914,82.202,30.5,,15.875,0.035349999999999944,IMPUTADO_PA,directo
05792,2018,28,17.733,74.405,14.3,,7.169,8.376,IMPUTADO_PA,directo
05792,2018,29,17.796,70.484,0.4,,2.198,1.678,IMPUTADO_PA,directo
05792,2018,30,16.572,84.786,0.0,,16.873,3.517,IMPUTADO_PA,directo
05792,2018,31,15.617,85.875,0.2,,19.626,0.283,IMPUTADO_PA,directo
05792,2018,32,18.477,60.125,0.0,,19.931,0.201,IMPUTADO_PA,directo
05792,2018,33,16.833,76.845,0.0,,20.248,4.496,IMPUTADO_PA,directo
05792,2018,34,18.066,70.262,0.1,,0.644,2.565,IMPUTADO_PA,directo
05792,2018,35,17.537,78.06,0.0,,5.126,6.413,IMPUTADO_PA,directo
05792,2018,36,15.857,85.94,,,31.277,6.672,IMPUTADO_PA,directo
05792,2018,37,15.629,88.738,,,7.587,6.215,IMPUTADO_PA,directo
05792,2018,38,17.953,76.726,,,20.591,5.929,IMPUTADO_PA,directo
05792,2018,39,16.74,85.119,,,10.413,10.582,IMPUTADO_PA,directo
05792,2018,40,15.911,86.149,,,16.425,1.391,IMPUTADO_PA,directo
05792,2018,41,15.124,89.72,,,10.834,4.909,IMPUTADO_PA,directo
05792,2018,42,15.596,90.315,46.4,,20.204,9.036,IMPUTADO_PA,directo
05792,2018,43,16.165,89.744,67.5,,16.873,9.494,IMPUTADO_PA,directo
05792,2018,44,15.699,89.25,27.3,,12.284,0.16,IMPUTADO_PA,directo
05792,2018,45,16.195,89.506,53.1,,7.564,4.015,IMPUTADO_PA,directo
05792,2018,46,16.892,88.31,17.7,,17.9,9.819,IMPUTADO_PA,directo
05792,2018,47,16.667,88.726,52.0,,6.289,6.865,IMPUTADO_PA,directo
05792,2018,48,15.705,91.214,8.4,,19.153,5.778,IMPUTADO_PA,directo
05792,2018,49,15.989,86.113,10.8,,36.398,4.344,IMPUTADO_PA,directo
05792,2018,50,17.102,81.196,0.0,,26.389,3.766,IMPUTADO_PA,directo
05792,2018,51,16.942,79.821,0.3,,21.434,6.101,IMPUTADO_PA,directo
05792,2018,52,18.126,68.5,0.5,,15.129,4.223,IMPUTADO_PA,directo
05809,2018,1,,,104.8,,41.465,0.035349999999999944,IMPUTADO_PA,directo
05809,2018,2,,,68.0,,48.82,0.035349999999999944,IMPUTADO_PA,directo
05809,2018,3,,,24.8,,43.945,7.457,IMPUTADO_PA,directo
05809,2018,4,,,2.8,,40.534,0.256,IMPUTADO_PA,directo
05809,2018,5,,,2.6,,40.926,0.57,IMPUTADO_PA,directo
05809,2018,6,,,0.2,,32.624,2.424,IMPUTADO_PA,directo
05809,2018,7,,,17.1,,45.021,0.035349999999999944,IMPUTADO_PA,directo
05809,2018,8,,,2.6,,41.14,0.035349999999999944,IMPUTADO_PA,directo
05809,2018,9,,,0.0,,50.066,2.825,IMPUTADO_PA,directo
05809,2018,10,,,5.1,,42.361,0.035349999999999944,IMPUTADO_PA,directo
05809,2018,11,,,0.8,,33.883,0.425,IMPUTADO_PA,directo
05809,2018,12,,,34.4,,44.931,0.286,IMPUTADO_PA,directo
05809,2018,13,,,43.4,,50.374,4.815,IMPUTADO_PA,directo
05809,2018,14,,,27.2,,32.671,2.193,IMPUTADO_PA,directo
05809,2018,15,,,89.0,,43.707,2.38,IMPUTADO_PA,directo
05809,2018,16,,,0.4,,37.703,5.074,IMPUTADO_PA,directo
05809,2018,17,,,14.9,,38.261,2.506,IMPUTADO_PA,directo
05809,2018,18,,,7.9,,44.419,2.033,IMPUTADO_PA,directo
05809,2018,19,,,20.4,,43.91,4.635,IMPUTADO_PA,directo
05809,2018,20,,,0.2,,33.462,5.322,IMPUTADO_PA,directo
05809,2018,21,,,0.1,,52.925,2.489,IMPUTADO_PA,directo
05809,2018,22,,,0.1,,26.082,3.28,IMPUTADO_PA,directo
05809,2018,23,,,0.0,,42.286,0.284,IMPUTADO_PA,directo
05809,2018,24,,,16.4,,41.178,0.035349999999999944,IMPUTADO_PA,directo
05809,2018,25,,,52.2,,21.882,5.672,IMPUTADO_PA,directo
05809,2018,26,,,48.0,,53.858,4.546,IMPUTADO_PA,directo
05809,2018,27,,,30.5,,39.198,4.582,IMPUTADO_PA,directo
05809,2018,28,,,14.3,,35.313,3.976,IMPUTADO_PA,directo
05809,2018,29,,,0.4,,52.847,3.161,IMPUTADO_PA,directo
05809,2018,30,,,0.0,,39.53,5.42,IMPUTADO_PA,directo
05809,2018,31,,,0.2,,42.335,6.249,IMPUTADO_PA,directo
05809,2018,32,,,0.0,,41.362,6.166,IMPUTADO_PA,directo
05809,2018,33,,,0.0,,44.827,2.65,IMPUTADO_PA,directo
05809,2018,34,,,0.1,,48.495,7.819,IMPUTADO_PA,directo
05809,2018,35,,,0.0,,49.384,3.794,IMPUTADO_PA,directo
05809,2018,36,,,,,38.368,5.197,IMPUTADO_PA,directo
05809,2018,37,,,,,42.301,3.98,IMPUTADO_PA,directo
05809,2018,38,,,,,42.172,3.858,IMPUTADO_PA,directo
05809,2018,39,,,,,45.276,0.444,IMPUTADO_PA,directo
05809,2018,40,,,,,47.101,5.437,IMPUTADO_PA,directo
05809,2018,41,,,,,31.175,12.886,IMPUTADO_PA,directo
05809,2018,42,,,46.4,,42.701,1.698,IMPUTADO_PA,directo
05809,2018,43,,,67.5,,48.342,3.247,IMPUTADO_PA,directo
05809,2018,44,,,27.3,,38.993,1.45,IMPUTADO_PA,directo
05809,2018,45,,,53.1,,41.715,1.304,IMPUTADO_PA,directo
05809,2018,46,,,17.7,,34.455,8.366,IMPUTADO_PA,directo
05809,2018,47,,,52.0,,42.542,0.662,IMPUTADO_PA,directo
05809,2018,48,,,8.4,,27.276,1.353,IMPUTADO_PA,directo
05809,2018,49,,,10.8,,40.398,0.035349999999999944,IMPUTADO_PA,directo
05809,2018,50,,,0.0,,41.855,0.368,IMPUTADO_PA,directo
05809,2018,51,,,0.3,,49.223,0.035349999999999944,IMPUTADO_PA,directo
05809,2018,52,,,0.5,,33.216,5.195,IMPUTADO_PA,directo
05837,2018,1,26.603,91.096,22.9,,,,SIN_DATO,directo
05837,2018,2,25.972,93.373,103.3,,,,SIN_DATO,directo
05837,2018,3,26.448,92.521,50.7,,,,SIN_DATO,directo
05837,2018,4,27.504,91.661,10.1,938.7611499999999,,,SIN_DATO,directo
05837,2018,5,27.439,88.214,0.0,938.7611499999999,,,SIN_DATO,directo
05837,2018,6,27.114,86.952,0.0,938.7611499999999,,,SIN_DATO,directo
05837,2018,7,27.372,85.339,0.0,938.7611499999999,,,SIN_DATO,directo
05837,2018,8,27.153,83.641,0.0,938.7611499999999,,,SIN_DATO,directo
05837,2018,9,26.608,82.548,0.1,938.7611499999999,,,SIN_DATO,directo
05837,2018,10,27.207,86.18,1.2,,,,SIN_DATO,directo
05837,2018,11,27.471,87.975,1.6,,,,SIN_DATO,directo
05837,2018,12,27.381,87.923,0.0,,,,SIN_DATO,directo
05837,2018,13,27.627,84.624,0.1,,,,SIN_DATO,directo
05837,2018,14,27.221,85.405,87.4,,,,SIN_DATO,directo
05837,2018,15,27.192,88.613,66.7,,,,SIN_DATO,directo
05837,2018,16,27.598,93.476,31.2,,,,SIN_DATO,directo
05837,2018,17,26.999,95.179,94.0,,,,SIN_DATO,directo
05837,2018,18,26.502,95.713,92.3,,,,SIN_DATO,directo
05837,2018,19,26.726,92.922,49.0,,,,SIN_DATO,directo
05837,2018,20,26.625,91.614,52.8,,,,SIN_DATO,directo
05837,2018,21,27.112,90.378,18.7,,,,SIN_DATO,directo
05837,2018,22,27.361,93.772,28.0,,,,SIN_DATO,directo
05837,2018,23,27.355,94.494,60.3,,,,SIN_DATO,directo
05837,2018,24,27.343,92.78,67.5,,,,SIN_DATO,directo
05837,2018,25,26.903,93.531,60.7,,,,SIN_DATO,directo
05837,2018,26,26.717,90.91,62.3,,,,SIN_DATO,directo
05837,2018,27,27.261,91.815,63.4,,,,SIN_DATO,directo
05837,2018,28,27.586,92.796,54.1,,,,SIN_DATO,directo
05837,2018,29,27.216,94.659,17.7,,,,SIN_DATO,directo
05837,2018,30,26.912,92.661,20.8,,,,SIN_DATO,directo
05837,2018,31,26.989,90.365,36.3,,,,SIN_DATO,directo
05837,2018,32,28.513,89.625,1.0,,,,SIN_DATO,directo
05837,2018,33,27.177,92.341,28.6,,,,SIN_DATO,directo
05837,2018,34,27.595,92.752,67.8,,,,SIN_DATO,directo
05837,2018,35,27.58,92.438,55.1,,,,SIN_DATO,directo
05837,2018,36,26.902,93.242,79.5,,,,SIN_DATO,directo
05837,2018,37,26.742,91.758,124.5,,,,SIN_DATO,directo
05837,2018,38,28.436,86.969,10.4,,,,SIN_DATO,directo
05837,2018,39,26.887,92.319,82.6,,,,SIN_DATO,directo
05837,2018,40,27.859,79.417,86.9,,,,SIN_DATO,directo
05837,2018,41,27.178,85.038,13.2,,,,SIN_DATO,directo
05837,2018,42,26.638,92.257,47.2,,,,SIN_DATO,directo
05837,2018,43,27.442,87.308,24.3,,,,SIN_DATO,directo
05837,2018,44,26.751,38.488,184.4,,,,SIN_DATO,directo
05837,2018,45,27.599,1.077,47.5,,,,SIN_DATO,directo
05837,2018,46,27.746,1.68,24.6,,,,SIN_DATO,directo
05837,2018,47,27.555,1.054,73.0,,,,SIN_DATO,directo
05837,2018,48,27.493,1.042,15.2,,,,SIN_DATO,directo
05837,2018,49,27.326,1.024,68.7,,,,SIN_DATO,directo
05837,2018,50,27.54,1.018,35.7,,,,SIN_DATO,directo
05837,2018,51,27.52,1.0,10.4,,,,SIN_DATO,directo
05837,2018,52,27.95,7.22,0.4,,,,SIN_DATO,directo
05837,2019,1,27.779,6.349,0.1,,,,SIN_DATO,directo
05837,2019,2,26.89,38.132,6.6,,,,SIN_DATO,directo
05837,2019,3,27.451,78.242,0.1,,,,SIN_DATO,directo
05837,2019,4,27.511,79.174,7.3,,,,SIN_DATO,directo
05837,2019,5,27.183,12.657,0.0,,,,SIN_DATO,directo
05837,2019,6,27.786,50.0,0.0,,,,SIN_DATO,directo
05837,2019,7,27.913,22.122,0.0,,,,SIN_DATO,directo
05837,2019,8,28.39,8.66,1.4,,,,SIN_DATO,directo
05837,2019,9,28.255,1.0,0.9,,,,SIN_DATO,directo
05837,2019,10,27.752,1.0,0.3,,,,SIN_DATO,directo
05837,2019,11,28.256,1.0,0.2,,,,SIN_DATO,directo
05837,2019,12,27.198,1.0,62.8,,,,SIN_DATO,directo
05837,2019,13,27.348,1.0,9.2,,,,SIN_DATO,directo
05837,2019,14,27.242,6.548,64.0,,,,SIN_DATO,directo
05837,2019,15,27.826,1.0,53.4,,,,SIN_DATO,directo
05837,2019,16,27.315,1.0,205.8,,,,SIN_DATO,directo
05837,2019,17,27.952,1.006,57.2,938.7611499999999,,,SIN_DATO,directo
05837,2019,18,28.902,1.0,9.4,938.7611499999999,,,SIN_DATO,directo
05837,2019,19,27.876,1.006,116.8,938.7611499999999,,,SIN_DATO,directo
05837,2019,20,27.218,1.0,46.3,938.7611499999999,,,SIN_DATO,directo
05837,2019,21,27.408,43.574,93.2,938.7611499999999,,,SIN_DATO,directo
05837,2019,22,27.274,47.69,55.6,938.7611499999999,,,SIN_DATO,directo
05837,2019,23,27.61,79.486,18.4,,,,SIN_DATO,directo
05837,2019,24,27.411,93.404,85.8,,,,SIN_DATO,directo
05837,2019,25,28.317,93.327,100.2,,,,SIN_DATO,directo
05837,2019,26,27.352,74.339,106.9,,,,SIN_DATO,directo
05837,2019,27,27.683,92.075,96.2,,,,SIN_DATO,directo
05837,2019,28,26.92,91.56,46.4,,,,SIN_DATO,directo
05837,2019,29,27.684,90.122,31.8,938.7611499999999,,,SIN_DATO,directo
05837,2019,30,27.058,66.878,11.4,938.7611499999999,,,SIN_DATO,directo
05837,2019,31,27.407,45.676,44.7,938.7611499999999,,,SIN_DATO,directo
05837,2019,32,27.564,44.899,133.5,938.7611499999999,,,SIN_DATO,directo
05837,2019,33,26.958,44.857,95.1,938.7611499999999,,,SIN_DATO,directo
05837,2019,34,27.307,44.598,30.8,,,,SIN_DATO,directo
05837,2019,35,27.064,45.433,38.5,,,,SIN_DATO,directo
05837,2019,36,26.829,44.86,63.9,,,,SIN_DATO,directo
05837,2019,37,27.621,44.653,156.0,,,,SIN_DATO,directo
05837,2019,38,26.469,20.105,41.5,,,,SIN_DATO,directo
05837,2019,39,27.103,30.218,55.6,,,,SIN_DATO,directo
05837,2019,40,26.349,39.753,32.2,,,,SIN_DATO,directo
05837,2019,41,26.676,39.531,99.6,,,,SIN_DATO,directo
05837,2019,42,26.376,42.845,33.9,,,,SIN_DATO,directo
05837,2019,43,26.666,42.024,147.0,,,,SIN_DATO,directo
05837,2019,44,26.764,41.812,184.4,,,,SIN_DATO,directo
05837,2019,45,26.633,42.675,46.0,938.7611499999999,,,SIN_DATO,directo
05837,2019,46,26.7,16.541,124.6,938.7611499999999,,,SIN_DATO,directo
05837,2019,47,27.01,36.294,6.0,938.7611499999999,,,SIN_DATO,directo
05837,2019,48,27.434,41.842,23.9,938.7611499999999,,,SIN_DATO,directo
05837,2019,49,26.796,41.625,41.7,938.7611499999999,,,SIN_DATO,directo
05837,2019,50,26.969,41.379,181.4,938.7611499999999,,,SIN_DATO,directo
05837,2019,51,27.046,41.893,40.0,938.7611499999999,,,SIN_DATO,directo
05837,2019,52,26.912,43.821,126.2,938.7611499999999,,,SIN_DATO,directo
05837,2020,1,26.773,42.915,1.6,,,,SIN_DATO,directo
05837,2020,2,27.4,43.139,0.2,938.7611499999999,,,SIN_DATO,directo
05837,2020,3,28.116,42.821,0.0,938.7611499999999,,,SIN_DATO,directo
05837,2020,4,26.609,34.757,39.3,938.7611499999999,,,SIN_DATO,directo
05837,2020,5,27.632,43.843,0.0,938.7611499999999,,,SIN_DATO,directo
05837,2020,6,28.553,61.39,0.0,938.7611499999999,,,SIN_DATO,directo
05837,2020,7,28.93225,66.414,28.3,,,,SIN_DATO,directo
05837,2020,8,28.448,61.372,0.3,938.7611499999999,,,SIN_DATO,directo
05837,2020,9,27.828,63.658,0.0,938.7611499999999,,,SIN_DATO,directo
05837,2020,10,28.067,67.266,0.0,938.7611499999999,,,SIN_DATO,directo
05837,2020,11,28.153,67.251,0.0,938.7611499999999,,,SIN_DATO,directo
05837,2020,12,28.331,63.69,1.8,938.7611499999999,,,SIN_DATO,directo
05837,2020,13,28.458,66.554,0.0,,,,SIN_DATO,directo
05837,2020,14,28.189,63.366,0.4,,,,SIN_DATO,directo
05837,2020,15,28.398,71.972,34.8,,,,SIN_DATO,directo
05837,2020,16,28.921,59.13,0.0,,,,SIN_DATO,directo
05837,2020,17,28.452,56.526,53.7,,,,SIN_DATO,directo
05837,2020,18,28.521,64.337,0.2,,,,SIN_DATO,directo
05837,2020,19,28.439,66.299,0.2,,,,SIN_DATO,directo
05837,2020,20,27.146,80.786,0.0,,,,SIN_DATO,directo
05837,2020,21,27.534,79.174,2.2,,,,SIN_DATO,directo
05837,2020,22,26.975,80.048,4.4,,,,SIN_DATO,directo
05837,2020,23,26.935,78.643,6.6000000000000005,,,,SIN_DATO,directo
05837,2020,24,26.785,78.185,8.8,,,,SIN_DATO,directo
05837,2020,25,26.972,78.832,64.2,,,,SIN_DATO,directo
05837,2020,26,26.1,82.0,0.0,,,,SIN_DATO,directo
05837,2021,17,26.1,82.0,15.4,,,,SIN_DATO,directo
05837,2021,18,26.1,82.0,0.4,,,,SIN_DATO,directo
05837,2021,19,26.1,82.0,48.2,,,,SIN_DATO,directo
05837,2021,20,26.1,82.0,37.2,,,,SIN_DATO,directo
05837,2021,21,26.656,81.119,127.0,,,,SIN_DATO,directo
05837,2021,22,26.777,83.22,129.4,,,,SIN_DATO,directo
05837,2021,23,25.813,83.107,0.0,,,,SIN_DATO,directo
05837,2021,24,26.923,80.595,2.2,,,,SIN_DATO,directo
05837,2021,25,26.265,80.518,2.8,,,,SIN_DATO,directo
05837,2021,27,27.185,84.696,6.2,,,,SIN_DATO,directo
05837,2021,28,27.151,86.339,0.0,,,,SIN_DATO,directo
05837,2021,29,27.355,85.851,0.0,,,,SIN_DATO,directo
05837,2021,30,27.552,85.185,6.0,,,,SIN_DATO,directo
05837,2021,31,26.687,83.226,13.4,,,,SIN_DATO,directo
05837,2021,32,26.324,84.375,13.0,,,,SIN_DATO,directo
05837,2021,33,26.451,85.319,0.4,,,,SIN_DATO,directo
05837,2021,34,26.836,86.711,13.2,,,,SIN_DATO,directo
05837,2021,35,26.942,84.548,4.4,,,,SIN_DATO,directo
05837,2021,36,26.252,84.089,0.0,,,,SIN_DATO,directo
05837,2021,37,26.751,83.905,1.6,,,,SIN_DATO,directo
05837,2021,38,26.538,84.756,19.6,,,,SIN_DATO,directo
05837,2021,39,26.892,83.869,1.0,,,,SIN_DATO,directo
05837,2021,40,26.605,83.435,5.6,,,,SIN_DATO,directo
05837,2021,41,27.41,84.369,0.2,,,,SIN_DATO,directo
05837,2021,52,26.368,82.258,0.0,,,,SIN_DATO,directo
05837,2022,1,24.94,81.0,0.0,,,,SIN_DATO,directo
05847,2019,10,,,20.2,,,,SIN_DATO,directo
05847,2019,11,22.8,86.281,3.0,803.912,,,SIN_DATO,directo
05847,2019,12,22.57614285714286,92.22,48.4,805.7,,,SIN_DATO,directo
05847,2019,13,22.352285714285713,87.631,9.2,805.049,,,SIN_DATO,directo
05847,2019,14,22.12842857142857,92.333,92.8,806.351,,,SIN_DATO,directo
05847,2019,15,21.90457142857143,90.44,27.4,805.333,,,SIN_DATO,directo
05847,2019,16,,93.595,104.4,805.529,,,SIN_DATO,directo
05847,2019,17,,88.685,42.8,805.402,,,SIN_DATO,directo
05847,2019,18,,83.012,1.2,804.473,,,SIN_DATO,directo
05847,2019,19,,91.19,77.2,805.279,,,SIN_DATO,directo
05847,2019,20,,92.399,78.0,805.755,,,SIN_DATO,directo
05847,2019,21,,92.06,85.4,805.605,,,SIN_DATO,directo
05847,2019,22,,92.643,60.6,806.096,,,SIN_DATO,directo
05847,2019,23,,89.905,39.2,805.827,,,SIN_DATO,directo
05847,2019,24,,90.048,40.4,806.076,,,SIN_DATO,directo
05847,2019,25,,79.923,0.0,805.304,,,SIN_DATO,directo
05847,2019,26,,84.917,37.0,804.843,,,SIN_DATO,directo
05847,2019,27,,86.845,57.0,805.38,,,SIN_DATO,directo
05847,2019,28,,87.155,11.4,805.514,,,SIN_DATO,directo
05847,2019,29,,79.161,7.6,805.033,,,SIN_DATO,directo
05847,2019,30,27.737,85.768,20.4,806.012,,,SIN_DATO,directo
05847,2019,31,27.611,85.565,9.0,805.335,,,SIN_DATO,directo
05847,2019,32,18.099,82.464,13.2,806.137,,,SIN_DATO,directo
05847,2019,33,17.707,86.125,21.6,805.753,,,SIN_DATO,directo
05847,2019,34,17.617,81.679,1.8,805.905,,,SIN_DATO,directo
05847,2019,35,17.51,81.248,4.2,805.128,,,SIN_DATO,directo
05847,2019,36,18.056,83.766,3.0,805.599,,,SIN_DATO,directo
05847,2019,37,17.965,84.944,34.2,805.005,,,SIN_DATO,directo
05847,2019,38,15.309,96.576,19.0,805.648,,,SIN_DATO,directo
05847,2019,39,17.257,87.888,15.2,806.013,,,SIN_DATO,directo
05847,2019,40,16.884,88.5,18.6,805.436,,,SIN_DATO,directo
05847,2019,41,16.001,91.354,47.2,804.375,,,SIN_DATO,directo
05847,2019,42,16.437,89.804,46.2,805.919,,,SIN_DATO,directo
05847,2019,43,16.4,92.036,39.8,805.119,,,SIN_DATO,directo
05847,2019,44,17.153,89.018,53.0,804.695,,,SIN_DATO,directo
05847,2019,45,16.696,92.639,15.0,803.754,,,SIN_DATO,directo
05847,2019,46,15.907,95.202,72.4,805.092,,,SIN_DATO,directo
05847,2019,47,12.516,98.72749999999998,3.2,805.3,,,SIN_DATO,directo
05847,2019,48,,,0.8,,,,SIN_DATO,directo
05847,2019,49,,,41.4,,,,SIN_DATO,directo
05847,2019,50,16.271,91.0,19.4,804.673,,,SIN_DATO,directo
05847,2019,51,17.048,90.218,10.2,803.938,,,SIN_DATO,directo
05847,2019,52,17.593,90.429,6.0,804.129,,,SIN_DATO,directo
05847,2020,1,17.089,89.649,31.0,805.985,,,SIN_DATO,directo
05847,2020,2,16.638,78.572,0.0,804.751,,,SIN_DATO,directo
05847,2020,4,16.208,91.364,10.2,805.925,,,SIN_DATO,directo
05847,2022,41,,,0.1,,,,SIN_DATO,directo
05854,2018,1,20.896,91.149,0.0,,,,SIN_DATO,directo
05854,2018,2,20.273,92.976,0.0,,,,SIN_DATO,directo
05854,2018,3,20.568,94.506,0.0,,,,SIN_DATO,directo
05854,2018,4,21.321,94.042,0.0,,,,SIN_DATO,directo
05854,2018,5,21.087,93.369,0.0,,,,SIN_DATO,directo
05854,2018,6,21.498,86.413,0.0,,,,SIN_DATO,directo
05854,2018,7,21.504,86.343,0.0,,,,SIN_DATO,directo
05854,2018,8,21.455,78.82,1.7,,,,SIN_DATO,directo
05854,2018,9,20.265,89.292,1.5,,,,SIN_DATO,directo
05854,2018,10,21.057,90.807,0.9,,,,SIN_DATO,directo
05854,2018,11,21.132,94.817,0.6,,,,SIN_DATO,directo
05854,2018,12,20.999,94.381,0.9,,,,SIN_DATO,directo
05854,2018,13,20.986,91.97,0.5,,,,SIN_DATO,directo
05854,2018,14,20.491,93.292,1.0,,,,SIN_DATO,directo
05854,2018,15,21.085,92.518,0.6,,,,SIN_DATO,directo
05854,2018,16,21.329,95.857,0.9,,,,SIN_DATO,directo
05854,2018,17,21.045,94.012,0.6,,,,SIN_DATO,directo
05854,2018,18,21.245,94.839,0.5,,,,SIN_DATO,directo
05854,2018,19,20.475,94.774,0.5,,,,SIN_DATO,directo
05854,2018,20,20.824,93.946,140.8,,,,SIN_DATO,directo
05854,2018,21,20.908,95.095,150.9,,,,SIN_DATO,directo
05854,2018,22,21.654,90.964,106.1,,,,SIN_DATO,directo
05854,2018,23,21.938,94.071,26.0,,,,SIN_DATO,directo
05854,2018,24,21.559,93.744,54.3,,,,SIN_DATO,directo
05854,2018,25,21.074,90.83,110.7,,,,SIN_DATO,directo
05854,2018,26,21.119,91.643,97.1,,,,SIN_DATO,directo
05854,2018,27,21.658,93.131,16.9,,,,SIN_DATO,directo
05854,2018,28,21.94,93.786,93.3,,,,SIN_DATO,directo
05854,2018,29,22.217,89.765,76.8,,,,SIN_DATO,directo
05854,2018,30,21.065,92.857,213.9,,,,SIN_DATO,directo
05854,2018,31,20.98,92.435,167.0,,,,SIN_DATO,directo
05854,2018,32,22.741,91.387,55.2,,,,SIN_DATO,directo
05854,2018,33,21.12,94.161,141.7,,,,SIN_DATO,directo
05854,2018,34,21.466,91.911,87.0,,,,SIN_DATO,directo
05854,2018,35,21.556,91.774,126.7,,,,SIN_DATO,directo
05854,2018,36,20.863,92.732,202.6,,,,SIN_DATO,directo
05854,2018,37,21.112,94.595,40.1,,,,SIN_DATO,directo
05854,2018,38,21.781,89.976,108.6,,,,SIN_DATO,directo
05854,2018,39,21.021,95.268,131.5,,,,SIN_DATO,directo
05854,2018,40,21.07,91.542,120.1,,,,SIN_DATO,directo
05854,2018,41,20.396,94.726,95.7,,,,SIN_DATO,directo
05854,2018,42,21.092,93.327,89.6,,,,SIN_DATO,directo
05854,2018,43,20.968,95.012,113.3,,,,SIN_DATO,directo
05854,2018,44,20.888,96.119,60.5,,,,SIN_DATO,directo
05854,2018,45,20.882,94.768,183.6,,,,SIN_DATO,directo
05854,2018,46,21.964,93.536,49.2,,,,SIN_DATO,directo
05854,2018,47,21.7,94.613,44.9,,,,SIN_DATO,directo
05854,2018,48,21.247,93.375,39.9,,,,SIN_DATO,directo
05854,2018,49,20.968,92.482,9.6,,,,SIN_DATO,directo
05854,2018,50,21.362,96.131,89.4,,,,SIN_DATO,directo
05854,2018,51,20.905,96.25,15.1,,,,SIN_DATO,directo
05854,2018,52,21.572,94.196,9.6,,,,SIN_DATO,directo
05854,2019,1,21.867,93.476,8.2,,,,SIN_DATO,directo
05854,2019,2,20.292,92.196,21.2,,,,SIN_DATO,directo
05854,2019,3,21.219,92.815,4.4,,,,SIN_DATO,directo
05854,2019,4,21.708,95.607,57.9,,,,SIN_DATO,directo
05854,2019,5,20.861,92.798,0.3,,,,SIN_DATO,directo
05854,2019,6,21.194,91.47,0.0,,,,SIN_DATO,directo
05854,2019,7,21.215,94.071,1.2,,,,SIN_DATO,directo
05854,2019,8,21.83,91.696,53.8,,,,SIN_DATO,directo
05854,2019,9,21.941,90.411,0.8,,,,SIN_DATO,directo
05854,2019,10,21.762,93.268,0.2,,28.524,8.036,SIN_DATO,directo
05854,2019,11,22.332,90.982,0.0,,28.641,6.582,SIN_DATO,directo
05854,2019,12,20.862,95.941,0.0,,37.07,9.372,SIN_DATO,directo
05854,2019,13,20.9303,95.84985,0.0,,26.329,3.78,SIN_DATO,directo
05854,2019,14,20.9986,95.7587,0.0,,18.179,10.481,SIN_DATO,directo
05854,2019,15,21.0669,95.66755,0.0,,22.008,3.887,SIN_DATO,directo
05854,2019,16,21.135199999999998,95.5764,0.0,,34.761,13.708,SIN_DATO,directo
05854,2019,17,,,0.0,,27.086,2.039,SIN_DATO,directo
05854,2019,18,,,0.0,,31.188,4.204,SIN_DATO,directo
05854,2019,19,,,0.0,,35.201,9.45,SIN_DATO,directo
05854,2019,20,,,0.0,,22.49,13.782,SIN_DATO,directo
05854,2019,21,,,43.3,,36.249,9.095,SIN_DATO,directo
05854,2019,22,,,41.0,,31.658,9.956,SIN_DATO,directo
05854,2019,23,,,5.0,,12.03,8.061,SIN_DATO,directo
05854,2019,24,,,0.0,,44.594,4.434,SIN_DATO,directo
05854,2019,25,,,0.0,,20.959,6.297,SIN_DATO,directo
05854,2019,26,,,0.0,,6.917,3.789,SIN_DATO,directo
05854,2019,27,,,0.0,,14.338,3.557,SIN_DATO,directo
05854,2019,28,,,0.0,,14.63,9.396,SIN_DATO,directo
05854,2019,29,,,0.0,,27.685,4.098,SIN_DATO,directo
05854,2019,30,,,0.0,,23.719,9.11,SIN_DATO,directo
05854,2019,31,,,0.0,,22.953,3.477,SIN_DATO,directo
05854,2019,32,22.228,94.118,0.0,,34.588,9.03,SIN_DATO,directo
05854,2019,33,21.365,95.208,0.0,,31.184,6.302,SIN_DATO,directo
05854,2019,34,22.17,93.071,43.1,,30.894,12.887,SIN_DATO,directo
05854,2019,35,21.968,92.426,502.6,,32.035,9.125,SIN_DATO,directo
05854,2019,36,21.774,92.381,479.1,,34.545,12.294,SIN_DATO,directo
05854,2019,37,22.502,92.806,72.3,,1.409,5.374,SIN_DATO,directo
05854,2019,38,20.602,94.95,49.6,,22.617,8.195,SIN_DATO,directo
05854,2019,39,21.37,93.786,0.9,,0.53,4.591,SIN_DATO,directo
05854,2019,40,21.055,94.339,0.0,,27.489,6.563,SIN_DATO,directo
05854,2019,41,20.808,95.18,0.0,,26.994,7.089,SIN_DATO,directo
05854,2019,42,20.708,93.28,0.0,,39.768,5.478,SIN_DATO,directo
05854,2019,43,20.657,94.235,0.0,,41.496,3.777,SIN_DATO,directo
05854,2019,44,21.704,93.28,0.0,,29.517,3.089,SIN_DATO,directo
05854,2019,45,21.614,91.869,0.1,,20.964,0.035349999999999944,SIN_DATO,directo
05854,2019,46,21.051,93.071,0.0,,32.951,4.33,SIN_DATO,directo
05854,2019,47,20.802,93.179,0.0,,20.628,10.18,SIN_DATO,directo
05854,2019,48,21.88,92.964,0.0,,27.033,2.446,SIN_DATO,directo
05854,2019,49,21.513,94.292,0.0,,39.045,3.246,SIN_DATO,directo
05854,2019,50,21.336,92.0,0.0,,20.265,14.223,SIN_DATO,directo
05854,2019,51,21.649,95.315,0.0,,36.85,5.788,SIN_DATO,directo
05854,2019,52,21.513,96.958,0.0,,35.29,9.115,SIN_DATO,directo
05854,2020,1,21.531,91.589,0.0,,12.016,,SIN_DATO,directo
05854,2020,2,22.127,85.714,0.0,,,,SIN_DATO,directo
05854,2020,3,23.235,89.946,0.0,,,,SIN_DATO,directo
05854,2020,4,20.555,96.128,0.1,,0.0,,SIN_DATO,directo
05854,2020,5,21.284,90.44,0.0,,8.268,,SIN_DATO,directo
05854,2020,6,22.67,86.839,0.0,,32.824,,SIN_DATO,directo
05854,2020,7,22.527,90.25,0.0,,3.345,,SIN_DATO,directo
05854,2020,8,22.683,90.792,0.2,,0.0,,SIN_DATO,directo
05854,2020,9,21.543,90.524,0.0,,6.978,,SIN_DATO,directo
05854,2020,10,22.41,90.601,0.0,,25.106,,SIN_DATO,directo
05854,2020,11,21.469,92.381,0.0,,43.478,,SIN_DATO,directo
05854,2020,12,22.24,83.911,0.0,,38.091,,SIN_DATO,directo
05854,2020,13,22.805,84.11,0.0,,53.375,,SIN_DATO,directo
05854,2020,14,21.831,93.75,0.0,,52.13709677419355,,SIN_DATO,directo
05854,2020,15,22.577,92.927,0.0,,50.899193548387096,,SIN_DATO,directo
05854,2020,16,22.232,88.345,0.0,,49.66129032258065,,SIN_DATO,directo
05854,2020,17,22.023,92.583,0.0,,48.42338709677419,,SIN_DATO,directo
05854,2020,18,22.312,94.429,0.0,,,,SIN_DATO,directo
05854,2020,19,22.746,93.232,0.0,,,,SIN_DATO,directo
05854,2020,20,22.018,94.976,0.1,,,,SIN_DATO,directo
05854,2020,21,22.366,94.256,0.0,,,,SIN_DATO,directo
05854,2020,22,21.205,96.625,0.0,,,,SIN_DATO,directo
05854,2020,23,21.611,93.131,0.0,,,,SIN_DATO,directo
05854,2020,24,21.332,92.399,0.0,,,,SIN_DATO,directo
05854,2020,25,21.429,93.524,0.0,,,,SIN_DATO,directo
05854,2020,26,21.4,89.0,0.0,,,,SIN_DATO,directo
05854,2020,27,21.37351111111111,89.08704444444444,0.0,,,,SIN_DATO,directo
05854,2020,28,21.347022222222222,89.17408888888889,0.0,,,,SIN_DATO,directo
05854,2020,29,21.320533333333334,89.26113333333333,0.0,,,,SIN_DATO,directo
05854,2020,30,21.29404444444444,89.34817777777778,0.0,,,,SIN_DATO,directo
05854,2020,31,,,0.0,,,,SIN_DATO,directo
05854,2020,32,,,0.0,,,,SIN_DATO,directo
05854,2020,33,,,0.0,,,,SIN_DATO,directo
05854,2020,34,,,0.0,,,,SIN_DATO,directo
05854,2020,35,,,0.0,,,,SIN_DATO,directo
05854,2020,36,,,0.0,,,,SIN_DATO,directo
05854,2020,37,,,0.0,,,,SIN_DATO,directo
05854,2020,38,,,0.0,,,,SIN_DATO,directo
05854,2020,39,,,0.0,,,,SIN_DATO,directo
05854,2020,40,,,0.0,,,,SIN_DATO,directo
05854,2020,41,,,0.0,,,,SIN_DATO,directo
05854,2020,42,,,0.0,,,,SIN_DATO,directo
05854,2020,43,,,0.0,,,,SIN_DATO,directo
05854,2020,44,,,0.0,,,,SIN_DATO,directo
05854,2020,45,,,0.0,,,,SIN_DATO,directo
05854,2020,46,,,0.0,,,,SIN_DATO,directo
05854,2020,47,,,0.0,,,,SIN_DATO,directo
05854,2020,48,,,0.0,,,,SIN_DATO,directo
05854,2020,49,,,0.0,,,,SIN_DATO,directo
05854,2020,50,,,0.0,,,,SIN_DATO,directo
05854,2020,51,,,0.0,,,,SIN_DATO,directo
05854,2020,52,,,0.0,,,,SIN_DATO,directo
05854,2020,53,,,0.0,,,,SIN_DATO,directo
05854,2021,1,,,0.0,,,,SIN_DATO,directo
05854,2021,2,,,0.0,,,,SIN_DATO,directo
05854,2021,3,,,0.0,,,,SIN_DATO,directo
05854,2021,4,,,0.0,,,,SIN_DATO,directo
05854,2021,5,,,0.0,,,,SIN_DATO,directo
05854,2021,6,,,0.0,,,,SIN_DATO,directo
05854,2021,7,,,0.0,,,,SIN_DATO,directo
05854,2021,8,,,0.0,,,,SIN_DATO,directo
05854,2021,9,,,0.0,,,,SIN_DATO,directo
05854,2021,10,,,0.0,,,,SIN_DATO,directo
05854,2021,11,,,0.0,,,,SIN_DATO,directo
05854,2021,12,,,0.0,,,,SIN_DATO,directo
05854,2021,13,,,0.0,,,,SIN_DATO,directo
05854,2021,14,,,0.0,,,,SIN_DATO,directo
05854,2021,15,,,0.0,,,,SIN_DATO,directo
05854,2021,16,,,0.0,,,,SIN_DATO,directo
05854,2021,17,,,0.0,,,,SIN_DATO,directo
05854,2021,18,20.208,92.917,0.0,,16.975,,SIN_DATO,directo
05854,2021,19,21.696,94.92,0.0,,17.625,,SIN_DATO,directo
05854,2021,20,21.349,94.815,0.0,,20.15425,,SIN_DATO,directo
05854,2021,21,21.429,92.583,0.0,,22.683500000000002,,SIN_DATO,directo
05854,2021,22,21.323,92.815,0.0,,25.21275,,SIN_DATO,directo
05854,2021,23,20.692,94.75,0.0,,27.742,,SIN_DATO,directo
05854,2021,24,21.335,92.286,0.0,,23.117,,SIN_DATO,directo
05854,2021,25,20.701,90.917,0.0,,16.241,,SIN_DATO,directo
05854,2021,26,20.982,94.613,0.0,,19.062,,SIN_DATO,directo
05854,2021,27,21.242,93.899,0.0,,20.831,,SIN_DATO,directo
05854,2021,28,21.692,91.792,0.0,,27.132,,SIN_DATO,directo
05854,2021,29,22.177,92.577,0.0,,30.434,,SIN_DATO,directo
05854,2021,30,21.232,93.738,0.0,,24.5,,SIN_DATO,directo
05854,2021,31,21.41,93.357,0.0,,25.094,,SIN_DATO,directo
05854,2021,32,20.958,94.674,0.0,,19.407,,SIN_DATO,directo
05854,2021,33,20.674,95.035,0.0,,16.2,,SIN_DATO,directo
05854,2021,34,21.085,93.516,0.0,,,,SIN_DATO,directo
05854,2021,35,20.931,93.327,0.0,,,,SIN_DATO,directo
05854,2021,36,20.895,93.53,0.0,,,,SIN_DATO,directo
05854,2021,37,21.252,93.726,0.1,,,,SIN_DATO,directo
05854,2021,38,21.558,93.31,0.0,,,,SIN_DATO,directo
05854,2021,39,20.83,93.19,0.0,,,,SIN_DATO,directo
05854,2021,40,21.224,93.351,0.0,,,,SIN_DATO,directo
05854,2021,41,21.026,94.762,0.0,,,,SIN_DATO,directo
05854,2021,42,21.081,93.838,0.0,,,,SIN_DATO,directo
05854,2021,43,20.876,92.833,0.1,,,,SIN_DATO,directo
05854,2021,44,20.546,94.411,0.0,,,,SIN_DATO,directo
05854,2021,45,21.064,93.024,0.0,,,,SIN_DATO,directo
05854,2021,46,21.24,92.655,0.0,,,,SIN_DATO,directo
05854,2021,47,20.333,94.804,0.0,,,,SIN_DATO,directo
05854,2021,48,21.016,95.215,0.0,,,,SIN_DATO,directo
05854,2021,49,21.178,95.316,0.0,,,,SIN_DATO,directo
05854,2021,50,21.2,92.951,0.1,,,,SIN_DATO,directo
05854,2021,51,21.235,93.561,0.0,,,,SIN_DATO,directo
05854,2021,52,21.289,93.931,0.0,,,,SIN_DATO,directo
05854,2022,1,20.1,98.72749999999998,0.0,,,,SIN_DATO,directo
05854,2022,4,22.199,83.986,0.0,,,,SIN_DATO,directo
05854,2022,5,22.711,83.09,0.0,,,,SIN_DATO,directo
05854,2022,6,22.474,86.221,0.0,,,,SIN_DATO,directo
05854,2022,7,22.789,85.354,0.0,,,,SIN_DATO,directo
05854,2022,8,23.795,77.381,0.0,,,,SIN_DATO,directo
05854,2022,11,23.2005,84.476,600.0,,,,SIN_DATO,directo
05854,2022,13,22.606,91.571,0.0,,,,SIN_DATO,directo
05854,2022,14,23.669,87.981,0.0,,,,SIN_DATO,directo
05854,2022,15,23.008,92.778,0.0,,,,SIN_DATO,directo
05854,2022,16,21.611,92.215,0.0,,,,SIN_DATO,directo
05854,2022,17,24.404,85.232,112.7,,,,SIN_DATO,directo
05854,2022,18,23.5,85.356,31.6,,,,SIN_DATO,directo
05854,2022,19,23.883,88.333,155.2,,,,SIN_DATO,directo
05854,2022,20,23.01425,89.9805,91.5,,,,SIN_DATO,directo
05854,2022,21,22.1455,91.628,95.8,,,,SIN_DATO,directo
05854,2022,22,21.27675,93.2755,122.5,,,,SIN_DATO,directo
05854,2022,23,20.408,94.923,59.8,,,,SIN_DATO,directo
05854,2022,24,20.082,92.98,69.5,,,,SIN_DATO,directo
05854,2022,25,20.389,92.076,16.8,,,,SIN_DATO,directo
05854,2022,26,20.198,92.626,1.1,,,,SIN_DATO,directo
05854,2022,27,21.28,91.141,0.0,,,,SIN_DATO,directo
05854,2022,28,21.133,91.675,0.1,,,,SIN_DATO,directo
05854,2022,29,20.896,91.282,0.0,,,,SIN_DATO,directo
05854,2022,30,20.725,92.357,0.0,,,,SIN_DATO,directo
05854,2022,31,20.64,92.195,0.0,,,,SIN_DATO,directo
05854,2022,32,21.386,91.043,0.0,,,,SIN_DATO,directo
05854,2022,33,21.385,89.4,0.0,,,,SIN_DATO,directo
05854,2022,34,19.916,91.958,0.0,,,,SIN_DATO,directo
05854,2022,35,20.673,90.617,0.0,,,,SIN_DATO,directo
05854,2022,36,21.042,90.579,0.0,,,,SIN_DATO,directo
05854,2022,37,20.731,88.24,0.0,,,,SIN_DATO,directo
05854,2022,38,20.166,89.093,0.0,,,,SIN_DATO,directo
05854,2022,39,20.794,88.348,0.1,,,,SIN_DATO,directo
05854,2022,40,20.52,89.214,0.0,,,,SIN_DATO,directo
05854,2022,41,20.996,87.411,0.0,,,,SIN_DATO,directo
05854,2022,42,20.59,89.379,0.0,,,,SIN_DATO,directo
05854,2022,43,20.102,90.667,0.0,,,,SIN_DATO,directo
05854,2022,44,20.562,89.196,0.0,,,,SIN_DATO,directo
05854,2022,46,20.908,86.3565,0.0,,,,SIN_DATO,directo
05854,2022,48,20.673,83.517,0.0,,,,SIN_DATO,directo
05854,2022,49,18.809,84.375,0.0,,,,SIN_DATO,directo
05854,2022,50,20.68,86.644,0.0,,,,SIN_DATO,directo
05854,2022,51,21.15,85.613,0.0,,,,SIN_DATO,directo
05854,2022,52,20.384,85.611,0.0,,,,SIN_DATO,directo
05854,2023,1,20.574,84.798,0.0,,,,SIN_DATO,directo
05854,2023,2,19.941,86.665,0.0,,,,SIN_DATO,directo
05854,2023,3,20.479,85.155,0.0,,,,SIN_DATO,directo
05854,2023,4,21.023,84.94,0.0,,,,SIN_DATO,directo
05854,2023,5,20.711,83.333,0.0,,,,SIN_DATO,directo
05854,2023,6,21.264,86.804,0.1,,,,SIN_DATO,directo
05854,2023,7,21.023,85.137,0.0,,,,SIN_DATO,directo
05854,2023,8,21.214,83.423,0.0,,,,SIN_DATO,directo
05854,2023,9,21.359,85.53,0.3,,,,SIN_DATO,directo
05854,2023,10,20.19,84.321,0.0,,,,SIN_DATO,directo
05854,2023,11,19.95,83.634,0.0,,,,SIN_DATO,directo
05854,2023,12,19.95,83.634,0.0,,,,SIN_DATO,directo
05854,2023,13,19.95,83.634,0.1,,,,SIN_DATO,directo
05854,2023,14,19.95,83.634,0.0,,,,SIN_DATO,directo
05854,2023,15,19.95,83.634,0.1,,,,SIN_DATO,directo
05854,2023,16,,,0.0,,,,SIN_DATO,directo
05854,2023,17,,,0.0,,,,SIN_DATO,directo
05854,2023,18,,,0.0,,,,SIN_DATO,directo
05854,2023,19,,,0.1,,,,SIN_DATO,directo
05854,2023,20,,,0.0,,,,SIN_DATO,directo
05854,2023,21,,,0.0,,,,SIN_DATO,directo
05854,2023,22,,,0.1,,,,SIN_DATO,directo
05854,2023,23,,,0.0,,,,SIN_DATO,directo
05854,2023,24,,,0.0,,,,SIN_DATO,directo
05854,2023,25,,,0.0,,,,SIN_DATO,directo
05854,2023,26,,,0.0,,,,SIN_DATO,directo
05854,2023,27,,,0.0,,,,SIN_DATO,directo
05854,2023,28,,,0.0,,,,SIN_DATO,directo
05854,2023,29,,,2.2,,,,SIN_DATO,directo
05854,2023,30,,,192.1,,,,SIN_DATO,directo
05854,2023,31,,,63.6,,,,SIN_DATO,directo
05854,2023,32,,,69.6,,,,SIN_DATO,directo
05854,2023,33,,,13.6,,,,SIN_DATO,directo
05854,2023,34,,,85.1,,,,SIN_DATO,directo
05854,2023,35,,,79.4,,,,SIN_DATO,directo
05854,2023,36,,,63.8,,,,SIN_DATO,directo
05854,2023,37,,,15.4,,,,SIN_DATO,directo
05854,2023,38,,,24.9,,,,SIN_DATO,directo
05854,2023,39,,,103.6,,,,SIN_DATO,directo
05854,2023,40,,,36.0,,,,SIN_DATO,directo
05854,2023,41,,,25.7,,,,SIN_DATO,directo
05854,2023,42,,,32.6,,,,SIN_DATO,directo
05854,2023,43,,,38.2,,,,SIN_DATO,directo
05854,2023,44,,,76.7,,,,SIN_DATO,directo
05854,2023,45,,,35.1,,,,SIN_DATO,directo
05854,2023,46,,,66.1,,,,SIN_DATO,directo
05856,2018,1,24.313,72.653,48.7,,16.25,,SIN_DATO,directo
05856,2018,2,23.505,74.537,21.7,,30.036,,SIN_DATO,directo
05856,2018,3,24.005,73.725,20.2,,28.945,,SIN_DATO,directo
05856,2018,4,24.475,72.294,2.5,,26.226,,SIN_DATO,directo
05856,2018,5,25.427,72.011,10.9,,45.671,,SIN_DATO,directo
05856,2018,6,26.597,64.283,5.3,,34.205,,SIN_DATO,directo
05856,2018,7,25.049,69.82,11.4,,35.594,,SIN_DATO,directo
05856,2018,8,23.982,70.963,15.2,,22.598,,SIN_DATO,directo
05856,2018,9,25.878,60.479,0.7,,22.064,,SIN_DATO,directo
05856,2018,10,27.169,57.009,0.0,,30.189,,SIN_DATO,directo
05856,2018,11,27.018,59.322,7.2,,31.257,,SIN_DATO,directo
05856,2018,12,25.415,68.816,44.5,,15.342,,SIN_DATO,directo
05856,2018,13,24.848,70.554,66.1,,28.486,,SIN_DATO,directo
05856,2018,14,24.353,68.436,60.3,,30.01,,SIN_DATO,directo
05856,2018,15,23.727,72.321,100.8,,28.213,,SIN_DATO,directo
05856,2018,17,23.891,75.845,101.0,,25.669,,SIN_DATO,directo
05856,2018,18,24.328,73.777,37.2,,28.513,,SIN_DATO,directo
05856,2018,19,24.248,71.046,67.2,,30.612,,SIN_DATO,directo
05856,2018,20,24.862,69.863,56.8,,34.643,,SIN_DATO,directo
05856,2018,21,24.195,73.512,64.6,,38.377,,SIN_DATO,directo
05856,2018,22,24.272,73.916,12.9,,27.592,,SIN_DATO,directo
05856,2018,24,24.762,73.519,9.4,,33.332,,SIN_DATO,directo
05856,2018,25,24.721,73.725,23.2,,34.691,,SIN_DATO,directo
05856,2018,26,23.775,71.247,23.5,,26.495,,SIN_DATO,directo
05856,2018,27,24.731,71.209,18.6,,36.099,,SIN_DATO,directo
05856,2018,28,25.413,68.103,0.8,,37.582,,SIN_DATO,directo
05856,2018,29,26.332,64.833,0.1,,40.03,,SIN_DATO,directo
05856,2018,30,25.02,70.995,14.5,,43.847,,SIN_DATO,directo
05856,2018,31,23.822,72.283,70.1,,23.105,,SIN_DATO,directo
05856,2018,32,25.92,59.391,0.0,,30.009,,SIN_DATO,directo
05856,2018,33,24.81,67.24,47.3,,29.988,,SIN_DATO,directo
05856,2018,34,25.857,64.754,0.1,,29.131,,SIN_DATO,directo
05856,2018,35,26.05,65.673,11.5,,24.808,,SIN_DATO,directo
05856,2018,36,24.539,70.046,90.4,,18.249,,SIN_DATO,directo
05856,2018,37,24.15,71.761,60.5,,30.627,,SIN_DATO,directo
05856,2018,38,25.539,68.851,10.3,,23.874,,SIN_DATO,directo
05856,2018,39,24.778,73.213,10.2,,30.574,,SIN_DATO,directo
05856,2018,40,24.244,72.926,30.8,,23.673,,SIN_DATO,directo
05856,2018,41,23.607,73.985,39.6,,21.276,,SIN_DATO,directo
05856,2018,42,24.022,74.209,32.0,,31.738,,SIN_DATO,directo
05856,2018,43,24.454,74.025,31.0,,31.084,,SIN_DATO,directo
05856,2018,44,23.644,76.623,52.3,,34.443,,SIN_DATO,directo
05856,2018,45,24.507,75.296,35.4,,47.043,,SIN_DATO,directo
05856,2018,46,26.246,68.891,1.5,,32.075,,SIN_DATO,directo
05856,2018,50,24.695,72.87,0.0,,42.313,,SIN_DATO,directo
05856,2018,51,24.968,69.896,1.1,,22.658,,SIN_DATO,directo
05856,2018,52,25.499,61.854,0.0,,21.713,,SIN_DATO,directo
05856,2019,1,26.012,56.225,0.0,,21.713,7.822,SIN_DATO,directo
05856,2019,2,24.782,66.486,21.9,,21.713,8.699,SIN_DATO,directo
05856,2019,3,25.718,65.598,8.9,,21.713,10.428,SIN_DATO,directo
05856,2019,4,27.575,54.669,0.0,,21.713,15.281,SIN_DATO,directo
05856,2019,5,26.449,65.614,7.4,,,16.858,SIN_DATO,directo
05856,2019,6,26.686,62.619,4.3,,,12.157,SIN_DATO,directo
05856,2019,7,27.484,59.869,5.8,,,9.292,SIN_DATO,directo
05856,2019,8,26.259,66.018,11.6,,,19.261,SIN_DATO,directo
05856,2019,9,24.887,66.927,40.1,,,9.114,SIN_DATO,directo
05856,2019,10,26.099,67.625,14.8,,,8.616,SIN_DATO,directo
05856,2019,11,27.145,61.186,0.2,,,4.433,SIN_DATO,directo
05856,2019,12,24.281,73.496,37.8,,,15.451,SIN_DATO,directo
05856,2019,13,24.941,70.549,19.2,,,13.964,SIN_DATO,directo
05856,2019,14,24.798,72.035,66.1,,,19.001,SIN_DATO,directo
05856,2019,15,25.488,69.931,71.2,,,5.772,SIN_DATO,directo
05856,2019,16,25.176,69.152,40.9,,,15.666,SIN_DATO,directo
05856,2019,17,24.687,74.093,20.8,,,10.844,SIN_DATO,directo
05856,2019,18,26.213,70.072,0.0,,,13.401,SIN_DATO,directo
05856,2019,19,25.363,72.586,50.7,,,4.875,SIN_DATO,directo
05856,2019,20,24.869,69.821,155.9,,,15.701,SIN_DATO,directo
05856,2019,21,24.481,74.705,40.8,,,13.333,SIN_DATO,directo
05856,2019,22,23.945,72.588,87.8,,,10.465,SIN_DATO,directo
05856,2019,23,24.728,73.549,40.9,,,12.841,SIN_DATO,directo
05856,2019,24,24.586,68.657,17.4,,,7.94,SIN_DATO,directo
05858,2018,1,18.988,82.122,10.0,,0.0,20.328,IMPUTADO_PA,directo
05858,2018,2,18.311,88.655,30.4,,0.0,9.326,IMPUTADO_PA,directo
05858,2018,3,18.181,87.264,20.5,,0.0,4.809,IMPUTADO_PA,directo
05858,2018,4,19.958,86.391,28.7,,0.0,13.727,IMPUTADO_PA,directo
05858,2018,5,19.884,87.474,24.1,,0.0,8.074,IMPUTADO_PA,directo
05858,2018,6,19.739,82.018,0.1,,0.0,15.115,IMPUTADO_PA,directo
05858,2018,7,19.803,81.612,15.0,,0.0,9.62,IMPUTADO_PA,directo
05858,2018,8,18.828,76.936,11.0,,0.0,8.405,IMPUTADO_PA,directo
05858,2018,9,18.922,81.587,28.1,,0.0,9.982,IMPUTADO_PA,directo
05858,2018,10,20.575,80.886,21.2,,0.0,13.233,IMPUTADO_PA,directo
05858,2018,11,20.331,85.623,55.5,,0.0,9.81,IMPUTADO_PA,directo
05858,2018,12,20.0,86.738,13.2,,0.0,8.874,IMPUTADO_PA,directo
05858,2018,13,19.31,86.263,108.0,,0.0,9.909,IMPUTADO_PA,directo
05858,2018,14,18.681,88.692,25.1,,0.0,6.181,IMPUTADO_PA,directo
05858,2018,15,19.207,87.395,15.3,,0.0,11.979,IMPUTADO_PA,directo
05858,2018,16,20.343,86.664,67.3,,0.0,4.392,IMPUTADO_PA,directo
05858,2018,17,19.321,88.283,166.7,,0.0,9.057,IMPUTADO_PA,directo
05858,2018,18,19.779,86.209,25.1,,0.0,13.238,IMPUTADO_PA,directo
05858,2018,19,19.391,86.691,123.8,,0.0,11.653,IMPUTADO_PA,directo
05858,2018,20,19.556,82.139,141.6,,0.0,12.651,IMPUTADO_PA,directo
05858,2018,21,19.647,88.3,66.2,,0.0,10.374,IMPUTADO_PA,directo
05858,2018,22,19.889,86.229,138.0,,0.0,14.664,IMPUTADO_PA,directo
05858,2018,23,20.915,86.804,4.8,,0.0,13.813,IMPUTADO_PA,directo
05858,2018,24,20.427,86.906,18.3,,0.0,12.15,IMPUTADO_PA,directo
05858,2018,25,20.022,82.757,19.9,,0.0,13.823,IMPUTADO_PA,directo
05858,2018,26,19.308,85.645,45.4,,0.0,13.207,IMPUTADO_PA,directo
05858,2018,27,20.328,85.262,5.1,,0.0,9.073,IMPUTADO_PA,directo
05858,2018,28,21.461,75.247,0.6,,0.0,5.931,IMPUTADO_PA,directo
05858,2018,29,21.007,77.429,78.7,,0.0,12.061,IMPUTADO_PA,directo
05858,2018,30,19.77,85.74,96.8,,0.0,12.497,IMPUTADO_PA,directo
05858,2018,31,19.283,86.773,95.0,,0.0,14.389,IMPUTADO_PA,directo
05858,2018,32,22.17,63.218,0.0,,0.0,7.347,IMPUTADO_PA,directo
05858,2018,33,20.148,79.484,89.3,,0.0,7.451,IMPUTADO_PA,directo
05858,2018,34,20.688,79.439,134.8,,0.0,12.198,IMPUTADO_PA,directo
05858,2018,35,20.78,78.912,23.1,,0.0,10.353,IMPUTADO_PA,directo
05858,2018,36,19.666,83.896,180.2,,0.0,4.048,IMPUTADO_PA,directo
05858,2018,37,19.46,87.756,50.5,,0.0,11.903,IMPUTADO_PA,directo
05858,2018,38,20.563,82.422,71.3,,0.0,4.164,IMPUTADO_PA,directo
05858,2018,39,20.085,85.653,165.8,,0.0,7.316,IMPUTADO_PA,directo
05858,2018,40,19.434,85.355,12.0,,0.0,15.296,IMPUTADO_PA,directo
05858,2018,41,18.576,89.74,5.5,,0.0,16.941,IMPUTADO_PA,directo
05858,2018,42,19.183,88.035,5.5,,0.0,6.376,IMPUTADO_PA,directo
05858,2018,43,19.524,88.699,5.5,,0.0,9.456,IMPUTADO_PA,directo
05858,2018,44,19.236,89.726,5.5,,0.0,10.748,IMPUTADO_PA,directo
05858,2018,45,19.049,90.835,5.5,,0.0,16.789,IMPUTADO_PA,directo
05858,2018,46,20.115,87.69,29.6,,0.0,8.888,IMPUTADO_PA,directo
05858,2018,47,19.902,88.783,78.9,,0.0,8.943,IMPUTADO_PA,directo
05858,2018,48,19.196,87.746,19.5,,0.0,15.981,IMPUTADO_PA,directo
05858,2018,49,18.961,86.443,5.7,,0.0,9.298,IMPUTADO_PA,directo
05858,2018,50,19.767,88.755,63.7,,0.0,13.109,IMPUTADO_PA,directo
05858,2018,51,19.335,89.068,20.5,,0.0,5.468,IMPUTADO_PA,directo
05858,2018,52,20.264,85.019,0.2,,0.0,10.005,IMPUTADO_PA,directo
05861,2018,1,15.509,87.06,104.8,,3.598,3.738,SIN_DATO,directo
05861,2018,2,15.098,88.804,68.0,,28.856,5.586,SIN_DATO,directo
05861,2018,3,15.76,84.851,24.8,,15.092,2.263,SIN_DATO,directo
05861,2018,4,16.93,78.393,2.8,,10.723,1.115,SIN_DATO,directo
05861,2018,5,17.274,83.18,2.6,,13.651,1.833,SIN_DATO,directo
05861,2018,6,16.913,80.491,0.2,,4.214,2.894,SIN_DATO,directo
05861,2018,7,16.193,84.364,17.1,,26.961,1.057,SIN_DATO,directo
05861,2018,8,15.103,84.713,2.6,,12.717,5.663,SIN_DATO,directo
05861,2018,9,16.61,76.661,0.0,,26.524,7.635,SIN_DATO,directo
05861,2018,10,18.278,69.54,5.1,,16.205,0.035349999999999944,SIN_DATO,directo
05861,2018,11,17.735,74.962,0.8,,27.011,5.187,SIN_DATO,directo
05861,2018,12,16.455,85.19,34.4,,17.813,4.336,SIN_DATO,directo
05861,2018,13,16.312,84.797,43.4,,22.492,6.287,SIN_DATO,directo
05861,2018,14,15.66,85.708,27.2,,21.44,5.055,SIN_DATO,directo
05861,2018,15,15.487,88.696,89.0,,20.688,0.049,SIN_DATO,directo
05861,2018,16,16.716,83.929,0.4,,18.529,0.714,SIN_DATO,directo
05861,2018,17,16.022,88.381,14.9,,13.974,5.202,SIN_DATO,directo
05861,2018,18,15.855,88.917,7.9,,30.822,8.675,SIN_DATO,directo
05861,2018,19,15.347,91.619,20.4,,8.687,0.035349999999999944,SIN_DATO,directo
05861,2018,20,15.723,89.054,0.2,,15.834,6.301,SIN_DATO,directo
05861,2018,21,16.388,89.44,0.1,,15.917,9.233,SIN_DATO,directo
05861,2018,22,16.827,84.22,0.1,,18.956,4.568,SIN_DATO,directo
05861,2018,23,17.753,84.185,0.0,,12.432,7.012,SIN_DATO,directo
05861,2018,24,17.129,82.988,16.4,,18.268,2.657,SIN_DATO,directo
05861,2018,25,16.746,84.496,52.2,,14.476,4.685,SIN_DATO,directo
05861,2018,26,16.033,85.524,48.0,,3.393,0.035349999999999944,SIN_DATO,directo
05861,2018,27,16.914,82.202,30.5,,15.875,0.035349999999999944,SIN_DATO,directo
05861,2018,28,17.733,74.405,14.3,,7.169,8.376,SIN_DATO,directo
05861,2018,29,17.796,70.484,0.4,,2.198,1.678,SIN_DATO,directo
05861,2018,30,16.572,84.786,0.0,,16.873,3.517,SIN_DATO,directo
05861,2018,31,15.617,85.875,0.2,,19.626,0.283,SIN_DATO,directo
05861,2018,32,18.477,60.125,0.0,,19.931,0.201,SIN_DATO,directo
05861,2018,33,16.833,76.845,0.0,,20.248,4.496,SIN_DATO,directo
05861,2018,34,18.066,70.262,0.1,,0.644,2.565,SIN_DATO,directo
05861,2018,35,17.537,78.06,0.0,,5.126,6.413,SIN_DATO,directo
05861,2018,42,15.596,90.315,46.4,,20.204,9.036,SIN_DATO,directo
05861,2018,43,16.165,89.744,67.5,,16.873,9.494,SIN_DATO,directo
05861,2018,44,15.699,89.25,27.3,,12.284,0.16,SIN_DATO,directo
05861,2018,45,16.195,89.506,53.1,,7.564,4.015,SIN_DATO,directo
05861,2018,46,16.892,88.31,17.7,,17.9,9.819,SIN_DATO,directo
05861,2018,47,16.667,88.726,52.0,,6.289,6.865,SIN_DATO,directo
05861,2018,48,15.705,91.214,8.4,,19.153,5.778,SIN_DATO,directo
05861,2018,49,15.989,86.113,10.8,,36.398,4.344,SIN_DATO,directo
05861,2018,50,17.102,81.196,0.0,,26.389,3.766,SIN_DATO,directo
05861,2018,51,16.942,79.821,0.3,,21.434,6.101,SIN_DATO,directo
05861,2018,52,18.126,68.5,0.5,,15.129,4.223,SIN_DATO,directo
05861,2019,1,,,0.2,,,,SIN_DATO,directo
05861,2019,2,,,6.5,,,,SIN_DATO,directo
05861,2019,3,,,0.4,,,,SIN_DATO,directo
05861,2019,4,,,0.0,,,,SIN_DATO,directo
05861,2019,5,,,0.4,,,,SIN_DATO,directo
05861,2019,6,,,0.3,,,,SIN_DATO,directo
05861,2019,7,,,0.2,,,,SIN_DATO,directo
05861,2019,8,,,0.9,,,,SIN_DATO,directo
05861,2019,9,,,31.4,,,,SIN_DATO,directo
05861,2019,10,,,74.5,,,,SIN_DATO,directo
05861,2019,11,,,0.1,,,,SIN_DATO,directo
05861,2019,12,,,65.9,,,,SIN_DATO,directo
05861,2019,13,,,48.5,,,,SIN_DATO,directo
05861,2019,14,,,38.4,,,,SIN_DATO,directo
05861,2019,15,,,10.9,,,,SIN_DATO,directo
05861,2019,16,,,44.3,,,,SIN_DATO,directo
05861,2019,17,,,2.9,,,,SIN_DATO,directo
05861,2019,18,,,0.7,,,,SIN_DATO,directo
05861,2019,19,,,0.2,,,,SIN_DATO,directo
05861,2019,20,,,0.0,,,,SIN_DATO,directo
05861,2019,21,,,22.0,,,,SIN_DATO,directo
05861,2019,22,,,0.0,,,,SIN_DATO,directo
05861,2019,23,,,5.1,,,,SIN_DATO,directo
05861,2019,24,,,0.6,,,,SIN_DATO,directo
05861,2019,25,,,1.9,,,,SIN_DATO,directo
05861,2019,26,,,0.6,,,,SIN_DATO,directo
05861,2019,27,,,2.1,,,,SIN_DATO,directo
05861,2019,28,,,5.4,,,,SIN_DATO,directo
05861,2019,29,,,22.9,,,,SIN_DATO,directo
05861,2019,30,,,969.2000000000086,,,,SIN_DATO,directo
05861,2019,31,,,969.2000000000086,,,,SIN_DATO,directo
05861,2019,32,,,969.2000000000086,,,,SIN_DATO,directo
05861,2019,33,,,969.2000000000086,,,,SIN_DATO,directo
05861,2019,34,,,969.2000000000086,,,,SIN_DATO,directo
05861,2019,35,,,969.2000000000086,,,,SIN_DATO,directo
05861,2019,36,,,969.2000000000086,,,,SIN_DATO,directo
05861,2019,37,,,969.2000000000086,,,,SIN_DATO,directo
05861,2019,38,,,969.2000000000086,,,,SIN_DATO,directo
05861,2019,39,,,969.2000000000086,,,,SIN_DATO,directo
05861,2019,40,,,969.2000000000086,,,,SIN_DATO,directo
05861,2019,41,,,969.2000000000086,,,,SIN_DATO,directo
05861,2019,42,,,969.2000000000086,,,,SIN_DATO,directo
05861,2019,43,,,969.2000000000086,,,,SIN_DATO,directo
05861,2019,44,,,89.9,,,,SIN_DATO,directo
05861,2019,45,,,34.0,,,,SIN_DATO,directo
05861,2019,46,,,44.7,,,,SIN_DATO,directo
05861,2019,47,,,18.0,,,,SIN_DATO,directo
05861,2019,48,,,37.5,,,,SIN_DATO,directo
05861,2019,49,,,0.2,,,,SIN_DATO,directo
05861,2019,50,,,5.6,,,,SIN_DATO,directo
05861,2019,51,,,0.6,,,,SIN_DATO,directo
05861,2019,52,,,0.2,,,,SIN_DATO,directo
05861,2020,1,,,13.5,,,,SIN_DATO,directo
05861,2020,2,,,0.0,,,,SIN_DATO,directo
05861,2020,3,,,0.3,,,,SIN_DATO,directo
05861,2020,4,,,0.9,,,,SIN_DATO,directo
05861,2020,5,,,844.3,,,,SIN_DATO,directo
05861,2020,6,,,969.2000000000086,,,,SIN_DATO,directo
05861,2020,7,,,328.2,,,,SIN_DATO,directo
05861,2020,8,,,0.2,,,,SIN_DATO,directo
05861,2020,9,,,10.1,,,,SIN_DATO,directo
05861,2020,10,,,0.3,,,,SIN_DATO,directo
05861,2020,11,,,634.8,,,,SIN_DATO,directo
05861,2020,12,,,91.8,,,,SIN_DATO,directo
05861,2020,13,,,0.2,,,,SIN_DATO,directo
05861,2020,14,,,29.5,,,,SIN_DATO,directo
05861,2020,15,,,25.8,,,,SIN_DATO,directo
05861,2020,16,,,40.7,,,,SIN_DATO,directo
05861,2020,17,,,969.2000000000086,,,,SIN_DATO,directo
05861,2020,18,,,969.2000000000086,,,,SIN_DATO,directo
05861,2020,19,,,45.2,,,,SIN_DATO,directo
05861,2020,20,,,54.7,,,,SIN_DATO,directo
05861,2020,21,,,969.2000000000086,,,,SIN_DATO,directo
05861,2020,22,,,969.2000000000086,,,,SIN_DATO,directo
05861,2020,23,,,969.2000000000086,,,,SIN_DATO,directo
05861,2020,24,,,969.2000000000086,,,,SIN_DATO,directo
05861,2020,25,,,275.6,,,,SIN_DATO,directo
05861,2020,26,,,955.1,,,,SIN_DATO,directo
05861,2020,27,,,969.2000000000086,,,,SIN_DATO,directo
05861,2020,28,,,969.2000000000086,,,,SIN_DATO,directo
05861,2020,29,,,969.2000000000086,,,,SIN_DATO,directo
05861,2020,30,,,969.2000000000086,,,,SIN_DATO,directo
05861,2020,31,,,969.2000000000086,,,,SIN_DATO,directo
05861,2020,32,,,969.2000000000086,,,,SIN_DATO,directo
05861,2020,33,,,969.2000000000086,,,,SIN_DATO,directo
05861,2020,34,,,969.2000000000086,,,,SIN_DATO,directo
05861,2020,35,,,969.2000000000086,,,,SIN_DATO,directo
05861,2020,36,,,969.2000000000086,,,,SIN_DATO,directo
05861,2020,37,,,969.2000000000086,,,,SIN_DATO,directo
05861,2020,38,,,969.2000000000086,,,,SIN_DATO,directo
05861,2020,39,,,969.2000000000086,,,,SIN_DATO,directo
05861,2020,40,,,969.2000000000086,,,,SIN_DATO,directo
05861,2020,41,,,969.2000000000086,,,,SIN_DATO,directo
05861,2020,42,,,969.2000000000086,,,,SIN_DATO,directo
05861,2020,43,,,969.2000000000086,,,,SIN_DATO,directo
05861,2020,44,,,969.2000000000086,,,,SIN_DATO,directo
05861,2020,45,,,969.2000000000086,,,,SIN_DATO,directo
05861,2020,46,,,969.2000000000086,,,,SIN_DATO,directo
05861,2020,47,,,969.2000000000086,,,,SIN_DATO,directo
05861,2020,48,,,969.2000000000086,,,,SIN_DATO,directo
05861,2020,49,,,969.2000000000086,,,,SIN_DATO,directo
05861,2020,50,,,0.0,,,,SIN_DATO,directo
05861,2020,51,,,17.4,,,,SIN_DATO,directo
05861,2020,52,,,32.2,,,,SIN_DATO,directo
05861,2020,53,,,899.2,,,,SIN_DATO,directo
05861,2021,1,,,572.9,,,,SIN_DATO,directo
05861,2021,2,,,969.2000000000086,,,,SIN_DATO,directo
05861,2021,3,,,969.2000000000086,,,,SIN_DATO,directo
05861,2021,4,,,969.2000000000086,,,,SIN_DATO,directo
05861,2021,5,,,969.2000000000086,,,,SIN_DATO,directo
05861,2021,6,,,969.2000000000086,,,,SIN_DATO,directo
05861,2021,7,,,969.2000000000086,,,,SIN_DATO,directo
05861,2021,8,,,969.2000000000086,,,,SIN_DATO,directo
05861,2021,9,,,969.2000000000086,,,,SIN_DATO,directo
05861,2021,10,,,969.2000000000086,,,,SIN_DATO,directo
05861,2021,11,,,969.2000000000086,,,,SIN_DATO,directo
05861,2021,12,,,969.2000000000086,,,,SIN_DATO,directo
05861,2021,13,,,28.2,,,,SIN_DATO,directo
05861,2021,14,,,114.0,,,,SIN_DATO,directo
05861,2021,15,,,39.2,,,,SIN_DATO,directo
05861,2021,16,,,63.6,,,,SIN_DATO,directo
05861,2021,17,,,62.2,,,,SIN_DATO,directo
05861,2021,18,,,35.1,,,,SIN_DATO,directo
05861,2021,19,,,22.2,,,,SIN_DATO,directo
05861,2021,20,,,14.6,,,,SIN_DATO,directo
05861,2021,21,,,95.6,,,,SIN_DATO,directo
05861,2021,22,,,67.6,,,,SIN_DATO,directo
05861,2021,23,,,50.8,,,,SIN_DATO,directo
05861,2021,24,,,79.9,,,,SIN_DATO,directo
05861,2021,25,,,84.8,,,,SIN_DATO,directo
05861,2021,26,,,39.3,,,,SIN_DATO,directo
05861,2021,27,,,38.5,,,,SIN_DATO,directo
05861,2021,28,,,75.6,,,,SIN_DATO,directo
05861,2021,29,,,0.2,,,,SIN_DATO,directo
05861,2021,30,,,0.1,,,,SIN_DATO,directo
05861,2021,31,,,20.7,,,,SIN_DATO,directo
05861,2021,32,,,58.1,,,,SIN_DATO,directo
05861,2021,33,,,69.5,,,,SIN_DATO,directo
05861,2021,34,,,74.5,,,,SIN_DATO,directo
05861,2021,35,,,42.0,,,,SIN_DATO,directo
05861,2021,36,,,12.7,,,,SIN_DATO,directo
05861,2021,37,,,61.8,,,,SIN_DATO,directo
05861,2021,38,,,47.2,,,,SIN_DATO,directo
05861,2021,39,,,9.7,,,,SIN_DATO,directo
05861,2021,40,,,1.0,,,,SIN_DATO,directo
05861,2021,41,,,7.0,,,,SIN_DATO,directo
05861,2021,42,,,27.0,,,,SIN_DATO,directo
05861,2021,43,,,54.6,,,,SIN_DATO,directo
05861,2021,44,,,48.0,,,,SIN_DATO,directo
05861,2021,45,,,19.2,,,,SIN_DATO,directo
05861,2021,46,,,12.8,,,,SIN_DATO,directo
05861,2021,47,,,46.5,,,,SIN_DATO,directo
05861,2021,48,,,18.8,,,,SIN_DATO,directo
05861,2021,49,,,3.7,,,,SIN_DATO,directo
05861,2021,50,,,0.7,,,,SIN_DATO,directo
05861,2021,52,,,0.1,,,,SIN_DATO,directo
05861,2022,1,,,0.0,,,,SIN_DATO,directo
05861,2022,4,,,0.0,,,,SIN_DATO,directo
05861,2022,5,,,4.9,,,,SIN_DATO,directo
05861,2022,6,,,11.6,,,,SIN_DATO,directo
05861,2022,7,,,3.6,,,,SIN_DATO,directo
05861,2022,41,,,1.6,,,,SIN_DATO,directo
05861,2022,42,,,56.9,,,,SIN_DATO,directo
05861,2022,43,,,2.9,,,,SIN_DATO,directo
05861,2022,44,,,1.4,,,,SIN_DATO,directo
05861,2022,48,,,0.0,,,,SIN_DATO,directo
05861,2022,49,,,0.5,,,,SIN_DATO,directo
05861,2022,50,,,0.0,,,,SIN_DATO,directo
05861,2022,51,,,11.4,,,,SIN_DATO,directo
05861,2022,52,,,2.2,,,,SIN_DATO,directo
05861,2023,3,,,7.6,,,,SIN_DATO,directo
05861,2023,4,,,0.2,,,,SIN_DATO,directo
05861,2023,5,,,0.2,,,,SIN_DATO,directo
05861,2023,6,,,0.2,,,,SIN_DATO,directo
05861,2023,7,,,25.6,,,,SIN_DATO,directo
05861,2023,8,,,22.0,,,,SIN_DATO,directo
05861,2023,9,,,20.6,,,,SIN_DATO,directo
05861,2023,10,,,91.3,,,,SIN_DATO,directo
05861,2023,11,,,40.7,,,,SIN_DATO,directo
05873,2019,10,,,2.0,,,,SIN_DATO,directo
05873,2019,11,22.8,86.281,3.8,803.912,,5.894,SIN_DATO,directo
05873,2019,12,22.57614285714286,92.22,86.8,805.7,,5.892,SIN_DATO,directo
05873,2019,13,22.352285714285713,87.631,93.2,805.049,,5.904,SIN_DATO,directo
05873,2019,14,22.12842857142857,92.333,276.0,806.351,,5.904,SIN_DATO,directo
05873,2019,15,21.90457142857143,90.44,116.6,805.333,,5.896,SIN_DATO,directo
05873,2019,16,,93.595,59.4,805.529,,5.893,SIN_DATO,directo
05873,2019,17,,88.685,12.0,805.402,,5.9,SIN_DATO,directo
05873,2019,18,,83.012,71.4,804.473,,5.903,SIN_DATO,directo
05873,2019,19,,91.19,156.8,805.279,,5.907,SIN_DATO,directo
05873,2019,20,,92.399,289.4,805.755,,5.902,SIN_DATO,directo
05873,2019,21,,92.06,131.6,805.605,,5.899,SIN_DATO,directo
05873,2019,22,,92.643,104.2,806.096,,5.897,SIN_DATO,directo
05873,2019,23,,89.905,268.6,805.827,,5.9,SIN_DATO,directo
05873,2019,24,,90.048,94.2,806.076,,5.899,SIN_DATO,directo
05873,2019,25,,79.923,41.2,805.304,,5.896,SIN_DATO,directo
05873,2019,26,,84.917,73.0,804.843,,5.908,SIN_DATO,directo
05873,2019,27,,86.845,261.2,805.38,,5.907,SIN_DATO,directo
05873,2019,28,,87.155,142.8,805.514,,5.904,SIN_DATO,directo
05873,2019,29,,79.161,41.0,805.033,,5.897,SIN_DATO,directo
05873,2019,30,27.737,85.768,0.0,806.012,,5.903,SIN_DATO,directo
05873,2019,31,27.611,85.565,0.0,805.335,,5.902,SIN_DATO,directo
05873,2019,32,18.099,82.464,0.0,806.137,,5.902,SIN_DATO,directo
05873,2019,33,17.707,86.125,0.0,805.753,,5.905,SIN_DATO,directo
05873,2019,34,17.617,81.679,0.0,805.905,,5.902,SIN_DATO,directo
05873,2019,35,17.51,81.248,0.0,805.128,,5.903,SIN_DATO,directo
05873,2019,36,18.056,83.766,0.0,805.599,,5.902,SIN_DATO,directo
05873,2019,37,17.965,84.944,0.0,805.005,,5.901,SIN_DATO,directo
05873,2019,38,15.309,96.576,0.0,805.648,,5.893,SIN_DATO,directo
05873,2019,39,17.257,87.888,0.0,806.013,,5.9,SIN_DATO,directo
05873,2019,40,16.884,88.5,32.6,805.436,,5.898,SIN_DATO,directo
05873,2019,41,16.001,91.354,6.0,804.375,,5.895,SIN_DATO,directo
05873,2019,42,16.437,89.804,107.0,805.919,,5.906,SIN_DATO,directo
05873,2019,43,16.4,92.036,64.2,805.119,,5.906,SIN_DATO,directo
05873,2019,44,17.153,89.018,22.4,804.695,,5.905,SIN_DATO,directo
05873,2019,45,16.696,92.639,104.4,803.754,,5.901,SIN_DATO,directo
05873,2019,46,15.907,95.202,34.2,805.092,,5.905,SIN_DATO,directo
05873,2019,47,12.516,98.72749999999998,122.2,805.3,,5.9,SIN_DATO,directo
05873,2019,48,,,24.4,,,5.901,SIN_DATO,directo
05873,2019,49,,,9.8,,,5.896,SIN_DATO,directo
05873,2019,50,16.271,91.0,0.0,804.673,,5.901,SIN_DATO,directo
05873,2019,51,17.048,90.218,0.0,803.938,,5.9,SIN_DATO,directo
05873,2019,52,17.593,90.429,0.0,804.129,,5.895,SIN_DATO,directo
05873,2020,1,17.089,89.649,0.0,805.985,,0.035349999999999944,SIN_DATO,directo
05873,2020,2,16.638,78.572,0.0,804.751,,0.035349999999999944,SIN_DATO,directo
05873,2020,3,,,0.0,,,0.035349999999999944,SIN_DATO,directo
05873,2020,4,16.208,91.364,0.0,805.925,,0.035349999999999944,SIN_DATO,directo
05873,2020,5,,,10.4,,,0.035349999999999944,SIN_DATO,directo
05873,2020,6,,,99.2,,,,SIN_DATO,directo
05873,2020,7,,,0.0,,,,SIN_DATO,directo
05873,2020,8,,,0.0,,,,SIN_DATO,directo
05873,2020,9,,,18.2,,,,SIN_DATO,directo
05873,2020,10,,,10.6,,,,SIN_DATO,directo
05873,2020,11,,,5.0,,,,SIN_DATO,directo
05873,2020,12,,,24.4,,,,SIN_DATO,directo
05873,2020,13,,,106.0,,,,SIN_DATO,directo
05873,2020,14,,,3.8,,,,SIN_DATO,directo
05873,2020,15,,,14.4,,,,SIN_DATO,directo
05873,2020,16,,,0.0,,,,SIN_DATO,directo
05873,2020,17,,,102.8,,,,SIN_DATO,directo
05873,2020,18,,,278.8,,,,SIN_DATO,directo
05873,2020,19,,,136.4,,,,SIN_DATO,directo
05873,2020,20,,,46.4,,,,SIN_DATO,directo
05873,2020,21,,,39.8,,,,SIN_DATO,directo
05873,2020,22,,,166.4,,,,SIN_DATO,directo
05873,2020,23,,,28.8,,,,SIN_DATO,directo
05873,2020,24,,,70.4,,,,SIN_DATO,directo
05873,2020,25,,,27.6,,,,SIN_DATO,directo
05873,2020,26,,,75.6,,,,SIN_DATO,directo
05873,2020,27,,,196.8,,,,SIN_DATO,directo
05873,2020,28,,,119.0,,,,SIN_DATO,directo
05873,2020,29,,,87.2,,,,SIN_DATO,directo
05873,2020,30,,,43.6,,,,SIN_DATO,directo
05873,2020,31,,,0.0,,,,SIN_DATO,directo
05873,2020,32,,,0.4,,,,SIN_DATO,directo
05873,2020,33,,,0.0,,,,SIN_DATO,directo
05873,2020,34,,,0.0,,,,SIN_DATO,directo
05873,2020,35,,,0.0,,,,SIN_DATO,directo
05873,2020,36,,,0.2,,,,SIN_DATO,directo
05873,2020,37,,,0.2,,,,SIN_DATO,directo
05873,2020,38,,,0.0,,,,SIN_DATO,directo
05873,2020,39,,,0.0,,,,SIN_DATO,directo
05873,2020,40,,,0.0,,,,SIN_DATO,directo
05873,2020,41,,,0.0,,,,SIN_DATO,directo
05873,2020,42,,,1.6,,,,SIN_DATO,directo
05873,2020,43,,,0.2,,,,SIN_DATO,directo
05873,2020,44,,,0.4,,,,SIN_DATO,directo
05873,2020,45,,,0.0,,,,SIN_DATO,directo
05873,2020,46,,,0.0,,,,SIN_DATO,directo
05873,2020,47,,,0.0,,,,SIN_DATO,directo
05873,2020,48,,,0.0,,,,SIN_DATO,directo
05873,2020,49,,,0.0,,,,SIN_DATO,directo
05873,2020,50,,,0.0,,,,SIN_DATO,directo
05873,2020,51,,,0.0,,,,SIN_DATO,directo
05873,2020,52,,,0.6,,,,SIN_DATO,directo
05873,2021,1,,,0.0,,,,SIN_DATO,directo
05873,2021,2,,,0.0,,,,SIN_DATO,directo
05873,2021,3,,,0.0,,,,SIN_DATO,directo
05873,2021,4,,,0.2,,,,SIN_DATO,directo
05873,2021,5,,,0.2,,,,SIN_DATO,directo
05873,2021,6,,,0.0,,,,SIN_DATO,directo
05873,2021,7,,,0.0,,,,SIN_DATO,directo
05873,2021,8,,,5.8,,,,SIN_DATO,directo
05873,2021,9,,,1.0,,,,SIN_DATO,directo
05873,2021,10,,,1.6,,,,SIN_DATO,directo
05873,2021,11,,,0.6,,,,SIN_DATO,directo
05873,2021,12,,,0.0,,,,SIN_DATO,directo
05873,2021,13,,,0.4,,,,SIN_DATO,directo
05873,2021,14,,,0.6,,,,SIN_DATO,directo
05873,2021,15,,,0.4,,,,SIN_DATO,directo
05873,2021,16,,,0.2,,,,SIN_DATO,directo
05873,2021,17,,,0.4,,,,SIN_DATO,directo
05873,2021,18,,,0.0,,,,SIN_DATO,directo
05873,2021,19,,,0.8,,,,SIN_DATO,directo
05873,2021,20,,,1.0,,,,SIN_DATO,directo
05873,2021,21,,,0.8,,,,SIN_DATO,directo
05873,2021,22,,,0.0,,,,SIN_DATO,directo
05873,2021,23,,,0.0,,,,SIN_DATO,directo
05873,2021,24,,,0.2,,,,SIN_DATO,directo
05873,2021,25,,,0.4,,,,SIN_DATO,directo
05873,2021,26,,,0.6,,,,SIN_DATO,directo
05873,2021,27,,,0.6,,,,SIN_DATO,directo
05873,2021,28,,,1.6,,,,SIN_DATO,directo
05873,2021,29,,,0.6,,,,SIN_DATO,directo
05873,2021,30,,,0.6,,,,SIN_DATO,directo
05873,2021,31,,,0.2,,,,SIN_DATO,directo
05873,2021,32,,,0.0,,,,SIN_DATO,directo
05873,2021,33,,,0.6,,,,SIN_DATO,directo
05873,2021,34,,,0.6,,,,SIN_DATO,directo
05873,2021,35,,,0.2,,,,SIN_DATO,directo
05873,2021,36,,,0.6,,,,SIN_DATO,directo
05873,2021,37,,,0.8,,,,SIN_DATO,directo
05873,2021,38,,,1.6,,,,SIN_DATO,directo
05873,2021,39,,,1.2,,,,SIN_DATO,directo
05873,2021,40,,,1.4,,,,SIN_DATO,directo
05873,2021,41,,,0.6,,,,SIN_DATO,directo
05873,2021,42,,,1.2,,,,SIN_DATO,directo
05873,2021,43,,,0.4,,,,SIN_DATO,directo
05873,2021,44,,,1.0,,,,SIN_DATO,directo
05873,2021,45,,,0.4,,,,SIN_DATO,directo
05873,2021,46,,,0.4,,,,SIN_DATO,directo
05873,2021,47,,,0.8,,,,SIN_DATO,directo
05873,2021,48,,,0.6,,,,SIN_DATO,directo
05873,2021,49,,,1.2,,,,SIN_DATO,directo
05873,2021,50,,,1.0,,,,SIN_DATO,directo
05873,2021,51,,,1.2,,,,SIN_DATO,directo
05873,2021,52,,,0.8,,,,SIN_DATO,directo
05873,2022,1,,,0.0,,,,SIN_DATO,directo
05873,2022,4,,,0.6,,,,SIN_DATO,directo
05873,2022,5,,,0.2,,,,SIN_DATO,directo
05873,2022,6,,,0.0,,,,SIN_DATO,directo
05873,2022,7,,,0.0,,,,SIN_DATO,directo
05873,2022,8,,,0.4,,,,SIN_DATO,directo
05887,2018,1,,,,,,0.035349999999999944,IMPUTADO_PA,directo
05887,2018,2,,,,,,0.456,IMPUTADO_PA,directo
05887,2018,3,,,,,,5.92,IMPUTADO_PA,directo
05887,2018,4,,,,,,3.356,IMPUTADO_PA,directo
05887,2018,5,,,,,,2.58,IMPUTADO_PA,directo
05887,2018,6,,,,,,1.341,IMPUTADO_PA,directo
05887,2018,7,,,,,,2.864,IMPUTADO_PA,directo
05887,2018,8,,,,,,4.368,IMPUTADO_PA,directo
05887,2018,9,,,,,,6.334,IMPUTADO_PA,directo
05887,2018,10,,,,,,0.035349999999999944,IMPUTADO_PA,directo
05887,2018,11,,,,,,1.101,IMPUTADO_PA,directo
05887,2018,12,,,,,,3.959,IMPUTADO_PA,directo
05887,2018,13,,,,,,3.215,IMPUTADO_PA,directo
05887,2018,14,,,,,,4.663,IMPUTADO_PA,directo
05887,2018,15,,,,,,4.271,IMPUTADO_PA,directo
05887,2018,16,,,,,,2.621,IMPUTADO_PA,directo
05887,2018,17,,,,,,1.981,IMPUTADO_PA,directo
05887,2018,18,,,,,,2.792,IMPUTADO_PA,directo
05887,2018,19,,,,,,6.813,IMPUTADO_PA,directo
05887,2018,20,,,,,,1.389,IMPUTADO_PA,directo
05887,2018,21,,,,,,3.319,IMPUTADO_PA,directo
05887,2018,22,,,,,,4.029,IMPUTADO_PA,directo
05887,2018,23,,,,,,8.0,IMPUTADO_PA,directo
05887,2018,24,,,,,,2.634,IMPUTADO_PA,directo
05887,2018,25,,,,,,6.265,IMPUTADO_PA,directo
05887,2018,26,,,,,,7.053,IMPUTADO_PA,directo
05887,2018,27,,,,,,3.316,IMPUTADO_PA,directo
05887,2018,28,,,,,,2.892,IMPUTADO_PA,directo
05887,2018,29,,,,,,2.551,IMPUTADO_PA,directo
05887,2018,30,,,,,,2.762,IMPUTADO_PA,directo
05887,2018,31,,,,,,5.963,IMPUTADO_PA,directo
05887,2018,32,,,,,,4.166,IMPUTADO_PA,directo
05887,2018,33,,,,,,4.178,IMPUTADO_PA,directo
05887,2018,34,,,,,,0.255,IMPUTADO_PA,directo
05887,2018,35,,,,,,0.71,IMPUTADO_PA,directo
05887,2018,36,,,,,,9.681,IMPUTADO_PA,directo
05887,2018,37,,,,,,2.987,IMPUTADO_PA,directo
05887,2018,38,,,,,,1.266,IMPUTADO_PA,directo
05887,2018,39,,,,,,7.627,IMPUTADO_PA,directo
05887,2018,40,,,,,,4.313,IMPUTADO_PA,directo
05887,2018,41,,,,,,5.167,IMPUTADO_PA,directo
05887,2018,42,,,,,,3.102,IMPUTADO_PA,directo
05887,2018,43,,,,,,2.581,IMPUTADO_PA,directo
05887,2018,44,,,,,,3.011,IMPUTADO_PA,directo
05887,2018,45,,,,,,0.035349999999999944,IMPUTADO_PA,directo
05887,2018,46,,,,,,3.246,IMPUTADO_PA,directo
05887,2018,47,,,,,,4.354,IMPUTADO_PA,directo
05887,2018,48,,,,,,8.836,IMPUTADO_PA,directo
05887,2018,49,,,,,,3.748,IMPUTADO_PA,directo
05887,2018,50,,,,,,0.035349999999999944,IMPUTADO_PA,directo
05887,2018,51,,,,,,3.229,IMPUTADO_PA,directo
05887,2018,52,,,,,,11.4,IMPUTADO_PA,directo
05887,2019,10,21.693521739130436,89.893,0.0,824.09,,11.355228571428572,SIN_DATO,directo
05887,2019,11,21.63704347826087,88.619,0.0,823.689,,11.310457142857143,SIN_DATO,directo
05887,2019,12,21.580565217391303,90.934,0.0,824.814,,11.265685714285715,SIN_DATO,directo
05887,2019,13,21.52408695652174,92.107,0.0,824.346,,11.220914285714287,SIN_DATO,directo
05887,2019,14,13.192,88.173,0.0,825.43,,,SIN_DATO,directo
05887,2019,15,13.367,86.497,2.0,824.268,,,SIN_DATO,directo
05887,2019,16,13.469,90.582,80.2,824.457,,,SIN_DATO,directo
05887,2019,17,13.691,89.073,0.0,824.446,,,SIN_DATO,directo
05887,2019,18,14.074,81.56,0.0,823.552,,,SIN_DATO,directo
05887,2019,19,14.207,87.94,0.0,824.135,,,SIN_DATO,directo
05887,2019,20,13.57,80.904,0.0,824.573,,,SIN_DATO,directo
05887,2019,21,14.205,81.371,0.0,824.439,,,SIN_DATO,directo
05887,2019,22,13.314,85.696,0.0,824.96,,,SIN_DATO,directo
05887,2019,23,13.932,81.164,0.0,824.731,,,SIN_DATO,directo
05887,2019,24,14.026,83.423,0.0,825.098,,,SIN_DATO,directo
05887,2019,25,13.595,72.347,0.0,824.453,,,SIN_DATO,directo
05887,2019,26,13.772,78.446,0.0,823.963,,,SIN_DATO,directo
05887,2019,27,13.061,76.572,0.0,824.398,,,SIN_DATO,directo
05887,2019,28,13.502,81.917,0.0,824.574,,,SIN_DATO,directo
05887,2019,29,13.509,73.771,0.0,824.043,,,SIN_DATO,directo
05887,2019,30,13.385,83.029,0.0,825.199,,,SIN_DATO,directo
05887,2019,31,13.637,78.9935,0.0,824.21,,,SIN_DATO,directo
05887,2019,32,20.451,74.958,0.0,825.41,,,SIN_DATO,directo
05887,2019,33,19.464,79.707,0.0,824.816,,,SIN_DATO,directo
05887,2019,34,20.153,73.133,0.0,824.989,,,SIN_DATO,directo
05887,2019,35,20.002,76.044,0.0,824.251,,,SIN_DATO,directo
05887,2019,36,19.633,81.449,0.0,824.751,,,SIN_DATO,directo
05887,2019,37,20.136,80.603,0.0,824.068,,,SIN_DATO,directo
05887,2019,38,17.597,89.697,0.0,824.297,,,SIN_DATO,directo
05887,2019,39,19.291,85.034,0.0,824.978,,,SIN_DATO,directo
05887,2019,40,17.992,87.414,0.0,824.419,,,SIN_DATO,directo
05887,2019,41,18.356,86.895,0.0,823.19,,,SIN_DATO,directo
05887,2019,42,18.012,88.229,0.0,824.924,,,SIN_DATO,directo
05887,2019,43,18.054,88.946,0.0,824.072,,,SIN_DATO,directo
05887,2020,41,,,0.34444444444444444,,,9.833,SISAIRE_DIRECTO,directo
05887,2020,42,,,0.6888888888888889,,,10.388,SISAIRE_DIRECTO,directo
05887,2020,43,,,1.0333333333333332,,,9.643,SISAIRE_DIRECTO,directo
05887,2020,44,,,1.3777777777777778,,,8.669,SISAIRE_DIRECTO,directo
05887,2020,45,,,,,,8.008,SISAIRE_DIRECTO,directo
05887,2020,46,,,,,,6.979,SISAIRE_DIRECTO,directo
05887,2020,47,,,,,,6.17,SISAIRE_DIRECTO,directo
05887,2020,50,,,,,,9.129,SISAIRE_DIRECTO,directo
05887,2020,51,,,,,,11.88,SISAIRE_DIRECTO,directo
05887,2020,52,,,,,,11.725,SISAIRE_DIRECTO,directo
05887,2020,53,,,,,,14.674,SISAIRE_DIRECTO,directo
05887,2021,1,,,,,,12.845,SISAIRE_DIRECTO,directo
05887,2021,2,,,,,,11.494,SISAIRE_DIRECTO,directo
05887,2021,3,,,,,,15.354,SISAIRE_DIRECTO,directo
05887,2021,4,,,,,,14.816,SISAIRE_DIRECTO,directo
05887,2021,5,,,,,,13.136,SISAIRE_DIRECTO,directo
05887,2021,6,,,,,,15.0,SISAIRE_DIRECTO,directo
05887,2022,21,18.75,86.245,6.2,824.313,,15.0,SIN_DATO,directo
05887,2022,23,17.805,86.0,0.5,824.62,,15.0,SIN_DATO,directo
05887,2022,24,18.21,86.0,0.0,824.622,,15.0,SIN_DATO,directo
05887,2022,25,18.018,87.297,0.0,824.445,,15.0,SIN_DATO,directo
05887,2022,26,17.937,88.041,0.0,825.033,,,SIN_DATO,directo
05887,2022,27,19.14,84.482,0.0,824.605,,,SIN_DATO,directo
05887,2022,28,18.861,85.627,0.0,824.805,,,SIN_DATO,directo
05887,2022,29,18.806,85.012,0.0,824.329,,,SIN_DATO,directo
05887,2022,30,18.356,84.922,0.0,824.861,,,SIN_DATO,directo
05887,2022,31,18.676,84.992,0.0,823.798,,,SIN_DATO,directo
05887,2022,32,19.375,82.466,0.0,824.641,,,SIN_DATO,directo
05887,2022,33,18.916,83.451,0.0,824.65,,,SIN_DATO,directo
05887,2022,34,17.87,86.102,0.0,824.863,,,SIN_DATO,directo
05887,2022,35,18.8,84.039,0.0,824.352,,,SIN_DATO,directo
05887,2022,36,19.231,83.571,0.0,825.304,,,SIN_DATO,directo
05887,2022,37,18.394,84.872,0.0,824.72,,,SIN_DATO,directo
05887,2022,38,17.661,86.259,0.0,824.622,,,SIN_DATO,directo
05887,2022,39,18.467,84.172,0.0,824.513,,,SIN_DATO,directo
05887,2022,40,18.265,85.643,0.0,823.982,,,SIN_DATO,directo
05887,2022,41,18.392,85.457,0.0,824.79,,,SIN_DATO,directo
05887,2022,42,17.901,86.967,0.0,824.503,,,SIN_DATO,directo
05887,2022,43,17.542,88.111,0.0,824.325,,,SIN_DATO,directo
05887,2022,44,17.802,85.25,0.0,824.761,,,SIN_DATO,directo
05887,2022,48,16.988,82.9,0.0,823.335,,,SIN_DATO,directo
05887,2022,49,16.094,86.844,0.0,824.1,,,SIN_DATO,directo
05887,2022,50,17.888,85.621,0.0,823.431,,,SIN_DATO,directo
05887,2022,51,18.772,83.681,0.0,823.883,,,SIN_DATO,directo
05887,2022,52,17.414,87.045,0.0,824.825,,,SIN_DATO,directo
05887,2023,3,17.776,83.512,0.0,824.114,,,SIN_DATO,directo
05887,2023,4,18.504,80.319,0.0,823.428,,,SIN_DATO,directo
05887,2023,5,18.267,80.774,0.0,824.307,,,SIN_DATO,directo
05887,2023,6,18.855,84.309,0.0,823.089,,,SIN_DATO,directo
05887,2023,7,18.398,85.363,0.0,823.354,,,SIN_DATO,directo
05887,2023,8,18.143,84.078,0.0,824.767,,,SIN_DATO,directo
05887,2023,9,19.858,82.19,0.0,823.524,,,SIN_DATO,directo
05887,2023,10,17.858,84.964,0.0,824.874,,,SIN_DATO,directo
05887,2023,11,17.134,86.86,0.0,825.687,,,SIN_DATO,directo
05890,2018,1,18.988,82.122,10.0,,0.0,11.971,SIN_DATO,directo
05890,2018,2,18.311,88.655,30.4,,0.0,13.672,SIN_DATO,directo
05890,2018,3,18.181,87.264,20.5,,0.0,18.398,SIN_DATO,directo
05890,2018,4,19.958,86.391,28.7,,0.0,10.296,SIN_DATO,directo
05890,2018,5,19.884,87.474,24.1,,0.0,17.086,SIN_DATO,directo
05890,2018,6,19.739,82.018,0.1,,0.0,7.777,SIN_DATO,directo
05890,2018,7,19.803,81.612,15.0,,0.0,11.75,SIN_DATO,directo
05890,2018,8,18.828,76.936,11.0,,0.0,7.073,SIN_DATO,directo
05890,2018,9,18.922,81.587,28.1,,0.0,13.972,SIN_DATO,directo
05890,2018,10,20.575,80.886,21.2,,0.0,11.123,SIN_DATO,directo
05890,2018,11,20.331,85.623,55.5,,0.0,11.446,SIN_DATO,directo
05890,2018,12,20.0,86.738,13.2,,0.0,19.736,SIN_DATO,directo
05890,2018,13,19.31,86.263,108.0,,0.0,11.94,SIN_DATO,directo
05890,2018,14,18.681,88.692,25.1,,0.0,19.048,SIN_DATO,directo
05890,2018,15,19.207,87.395,15.3,,0.0,10.953,SIN_DATO,directo
05890,2018,16,20.343,86.664,67.3,,0.0,14.336,SIN_DATO,directo
05890,2018,17,19.321,88.283,166.7,,0.0,13.792,SIN_DATO,directo
05890,2018,18,19.779,86.209,25.1,,0.0,18.254,SIN_DATO,directo
05890,2018,19,19.391,86.691,123.8,,0.0,12.772,SIN_DATO,directo
05890,2018,20,19.556,82.139,141.6,,0.0,16.478,SIN_DATO,directo
05890,2018,21,19.647,88.3,66.2,,0.0,16.196,SIN_DATO,directo
05890,2018,22,19.889,86.229,138.0,,0.0,10.383,SIN_DATO,directo
05890,2018,23,20.915,86.804,4.8,,0.0,19.399,SIN_DATO,directo
05890,2018,24,20.427,86.906,18.3,,0.0,20.12,SIN_DATO,directo
05890,2018,25,20.022,82.757,19.9,,0.0,15.086,SIN_DATO,directo
05890,2018,26,19.308,85.645,45.4,,0.0,10.055,SIN_DATO,directo
05890,2018,27,20.328,85.262,5.1,,0.0,18.8,SIN_DATO,directo
05890,2018,28,21.461,75.247,0.6,,0.0,13.923,SIN_DATO,directo
05890,2018,29,21.007,77.429,78.7,,0.0,15.0,SIN_DATO,directo
05890,2018,30,19.77,85.74,96.8,,0.0,13.329,SIN_DATO,directo
05890,2018,31,19.283,86.773,95.0,,0.0,10.238,SIN_DATO,directo
05890,2018,32,22.17,63.218,0.0,,0.0,12.704,SIN_DATO,directo
05890,2018,33,20.148,79.484,89.3,,0.0,12.423,SIN_DATO,directo
05890,2018,34,20.688,79.439,134.8,,0.0,12.509,SIN_DATO,directo
05890,2018,35,20.78,78.912,23.1,,0.0,13.926,SIN_DATO,directo
05890,2018,36,19.666,83.896,180.2,,0.0,16.578,SIN_DATO,directo
05890,2018,37,19.46,87.756,50.5,,0.0,12.267,SIN_DATO,directo
05890,2018,38,20.563,82.422,71.3,,0.0,13.106,SIN_DATO,directo
05890,2018,39,20.085,85.653,103.7,,0.0,19.842,SIN_DATO,directo
05890,2018,40,19.434,85.355,71.9,,0.0,7.384,SIN_DATO,directo
05890,2018,41,18.576,89.74,126.6,,0.0,18.6,SIN_DATO,directo
05890,2018,42,19.183,88.035,113.3,,0.0,17.715,SIN_DATO,directo
05890,2018,43,19.524,88.699,13.6,,0.0,8.458,SIN_DATO,directo
05890,2018,44,19.236,89.726,62.3,,0.0,7.447,SIN_DATO,directo
05890,2018,45,19.049,90.835,80.7,,0.0,18.801,SIN_DATO,directo
05890,2018,46,20.115,87.69,29.6,,0.0,9.226,SIN_DATO,directo
05890,2018,47,19.902,88.783,78.9,,0.0,13.764,SIN_DATO,directo
05890,2018,48,19.196,87.746,19.5,,0.0,19.22,SIN_DATO,directo
05890,2018,49,18.961,86.443,5.7,,0.0,15.848,SIN_DATO,directo
05890,2018,50,19.767,88.755,63.7,,0.0,15.467,SIN_DATO,directo
05890,2018,51,19.335,89.068,20.5,,0.0,17.198,SIN_DATO,directo
05890,2018,52,20.264,85.019,0.2,,0.0,17.117,SIN_DATO,directo
05890,2019,1,20.861,75.971,3.4,,0.0,10.087,SIN_DATO,directo
05890,2019,2,18.363,85.504,14.7,,0.0,8.643,SIN_DATO,directo
05890,2019,3,19.732,86.656,32.7,,0.0,10.793,SIN_DATO,directo
05890,2019,4,20.862,83.87,57.0,,0.0,0.035349999999999944,SIN_DATO,directo
05890,2019,5,19.648,85.234,0.5,,,10.428,SIN_DATO,directo
05890,2019,6,20.086,85.011,0.8,,,8.877,SIN_DATO,directo
05890,2019,7,20.904,84.042,0.0,,,9.111,SIN_DATO,directo
05893,2019,10,21.762,93.268,33.4,916.021,25.723,0.035349999999999944,SIN_DATO,directo
05893,2019,11,22.332,90.982,2.4,915.83,36.07,5.086,SIN_DATO,directo
05893,2019,12,20.862,95.941,9.2,917.427,37.849,1.223,SIN_DATO,directo
05893,2019,13,20.9303,95.84985,55.6,916.769,19.815,0.035349999999999944,SIN_DATO,directo
05893,2019,14,20.9986,95.7587,19.2,917.917,42.706,6.166,SIN_DATO,directo
05893,2019,15,21.0669,95.66755,82.2,916.61,29.284,5.414,SIN_DATO,directo
05893,2019,16,21.135199999999998,95.5764,87.0,916.942,13.739,0.035349999999999944,SIN_DATO,directo
05893,2019,17,,,147.8,917.023,26.792,4.15,SIN_DATO,directo
05893,2019,18,,,13.2,915.596,30.114,0.035349999999999944,SIN_DATO,directo
05893,2019,19,,,74.8,916.511,37.007,4.1,SIN_DATO,directo
05893,2019,20,,,14.4,917.222,39.234,4.175,SIN_DATO,directo
05893,2019,21,,,89.0,917.059,28.695,3.728,SIN_DATO,directo
05893,2019,22,,,95.2,917.782,21.926,7.398,SIN_DATO,directo
05893,2019,23,,,36.6,917.314,32.543,13.479,SIN_DATO,directo
05893,2019,24,,,174.6,917.632,33.718,5.023,SIN_DATO,directo
05893,2019,25,,,2.4,916.923,35.815,10.222,SIN_DATO,directo
05893,2019,26,,,59.6,916.336,40.607,0.035349999999999944,SIN_DATO,directo
05893,2019,27,,,25.2,916.897,30.44,2.516,SIN_DATO,directo
05893,2019,28,,,126.4,917.274,33.727,0.035349999999999944,SIN_DATO,directo
05893,2019,29,,,25.4,916.664,30.386,1.437,SIN_DATO,directo
05893,2019,30,,,17.0,917.964,44.697,2.713,SIN_DATO,directo
05893,2019,31,,,12.6,916.909,29.965,10.587,SIN_DATO,directo
05893,2019,32,22.228,94.118,0.4,917.943,26.671,3.922,SIN_DATO,directo
05893,2019,33,21.365,95.208,18.8,917.61,27.02,7.543,SIN_DATO,directo
05893,2019,34,22.17,93.071,6.6,917.476,37.275,2.236,SIN_DATO,directo
05893,2019,35,21.968,92.426,70.0,916.629,29.304,1.83,SIN_DATO,directo
05893,2019,36,21.774,92.381,180.6,917.121,35.123,0.035349999999999944,SIN_DATO,directo
05893,2019,37,22.502,92.806,124.2,916.012,35.256,10.444,SIN_DATO,directo
05893,2019,38,20.602,94.95,8.8,917.358,22.964,8.779,SIN_DATO,directo
05893,2019,39,21.37,93.786,24.8,917.646,22.203,4.521,SIN_DATO,directo
05893,2019,40,21.055,94.339,56.8,917.148,35.656,2.909,SIN_DATO,directo
05893,2019,41,20.808,95.18,51.2,915.915,18.521,4.054,SIN_DATO,directo
05893,2019,42,20.708,93.28,160.2,917.939,18.768,0.035349999999999944,SIN_DATO,directo
05893,2019,43,20.657,94.235,37.6,916.977,45.786,5.408,SIN_DATO,directo
05893,2019,44,21.704,93.28,78.8,916.217,14.731,8.434,SIN_DATO,directo
05893,2019,45,21.614,91.869,25.2,914.992,36.944,8.638,SIN_DATO,directo
05893,2019,46,21.051,93.071,18.4,916.732,27.222,0.035349999999999944,SIN_DATO,directo
05893,2019,47,20.802,93.179,22.4,917.182,33.917,7.506,SIN_DATO,directo
05893,2019,48,21.88,92.964,31.6,915.463,34.39,0.035349999999999944,SIN_DATO,directo
05893,2019,49,21.513,94.292,111.2,917.314,27.852,0.035349999999999944,SIN_DATO,directo
05893,2019,50,21.336,92.0,3.6,916.403,29.744,7.654,SIN_DATO,directo
05893,2019,51,21.649,95.315,6.2,915.183,36.575,1.966,SIN_DATO,directo
05893,2019,52,21.513,96.958,3.6,915.461,39.874,7.087,SIN_DATO,directo
05893,2020,1,,,4.0,917.763,,,SIN_DATO,directo
05893,2020,2,,,0.0,916.823,,,SIN_DATO,directo
05893,2020,3,,,0.0,915.119,,,SIN_DATO,directo
05893,2020,4,,,12.8,917.595,,,SIN_DATO,directo
05893,2020,5,,,27.8,917.846,,,SIN_DATO,directo
05893,2020,6,,,0.0,917.11,,,SIN_DATO,directo
05893,2020,7,,,0.0,915.703,,,SIN_DATO,directo
05893,2020,8,,,25.6,916.38,,,SIN_DATO,directo
05893,2020,9,,,4.0,917.971,,,SIN_DATO,directo
05893,2020,10,,,0.0,916.737,,,SIN_DATO,directo
05893,2020,11,,,6.8,917.226,,,SIN_DATO,directo
05893,2020,12,,,1.0,918.29,,,SIN_DATO,directo
05893,2020,13,,,0.8,916.535,,,SIN_DATO,directo
05893,2020,14,,,142.2,916.392,,,SIN_DATO,directo
05893,2020,15,,,63.4,916.972,,,SIN_DATO,directo
05893,2020,16,,,88.4,918.441,,,SIN_DATO,directo
05893,2020,17,,,84.8,917.786,,,SIN_DATO,directo
05893,2020,18,,,73.8,917.661,,,SIN_DATO,directo
05893,2020,19,,,161.4,916.67,,,SIN_DATO,directo
05893,2020,20,,,140.2,917.398,,,SIN_DATO,directo
05893,2020,21,,,97.8,917.31,,,SIN_DATO,directo
05893,2020,22,,,41.2,918.043,,,SIN_DATO,directo
05893,2020,23,,,7.6,918.519,,,SIN_DATO,directo
05893,2020,24,,,83.2,918.014,,,SIN_DATO,directo
05893,2020,25,,,19.4,917.635,,,SIN_DATO,directo
05893,2020,26,,,26.8,916.543,,,SIN_DATO,directo
05893,2020,27,,,152.6,916.836,,,SIN_DATO,directo
05893,2020,28,,,117.4,917.657,,,SIN_DATO,directo
05893,2020,29,,,0.0,916.703,,,SIN_DATO,directo
05893,2020,30,,,184.4,917.433,,,SIN_DATO,directo
05893,2020,31,,,165.4,917.161,,,SIN_DATO,directo
05893,2020,32,,,24.0,917.808,,,SIN_DATO,directo
05893,2020,33,,,41.8,915.627,,,SIN_DATO,directo
05893,2020,34,,,119.6,917.61,,,SIN_DATO,directo
05893,2020,35,,,22.4,917.713,,,SIN_DATO,directo
05893,2020,36,,,101.2,917.041,,,SIN_DATO,directo
05893,2020,37,,,29.4,916.888,,,SIN_DATO,directo
05893,2020,38,,,64.0,,,,SIN_DATO,directo
05893,2020,39,,,50.2,,,,SIN_DATO,directo
05893,2020,40,,,105.0,,,,SIN_DATO,directo
05893,2020,41,,,199.4,,,,SIN_DATO,directo
05893,2020,42,,,62.6,,,9.818,SISAIRE_DIRECTO,directo
05893,2020,43,,,34.8,,,8.757,SISAIRE_DIRECTO,directo
05893,2020,44,,,6.6,,,9.4,SISAIRE_DIRECTO,directo
05893,2020,45,,,0.2,,,9.011,SIN_DATO,directo
05893,2020,46,,,77.8,,,8.622,SISAIRE_DIRECTO,directo
05893,2020,47,,,0.0,,,12.211,SISAIRE_DIRECTO,directo
05893,2020,48,,,22.4,,,15.118333333333334,SIN_DATO,directo
05893,2020,49,,,27.4,,,18.025666666666666,SIN_DATO,directo
05893,2020,50,,,0.2,,,20.933,SISAIRE_DIRECTO,directo
05893,2020,51,,,0.6,,,22.237,SISAIRE_DIRECTO,directo
05893,2020,52,,,13.6,,,20.528,SISAIRE_DIRECTO,directo
05893,2020,53,,,7.6,,,20.163,SISAIRE_DIRECTO,directo
05893,2021,1,,,1.6,,,19.229,SISAIRE_DIRECTO,directo
05893,2021,2,,,19.8,,,24.439,SISAIRE_DIRECTO,directo
05893,2021,3,,,0.8,,,25.406,SISAIRE_DIRECTO,directo
05893,2021,4,,,0.0,,,28.275,SISAIRE_DIRECTO,directo
05893,2021,5,,,9.6,,,23.674,SISAIRE_DIRECTO,directo
05893,2021,6,,,32.0,,,21.591,SISAIRE_DIRECTO,directo
05893,2021,7,,,6.6,,,23.331,SISAIRE_DIRECTO,directo
05893,2021,8,,,8.8,,,26.605,SISAIRE_DIRECTO,directo
05893,2021,9,,,8.4,,,32.49740000000006,SISAIRE_DIRECTO,directo
05893,2021,10,,,32.0,,,25.543,SISAIRE_DIRECTO,directo
05893,2021,11,,,136.4,,,22.201,SISAIRE_DIRECTO,directo
05893,2021,12,,,43.4,,,21.171,SISAIRE_DIRECTO,directo
05893,2021,13,,,0.4,,,18.703,SIN_DATO,directo
05893,2021,24,,,0.0,,,16.235,SISAIRE_DIRECTO,directo
05893,2021,25,,,0.0,,,12.055,SISAIRE_DIRECTO,directo
05893,2021,26,,,0.4,,,13.516,SISAIRE_DIRECTO,directo
05893,2021,27,,,0.8,916.45225,,14.252,SISAIRE_DIRECTO,directo
05893,2021,28,,,0.0,,,17.525,SISAIRE_DIRECTO,directo
05893,2021,29,,,0.0,,,14.911,SISAIRE_DIRECTO,directo
05893,2021,30,,,0.0,,,10.652,SISAIRE_DIRECTO,directo
05893,2021,31,,,18.0,,,13.146,SISAIRE_DIRECTO,directo
05893,2021,32,,,85.6,,,11.045,SISAIRE_DIRECTO,directo
05893,2021,33,,,101.6,,,11.659,SISAIRE_DIRECTO,directo
05893,2021,34,,,29.2,916.471,,12.466,SISAIRE_DIRECTO,directo
05893,2021,35,,,8.6,917.796,,12.304,SISAIRE_DIRECTO,directo
05893,2021,36,,,3.0,918.097,,12.556,SISAIRE_DIRECTO,directo
05893,2021,37,,,22.6,918.351,,14.185,SISAIRE_DIRECTO,directo
05893,2021,38,,,23.2,917.427,,14.139,SISAIRE_DIRECTO,directo
05893,2021,39,,,4.4,916.983,,13.479,SISAIRE_DIRECTO,directo
05893,2021,40,,,90.2,916.139,,12.232,SISAIRE_DIRECTO,directo
05893,2021,41,,,33.0,917.423,,11.419,SISAIRE_DIRECTO,directo
05893,2021,42,,,36.6,918.246,,10.994,SISAIRE_DIRECTO,directo
05893,2021,43,,,18.2,918.109,,12.969,SISAIRE_DIRECTO,directo
05893,2021,44,,,13.6,917.621,,15.274,SISAIRE_DIRECTO,directo
05893,2021,45,,,9.0,917.04,,15.58,SISAIRE_DIRECTO,directo
05893,2021,46,,,4.5,916.442,,14.006,SISAIRE_DIRECTO,directo
05893,2021,47,,,0.0,917.21,,9.957,SISAIRE_DIRECTO,directo
05893,2021,48,,,0.0,916.445,,12.396,SISAIRE_DIRECTO,directo
05893,2021,49,,,0.0,916.194,,13.46,SISAIRE_DIRECTO,directo
05893,2021,50,,,0.0,916.362,,12.704,SISAIRE_DIRECTO,directo
05893,2021,51,,,0.0,917.228,,12.361,SISAIRE_DIRECTO,directo
05893,2021,52,,,0.0,916.845,,15.0,SISAIRE_DIRECTO,directo
05893,2022,1,,,0.0,918.06,,16.856,SISAIRE_DIRECTO,directo
05893,2022,2,,,0.0,,,13.553,SISAIRE_DIRECTO,directo
05893,2022,3,,,0.0,,,18.168,SISAIRE_DIRECTO,directo
05893,2022,4,,,0.0,917.894,,15.757,SISAIRE_DIRECTO,directo
05893,2022,5,,,0.0,917.233,,16.83,SISAIRE_DIRECTO,directo
05893,2022,6,,,0.0,916.304,,14.0,SISAIRE_DIRECTO,directo
05893,2022,7,,,0.0,917.034,,20.396,SISAIRE_DIRECTO,directo
05893,2022,8,,,0.0,916.963,,23.508,SISAIRE_DIRECTO,directo
05893,2022,9,,,0.0,,,9.449,SISAIRE_DIRECTO,directo
05893,2022,10,,,0.0,,,14.322,SISAIRE_DIRECTO,directo
05893,2022,11,,,0.0,,,19.066,SISAIRE_DIRECTO,directo
05893,2022,12,,,0.0,,,21.598,SISAIRE_DIRECTO,directo
05893,2022,13,,,0.0,,,14.246,SISAIRE_DIRECTO,directo
05893,2022,14,,,0.0,,,8.0,SISAIRE_DIRECTO,directo
05893,2022,15,,,0.0,,,15.583,SISAIRE_DIRECTO,directo
05893,2022,16,,,0.0,,,10.456,SISAIRE_DIRECTO,directo
05893,2022,17,,,0.0,,,10.717,SISAIRE_DIRECTO,directo
05893,2022,18,,,0.0,,,11.735,SISAIRE_DIRECTO,directo
05893,2022,19,,,,,,9.254,SISAIRE_DIRECTO,directo
05893,2022,20,,,,,,7.93,SISAIRE_DIRECTO,directo
05893,2022,21,,,,,,10.977,SISAIRE_DIRECTO,directo
05893,2022,22,,,0.0,,,8.88,SISAIRE_DIRECTO,directo
05893,2022,23,,,0.0,,,8.704,SISAIRE_DIRECTO,directo
05893,2022,24,,,0.0,,,9.074,SISAIRE_DIRECTO,directo
05893,2022,25,,,0.0,,,9.331,SISAIRE_DIRECTO,directo
05893,2022,26,,,0.0,,,8.466,SISAIRE_DIRECTO,directo
05893,2022,27,,,0.0,,,9.718,SISAIRE_DIRECTO,directo
05893,2022,28,,,0.0,,,12.667,SISAIRE_DIRECTO,directo
05893,2022,29,,,0.0,,,9.066,SISAIRE_DIRECTO,directo
05893,2022,30,,,0.0,,,9.038,SISAIRE_DIRECTO,directo
05893,2022,31,,,0.0,,,8.406,SISAIRE_DIRECTO,directo
05893,2022,32,,,0.0,,,9.075,SISAIRE_DIRECTO,directo
05893,2022,33,,,0.0,,,12.927,SISAIRE_DIRECTO,directo
05893,2022,34,,,0.0,,,10.863,SISAIRE_DIRECTO,directo
05893,2022,35,,,0.0,,,9.924,SISAIRE_DIRECTO,directo
05893,2022,36,,,0.0,,,13.524,SISAIRE_DIRECTO,directo
05893,2022,43,,,0.0,,,9.238,SISAIRE_DIRECTO,directo
05893,2022,44,,,0.0,,,12.252,SISAIRE_DIRECTO,directo
05893,2022,45,,,0.0,,,8.088,SISAIRE_DIRECTO,directo
05893,2022,46,,,,,,10.764,SISAIRE_DIRECTO,directo
05893,2022,47,,,,,,12.146,SISAIRE_DIRECTO,directo
05893,2022,48,,,,,,11.37,SISAIRE_DIRECTO,directo
05893,2022,49,,,,,,15.378,SISAIRE_DIRECTO,directo
05893,2022,50,,,,,,15.562,SISAIRE_DIRECTO,directo
05893,2022,51,,,,,,20.291,SISAIRE_DIRECTO,directo
05893,2022,52,,,,,,19.956,SISAIRE_DIRECTO,directo
05893,2023,3,,,,,,16.811,SISAIRE_DIRECTO,directo
05893,2023,4,,,,,,18.254,SISAIRE_DIRECTO,directo
05893,2023,5,,,,,,20.291,SISAIRE_DIRECTO,directo
05893,2023,6,,,,,,19.661,SISAIRE_DIRECTO,directo
05893,2023,7,,,,,,16.441,SISAIRE_DIRECTO,directo
05893,2023,8,,,,,,20.881,SISAIRE_DIRECTO,directo
05893,2023,9,,,,,,22.964,SISAIRE_DIRECTO,directo
05893,2023,11,,,,,,15.099,SISAIRE_DIRECTO,directo
05893,2023,12,,,,,,30.795,SISAIRE_DIRECTO,directo
05893,2023,13,,,,,,19.273,SISAIRE_DIRECTO,directo
05893,2023,14,,,,,,16.615,SISAIRE_DIRECTO,directo
05893,2023,15,,,,,,15.873,SISAIRE_DIRECTO,directo
05893,2023,16,,,19.5,,,11.577,SISAIRE_DIRECTO,directo
05893,2023,17,,,55.0,,,11.526,SISAIRE_DIRECTO,directo
05893,2023,18,,,19.3,,,16.823,SISAIRE_DIRECTO,directo
05893,2023,19,,,3.5,,,13.628,SISAIRE_DIRECTO,directo
05893,2023,20,,,8.6,,,8.107,SISAIRE_DIRECTO,directo
05893,2023,21,,,25.5,,,7.786,SISAIRE_DIRECTO,directo
05893,2023,22,,,95.9,,,9.123,SISAIRE_DIRECTO,directo
05893,2023,23,,,63.7,,,8.839,SISAIRE_DIRECTO,directo
05893,2023,24,,,15.0,,,9.007,SISAIRE_DIRECTO,directo
05893,2023,25,,,7.4,,,10.135,SISAIRE_DIRECTO,directo
05893,2023,26,,,15.1,,,8.432,SISAIRE_DIRECTO,directo
05893,2023,27,,,52.6,,,7.546,SISAIRE_DIRECTO,directo
05893,2023,28,,,29.0,,,6.692,SISAIRE_DIRECTO,directo
05893,2023,30,,,26.8,,,9.15,SISAIRE_DIRECTO,directo
05893,2023,31,,,0.0,,,11.008,SISAIRE_DIRECTO,directo
05893,2023,32,,,59.7,,,8.678,SISAIRE_DIRECTO,directo
05893,2023,33,,,42.0,,,7.308,SISAIRE_DIRECTO,directo
05893,2023,34,,,110.9,,,6.905,SISAIRE_DIRECTO,directo
05893,2023,35,,,24.7,,,13.043,SISAIRE_DIRECTO,directo
05893,2023,36,,,4.3,,,10.329,SISAIRE_DIRECTO,directo
05893,2023,37,,,3.9,,,7.06,SISAIRE_DIRECTO,directo
05893,2023,38,,,27.8,,,12.118,SISAIRE_DIRECTO,directo
05893,2023,39,,,15.9,,,8.857,SISAIRE_DIRECTO,directo
05893,2023,40,,,78.4,,,7.126,SISAIRE_DIRECTO,directo
05893,2023,41,,,11.9,,,9.645,SISAIRE_DIRECTO,directo
05893,2023,42,,,8.5,,,8.487,SISAIRE_DIRECTO,directo
05893,2023,43,,,26.6,,,7.912,SISAIRE_DIRECTO,directo
05893,2023,44,,,23.0,,,7.082,SISAIRE_DIRECTO,directo
05893,2023,45,,,54.3,,,8.144,SISAIRE_DIRECTO,directo
05893,2023,46,,,43.9,,,9.571,SISAIRE_DIRECTO,directo
05893,2023,47,,,9.2,,,8.631,SISAIRE_DIRECTO,directo
05893,2023,48,,,33.3,,,13.7,SISAIRE_DIRECTO,directo
05893,2023,49,,,0.0,,,16.533,SISAIRE_DIRECTO,directo
05893,2023,50,,,21.2,,,11.286,SISAIRE_DIRECTO,directo
05893,2023,51,,,3.2,,,11.267,SISAIRE_DIRECTO,directo
05893,2023,52,,,74.5,,,9.145,SISAIRE_DIRECTO,directo
05895,2018,1,,,4.0,,13.401,18.197,SIN_DATO,directo
05895,2018,3,,,0.0,,38.838,20.21,SIN_DATO,directo
05895,2018,4,,,0.0,,37.934,21.182,SIN_DATO,directo
05895,2018,5,,,0.0,,29.974,17.091,SIN_DATO,directo
05895,2018,6,,,0.2,,38.182,19.034,SIN_DATO,directo
05895,2018,7,,,0.5,,33.37,17.217,SIN_DATO,directo
05895,2018,8,,,0.3,,42.0,17.389,SIN_DATO,directo
05895,2018,9,,,0.0,,30.92,19.869,SIN_DATO,directo
05895,2018,10,,,93.8,,23.073,18.432,SIN_DATO,directo
05895,2018,11,,,0.0,,31.485,21.576,SIN_DATO,directo
05895,2018,12,,,53.0,,0.0,17.647,SIN_DATO,directo
05895,2018,13,,,0.0,,32.057,20.267,SIN_DATO,directo
05895,2018,14,,,2.3,,0.0,18.672,SIN_DATO,directo
05895,2018,15,,,40.6,,6.436,19.907,SIN_DATO,directo
05895,2018,16,,,37.2,,32.895,17.709,SIN_DATO,directo
05895,2018,17,,,22.9,,33.209,18.412,SIN_DATO,directo
05895,2018,41,,,0.0,,40.837,22.043,SIN_DATO,directo
05895,2018,42,,,38.9,,22.384,19.957,SIN_DATO,directo
05895,2018,43,,,84.7,,10.166,18.8,SIN_DATO,directo
05895,2018,44,,,39.1,,32.799,17.724,SIN_DATO,directo
05895,2018,45,,,98.3,,33.036,17.802,SIN_DATO,directo
05895,2018,46,,,87.9,,8.78,14.735,SIN_DATO,directo
05895,2018,47,,,61.4,,30.191,18.956,SIN_DATO,directo
05895,2018,48,,,35.0,,36.348,19.995,SIN_DATO,directo
05895,2018,49,,,0.0,,31.954,15.714,SIN_DATO,directo
05895,2018,50,,,0.5,,35.087,17.33,SIN_DATO,directo
05895,2018,51,,,9.6,,10.319,16.453,SIN_DATO,directo
05895,2018,52,,,0.0,,31.427,16.793,SIN_DATO,directo
05895,2019,1,,,0.0,,23.369,11.01,IMPUTADO_PA,directo
05895,2019,2,,,5.9,,21.177,5.183,IMPUTADO_PA,directo
05895,2019,3,,,3.6,,37.639,10.054,IMPUTADO_PA,directo
05895,2019,4,,,0.5,,45.044,5.422,IMPUTADO_PA,directo
05895,2019,5,,,17.3,,48.877,3.296,IMPUTADO_PA,directo
05895,2019,6,,,0.0,,43.043,6.79,IMPUTADO_PA,directo
05895,2019,7,,,0.0,,25.715,8.318,IMPUTADO_PA,directo
05895,2019,8,,,10.6,,31.34,1.495,IMPUTADO_PA,directo
05895,2019,9,,,2.0,,36.378,4.007,IMPUTADO_PA,directo
05895,2019,10,21.762,93.268,18.7,,28.524,8.036,IMPUTADO_PA,directo
05895,2019,11,22.332,90.982,14.9,,28.641,6.582,IMPUTADO_PA,directo
05895,2019,12,20.862,95.941,17.1,,37.07,9.372,IMPUTADO_PA,directo
05895,2019,13,20.9303,95.84985,74.7,,26.329,3.78,IMPUTADO_PA,directo
05895,2019,14,20.9986,95.7587,81.1,,18.179,10.481,IMPUTADO_PA,directo
05895,2019,15,21.0669,95.66755,70.96249999999999,,22.008,3.887,IMPUTADO_PA,directo
05895,2019,16,21.135199999999998,95.5764,60.824999999999996,,34.761,13.708,IMPUTADO_PA,directo
05895,2019,17,,,50.6875,,27.086,2.039,IMPUTADO_PA,directo
05895,2019,18,,,40.55,,31.188,4.204,IMPUTADO_PA,directo
05895,2019,19,,,,,35.201,9.45,IMPUTADO_PA,directo
05895,2019,20,,,,,22.49,13.782,IMPUTADO_PA,directo
05895,2019,21,,,,,36.249,9.095,IMPUTADO_PA,directo
05895,2019,22,,,0.0,,31.658,9.956,IMPUTADO_PA,directo
05895,2019,23,,,0.0,,12.03,8.061,IMPUTADO_PA,directo
05895,2019,24,,,0.0,,44.594,4.434,IMPUTADO_PA,directo
05895,2019,25,,,0.3,,20.959,6.297,IMPUTADO_PA,directo
05895,2019,26,,,45.9,,6.917,3.789,IMPUTADO_PA,directo
05895,2019,27,,,55.1,,14.338,3.557,IMPUTADO_PA,directo
05895,2019,28,,,53.6,,14.63,9.396,IMPUTADO_PA,directo
05895,2019,29,,,52.0,,27.685,4.098,IMPUTADO_PA,directo
05895,2019,30,,,69.2,,23.719,9.11,IMPUTADO_PA,directo
05895,2019,31,,,59.9,,22.953,3.477,IMPUTADO_PA,directo
05895,2019,32,22.228,94.118,17.3,,34.588,9.03,IMPUTADO_PA,directo
05895,2019,33,21.365,95.208,60.8,,31.184,6.302,IMPUTADO_PA,directo
05895,2019,34,22.17,93.071,67.8,,30.894,12.887,IMPUTADO_PA,directo
05895,2019,35,21.968,92.426,74.1,,32.035,9.125,IMPUTADO_PA,directo
05895,2019,36,21.774,92.381,104.7,,34.545,12.294,IMPUTADO_PA,directo
05895,2019,37,22.502,92.806,121.2,,1.409,5.374,IMPUTADO_PA,directo
05895,2019,38,20.602,94.95,20.8,,22.617,8.195,IMPUTADO_PA,directo
05895,2019,39,21.37,93.786,49.6,,0.53,4.591,IMPUTADO_PA,directo
05895,2019,40,21.055,94.339,23.0,,27.489,6.563,IMPUTADO_PA,directo
05895,2019,41,20.808,95.18,18.3,,26.994,7.089,IMPUTADO_PA,directo
05895,2019,42,20.708,93.28,16.266666666666666,,39.768,5.478,IMPUTADO_PA,directo
05895,2019,43,20.657,94.235,14.233333333333334,,41.496,3.777,IMPUTADO_PA,directo
05895,2019,44,21.704,93.28,12.200000000000001,,29.517,3.089,IMPUTADO_PA,directo
05895,2019,45,21.614,91.869,10.166666666666668,,20.964,0.035349999999999944,IMPUTADO_PA,directo
05895,2019,46,21.051,93.071,0.0,,32.951,4.33,IMPUTADO_PA,directo
05895,2019,47,20.802,93.179,0.0,,20.628,10.18,IMPUTADO_PA,directo
05895,2019,48,21.88,92.964,0.0,,27.033,2.446,IMPUTADO_PA,directo
05895,2019,49,21.513,94.292,0.0,,39.045,3.246,IMPUTADO_PA,directo
05895,2019,50,21.336,92.0,0.0,,20.265,14.223,IMPUTADO_PA,directo
05895,2019,51,21.649,95.315,0.0,,36.85,5.788,IMPUTADO_PA,directo
05895,2019,52,21.513,96.958,0.0,,35.29,9.115,IMPUTADO_PA,directo
