codigo_dane,anio,semana_epi,fecha_semana,casos_ira_total,tasa_ira_100k,pm25_avg,pm10_avg,temperatura_avg,humedad_avg,precipitacion_sum,presion_avg,fuente_pm,pm25_lag1,pm25_lag2,casos_ira_lag1,icv_score,nbi,ipm_pct,icv_hacinamiento,icv_menores_6,icv_seg_social,pct_vivienda_acueducto,icv_paredes,icv_pisos,edad_promedio,rezago_reporte_dias,pct_regimen_contributivo,pct_regimen_especial_excepcion,pct_regimen_otros,pct_regimen_subsidiado,periodo_pandemia,subregion,poblacion_total,ipt_score,nivel_riesgo
05001,2018,1,2018-01-01,7,0.2884,21.065,32.634,19.193,75.672,102.942,852.254,IMPUTADO_PA,,,,71.1399707871351,6.40851332529118,6.03684213627426,2.24853070205861,1.74771551660494,3.01482017937117,98.6685460808805,7.42816034274497,8.13079868897787,0.0,8.0,0.7142857142857143,0.0,0.0,0.2857142857142857,False,Valle de Aburrá,2427133.0,58.23,MEDIO
05001,2018,2,2018-01-08,8,0.3296,22.951,46.135,19.028,78.116,119.844,851.554,IMPUTADO_PA,21.065,,7.0,71.1399707871351,6.40851332529118,6.03684213627426,2.24853070205861,1.74771551660494,3.01482017937117,98.6685460808805,7.42816034274497,8.13079868897787,0.0,5.0,0.375,0.0,0.0,0.625,False,Valle de Aburrá,2427133.0,63.17,MEDIO
05001,2018,3,2018-01-15,6,0.2472,11.523,30.847,19.336,74.83,39.298,851.071,IMPUTADO_PA,22.951,21.065,8.0,71.1399707871351,6.40851332529118,6.03684213627426,2.24853070205861,1.74771551660494,3.01482017937117,98.6685460808805,7.42816034274497,8.13079868897787,0.0,6.0,0.6666666666666666,0.0,0.0,0.3333333333333333,False,Valle de Aburrá,2427133.0,15.64,BAJO
05001,2018,4,2018-01-22,6,0.2472,20.317,37.567,20.614,69.058,3.554,849.173,IMPUTADO_PA,11.523,22.951,6.0,71.1399707871351,6.40851332529118,6.03684213627426,2.24853070205861,1.74771551660494,3.01482017937117,98.6685460808805,7.42816034274497,8.13079868897787,0.0,6.0,0.5,0.0,0.0,0.5,False,Valle de Aburrá,2427133.0,54.38,MEDIO
05001,2018,5,2018-01-29,3,0.1236,19.705,33.908,20.944,72.929,55.019,849.233,IMPUTADO_PA,20.317,11.523,6.0,71.1399707871351,6.40851332529118,6.03684213627426,2.24853070205861,1.74771551660494,3.01482017937117,98.6685460808805,7.42816034274497,8.13079868897787,0.0,25.819999999999936,0.3333333333333333,0.0,0.0,0.6666666666666666,False,Valle de Aburrá,2427133.0,40.4,MEDIO
05001,2018,6,2018-02-05,3,0.1236,23.496,45.025,20.973,67.346,0.202,850.429,IMPUTADO_PA,19.705,20.317,3.0,71.1399707871351,6.40851332529118,6.03684213627426,2.24853070205861,1.74771551660494,3.01482017937117,98.6685460808805,7.42816034274497,8.13079868897787,0.0,4.0,0.6666666666666666,0.0,0.0,0.3333333333333333,False,Valle de Aburrá,2427133.0,47.05,MEDIO
05001,2018,7,2018-02-12,6,0.2472,20.056,47.407,21.399,70.702,58.16,851.486,IMPUTADO_PA,23.496,19.705,3.0,71.1399707871351,6.40851332529118,6.03684213627426,2.24853070205861,1.74771551660494,3.01482017937117,98.6685460808805,7.42816034274497,8.13079868897787,0.0,9.0,0.5,0.0,0.0,0.5,False,Valle de Aburrá,2427133.0,53.45,MEDIO
05001,2018,8,2018-02-19,5,0.206,21.754,33.866,20.609,66.843,22.154,852.078,IMPUTADO_PA,20.056,23.496,6.0,71.1399707871351,6.40851332529118,6.03684213627426,2.24853070205861,1.74771551660494,3.01482017937117,98.6685460808805,7.42816034274497,8.13079868897787,0.0,6.0,0.4,0.0,0.0,0.6,False,Valle de Aburrá,2427133.0,54.65,MEDIO
05001,2018,9,2018-02-26,4,0.1648,21.336,33.187,21.318,65.863,7.182,851.597,IMPUTADO_PA,21.754,20.056,5.0,71.1399707871351,6.40851332529118,6.03684213627426,2.24853070205861,1.74771551660494,3.01482017937117,98.6685460808805,7.42816034274497,8.13079868897787,0.0,10.0,0.25,0.0,0.0,0.75,False,Valle de Aburrá,2427133.0,46.33,MEDIO
05001,2018,10,2018-03-05,10,0.412,23.492,39.383,21.892,62.291,8.573,850.202,IMPUTADO_PA,21.336,21.754,4.0,71.1399707871351,6.40851332529118,6.03684213627426,2.24853070205861,1.74771551660494,3.01482017937117,98.6685460808805,7.42816034274497,8.13079868897787,0.0,8.0,0.4,0.0,0.2,0.4,False,Valle de Aburrá,2427133.0,73.71,ALTO
05001,2018,11,2018-03-12,3,0.1236,18.994,35.081,21.334,66.957,12.459,850.924,IMPUTADO_PA,23.492,21.336,10.0,71.1399707871351,6.40851332529118,6.03684213627426,2.24853070205861,1.74771551660494,3.01482017937117,98.6685460808805,7.42816034274497,8.13079868897787,0.0,9.0,1.0,0.0,0.0,0.0,False,Valle de Aburrá,2427133.0,38.88,MEDIO
05001,2018,12,2018-03-19,2,0.0824,24.948,38.67,19.968,77.222,124.558,850.584,IMPUTADO_PA,18.994,23.492,3.0,71.1399707871351,6.40851332529118,6.03684213627426,2.24853070205861,1.74771551660494,3.01482017937117,98.6685460808805,7.42816034274497,8.13079868897787,0.0,6.0,0.5,0.0,0.0,0.5,False,Valle de Aburrá,2427133.0,46.45,MEDIO
05001,2018,13,2018-03-26,2,0.0824,17.964,37.323,19.541,77.937,157.524,850.682,IMPUTADO_PA,24.948,18.994,2.0,71.1399707871351,6.40851332529118,6.03684213627426,2.24853070205861,1.74771551660494,3.01482017937117,98.6685460808805,7.42816034274497,8.13079868897787,0.0,5.0,0.5,0.5,0.0,0.0,False,Valle de Aburrá,2427133.0,34.19,MEDIO
05001,2018,14,2018-04-02,5,0.206,22.028,42.214,19.187,76.613,76.149,851.594,IMPUTADO_PA,17.964,24.948,2.0,71.1399707871351,6.40851332529118,6.03684213627426,2.24853070205861,1.74771551660494,3.01482017937117,98.6685460808805,7.42816034274497,8.13079868897787,0.0,6.0,0.6,0.0,0.0,0.4,False,Valle de Aburrá,2427133.0,55.0,MEDIO
05001,2018,15,2018-04-09,6,0.2472,21.522,42.66,19.221,78.798,140.014,852.352,IMPUTADO_PA,22.028,17.964,5.0,71.1399707871351,6.40851332529118,6.03684213627426,2.24853070205861,1.74771551660494,3.01482017937117,98.6685460808805,7.42816034274497,8.13079868897787,0.0,7.0,0.5,0.0,0.1666666666666666,0.3333333333333333,False,Valle de Aburrá,2427133.0,56.71,MEDIO
05001,2018,16,2018-04-16,4,0.1648,28.836,36.953,20.688,71.898,33.08,851.671,IMPUTADO_PA,21.522,22.028,6.0,71.1399707871351,6.40851332529118,6.03684213627426,2.24853070205861,1.74771551660494,3.01482017937117,98.6685460808805,7.42816034274497,8.13079868897787,0.0,11.0,0.75,0.0,0.0,0.25,False,Valle de Aburrá,2427133.0,52.4,MEDIO
05001,2018,17,2018-04-23,4,0.1648,17.609,34.176,19.746,78.378,110.944,852.097,IMPUTADO_PA,28.836,21.522,4.0,71.1399707871351,6.40851332529118,6.03684213627426,2.24853070205861,1.74771551660494,3.01482017937117,98.6685460808805,7.42816034274497,8.13079868897787,0.0,8.0,0.75,0.0,0.0,0.25,False,Valle de Aburrá,2427133.0,37.28,MEDIO
05001,2018,18,2018-04-30,3,0.1236,22.382,47.419,19.594,79.286,97.144,852.241,IMPUTADO_PA,17.609,28.836,4.0,71.1399707871351,6.40851332529118,6.03684213627426,2.24853070205861,1.74771551660494,3.01482017937117,98.6685460808805,7.42816034274497,8.13079868897787,0.0,8.0,0.3333333333333333,0.0,0.3333333333333333,0.3333333333333333,False,Valle de Aburrá,2427133.0,45.3,MEDIO
05001,2018,19,2018-05-07,6,0.2472,19.294,33.996,18.887,83.052,179.2711199999998,852.981,IMPUTADO_PA,22.382,17.609,3.0,71.1399707871351,6.40851332529118,6.03684213627426,2.24853070205861,1.74771551660494,3.01482017937117,98.6685460808805,7.42816034274497,8.13079868897787,0.0,9.0,1.0,0.0,0.0,0.0,False,Valle de Aburrá,2427133.0,52.05,MEDIO
05001,2018,20,2018-05-14,6,0.2472,16.289,44.158,19.369,79.518,174.891,851.62,IMPUTADO_PA,19.294,22.382,6.0,71.1399707871351,6.40851332529118,6.03684213627426,2.24853070205861,1.74771551660494,3.01482017937117,98.6685460808805,7.42816034274497,8.13079868897787,0.0,25.819999999999936,0.8333333333333334,0.0,0.0,0.1666666666666666,False,Valle de Aburrá,2427133.0,26.84,BAJO
05001,2018,21,2018-05-21,2,0.0824,22.92,43.426,20.285,77.199,90.48,851.75,IMPUTADO_PA,16.289,19.294,6.0,71.1399707871351,6.40851332529118,6.03684213627426,2.24853070205861,1.74771551660494,3.01482017937117,98.6685460808805,7.42816034274497,8.13079868897787,0.0,8.0,1.0,0.0,0.0,0.0,False,Valle de Aburrá,2427133.0,44.17,MEDIO
05001,2018,22,2018-05-28,12,0.4944,16.961,41.306,20.248,77.331,124.488,851.464,IMPUTADO_PA,22.92,16.289,2.0,71.1399707871351,6.40851332529118,6.03684213627426,2.24853070205861,1.74771551660494,3.01482017937117,98.6685460808805,7.42816034274497,8.13079868897787,0.0,8.0,0.5,0.0833333333333333,0.0,0.4166666666666667,False,Valle de Aburrá,2427133.0,63.31,MEDIO
05001,2018,23,2018-06-04,8,0.3296,20.27,41.214,21.702,70.223,1.981,851.172,IMPUTADO_PA,16.961,22.92,12.0,71.1399707871351,6.40851332529118,6.03684213627426,2.24853070205861,1.74771551660494,3.01482017937117,98.6685460808805,7.42816034274497,8.13079868897787,0.0,8.0,0.5,0.125,0.0,0.375,False,Valle de Aburrá,2427133.0,58.74,MEDIO
05001,2018,24,2018-06-11,9,0.3708,23.462,41.247,21.073,70.301,40.981,852.302,IMPUTADO_PA,20.27,16.961,8.0,71.1399707871351,6.40851332529118,6.03684213627426,2.24853070205861,1.74771551660494,3.01482017937117,98.6685460808805,7.42816034274497,8.13079868897787,0.0,9.0,0.6666666666666666,0.0,0.1111111111111111,0.2222222222222222,False,Valle de Aburrá,2427133.0,69.67,ALTO
05001,2018,25,2018-06-18,4,0.1648,22.648,40.184,20.966,68.205,65.938,852.244,IMPUTADO_PA,23.462,20.27,9.0,71.1399707871351,6.40851332529118,6.03684213627426,2.24853070205861,1.74771551660494,3.01482017937117,98.6685460808805,7.42816034274497,8.13079868897787,0.0,7.0,0.0,0.0,0.25,0.75,False,Valle de Aburrá,2427133.0,48.08,MEDIO
05001,2018,26,2018-06-25,7,0.2884,20.999,44.026,19.642,74.077,35.029,851.657,IMPUTADO_PA,22.648,23.462,4.0,71.1399707871351,6.40851332529118,6.03684213627426,2.24853070205861,1.74771551660494,3.01482017937117,98.6685460808805,7.42816034274497,8.13079868897787,0.0,9.0,0.2857142857142857,0.0,0.0,0.7142857142857143,False,Valle de Aburrá,2427133.0,58.0,MEDIO
05001,2018,27,2018-07-02,4,0.1648,13.612,37.544,20.839,69.685,45.87,851.012,IMPUTADO_PA,20.999,22.648,7.0,71.1399707871351,6.40851332529118,6.03684213627426,2.24853070205861,1.74771551660494,3.01482017937117,98.6685460808805,7.42816034274497,8.13079868897787,0.0,5.0,0.75,0.0,0.0,0.25,False,Valle de Aburrá,2427133.0,9.45,BAJO
05001,2018,28,2018-07-09,10,0.412,17.786,35.368,21.994,60.287,2.033,851.278,IMPUTADO_PA,13.612,20.999,4.0,71.1399707871351,6.40851332529118,6.03684213627426,2.24853070205861,1.74771551660494,3.01482017937117,98.6685460808805,7.42816034274497,8.13079868897787,0.0,11.0,0.9,0.0,0.0,0.1,False,Valle de Aburrá,2427133.0,62.1,MEDIO
05001,2018,29,2018-07-16,5,0.206,18.612,49.914,21.145,65.176,18.116,851.626,IMPUTADO_PA,17.786,13.612,10.0,71.1399707871351,6.40851332529118,6.03684213627426,2.24853070205861,1.74771551660494,3.01482017937117,98.6685460808805,7.42816034274497,8.13079868897787,0.0,7.0,0.6,0.0,0.0,0.4,False,Valle de Aburrá,2427133.0,47.88,MEDIO
05001,2018,30,2018-07-23,10,0.412,16.114,46.323,18.926,75.911,28.7,851.213,IMPUTADO_PA,18.612,17.786,5.0,71.1399707871351,6.40851332529118,6.03684213627426,2.24853070205861,1.74771551660494,3.01482017937117,98.6685460808805,7.42816034274497,8.13079868897787,0.0,11.0,0.7,0.1,0.0,0.2,False,Valle de Aburrá,2427133.0,40.28,MEDIO
05001,2018,31,2018-07-30,3,0.1236,12.657,37.44,18.064,79.463,34.6,850.8,IMPUTADO_PA,16.114,18.612,10.0,71.1399707871351,6.40851332529118,6.03684213627426,2.24853070205861,1.74771551660494,3.01482017937117,98.6685460808805,7.42816034274497,8.13079868897787,0.0,9.0,1.0,0.0,0.0,0.0,False,Valle de Aburrá,2427133.0,5.56,BAJO
05001,2018,32,2018-08-06,8,0.3296,20.465,43.719,21.657,54.146,0.033,851.657,IMPUTADO_PA,12.657,16.114,3.0,71.1399707871351,6.40851332529118,6.03684213627426,2.24853070205861,1.74771551660494,3.01482017937117,98.6685460808805,7.42816034274497,8.13079868897787,0.0,17.0,0.125,0.0,0.125,0.75,False,Valle de Aburrá,2427133.0,59.32,MEDIO
05001,2018,33,2018-08-13,4,0.1648,22.785,45.131,20.106,67.142,38.207,852.105,IMPUTADO_PA,20.465,12.657,8.0,71.1399707871351,6.40851332529118,6.03684213627426,2.24853070205861,1.74771551660494,3.01482017937117,98.6685460808805,7.42816034274497,8.13079868897787,0.0,15.0,1.0,0.0,0.0,0.0,False,Valle de Aburrá,2427133.0,48.25,MEDIO
05001,2018,34,2018-08-20,4,0.1648,18.301,36.571,21.934,58.525,9.211,851.534,IMPUTADO_PA,22.785,20.465,4.0,71.1399707871351,6.40851332529118,6.03684213627426,2.24853070205861,1.74771551660494,3.01482017937117,98.6685460808805,7.42816034274497,8.13079868897787,0.0,6.0,0.25,0.0,0.0,0.75,False,Valle de Aburrá,2427133.0,39.56,MEDIO
05001,2018,35,2018-08-27,5,0.206,23.406,38.419,21.441,64.527,28.06,851.183,IMPUTADO_PA,18.301,22.785,4.0,71.1399707871351,6.40851332529118,6.03684213627426,2.24853070205861,1.74771551660494,3.01482017937117,98.6685460808805,7.42816034274497,8.13079868897787,0.0,7.0,0.8,0.0,0.0,0.2,False,Valle de Aburrá,2427133.0,56.75,MEDIO
05001,2018,36,2018-09-03,7,0.2884,14.38,31.998,19.648,75.643,167.208,851.484,IMPUTADO_PA,23.406,18.301,5.0,71.1399707871351,6.40851332529118,6.03684213627426,2.24853070205861,1.74771551660494,3.01482017937117,98.6685460808805,7.42816034274497,8.13079868897787,0.0,7.0,0.5714285714285714,0.1428571428571428,0.1428571428571428,0.1428571428571428,False,Valle de Aburrá,2427133.0,23.81,BAJO
05001,2018,37,2018-09-10,11,0.4532,15.887,43.112,19.547,77.711,101.313,851.534,IMPUTADO_PA,14.38,23.406,7.0,71.1399707871351,6.40851332529118,6.03684213627426,2.24853070205861,1.74771551660494,3.01482017937117,98.6685460808805,7.42816034274497,8.13079868897787,0.0,8.0,0.5454545454545454,0.0,0.0,0.4545454545454545,False,Valle de Aburrá,2427133.0,42.09,MEDIO
05001,2018,38,2018-09-17,3,0.1236,20.379,44.43,21.44,67.0,43.509,850.129,IMPUTADO_PA,15.887,14.38,11.0,71.1399707871351,6.40851332529118,6.03684213627426,2.24853070205861,1.74771551660494,3.01482017937117,98.6685460808805,7.42816034274497,8.13079868897787,0.0,8.0,0.6666666666666666,0.0,0.0,0.3333333333333333,False,Valle de Aburrá,2427133.0,42.09,MEDIO
05001,2018,39,2018-09-24,6,0.2472,17.969,40.804,20.383,73.146,132.032,850.671,IMPUTADO_PA,20.379,15.887,3.0,71.1399707871351,6.40851332529118,6.03684213627426,2.24853070205861,1.74771551660494,3.01482017937117,98.6685460808805,7.42816034274497,8.13079868897787,0.0,17.0,0.5,0.0,0.0,0.5,False,Valle de Aburrá,2427133.0,48.6,MEDIO
05001,2018,40,2018-10-01,5,0.206,22.423,37.614,19.598,78.122,179.2711199999998,851.591,IMPUTADO_PA,17.969,20.379,6.0,71.1399707871351,6.40851332529118,6.03684213627426,2.24853070205861,1.74771551660494,3.01482017937117,98.6685460808805,7.42816034274497,8.13079868897787,0.0,8.0,0.4,0.0,0.0,0.6,False,Valle de Aburrá,2427133.0,55.35,MEDIO
05001,2018,41,2018-10-08,6,0.2472,21.708,35.211,19.408,78.723,81.641,852.387,IMPUTADO_PA,22.423,17.969,5.0,71.1399707871351,6.40851332529118,6.03684213627426,2.24853070205861,1.74771551660494,3.01482017937117,98.6685460808805,7.42816034274497,8.13079868897787,0.0,7.0,0.8333333333333334,0.0,0.0,0.1666666666666666,False,Valle de Aburrá,2427133.0,57.01,MEDIO
05001,2018,42,2018-10-15,3,0.1236,18.24,37.121,19.419,78.549,107.757,851.268,IMPUTADO_PA,21.708,22.423,6.0,71.1399707871351,6.40851332529118,6.03684213627426,2.24853070205861,1.74771551660494,3.01482017937117,98.6685460808805,7.42816034274497,8.13079868897787,0.0,10.0,0.3333333333333333,0.0,0.3333333333333333,0.3333333333333333,False,Valle de Aburrá,2427133.0,36.9,MEDIO
05001,2018,43,2018-10-22,7,0.2884,14.718,43.043,20.068,77.399,44.153,851.162,IMPUTADO_PA,18.24,21.708,3.0,71.1399707871351,6.40851332529118,6.03684213627426,2.24853070205861,1.74771551660494,3.01482017937117,98.6685460808805,7.42816034274497,8.13079868897787,0.0,3.0,0.5714285714285714,0.0,0.0,0.4285714285714285,False,Valle de Aburrá,2427133.0,24.68,BAJO
05001,2018,44,2018-10-29,3,0.1236,17.791,39.808,19.143,80.647,121.576,851.735,IMPUTADO_PA,14.718,18.24,7.0,71.1399707871351,6.40851332529118,6.03684213627426,2.24853070205861,1.74771551660494,3.01482017937117,98.6685460808805,7.42816034274497,8.13079868897787,0.0,8.0,0.3333333333333333,0.0,0.0,0.6666666666666666,False,Valle de Aburrá,2427133.0,35.5,MEDIO
05001,2018,45,2018-11-05,8,0.3296,21.81,42.767,19.776,79.479,36.817,850.704,IMPUTADO_PA,17.791,14.718,3.0,71.1399707871351,6.40851332529118,6.03684213627426,2.24853070205861,1.74771551660494,3.01482017937117,98.6685460808805,7.42816034274497,8.13079868897787,0.0,7.0,0.25,0.125,0.0,0.625,False,Valle de Aburrá,2427133.0,61.83,MEDIO
05001,2018,46,2018-11-12,5,0.206,22.591,39.052,20.521,78.102,43.536,850.834,IMPUTADO_PA,21.81,17.791,8.0,71.1399707871351,6.40851332529118,6.03684213627426,2.24853070205861,1.74771551660494,3.01482017937117,98.6685460808805,7.42816034274497,8.13079868897787,0.0,2.0,0.6,0.0,0.0,0.4,False,Valle de Aburrá,2427133.0,55.65,MEDIO
05001,2018,47,2018-11-19,8,0.3296,17.986,39.18,20.163,79.355,179.2711199999998,851.252,IMPUTADO_PA,22.591,21.81,5.0,71.1399707871351,6.40851332529118,6.03684213627426,2.24853070205861,1.74771551660494,3.01482017937117,98.6685460808805,7.42816034274497,8.13079868897787,0.0,7.0,0.875,0.0,0.0,0.125,False,Valle de Aburrá,2427133.0,53.37,MEDIO
05001,2018,48,2018-11-26,9,0.3708,12.639,29.859,19.569,80.197,38.901,851.671,IMPUTADO_PA,17.986,22.591,8.0,71.1399707871351,6.40851332529118,6.03684213627426,2.24853070205861,1.74771551660494,3.01482017937117,98.6685460808805,7.42816034274497,8.13079868897787,0.0,7.0,0.5555555555555556,0.0,0.1111111111111111,0.3333333333333333,False,Valle de Aburrá,2427133.0,28.3,BAJO
05001,2018,49,2018-12-03,7,0.2884,14.181,32.925,19.921,73.256,11.767,852.01,IMPUTADO_PA,12.639,17.986,9.0,71.1399707871351,6.40851332529118,6.03684213627426,2.24853070205861,1.74771551660494,3.01482017937117,98.6685460808805,7.42816034274497,8.13079868897787,0.0,7.0,0.1428571428571428,0.4285714285714285,0.1428571428571428,0.2857142857142857,False,Valle de Aburrá,2427133.0,23.4,BAJO
05001,2018,50,2018-12-10,8,0.3296,21.467,33.551,20.673,71.449,6.422,852.382,IMPUTADO_PA,14.181,12.639,7.0,71.1399707871351,6.40851332529118,6.03684213627426,2.24853070205861,1.74771551660494,3.01482017937117,98.6685460808805,7.42816034274497,8.13079868897787,0.0,6.0,0.5,0.0,0.0,0.5,False,Valle de Aburrá,2427133.0,61.25,MEDIO
05001,2018,51,2018-12-17,7,0.2884,18.177,48.579,20.359,70.64,5.201,851.42,IMPUTADO_PA,21.467,14.181,8.0,71.1399707871351,6.40851332529118,6.03684213627426,2.24853070205861,1.74771551660494,3.01482017937117,98.6685460808805,7.42816034274497,8.13079868897787,0.0,9.0,0.5714285714285714,0.0,0.0,0.4285714285714285,False,Valle de Aburrá,2427133.0,51.64,MEDIO
05001,2018,52,2018-12-24,5,0.206,18.269,44.75,21.199,65.208,0.0,849.809,IMPUTADO_PA,18.177,21.467,7.0,71.1399707871351,6.40851332529118,6.03684213627426,2.24853070205861,1.74771551660494,3.01482017937117,98.6685460808805,7.42816034274497,8.13079868897787,0.0,6.0,0.6,0.0,0.0,0.4,False,Valle de Aburrá,2427133.0,47.07,MEDIO
05001,2019,1,2018-12-31,7,0.2851,18.851,33.46,21.702,59.878,48.616,850.406,IMPUTADO_PA,18.269,18.177,5.0,71.1399707871351,6.40851332529118,6.03684213627426,2.24853070205861,1.74771551660494,3.01482017937117,98.6685460808805,7.42816034274497,8.13079868897787,0.0,8.0,0.8571428571428571,0.0,0.0,0.1428571428571428,False,Valle de Aburrá,2455336.0,52.89,MEDIO
05001,2019,2,2019-01-07,8,0.3258,18.781,32.549,19.182,75.467,44.163,852.573,IMPUTADO_PA,18.851,18.269,7.0,71.1399707871351,6.40851332529118,6.03684213627426,2.24853070205861,1.74771551660494,3.01482017937117,98.6685460808805,7.42816034274497,8.13079868897787,0.0,7.0,0.375,0.0,0.0,0.625,False,Valle de Aburrá,2455336.0,54.85,MEDIO
05001,2019,3,2019-01-14,7,0.2851,26.355,23.085,20.548,70.485,16.539,851.587,IMPUTADO_PA,18.781,18.851,8.0,71.1399707871351,6.40851332529118,6.03684213627426,2.24853070205861,1.74771551660494,3.01482017937117,98.6685460808805,7.42816034274497,8.13079868897787,0.0,8.0,0.5714285714285714,0.0,0.0,0.4285714285714285,False,Valle de Aburrá,2455336.0,63.48,MEDIO
05001,2019,4,2019-01-21,2,0.0815,24.638,36.481,21.969,65.426,0.876,850.996,IMPUTADO_PA,26.355,18.781,7.0,71.1399707871351,6.40851332529118,6.03684213627426,2.24853070205861,1.74771551660494,3.01482017937117,98.6685460808805,7.42816034274497,8.13079868897787,0.0,7.0,1.0,0.0,0.0,0.0,False,Valle de Aburrá,2455336.0,45.9,MEDIO
05001,2019,5,2019-01-28,5,0.2036,20.287,25.003,20.58,71.03,19.978,851.458,IMPUTADO_PA,24.638,26.355,2.0,71.1399707871351,6.40851332529118,6.03684213627426,2.24853070205861,1.74771551660494,3.01482017937117,98.6685460808805,7.42816034274497,8.13079868897787,0.0,8.0,0.2,0.2,0.0,0.6,False,Valle de Aburrá,2455336.0,51.29,MEDIO
05001,2019,6,2019-02-04,11,0.448,23.105,31.251,20.98,71.351,0.732,850.294,IMPUTADO_PA,20.287,24.638,5.0,71.1399707871351,6.40851332529118,6.03684213627426,2.24853070205861,1.74771551660494,3.01482017937117,98.6685460808805,7.42816034274497,8.13079868897787,0.0,8.0,0.5454545454545454,0.0,0.0909090909090909,0.3636363636363636,False,Valle de Aburrá,2455336.0,75.08,ALTO
05001,2019,7,2019-02-11,8,0.3258,23.784,35.009,21.846,69.851,2.823,851.257,IMPUTADO_PA,23.105,20.287,11.0,71.1399707871351,6.40851332529118,6.03684213627426,2.24853070205861,1.74771551660494,3.01482017937117,98.6685460808805,7.42816034274497,8.13079868897787,0.0,9.0,0.625,0.0,0.0,0.375,False,Valle de Aburrá,2455336.0,63.95,MEDIO
05001,2019,8,2019-02-18,4,0.1629,29.576,33.228,20.703,73.391,105.743,851.477,IMPUTADO_PA,23.784,23.105,8.0,71.1399707871351,6.40851332529118,6.03684213627426,2.24853070205861,1.74771551660494,3.01482017937117,98.6685460808805,7.42816034274497,8.13079868897787,0.0,6.0,0.75,0.0,0.25,0.0,False,Valle de Aburrá,2455336.0,52.32,MEDIO
05001,2019,9,2019-02-25,8,0.3258,18.47,36.082,19.816,76.643,121.411,851.912,IMPUTADO_PA,29.576,23.784,4.0,71.1399707871351,6.40851332529118,6.03684213627426,2.24853070205861,1.74771551660494,3.01482017937117,98.6685460808805,7.42816034274497,8.13079868897787,0.0,5.0,0.375,0.0,0.125,0.5,False,Valle de Aburrá,2455336.0,54.21,MEDIO
05001,2019,10,2019-03-04,5,0.2036,23.731,44.125,21.132,72.284,25.105,851.052,IMPUTADO_PA,18.47,29.576,8.0,71.1399707871351,6.40851332529118,6.03684213627426,2.24853070205861,1.74771551660494,3.01482017937117,98.6685460808805,7.42816034274497,8.13079868897787,0.0,4.0,0.6,0.0,0.2,0.2,False,Valle de Aburrá,2455336.0,56.77,MEDIO
05001,2019,11,2019-03-11,11,0.448,26.333,37.293,21.176,73.193,14.3,850.623,IMPUTADO_PA,23.731,18.47,5.0,71.1399707871351,6.40851332529118,6.03684213627426,2.24853070205861,1.74771551660494,3.01482017937117,98.6685460808805,7.42816034274497,8.13079868897787,0.0,6.0,0.7272727272727273,0.0,0.0,0.2727272727272727,False,Valle de Aburrá,2455336.0,77.76,ALTO
05001,2019,12,2019-03-18,8,0.3258,28.99,26.757,19.429,80.483,68.6,852.208,IMPUTADO_PA,26.333,23.731,11.0,71.1399707871351,6.40851332529118,6.03684213627426,2.24853070205861,1.74771551660494,3.01482017937117,98.6685460808805,7.42816034274497,8.13079868897787,0.0,10.0,0.5,0.0,0.125,0.375,False,Valle de Aburrá,2455336.0,66.69,ALTO
05001,2019,13,2019-03-25,9,0.3665,20.094,28.544,20.277,77.78,65.8,851.568,IMPUTADO_PA,28.99,26.333,8.0,71.1399707871351,6.40851332529118,6.03684213627426,2.24853070205861,1.74771551660494,3.01482017937117,98.6685460808805,7.42816034274497,8.13079868897787,0.0,6.0,0.5555555555555556,0.0,0.0,0.4444444444444444,False,Valle de Aburrá,2455336.0,63.72,MEDIO
05001,2019,14,2019-04-01,7,0.2851,21.151,25.476,19.479,79.571,81.5,852.8,IMPUTADO_PA,20.094,28.99,9.0,71.1399707871351,6.40851332529118,6.03684213627426,2.24853070205861,1.74771551660494,3.01482017937117,98.6685460808805,7.42816034274497,8.13079868897787,0.0,7.0,0.2857142857142857,0.1428571428571428,0.0,0.5714285714285714,False,Valle de Aburrá,2455336.0,58.0,MEDIO
05001,2019,15,2019-04-08,12,0.4887,25.487,33.345,20.662,76.226,45.8,851.452,IMPUTADO_PA,21.151,20.094,7.0,71.1399707871351,6.40851332529118,6.03684213627426,2.24853070205861,1.74771551660494,3.01482017937117,98.6685460808805,7.42816034274497,8.13079868897787,0.0,11.0,0.6666666666666666,0.0,0.0,0.3333333333333333,False,Valle de Aburrá,2455336.0,78.81,ALTO
05001,2019,16,2019-04-15,10,0.4073,16.578,27.937,20.265,78.427,30.4,851.758,IMPUTADO_PA,25.487,21.151,12.0,71.1399707871351,6.40851332529118,6.03684213627426,2.24853070205861,1.74771551660494,3.01482017937117,98.6685460808805,7.42816034274497,8.13079868897787,0.0,11.0,0.4,0.1,0.1,0.4,False,Valle de Aburrá,2455336.0,42.09,MEDIO
05001,2019,17,2019-04-22,5,0.2036,24.126,40.573,20.518,77.292,35.1,851.69,IMPUTADO_PA,16.578,25.487,10.0,71.1399707871351,6.40851332529118,6.03684213627426,2.24853070205861,1.74771551660494,3.01482017937117,98.6685460808805,7.42816034274497,8.13079868897787,0.0,8.0,0.4,0.2,0.0,0.4,False,Valle de Aburrá,2455336.0,56.89,MEDIO
05001,2019,18,2019-04-29,10,0.4073,31.246,54.723,22.407,64.324,0.0,850.549,IMPUTADO_PA,24.126,16.578,5.0,71.1399707871351,6.40851332529118,6.03684213627426,2.24853070205861,1.74771551660494,3.01482017937117,98.6685460808805,7.42816034274497,8.13079868897787,0.0,8.0,0.5,0.0,0.0,0.5,False,Valle de Aburrá,2455336.0,77.16,ALTO
05001,2019,19,2019-05-06,10,0.4073,24.553,28.115,20.845,75.451,38.6,851.574,IMPUTADO_PA,31.246,24.126,10.0,71.1399707871351,6.40851332529118,6.03684213627426,2.24853070205861,1.74771551660494,3.01482017937117,98.6685460808805,7.42816034274497,8.13079868897787,0.0,10.0,0.8,0.0,0.0,0.2,False,Valle de Aburrá,2455336.0,74.3,ALTO
05001,2019,20,2019-05-13,12,0.4887,13.781,36.685,20.026,78.682,73.3,852.001,IMPUTADO_PA,24.553,31.246,10.0,71.1399707871351,6.40851332529118,6.03684213627426,2.24853070205861,1.74771551660494,3.01482017937117,98.6685460808805,7.42816034274497,8.13079868897787,0.0,8.0,0.5,0.0,0.1666666666666666,0.3333333333333333,False,Valle de Aburrá,2455336.0,37.62,MEDIO
05001,2019,21,2019-05-20,11,0.448,19.361,32.029,19.67,81.613,64.3,851.936,IMPUTADO_PA,13.781,24.553,12.0,71.1399707871351,6.40851332529118,6.03684213627426,2.24853070205861,1.74771551660494,3.01482017937117,98.6685460808805,7.42816034274497,8.13079868897787,0.0,8.0,0.5454545454545454,0.0,0.0909090909090909,0.3636363636363636,False,Valle de Aburrá,2455336.0,68.48,ALTO
05001,2019,22,2019-05-27,12,0.4887,20.211,33.9,19.457,82.327,62.1,852.419,IMPUTADO_PA,19.361,13.781,11.0,71.1399707871351,6.40851332529118,6.03684213627426,2.24853070205861,1.74771551660494,3.01482017937117,98.6685460808805,7.42816034274497,8.13079868897787,0.0,8.0,0.5,0.0,0.1666666666666666,0.3333333333333333,False,Valle de Aburrá,2455336.0,71.57,ALTO
05001,2019,23,2019-06-03,6,0.2444,27.309,35.931,20.989,73.129,37.8,851.965,IMPUTADO_PA,20.211,19.361,12.0,71.1399707871351,6.40851332529118,6.03684213627426,2.24853070205861,1.74771551660494,3.01482017937117,98.6685460808805,7.42816034274497,8.13079868897787,0.0,5.0,0.3333333333333333,0.0,0.0,0.6666666666666666,False,Valle de Aburrá,2455336.0,61.67,MEDIO
05001,2019,24,2019-06-10,8,0.3258,22.129,27.8,21.168,74.213,18.4,852.242,IMPUTADO_PA,27.309,20.211,6.0,71.1399707871351,6.40851332529118,6.03684213627426,2.24853070205861,1.74771551660494,3.01482017937117,98.6685460808805,7.42816034274497,8.13079868897787,0.0,10.0,0.25,0.0,0.25,0.5,False,Valle de Aburrá,2455336.0,61.67,MEDIO
05001,2019,25,2019-06-17,11,0.448,15.716,31.545,22.348,59.165,0.1,851.608,IMPUTADO_PA,22.129,27.309,8.0,71.1399707871351,6.40851332529118,6.03684213627426,2.24853070205861,1.74771551660494,3.01482017937117,98.6685460808805,7.42816034274497,8.13079868897787,0.0,9.0,0.7272727272727273,0.0,0.0,0.2727272727272727,False,Valle de Aburrá,2455336.0,41.52,MEDIO
05001,2019,26,2019-06-24,8,0.3258,22.572,46.911,21.652,66.482,3.2,851.004,IMPUTADO_PA,15.716,22.129,11.0,71.1399707871351,6.40851332529118,6.03684213627426,2.24853070205861,1.74771551660494,3.01482017937117,98.6685460808805,7.42816034274497,8.13079868897787,0.0,8.0,0.375,0.0,0.0,0.625,False,Valle de Aburrá,2455336.0,62.2,MEDIO
05001,2019,27,2019-07-01,6,0.2444,23.351,41.559,20.966,68.824,38.1,851.711,IMPUTADO_PA,22.572,15.716,8.0,71.1399707871351,6.40851332529118,6.03684213627426,2.24853070205861,1.74771551660494,3.01482017937117,98.6685460808805,7.42816034274497,8.13079868897787,0.0,9.0,0.5,0.0,0.0,0.5,False,Valle de Aburrá,2455336.0,58.76,MEDIO
05001,2019,28,2019-07-08,6,0.2444,20.688,26.783,20.985,69.167,29.8,851.729,IMPUTADO_PA,23.351,22.572,6.0,71.1399707871351,6.40851332529118,6.03684213627426,2.24853070205861,1.74771551660494,3.01482017937117,98.6685460808805,7.42816034274497,8.13079868897787,0.0,6.0,0.3333333333333333,0.0,0.1666666666666666,0.5,False,Valle de Aburrá,2455336.0,54.79,MEDIO
05001,2019,29,2019-07-15,11,0.448,18.717,29.916,21.875,60.83,10.1,851.404,IMPUTADO_PA,20.688,23.351,6.0,71.1399707871351,6.40851332529118,6.03684213627426,2.24853070205861,1.74771551660494,3.01482017937117,98.6685460808805,7.42816034274497,8.13079868897787,0.0,8.0,0.6363636363636364,0.0,0.0,0.3636363636363636,False,Valle de Aburrá,2455336.0,66.79,ALTO
05001,2019,30,2019-07-22,8,0.3258,31.804,29.261,20.988,67.355,21.4,852.333,IMPUTADO_PA,18.717,20.688,11.0,71.1399707871351,6.40851332529118,6.03684213627426,2.24853070205861,1.74771551660494,3.01482017937117,98.6685460808805,7.42816034274497,8.13079868897787,0.0,9.0,0.5,0.0,0.0,0.5,False,Valle de Aburrá,2455336.0,67.33,ALTO
05001,2019,31,2019-07-29,4,0.1629,26.347,28.705,21.508,64.693,8.8,851.512,IMPUTADO_PA,31.804,18.717,8.0,71.1399707871351,6.40851332529118,6.03684213627426,2.24853070205861,1.74771551660494,3.01482017937117,98.6685460808805,7.42816034274497,8.13079868897787,0.0,13.0,0.5,0.0,0.0,0.5,False,Valle de Aburrá,2455336.0,50.98,MEDIO
05001,2019,32,2019-08-05,5,0.2036,26.741,37.484,22.545,53.395,0.0,852.419,IMPUTADO_PA,26.347,31.804,4.0,71.1399707871351,6.40851332529118,6.03684213627426,2.24853070205861,1.74771551660494,3.01482017937117,98.6685460808805,7.42816034274497,8.13079868897787,0.0,10.0,0.2,0.0,0.2,0.6,False,Valle de Aburrá,2455336.0,58.82,MEDIO
05001,2019,33,2019-08-12,1,0.0407,22.137,34.582,21.652,61.476,6.1,851.968,IMPUTADO_PA,26.741,26.347,5.0,71.1399707871351,6.40851332529118,6.03684213627426,2.24853070205861,1.74771551660494,3.01482017937117,98.6685460808805,7.42816034274497,8.13079868897787,0.0,8.0,1.0,0.0,0.0,0.0,False,Valle de Aburrá,2455336.0,41.62,MEDIO
05001,2019,34,2019-08-19,2,0.0815,20.03,37.901,22.28,52.794,1.874,852.069,IMPUTADO_PA,22.137,26.741,1.0,71.1399707871351,6.40851332529118,6.03684213627426,2.24853070205861,1.74771551660494,3.01482017937117,98.6685460808805,7.42816034274497,8.13079868897787,0.0,9.0,0.5,0.0,0.0,0.5,False,Valle de Aburrá,2455336.0,38.61,MEDIO
05001,2019,35,2019-08-26,4,0.1629,20.875,26.505,22.217,54.966,3.834,851.249,IMPUTADO_PA,20.03,22.137,2.0,71.1399707871351,6.40851332529118,6.03684213627426,2.24853070205861,1.74771551660494,3.01482017937117,98.6685460808805,7.42816034274497,8.13079868897787,0.0,7.0,0.25,0.0,0.0,0.75,False,Valle de Aburrá,2455336.0,44.73,MEDIO
05001,2019,36,2019-09-02,3,0.1222,17.394,36.036,22.328,58.611,51.072,851.762,IMPUTADO_PA,20.875,20.03,4.0,71.1399707871351,6.40851332529118,6.03684213627426,2.24853070205861,1.74771551660494,3.01482017937117,98.6685460808805,7.42816034274497,8.13079868897787,0.0,5.0,0.3333333333333333,0.0,0.0,0.6666666666666666,False,Valle de Aburrá,2455336.0,33.86,MEDIO
05001,2019,37,2019-09-09,5,0.2036,29.48,35.951,22.421,60.291,93.228,851.271,IMPUTADO_PA,17.394,20.875,3.0,71.1399707871351,6.40851332529118,6.03684213627426,2.24853070205861,1.74771551660494,3.01482017937117,98.6685460808805,7.42816034274497,8.13079868897787,0.0,4.0,0.4,0.0,0.0,0.6,False,Valle de Aburrá,2455336.0,59.75,MEDIO
05001,2019,38,2019-09-16,1,0.0407,22.298,36.808,19.658,78.395,72.412,852.301,IMPUTADO_PA,29.48,17.394,5.0,71.1399707871351,6.40851332529118,6.03684213627426,2.24853070205861,1.74771551660494,3.01482017937117,98.6685460808805,7.42816034274497,8.13079868897787,0.0,9.0,1.0,0.0,0.0,0.0,False,Valle de Aburrá,2455336.0,41.68,MEDIO
05001,2019,39,2019-09-23,3,0.1222,28.325,36.355,20.234,74.323,84.449,852.717,IMPUTADO_PA,22.298,29.48,1.0,71.1399707871351,6.40851332529118,6.03684213627426,2.24853070205861,1.74771551660494,3.01482017937117,98.6685460808805,7.42816034274497,8.13079868897787,0.0,8.0,0.3333333333333333,0.0,0.0,0.6666666666666666,False,Valle de Aburrá,2455336.0,49.44,MEDIO
05001,2019,40,2019-09-30,2,0.0815,21.062,42.401,19.808,74.012,64.079,851.719,IMPUTADO_PA,28.325,22.298,3.0,71.1399707871351,6.40851332529118,6.03684213627426,2.24853070205861,1.74771551660494,3.01482017937117,98.6685460808805,7.42816034274497,8.13079868897787,0.0,13.0,1.0,0.0,0.0,0.0,False,Valle de Aburrá,2455336.0,41.17,MEDIO
05001,2019,41,2019-10-07,3,0.1222,24.614,45.329,19.936,73.25,33.158,850.552,IMPUTADO_PA,21.062,28.325,2.0,71.1399707871351,6.40851332529118,6.03684213627426,2.24853070205861,1.74771551660494,3.01482017937117,98.6685460808805,7.42816034274497,8.13079868897787,0.0,6.0,0.6666666666666666,0.0,0.0,0.3333333333333333,False,Valle de Aburrá,2455336.0,47.52,MEDIO
05001,2019,42,2019-10-14,3,0.1222,23.575,26.513,19.728,74.53,77.337,852.354,IMPUTADO_PA,24.614,21.062,3.0,71.1399707871351,6.40851332529118,6.03684213627426,2.24853070205861,1.74771551660494,3.01482017937117,98.6685460808805,7.42816034274497,8.13079868897787,0.0,15.0,0.6666666666666666,0.0,0.0,0.3333333333333333,False,Valle de Aburrá,2455336.0,46.64,MEDIO
05001,2019,43,2019-10-21,2,0.0815,17.012,46.114,19.318,78.911,123.856,851.512,IMPUTADO_PA,23.575,24.614,3.0,71.1399707871351,6.40851332529118,6.03684213627426,2.24853070205861,1.74771551660494,3.01482017937117,98.6685460808805,7.42816034274497,8.13079868897787,0.0,3.0,1.0,0.0,0.0,0.0,False,Valle de Aburrá,2455336.0,30.91,BAJO
05001,2019,44,2019-10-28,7,0.2851,30.091,33.636,20.32,75.32,99.606,850.954,IMPUTADO_PA,17.012,23.575,2.0,71.1399707871351,6.40851332529118,6.03684213627426,2.24853070205861,1.74771551660494,3.01482017937117,98.6685460808805,7.42816034274497,8.13079868897787,0.0,8.0,0.7142857142857143,0.0,0.0,0.2857142857142857,False,Valle de Aburrá,2455336.0,64.94,MEDIO
05001,2019,45,2019-11-04,4,0.1629,21.179,44.822,20.312,76.9,90.394,850.02,IMPUTADO_PA,30.091,17.012,7.0,71.1399707871351,6.40851332529118,6.03684213627426,2.24853070205861,1.74771551660494,3.01482017937117,98.6685460808805,7.42816034274497,8.13079868897787,0.0,7.0,0.5,0.0,0.0,0.5,False,Valle de Aburrá,2455336.0,45.73,MEDIO
05001,2019,46,2019-11-11,2,0.0815,18.117,28.761,19.268,82.193,86.971,851.325,IMPUTADO_PA,21.179,30.091,4.0,71.1399707871351,6.40851332529118,6.03684213627426,2.24853070205861,1.74771551660494,3.01482017937117,98.6685460808805,7.42816034274497,8.13079868897787,0.0,3.0,0.5,0.0,0.0,0.5,False,Valle de Aburrá,2455336.0,34.46,MEDIO
05001,2019,47,2019-11-18,7,0.2851,25.521,32.17,19.33,78.985,179.2711199999998,851.596,IMPUTADO_PA,18.117,21.179,2.0,71.1399707871351,6.40851332529118,6.03684213627426,2.24853070205861,1.74771551660494,3.01482017937117,98.6685460808805,7.42816034274497,8.13079868897787,0.0,8.0,0.8571428571428571,0.0,0.0,0.1428571428571428,False,Valle de Aburrá,2455336.0,63.07,MEDIO
05001,2019,48,2019-11-25,5,0.2036,22.778,33.746,21.171,72.461,15.971,850.251,IMPUTADO_PA,25.521,18.117,7.0,71.1399707871351,6.40851332529118,6.03684213627426,2.24853070205861,1.74771551660494,3.01482017937117,98.6685460808805,7.42816034274497,8.13079868897787,0.0,9.0,0.2,0.0,0.2,0.6,False,Valle de Aburrá,2455336.0,55.31,MEDIO
05001,2019,49,2019-12-02,6,0.2444,24.228,44.454,20.208,74.135,19.691,851.679,IMPUTADO_PA,22.778,25.521,5.0,71.1399707871351,6.40851332529118,6.03684213627426,2.24853070205861,1.74771551660494,3.01482017937117,98.6685460808805,7.42816034274497,8.13079868897787,0.0,7.0,0.6666666666666666,0.0,0.0,0.3333333333333333,False,Valle de Aburrá,2455336.0,59.63,MEDIO
05001,2019,50,2019-12-09,7,0.2851,23.183,39.249,19.788,75.513,65.613,850.989,IMPUTADO_PA,24.228,22.778,6.0,71.1399707871351,6.40851332529118,6.03684213627426,2.24853070205861,1.74771551660494,3.01482017937117,98.6685460808805,7.42816034274497,8.13079868897787,0.0,8.0,0.5714285714285714,0.0,0.0,0.4285714285714285,False,Valle de Aburrá,2455336.0,60.86,MEDIO
05001,2019,51,2019-12-16,11,0.448,14.127,34.528,21.003,73.437,19.577,849.959,IMPUTADO_PA,23.183,24.228,7.0,71.1399707871351,6.40851332529118,6.03684213627426,2.24853070205861,1.74771551660494,3.01482017937117,98.6685460808805,7.42816034274497,8.13079868897787,0.0,8.0,0.6363636363636364,0.0,0.0,0.3636363636363636,False,Valle de Aburrá,2455336.0,37.21,MEDIO
05001,2019,52,2019-12-23,12,0.4887,19.233,26.552,21.58,71.317,44.2,850.234,IMPUTADO_PA,14.127,23.183,11.0,71.1399707871351,6.40851332529118,6.03684213627426,2.24853070205861,1.74771551660494,3.01482017937117,98.6685460808805,7.42816034274497,8.13079868897787,0.0,9.0,0.5,0.0,0.0833333333333333,0.4166666666666667,False,Valle de Aburrá,2455336.0,69.53,ALTO
05001,2020,1,2019-12-30,13,0.6426,15.433,39.694,20.113,75.861,30.362,852.305,SISAIRE_DIRECTO,19.233,14.127,12.0,71.1399707871351,6.40851332529118,6.03684213627426,2.24853070205861,1.74771551660494,3.01482017937117,98.6685460808805,7.42816034274497,8.13079868897787,0.0,8.0,0.8125,0.0625,0.0,0.125,False,Valle de Aburrá,2489955.0,43.8,MEDIO
05001,2020,2,2020-01-06,7,0.2811,15.71,42.432,20.408,62.067,0.0,851.521,SISAIRE_DIRECTO,15.433,19.233,13.93999999999994,71.1399707871351,6.40851332529118,6.03684213627426,2.24853070205861,1.74771551660494,3.01482017937117,98.6685460808805,7.42816034274497,8.13079868897787,0.0,7.0,0.7142857142857143,0.1428571428571428,0.0,0.1428571428571428,False,Valle de Aburrá,2489955.0,26.7,BAJO
05001,2020,3,2020-01-13,5,0.2008,15.232,43.914,22.283,58.61,0.0,850.13,SISAIRE_DIRECTO,15.71,15.433,7.0,71.1399707871351,6.40851332529118,6.03684213627426,2.24853070205861,1.74771551660494,3.01482017937117,98.6685460808805,7.42816034274497,8.13079868897787,0.0,9.0,1.0,0.0,0.0,0.0,False,Valle de Aburrá,2489955.0,20.18,BAJO
05001,2020,4,2020-01-20,6,0.241,16.356,41.774,20.119,74.125,74.81,852.48,SISAIRE_DIRECTO,15.232,15.71,5.0,71.1399707871351,6.40851332529118,6.03684213627426,2.24853070205861,1.74771551660494,3.01482017937117,98.6685460808805,7.42816034274497,8.13079868897787,0.0,11.0,0.8333333333333334,0.0,0.0,0.1666666666666666,False,Valle de Aburrá,2489955.0,26.58,BAJO
05001,2020,5,2020-01-27,7,0.2811,19.591,46.162,20.946,69.03,30.737,852.499,SISAIRE_DIRECTO,16.356,15.232,6.0,71.1399707871351,6.40851332529118,6.03684213627426,2.24853070205861,1.74771551660494,3.01482017937117,98.6685460808805,7.42816034274497,8.13079868897787,0.0,7.0,0.8571428571428571,0.0,0.0,0.1428571428571428,False,Valle de Aburrá,2489955.0,54.36,MEDIO
05001,2020,6,2020-02-03,9,0.3615,25.384,54.96,21.593,60.648,3.067,851.91,SISAIRE_DIRECTO,19.591,16.356,7.0,71.1399707871351,6.40851332529118,6.03684213627426,2.24853070205861,1.74771551660494,3.01482017937117,98.6685460808805,7.42816034274497,8.13079868897787,0.0,8.0,0.8888888888888888,0.0,0.0,0.1111111111111111,False,Valle de Aburrá,2489955.0,71.13,ALTO
05001,2020,7,2020-02-10,3,0.1205,26.985,56.145,22.2,61.794,11.719,850.425,SISAIRE_DIRECTO,25.384,19.591,9.0,71.1399707871351,6.40851332529118,6.03684213627426,2.24853070205861,1.74771551660494,3.01482017937117,98.6685460808805,7.42816034274497,8.13079868897787,0.0,7.0,1.0,0.0,0.0,0.0,False,Valle de Aburrá,2489955.0,48.68,MEDIO
05001,2020,8,2020-02-17,8,0.3213,24.179,48.014,21.996,65.218,66.928,850.761,SISAIRE_DIRECTO,26.985,25.384,3.0,71.1399707871351,6.40851332529118,6.03684213627426,2.24853070205861,1.74771551660494,3.01482017937117,98.6685460808805,7.42816034274497,8.13079868897787,0.0,10.0,0.75,0.125,0.0,0.125,False,Valle de Aburrá,2489955.0,63.76,MEDIO
05001,2020,9,2020-02-24,10,0.4016,29.02,57.349,21.202,69.242,6.045,852.613,SISAIRE_DIRECTO,24.179,26.985,8.0,71.1399707871351,6.40851332529118,6.03684213627426,2.24853070205861,1.74771551660494,3.01482017937117,98.6685460808805,7.42816034274497,8.13079868897787,0.0,10.0,0.7,0.0,0.1,0.2,False,Valle de Aburrá,2489955.0,76.44,ALTO
05001,2020,10,2020-03-02,13,0.5221,32.49740000000006,61.34699999999999,22.291,65.878,2.717,851.541,SISAIRE_DIRECTO,29.02,24.179,10.0,71.1399707871351,6.40851332529118,6.03684213627426,2.24853070205861,1.74771551660494,3.01482017937117,98.6685460808805,7.42816034274497,8.13079868897787,0.0,9.0,0.6923076923076923,0.0769230769230769,0.0,0.2307692307692307,False,Valle de Aburrá,2489955.0,82.15,ALTO
05001,2020,11,2020-03-09,5,0.2008,32.49740000000006,61.34699999999999,20.877,73.072,58.356,851.831,SISAIRE_DIRECTO,32.497,29.02,13.0,71.1399707871351,6.40851332529118,6.03684213627426,2.24853070205861,1.74771551660494,3.01482017937117,98.6685460808805,7.42816034274497,8.13079868897787,0.0,10.0,1.0,0.0,0.0,0.0,True,Valle de Aburrá,2489955.0,60.09,MEDIO
05001,2020,12,2020-03-16,11,0.4418,32.49740000000006,61.34699999999999,20.677,66.525,24.102,852.816,SISAIRE_DIRECTO,32.497,32.497,5.0,71.1399707871351,6.40851332529118,6.03684213627426,2.24853070205861,1.74771551660494,3.01482017937117,98.6685460808805,7.42816034274497,8.13079868897787,0.0,9.0,0.8181818181818182,0.0,0.0909090909090909,0.0909090909090909,True,Valle de Aburrá,2489955.0,79.5,ALTO
05001,2020,13,2020-03-23,4,0.1606,32.49740000000006,60.89,21.307,64.626,14.557,851.347,SISAIRE_DIRECTO,32.497,32.497,11.0,71.1399707871351,6.40851332529118,6.03684213627426,2.24853070205861,1.74771551660494,3.01482017937117,98.6685460808805,7.42816034274497,8.13079868897787,0.0,10.0,0.75,0.0,0.0,0.25,True,Valle de Aburrá,2489955.0,52.58,MEDIO
05001,2020,14,2020-03-30,10,0.4016,16.348,26.629,22.622,70.084,17.193,851.058,SISAIRE_DIRECTO,32.497,32.497,4.0,71.1399707871351,6.40851332529118,6.03684213627426,2.24853070205861,1.74771551660494,3.01482017937117,98.6685460808805,7.42816034274497,8.13079868897787,0.0,6.0,0.5,0.0,0.0,0.5,True,Valle de Aburrá,2489955.0,40.96,MEDIO
05001,2020,15,2020-04-06,6,0.241,9.581,17.953,23.512,66.174,16.224,851.8,SISAIRE_DIRECTO,16.348,32.497,10.0,71.1399707871351,6.40851332529118,6.03684213627426,2.24853070205861,1.74771551660494,3.01482017937117,98.6685460808805,7.42816034274497,8.13079868897787,0.0,7.0,0.8333333333333334,0.0,0.0,0.1666666666666666,True,Valle de Aburrá,2489955.0,13.13,BAJO
05001,2020,16,2020-04-13,4,0.1606,22.299,34.646,21.434,72.132,28.7,853.331,SISAIRE_DIRECTO,9.581,16.348,6.0,71.1399707871351,6.40851332529118,6.03684213627426,2.24853070205861,1.74771551660494,3.01482017937117,98.6685460808805,7.42816034274497,8.13079868897787,0.0,11.0,1.0,0.0,0.0,0.0,True,Valle de Aburrá,2489955.0,46.83,MEDIO
05001,2020,17,2020-04-20,5,0.2008,14.408,26.626,21.92,70.09,5.307,852.564,SISAIRE_DIRECTO,22.299,9.581,4.0,71.1399707871351,6.40851332529118,6.03684213627426,2.24853070205861,1.74771551660494,3.01482017937117,98.6685460808805,7.42816034274497,8.13079868897787,0.0,9.0,1.0,0.0,0.0,0.0,True,Valle de Aburrá,2489955.0,18.28,BAJO
05001,2020,18,2020-04-27,1,0.0402,14.697,27.516,23.236,66.605,1.909,852.325,SISAIRE_DIRECTO,14.408,22.299,5.0,71.1399707871351,6.40851332529118,6.03684213627426,2.24853070205861,1.74771551660494,3.01482017937117,98.6685460808805,7.42816034274497,8.13079868897787,0.0,14.0,0.0,0.0,0.0,1.0,True,Valle de Aburrá,2489955.0,5.72,BAJO
05001,2020,19,2020-05-04,4,0.1606,10.096,22.865,24.819,59.667,3.148,851.319,SISAIRE_DIRECTO,14.697,14.408,1.0,71.1399707871351,6.40851332529118,6.03684213627426,2.24853070205861,1.74771551660494,3.01482017937117,98.6685460808805,7.42816034274497,8.13079868897787,0.0,4.0,1.0,0.0,0.0,0.0,True,Valle de Aburrá,2489955.0,3.48,BAJO
05001,2020,21,2020-05-18,2,0.0803,13.879,31.518,23.559,64.75,15.329,852.054,SISAIRE_DIRECTO,10.096,14.697,4.0,71.1399707871351,6.40851332529118,6.03684213627426,2.24853070205861,1.74771551660494,3.01482017937117,98.6685460808805,7.42816034274497,8.13079868897787,0.0,3.0,1.0,0.0,0.0,0.0,True,Valle de Aburrá,2489955.0,5.35,BAJO
05001,2020,22,2020-05-25,1,0.0402,13.313,29.913,21.942,73.94,29.251,852.636,SISAIRE_DIRECTO,13.879,10.096,2.0,71.1399707871351,6.40851332529118,6.03684213627426,2.24853070205861,1.74771551660494,3.01482017937117,98.6685460808805,7.42816034274497,8.13079868897787,0.0,25.819999999999936,1.0,0.0,0.0,0.0,True,Valle de Aburrá,2489955.0,2.45,BAJO
05001,2020,23,2020-06-01,3,0.1205,14.501,34.738,22.179,70.196,4.182,853.039,SISAIRE_DIRECTO,13.313,13.879,1.0,71.1399707871351,6.40851332529118,6.03684213627426,2.24853070205861,1.74771551660494,3.01482017937117,98.6685460808805,7.42816034274497,8.13079868897787,0.0,16.0,0.6666666666666666,0.0,0.3333333333333333,0.0,True,Valle de Aburrá,2489955.0,8.6,BAJO
05001,2020,24,2020-06-08,4,0.1606,15.271,34.151,21.922,70.164,0.728,852.506,SISAIRE_DIRECTO,14.501,13.313,3.0,71.1399707871351,6.40851332529118,6.03684213627426,2.24853070205861,1.74771551660494,3.01482017937117,98.6685460808805,7.42816034274497,8.13079868897787,0.0,6.0,0.5,0.0,0.0,0.5,True,Valle de Aburrá,2489955.0,13.05,BAJO
05001,2020,25,2020-06-15,5,0.2008,13.944,32.309,21.431,75.14,2.254,852.214,SISAIRE_DIRECTO,15.271,14.501,4.0,71.1399707871351,6.40851332529118,6.03684213627426,2.24853070205861,1.74771551660494,3.01482017937117,98.6685460808805,7.42816034274497,8.13079868897787,0.0,14.0,0.4,0.0,0.0,0.6,True,Valle de Aburrá,2489955.0,17.12,BAJO
05001,2020,26,2020-06-22,9,0.3615,16.725,38.138,22.361,67.399,1.069,851.278,SISAIRE_DIRECTO,13.944,15.271,5.0,71.1399707871351,6.40851332529118,6.03684213627426,2.24853070205861,1.74771551660494,3.01482017937117,98.6685460808805,7.42816034274497,8.13079868897787,0.0,10.0,0.6666666666666666,0.0,0.0,0.3333333333333333,True,Valle de Aburrá,2489955.0,38.86,MEDIO
05001,2020,27,2020-06-29,13,0.6024,12.88,33.008,21.518,73.182,1.376,851.461,SISAIRE_DIRECTO,16.725,13.944,9.0,71.1399707871351,6.40851332529118,6.03684213627426,2.24853070205861,1.74771551660494,3.01482017937117,98.6685460808805,7.42816034274497,8.13079868897787,0.0,8.0,0.8,0.0,0.0,0.2,True,Valle de Aburrá,2489955.0,37.63,MEDIO
05001,2020,28,2020-07-06,13,0.6827,14.397,34.811,21.126,74.515,2.173,852.125,SISAIRE_DIRECTO,12.88,16.725,13.93999999999994,71.1399707871351,6.40851332529118,6.03684213627426,2.24853070205861,1.74771551660494,3.01482017937117,98.6685460808805,7.42816034274497,8.13079868897787,0.0,5.0,0.7058823529411765,0.0,0.0,0.2941176470588235,True,Valle de Aburrá,2489955.0,41.64,MEDIO
05001,2020,30,2020-07-20,1,0.0402,12.024,26.864,21.114,74.485,2.478,851.899,SISAIRE_DIRECTO,14.397,12.88,13.93999999999994,71.1399707871351,6.40851332529118,6.03684213627426,2.24853070205861,1.74771551660494,3.01482017937117,98.6685460808805,7.42816034274497,8.13079868897787,0.0,18.0,1.0,0.0,0.0,0.0,True,Valle de Aburrá,2489955.0,0.0,BAJO
05001,2020,31,2020-07-27,2,0.0803,13.091,32.236,22.632,64.06,4.338,851.73,SISAIRE_DIRECTO,12.024,14.397,1.0,71.1399707871351,6.40851332529118,6.03684213627426,2.24853070205861,1.74771551660494,3.01482017937117,98.6685460808805,7.42816034274497,8.13079868897787,0.0,13.0,0.5,0.0,0.5,0.0,True,Valle de Aburrá,2489955.0,3.83,BAJO
05001,2020,32,2020-08-03,3,0.1205,17.488,37.833,23.714,55.524,0.441,852.142,SISAIRE_DIRECTO,13.091,12.024,2.0,71.1399707871351,6.40851332529118,6.03684213627426,2.24853070205861,1.74771551660494,3.01482017937117,98.6685460808805,7.42816034274497,8.13079868897787,0.0,9.0,1.0,0.0,0.0,0.0,True,Valle de Aburrá,2489955.0,33.63,MEDIO
05001,2020,33,2020-08-10,2,0.0803,15.589,35.567,22.533,68.932,11.477,850.277,SISAIRE_DIRECTO,17.488,13.091,3.0,71.1399707871351,6.40851332529118,6.03684213627426,2.24853070205861,1.74771551660494,3.01482017937117,98.6685460808805,7.42816034274497,8.13079868897787,0.0,10.0,0.0,0.0,0.0,1.0,True,Valle de Aburrá,2489955.0,9.84,BAJO
05001,2020,34,2020-08-17,2,0.0803,12.224,30.57,21.538,72.213,0.427,852.166,SISAIRE_DIRECTO,15.589,17.488,2.0,71.1399707871351,6.40851332529118,6.03684213627426,2.24853070205861,1.74771551660494,3.01482017937117,98.6685460808805,7.42816034274497,8.13079868897787,0.0,4.0,0.5,0.0,0.0,0.5,True,Valle de Aburrá,2489955.0,2.02,BAJO
05001,2020,36,2020-08-31,1,0.0402,16.346,39.952,21.274,71.815,4.556,851.824,SISAIRE_DIRECTO,12.224,15.589,2.0,71.1399707871351,6.40851332529118,6.03684213627426,2.24853070205861,1.74771551660494,3.01482017937117,98.6685460808805,7.42816034274497,8.13079868897787,0.0,5.0,0.0,0.0,0.0,1.0,True,Valle de Aburrá,2489955.0,10.56,BAJO
05001,2020,39,2020-09-21,1,0.0402,14.472,36.981,21.707,71.045,0.004,852.519,SISAIRE_DIRECTO,16.346,12.224,1.0,71.1399707871351,6.40851332529118,6.03684213627426,2.24853070205861,1.74771551660494,3.01482017937117,98.6685460808805,7.42816034274497,8.13079868897787,0.0,12.0,0.0,0.0,0.0,1.0,True,Valle de Aburrá,2489955.0,5.31,BAJO
05001,2020,42,2020-10-12,3,0.1205,16.008,37.683,21.754,69.744,6.502,850.674,SISAIRE_DIRECTO,14.472,16.346,1.0,71.1399707871351,6.40851332529118,6.03684213627426,2.24853070205861,1.74771551660494,3.01482017937117,98.6685460808805,7.42816034274497,8.13079868897787,0.0,7.0,0.3333333333333333,0.0,0.0,0.6666666666666666,True,Valle de Aburrá,2489955.0,12.51,BAJO
05001,2020,47,2020-11-16,1,0.0402,14.339,35.107,20.816,76.635,0.676,851.741,SISAIRE_DIRECTO,16.008,14.472,3.0,71.1399707871351,6.40851332529118,6.03684213627426,2.24853070205861,1.74771551660494,3.01482017937117,98.6685460808805,7.42816034274497,8.13079868897787,0.0,13.0,0.0,0.0,0.0,1.0,True,Valle de Aburrá,2489955.0,4.78,BAJO
05001,2020,48,2020-11-23,4,0.1606,16.371,41.043,21.476,73.745,0.175,851.238,SISAIRE_DIRECTO,14.339,16.008,1.0,71.1399707871351,6.40851332529118,6.03684213627426,2.24853070205861,1.74771551660494,3.01482017937117,98.6685460808805,7.42816034274497,8.13079868897787,0.0,6.0,0.25,0.0,0.75,0.0,True,Valle de Aburrá,2489955.0,16.49,BAJO
05001,2020,49,2020-11-30,1,0.0402,16.745,40.875,21.507,74.03,0.168,851.503,SISAIRE_DIRECTO,16.371,14.339,4.0,71.1399707871351,6.40851332529118,6.03684213627426,2.24853070205861,1.74771551660494,3.01482017937117,98.6685460808805,7.42816034274497,8.13079868897787,0.0,5.0,0.0,0.0,0.0,1.0,True,Valle de Aburrá,2489955.0,12.43,BAJO
05001,2020,51,2020-12-14,1,0.0402,20.145,47.2,21.866,71.2,6.224,850.851,SISAIRE_DIRECTO,16.745,16.371,1.0,71.1399707871351,6.40851332529118,6.03684213627426,2.24853070205861,1.74771551660494,3.01482017937117,98.6685460808805,7.42816034274497,8.13079868897787,0.0,8.0,0.0,1.0,0.0,0.0,True,Valle de Aburrá,2489955.0,37.11,MEDIO
05001,2020,53,2020-12-28,3,0.1205,15.154,33.573,21.343,70.726,1.006,851.321,SISAIRE_DIRECTO,20.145,16.745,1.0,71.1399707871351,6.40851332529118,6.03684213627426,2.24853070205861,1.74771551660494,3.01482017937117,98.6685460808805,7.42816034274497,8.13079868897787,0.0,14.0,0.0,0.0,0.0,1.0,True,Valle de Aburrá,2489955.0,9.82,BAJO
05001,2021,1,2021-01-04,13,0.5583,13.939,35.389,20.798,72.596,4.157,851.444,SISAIRE_DIRECTO,15.154,20.145,3.0,71.1399707871351,6.40851332529118,6.03684213627426,2.24853070205861,1.74771551660494,3.01482017937117,98.6685460808805,7.42816034274497,8.13079868897787,0.0,9.0,0.4285714285714285,0.0,0.2857142857142857,0.2857142857142857,True,Valle de Aburrá,2507620.0,39.58,MEDIO
05001,2021,2,2021-01-11,13,0.9172,14.428,35.277,22.227,69.404,9.776,850.976,SISAIRE_DIRECTO,13.939,15.154,13.93999999999994,71.1399707871351,6.40851332529118,6.03684213627426,2.24853070205861,1.74771551660494,3.01482017937117,98.6685460808805,7.42816034274497,8.13079868897787,0.0,6.0,0.1739130434782608,0.0434782608695652,0.217391304347826,0.5652173913043478,True,Valle de Aburrá,2507620.0,43.74,MEDIO
05001,2021,3,2021-01-18,13,0.6381,18.636,45.022,22.061,66.243,3.492,850.587,SISAIRE_DIRECTO,14.428,13.939,13.93999999999994,71.1399707871351,6.40851332529118,6.03684213627426,2.24853070205861,1.74771551660494,3.01482017937117,98.6685460808805,7.42816034274497,8.13079868897787,0.0,6.0,0.4375,0.0,0.0625,0.5,True,Valle de Aburrá,2507620.0,69.8,ALTO
05001,2021,4,2021-01-25,10,0.3988,18.265,46.249,22.497,64.086,0.004,850.114,SISAIRE_DIRECTO,18.636,14.428,13.93999999999994,71.1399707871351,6.40851332529118,6.03684213627426,2.24853070205861,1.74771551660494,3.01482017937117,98.6685460808805,7.42816034274497,8.13079868897787,0.0,6.0,0.2,0.0,0.2,0.6,True,Valle de Aburrá,2507620.0,62.84,MEDIO
05001,2021,5,2021-02-01,13,0.5184,17.113,40.057,23.398,62.156,1.098,850.525,SISAIRE_DIRECTO,18.265,18.636,10.0,71.1399707871351,6.40851332529118,6.03684213627426,2.24853070205861,1.74771551660494,3.01482017937117,98.6685460808805,7.42816034274497,8.13079868897787,0.0,5.0,0.2307692307692307,0.0769230769230769,0.0769230769230769,0.6153846153846154,True,Valle de Aburrá,2507620.0,64.36,MEDIO
05001,2021,6,2021-02-08,8,0.319,21.128,44.528,21.886,68.111,2.532,850.927,SISAIRE_DIRECTO,17.113,18.265,13.0,71.1399707871351,6.40851332529118,6.03684213627426,2.24853070205861,1.74771551660494,3.01482017937117,98.6685460808805,7.42816034274497,8.13079868897787,0.0,4.0,0.25,0.0,0.125,0.625,True,Valle de Aburrá,2507620.0,59.67,MEDIO
05001,2021,7,2021-02-15,10,0.3988,21.041,42.658,21.082,70.154,0.768,852.497,SISAIRE_DIRECTO,21.128,17.113,8.0,71.1399707871351,6.40851332529118,6.03684213627426,2.24853070205861,1.74771551660494,3.01482017937117,98.6685460808805,7.42816034274497,8.13079868897787,0.0,6.0,0.5,0.0,0.1,0.4,True,Valle de Aburrá,2507620.0,69.08,ALTO
05001,2021,8,2021-02-22,11,0.4387,19.625,42.308,22.011,68.726,13.375,850.612,SISAIRE_DIRECTO,21.041,21.128,10.0,71.1399707871351,6.40851332529118,6.03684213627426,2.24853070205861,1.74771551660494,3.01482017937117,98.6685460808805,7.42816034274497,8.13079868897787,0.0,4.0,0.3636363636363636,0.0,0.0909090909090909,0.5454545454545454,True,Valle de Aburrá,2507620.0,68.62,ALTO
05001,2021,9,2021-03-01,10,0.3988,26.126,52.466,21.064,72.81,51.03,850.892,SISAIRE_DIRECTO,19.625,21.041,11.0,71.1399707871351,6.40851332529118,6.03684213627426,2.24853070205861,1.74771551660494,3.01482017937117,98.6685460808805,7.42816034274497,8.13079868897787,0.0,5.0,0.5,0.0,0.2,0.3,True,Valle de Aburrá,2507620.0,74.63,ALTO
05001,2021,10,2021-03-08,11,0.4387,19.402,42.175,20.119,75.881,22.298,852.523,SISAIRE_DIRECTO,26.126,19.625,10.0,71.1399707871351,6.40851332529118,6.03684213627426,2.24853070205861,1.74771551660494,3.01482017937117,98.6685460808805,7.42816034274497,8.13079868897787,0.0,5.0,0.3636363636363636,0.0,0.0,0.6363636363636364,True,Valle de Aburrá,2507620.0,68.21,ALTO
05001,2021,11,2021-03-15,9,0.3589,19.789,41.14,19.773,80.122,121.614,851.947,SISAIRE_DIRECTO,19.402,26.126,11.0,71.1399707871351,6.40851332529118,6.03684213627426,2.24853070205861,1.74771551660494,3.01482017937117,98.6685460808805,7.42816034274497,8.13079868897787,0.0,7.0,0.4444444444444444,0.0,0.1111111111111111,0.4444444444444444,True,Valle de Aburrá,2507620.0,62.14,MEDIO
05001,2021,12,2021-03-22,12,0.4785,16.604,36.284,20.633,77.239,53.73,851.36,SISAIRE_DIRECTO,19.789,19.402,9.0,71.1399707871351,6.40851332529118,6.03684213627426,2.24853070205861,1.74771551660494,3.01482017937117,98.6685460808805,7.42816034274497,8.13079868897787,0.0,6.0,0.5,0.0,0.0833333333333333,0.4166666666666667,True,Valle de Aburrá,2507620.0,45.36,MEDIO
05001,2021,13,2021-03-29,6,0.2393,14.046,30.521,21.969,72.295,14.651,849.634,SISAIRE_DIRECTO,16.604,19.789,12.0,71.1399707871351,6.40851332529118,6.03684213627426,2.24853070205861,1.74771551660494,3.01482017937117,98.6685460808805,7.42816034274497,8.13079868897787,0.0,6.0,0.3333333333333333,0.0,0.0,0.6666666666666666,True,Valle de Aburrá,2507620.0,19.78,BAJO
05001,2021,14,2021-04-05,7,0.2791,12.66,29.33,21.491,74.724,13.827,851.088,SISAIRE_DIRECTO,14.046,16.604,6.0,71.1399707871351,6.40851332529118,6.03684213627426,2.24853070205861,1.74771551660494,3.01482017937117,98.6685460808805,7.42816034274497,8.13079868897787,0.0,4.0,0.7142857142857143,0.0,0.0,0.2857142857142857,True,Valle de Aburrá,2507620.0,19.47,BAJO
05001,2021,15,2021-04-12,7,0.2791,14.516,34.412,22.434,68.592,9.414,850.788,SISAIRE_DIRECTO,12.66,14.046,7.0,71.1399707871351,6.40851332529118,6.03684213627426,2.24853070205861,1.74771551660494,3.01482017937117,98.6685460808805,7.42816034274497,8.13079868897787,0.0,4.0,0.4285714285714285,0.0,0.2857142857142857,0.2857142857142857,True,Valle de Aburrá,2507620.0,23.32,BAJO
05001,2021,16,2021-04-19,12,0.4785,19.39,40.584,27.0,46.0,0.0,848.1,SISAIRE_DIRECTO,14.516,12.66,7.0,71.1399707871351,6.40851332529118,6.03684213627426,2.24853070205861,1.74771551660494,3.01482017937117,98.6685460808805,7.42816034274497,8.13079868897787,0.0,4.0,0.4166666666666667,0.0,0.0833333333333333,0.5,True,Valle de Aburrá,2507620.0,69.45,ALTO
05001,2021,17,2021-04-26,3,0.1196,18.766,40.409,22.6665,66.0,0.0,851.1165000000001,SISAIRE_DIRECTO,19.39,14.516,12.0,71.1399707871351,6.40851332529118,6.03684213627426,2.24853070205861,1.74771551660494,3.01482017937117,98.6685460808805,7.42816034274497,8.13079868897787,0.0,3.0,0.6666666666666666,0.0,0.0,0.3333333333333333,True,Valle de Aburrá,2507620.0,37.13,MEDIO
05001,2021,18,2021-05-03,11,0.4387,15.207,33.256,18.333,86.0,0.321,854.133,SISAIRE_DIRECTO,18.766,19.39,3.0,71.1399707871351,6.40851332529118,6.03684213627426,2.24853070205861,1.74771551660494,3.01482017937117,98.6685460808805,7.42816034274497,8.13079868897787,0.0,6.0,0.0909090909090909,0.0,0.2727272727272727,0.6363636363636364,True,Valle de Aburrá,2507620.0,39.15,MEDIO
05001,2021,19,2021-05-10,7,0.2791,13.474,34.221,21.725,71.821,13.605,851.904,SISAIRE_DIRECTO,15.207,18.766,11.0,71.1399707871351,6.40851332529118,6.03684213627426,2.24853070205861,1.74771551660494,3.01482017937117,98.6685460808805,7.42816034274497,8.13079868897787,0.0,6.0,1.0,0.0,0.0,0.0,True,Valle de Aburrá,2507620.0,20.58,BAJO
05001,2021,20,2021-05-17,10,0.3988,14.219,34.396,22.011,74.808,11.27,851.655,SISAIRE_DIRECTO,13.474,15.207,7.0,71.1399707871351,6.40851332529118,6.03684213627426,2.24853070205861,1.74771551660494,3.01482017937117,98.6685460808805,7.42816034274497,8.13079868897787,0.0,5.0,0.4,0.0,0.1,0.5,True,Valle de Aburrá,2507620.0,34.43,MEDIO
05001,2021,21,2021-05-24,10,0.3988,16.552,39.043,21.376,77.083,40.812,852.389,SISAIRE_DIRECTO,14.219,13.474,10.0,71.1399707871351,6.40851332529118,6.03684213627426,2.24853070205861,1.74771551660494,3.01482017937117,98.6685460808805,7.42816034274497,8.13079868897787,0.0,6.0,0.5,0.0,0.0,0.5,True,Valle de Aburrá,2507620.0,41.25,MEDIO
05001,2021,22,2021-05-31,9,0.3589,14.312,36.442,21.812,74.125,44.339,851.655,SISAIRE_DIRECTO,16.552,14.219,10.0,71.1399707871351,6.40851332529118,6.03684213627426,2.24853070205861,1.74771551660494,3.01482017937117,98.6685460808805,7.42816034274497,8.13079868897787,0.0,9.0,0.4444444444444444,0.0,0.0,0.5555555555555556,True,Valle de Aburrá,2507620.0,30.4,BAJO
05001,2021,23,2021-06-07,11,0.4387,17.371,41.376,20.73,79.503,63.645,852.709,SISAIRE_DIRECTO,14.312,16.552,9.0,71.1399707871351,6.40851332529118,6.03684213627426,2.24853070205861,1.74771551660494,3.01482017937117,98.6685460808805,7.42816034274497,8.13079868897787,0.0,6.0,0.3636363636363636,0.0,0.0909090909090909,0.5454545454545454,True,Valle de Aburrá,2507620.0,62.55,MEDIO
05001,2021,24,2021-06-14,10,0.3988,14.405,37.558,21.66,72.827,53.314,852.756,SISAIRE_DIRECTO,17.371,14.312,11.0,71.1399707871351,6.40851332529118,6.03684213627426,2.24853070205861,1.74771551660494,3.01482017937117,98.6685460808805,7.42816034274497,8.13079868897787,0.0,7.0,0.4,0.0,0.1,0.5,True,Valle de Aburrá,2507620.0,34.95,MEDIO
05001,2021,25,2021-06-21,10,0.3988,16.414,40.937,20.596,76.173,35.75,852.935,SISAIRE_DIRECTO,14.405,17.371,10.0,71.1399707871351,6.40851332529118,6.03684213627426,2.24853070205861,1.74771551660494,3.01482017937117,98.6685460808805,7.42816034274497,8.13079868897787,0.0,4.0,0.7,0.0,0.1,0.2,True,Valle de Aburrá,2507620.0,40.79,MEDIO
05001,2021,26,2021-06-28,11,0.4387,14.765,37.379,22.079,67.024,20.0,852.577,SISAIRE_DIRECTO,16.414,14.405,10.0,71.1399707871351,6.40851332529118,6.03684213627426,2.24853070205861,1.74771551660494,3.01482017937117,98.6685460808805,7.42816034274497,8.13079868897787,0.0,7.0,0.7272727272727273,0.0,0.0,0.2727272727272727,True,Valle de Aburrá,2507620.0,38.28,MEDIO
05001,2021,27,2021-07-05,9,0.3589,14.747,35.765,22.587,67.539,20.381,851.619,SISAIRE_DIRECTO,14.765,16.414,11.0,71.1399707871351,6.40851332529118,6.03684213627426,2.24853070205861,1.74771551660494,3.01482017937117,98.6685460808805,7.42816034274497,8.13079868897787,0.0,6.0,0.7777777777777778,0.0,0.0,0.2222222222222222,True,Valle de Aburrá,2507620.0,31.57,BAJO
05001,2021,28,2021-07-12,12,0.4785,14.355,35.092,22.665,64.419,57.513,852.139,SISAIRE_DIRECTO,14.747,14.765,9.0,71.1399707871351,6.40851332529118,6.03684213627426,2.24853070205861,1.74771551660494,3.01482017937117,98.6685460808805,7.42816034274497,8.13079868897787,0.0,7.0,0.5,0.0,0.0833333333333333,0.4166666666666667,True,Valle de Aburrá,2507620.0,38.53,MEDIO
05001,2021,29,2021-07-19,12,0.4785,15.219,34.059,22.705,62.707,13.932,852.159,SISAIRE_DIRECTO,14.355,14.747,12.0,71.1399707871351,6.40851332529118,6.03684213627426,2.24853070205861,1.74771551660494,3.01482017937117,98.6685460808805,7.42816034274497,8.13079868897787,0.0,7.0,0.75,0.0,0.0833333333333333,0.1666666666666666,True,Valle de Aburrá,2507620.0,40.57,MEDIO
05001,2021,30,2021-07-26,6,0.2393,16.187,37.66,22.093,69.806,29.423,852.404,SISAIRE_DIRECTO,15.219,14.355,12.0,71.1399707871351,6.40851332529118,6.03684213627426,2.24853070205861,1.74771551660494,3.01482017937117,98.6685460808805,7.42816034274497,8.13079868897787,0.0,7.0,0.5,0.0,0.1666666666666666,0.3333333333333333,True,Valle de Aburrá,2507620.0,25.38,BAJO
05001,2021,31,2021-08-02,13,0.5184,20.577,43.429,22.598,60.096,14.463,853.253,SISAIRE_DIRECTO,16.187,15.219,6.0,71.1399707871351,6.40851332529118,6.03684213627426,2.24853070205861,1.74771551660494,3.01482017937117,98.6685460808805,7.42816034274497,8.13079868897787,0.0,6.0,0.6153846153846154,0.0,0.0769230769230769,0.3076923076923077,True,Valle de Aburrá,2507620.0,73.23,ALTO
05001,2021,32,2021-08-09,12,0.4785,16.264,34.909,21.44,77.613,48.203,853.157,SISAIRE_DIRECTO,20.577,16.187,13.0,71.1399707871351,6.40851332529118,6.03684213627426,2.24853070205861,1.74771551660494,3.01482017937117,98.6685460808805,7.42816034274497,8.13079868897787,0.0,6.0,0.5,0.0,0.0833333333333333,0.4166666666666667,True,Valle de Aburrá,2507620.0,43.72,MEDIO
05001,2021,33,2021-08-16,13,0.5184,17.186,37.279,20.855,76.803,26.892,851.98,SISAIRE_DIRECTO,16.264,20.577,12.0,71.1399707871351,6.40851332529118,6.03684213627426,2.24853070205861,1.74771551660494,3.01482017937117,98.6685460808805,7.42816034274497,8.13079868897787,0.0,6.0,0.6153846153846154,0.0,0.0,0.3846153846153846,True,Valle de Aburrá,2507620.0,64.59,MEDIO
05001,2021,34,2021-08-23,13,0.6779,18.255,39.945,21.303,77.575,29.291,851.317,SISAIRE_DIRECTO,17.186,16.264,13.0,71.1399707871351,6.40851332529118,6.03684213627426,2.24853070205861,1.74771551660494,3.01482017937117,98.6685460808805,7.42816034274497,8.13079868897787,0.0,7.0,0.5882352941176471,0.0,0.0588235294117647,0.3529411764705882,True,Valle de Aburrá,2507620.0,69.24,ALTO
05001,2021,35,2021-08-30,12,0.4785,16.542,37.168,21.0,76.689,78.581,852.304,SISAIRE_DIRECTO,18.255,17.186,13.93999999999994,71.1399707871351,6.40851332529118,6.03684213627426,2.24853070205861,1.74771551660494,3.01482017937117,98.6685460808805,7.42816034274497,8.13079868897787,0.0,9.0,0.6666666666666666,0.0,0.0,0.3333333333333333,True,Valle de Aburrá,2507620.0,44.95,MEDIO
05001,2021,36,2021-09-06,13,0.5184,19.328,40.196,20.991,76.804,28.044,852.599,SISAIRE_DIRECTO,16.542,18.255,12.0,71.1399707871351,6.40851332529118,6.03684213627426,2.24853070205861,1.74771551660494,3.01482017937117,98.6685460808805,7.42816034274497,8.13079868897787,0.0,10.0,0.5384615384615384,0.0,0.1538461538461538,0.3076923076923077,True,Valle de Aburrá,2507620.0,70.31,ALTO
05001,2021,37,2021-09-13,12,0.4785,16.014,33.971,22.91,61.948,30.613,852.503,SISAIRE_DIRECTO,19.328,16.542,13.0,71.1399707871351,6.40851332529118,6.03684213627426,2.24853070205861,1.74771551660494,3.01482017937117,98.6685460808805,7.42816034274497,8.13079868897787,0.0,8.0,0.6666666666666666,0.0,0.0833333333333333,0.25,True,Valle de Aburrá,2507620.0,43.02,MEDIO
05001,2021,38,2021-09-20,13,0.5982,16.936,37.401,21.572,72.252,41.942,851.879,SISAIRE_DIRECTO,16.014,19.328,12.0,71.1399707871351,6.40851332529118,6.03684213627426,2.24853070205861,1.74771551660494,3.01482017937117,98.6685460808805,7.42816034274497,8.13079868897787,0.0,7.0,0.8,0.0,0.0,0.2,True,Valle de Aburrá,2507620.0,64.57,MEDIO
05001,2021,39,2021-09-27,12,0.4785,18.901,41.879,21.139,73.744,29.588,851.577,SISAIRE_DIRECTO,16.936,16.014,13.93999999999994,71.1399707871351,6.40851332529118,6.03684213627426,2.24853070205861,1.74771551660494,3.01482017937117,98.6685460808805,7.42816034274497,8.13079868897787,0.0,5.0,0.4166666666666667,0.0,0.0,0.5833333333333334,True,Valle de Aburrá,2507620.0,68.35,ALTO
05001,2021,40,2021-10-04,8,0.319,16.31,35.57,22.261,70.233,26.694,850.724,SISAIRE_DIRECTO,18.901,16.936,12.0,71.1399707871351,6.40851332529118,6.03684213627426,2.24853070205861,1.74771551660494,3.01482017937117,98.6685460808805,7.42816034274497,8.13079868897787,0.0,10.0,0.625,0.0,0.0,0.375,True,Valle de Aburrá,2507620.0,30.61,BAJO
05001,2021,41,2021-10-11,13,0.5184,20.426,43.039,21.166,76.2,55.467,852.049,SISAIRE_DIRECTO,16.31,18.901,8.0,71.1399707871351,6.40851332529118,6.03684213627426,2.24853070205861,1.74771551660494,3.01482017937117,98.6685460808805,7.42816034274497,8.13079868897787,0.0,8.0,0.7692307692307693,0.0,0.0769230769230769,0.1538461538461538,True,Valle de Aburrá,2507620.0,72.88,ALTO
05001,2021,42,2021-10-18,6,0.2393,17.55,39.827,21.238,73.208,39.122,852.663,SISAIRE_DIRECTO,20.426,16.31,13.0,71.1399707871351,6.40851332529118,6.03684213627426,2.24853070205861,1.74771551660494,3.01482017937117,98.6685460808805,7.42816034274497,8.13079868897787,0.0,8.0,0.3333333333333333,0.0,0.0,0.6666666666666666,True,Valle de Aburrá,2507620.0,46.33,MEDIO
05001,2021,43,2021-10-25,10,0.3988,19.345,42.945,20.471,78.923,70.393,852.706,SISAIRE_DIRECTO,17.55,20.426,6.0,71.1399707871351,6.40851332529118,6.03684213627426,2.24853070205861,1.74771551660494,3.01482017937117,98.6685460808805,7.42816034274497,8.13079868897787,0.0,8.0,0.8,0.0,0.1,0.1,True,Valle de Aburrá,2507620.0,65.47,MEDIO
05001,2021,44,2021-11-01,12,0.4785,16.718,38.421,21.272,74.874,6.029,851.964,SISAIRE_DIRECTO,19.345,17.55,10.0,71.1399707871351,6.40851332529118,6.03684213627426,2.24853070205861,1.74771551660494,3.01482017937117,98.6685460808805,7.42816034274497,8.13079868897787,0.0,10.0,0.6666666666666666,0.0,0.0833333333333333,0.25,True,Valle de Aburrá,2507620.0,45.82,MEDIO
05001,2021,45,2021-11-08,10,0.3988,20.033,43.292,20.645,79.564,71.947,851.729,SISAIRE_DIRECTO,16.718,19.345,12.0,71.1399707871351,6.40851332529118,6.03684213627426,2.24853070205861,1.74771551660494,3.01482017937117,98.6685460808805,7.42816034274497,8.13079868897787,0.0,9.0,0.6,0.0,0.1,0.3,True,Valle de Aburrá,2507620.0,66.63,ALTO
05001,2021,46,2021-11-15,9,0.3589,20.548,41.895,21.21,75.903,32.828,851.089,SISAIRE_DIRECTO,20.033,16.718,10.0,71.1399707871351,6.40851332529118,6.03684213627426,2.24853070205861,1.74771551660494,3.01482017937117,98.6685460808805,7.42816034274497,8.13079868897787,0.0,7.0,0.5555555555555556,0.0,0.1111111111111111,0.3333333333333333,True,Valle de Aburrá,2507620.0,64.07,MEDIO
05001,2021,47,2021-11-22,7,0.2791,20.356,43.038,20.374,82.732,52.711,851.637,SISAIRE_DIRECTO,20.548,20.033,9.0,71.1399707871351,6.40851332529118,6.03684213627426,2.24853070205861,1.74771551660494,3.01482017937117,98.6685460808805,7.42816034274497,8.13079868897787,0.0,12.0,0.8571428571428571,0.0,0.1428571428571428,0.0,True,Valle de Aburrá,2507620.0,55.88,MEDIO
05001,2021,48,2021-11-29,10,0.3988,18.339,41.657,21.5,77.528,38.38,851.017,SISAIRE_DIRECTO,20.356,20.548,7.0,71.1399707871351,6.40851332529118,6.03684213627426,2.24853070205861,1.74771551660494,3.01482017937117,98.6685460808805,7.42816034274497,8.13079868897787,0.0,11.0,0.7,0.0,0.0,0.3,True,Valle de Aburrá,2507620.0,63.07,MEDIO
05001,2021,49,2021-12-06,6,0.2393,20.185,44.562,21.983,73.042,1.032,850.78,SISAIRE_DIRECTO,18.339,20.356,10.0,71.1399707871351,6.40851332529118,6.03684213627426,2.24853070205861,1.74771551660494,3.01482017937117,98.6685460808805,7.42816034274497,8.13079868897787,0.0,9.0,0.3333333333333333,0.0,0.1666666666666666,0.5,True,Valle de Aburrá,2507620.0,52.86,MEDIO
05001,2021,50,2021-12-13,13,0.5184,20.47,47.752,21.126,74.744,16.234,850.974,SISAIRE_DIRECTO,20.185,18.339,6.0,71.1399707871351,6.40851332529118,6.03684213627426,2.24853070205861,1.74771551660494,3.01482017937117,98.6685460808805,7.42816034274497,8.13079868897787,0.0,9.0,0.4615384615384615,0.0,0.0769230769230769,0.4615384615384615,True,Valle de Aburrá,2507620.0,72.99,ALTO
05001,2021,51,2021-12-20,12,0.4785,17.98,38.733,21.881,75.03,19.529,851.655,SISAIRE_DIRECTO,20.47,20.185,13.0,71.1399707871351,6.40851332529118,6.03684213627426,2.24853070205861,1.74771551660494,3.01482017937117,98.6685460808805,7.42816034274497,8.13079868897787,0.0,8.0,0.5833333333333334,0.0,0.0,0.4166666666666667,True,Valle de Aburrá,2507620.0,65.84,MEDIO
05001,2021,52,2021-12-27,13,0.6779,19.817,38.792,21.107,79.641,16.295,851.519,SISAIRE_DIRECTO,17.98,20.47,12.0,71.1399707871351,6.40851332529118,6.03684213627426,2.24853070205861,1.74771551660494,3.01482017937117,98.6685460808805,7.42816034274497,8.13079868897787,0.0,6.0,0.7647058823529411,0.0,0.0,0.2352941176470588,True,Valle de Aburrá,2507620.0,72.86,ALTO
05001,2022,1,2022-01-03,12,0.4772,20.077,40.571,20.567,78.963,33.311,851.548,SISAIRE_DIRECTO,19.817,17.98,13.93999999999994,71.1399707871351,6.40851332529118,6.03684213627426,2.24853070205861,1.74771551660494,3.01482017937117,98.6685460808805,7.42816034274497,8.13079868897787,0.0,7.0,0.25,0.0,0.25,0.5,False,Valle de Aburrá,2514709.0,70.19,ALTO
05001,2022,2,2022-01-10,8,0.3181,16.356,34.498,20.731,73.802,30.484,852.635,SISAIRE_DIRECTO,20.077,19.817,12.0,71.1399707871351,6.40851332529118,6.03684213627426,2.24853070205861,1.74771551660494,3.01482017937117,98.6685460808805,7.42816034274497,8.13079868897787,0.0,6.0,0.5,0.0,0.25,0.25,False,Valle de Aburrá,2514709.0,30.51,BAJO
05001,2022,3,2022-01-17,7,0.2784,20.9,42.286,21.971,70.616,0.342,851.16,SISAIRE_DIRECTO,16.356,20.077,8.0,71.1399707871351,6.40851332529118,6.03684213627426,2.24853070205861,1.74771551660494,3.01482017937117,98.6685460808805,7.42816034274497,8.13079868897787,0.0,9.0,0.7142857142857143,0.0,0.0,0.2857142857142857,False,Valle de Aburrá,2514709.0,56.35,MEDIO
05001,2022,4,2022-01-24,4,0.1591,21.864,46.038,21.271,70.115,14.853,851.473,SISAIRE_DIRECTO,20.9,16.356,7.0,71.1399707871351,6.40851332529118,6.03684213627426,2.24853070205861,1.74771551660494,3.01482017937117,98.6685460808805,7.42816034274497,8.13079868897787,0.0,6.0,0.5,0.0,0.25,0.25,False,Valle de Aburrá,2514709.0,45.86,MEDIO
05001,2022,6,2022-02-07,5,0.1988,21.145,43.635,20.737,77.946,33.776,850.89,SISAIRE_DIRECTO,21.864,20.9,4.0,71.1399707871351,6.40851332529118,6.03684213627426,2.24853070205861,1.74771551660494,3.01482017937117,98.6685460808805,7.42816034274497,8.13079868897787,0.0,4.0,0.8,0.0,0.0,0.2,False,Valle de Aburrá,2514709.0,52.14,MEDIO
05001,2022,7,2022-02-14,3,0.1193,23.091,46.119,20.769,79.06,25.029,851.521,SISAIRE_DIRECTO,21.145,21.864,5.0,71.1399707871351,6.40851332529118,6.03684213627426,2.24853070205861,1.74771551660494,3.01482017937117,98.6685460808805,7.42816034274497,8.13079868897787,0.0,6.0,0.3333333333333333,0.0,0.0,0.6666666666666666,False,Valle de Aburrá,2514709.0,44.99,MEDIO
05001,2022,8,2022-02-21,7,0.2784,27.763,53.325,21.449,70.275,45.35,851.516,SISAIRE_DIRECTO,23.091,21.145,3.0,71.1399707871351,6.40851332529118,6.03684213627426,2.24853070205861,1.74771551660494,3.01482017937117,98.6685460808805,7.42816034274497,8.13079868897787,0.0,5.0,0.5714285714285714,0.0,0.0,0.4285714285714285,False,Valle de Aburrá,2514709.0,63.29,MEDIO
05001,2022,9,2022-02-28,6,0.2386,18.975,38.877,20.103,85.409,118.811,851.955,SISAIRE_DIRECTO,27.763,23.091,7.0,71.1399707871351,6.40851332529118,6.03684213627426,2.24853070205861,1.74771551660494,3.01482017937117,98.6685460808805,7.42816034274497,8.13079868897787,0.0,9.0,0.1666666666666666,0.0,0.0,0.8333333333333334,False,Valle de Aburrá,2514709.0,50.1,MEDIO
05001,2022,10,2022-03-07,4,0.1591,18.412,39.072,20.209,76.679,20.006,851.387,SISAIRE_DIRECTO,18.975,27.763,6.0,71.1399707871351,6.40851332529118,6.03684213627426,2.24853070205861,1.74771551660494,3.01482017937117,98.6685460808805,7.42816034274497,8.13079868897787,0.0,10.0,0.75,0.0,0.0,0.25,False,Valle de Aburrá,2514709.0,38.57,MEDIO
05001,2022,11,2022-03-14,4,0.1591,25.799,47.776,20.269,85.923,10.05,852.225,SISAIRE_DIRECTO,18.412,18.975,4.0,71.1399707871351,6.40851332529118,6.03684213627426,2.24853070205861,1.74771551660494,3.01482017937117,98.6685460808805,7.42816034274497,8.13079868897787,0.0,7.0,0.25,0.0,0.0,0.75,False,Valle de Aburrá,2514709.0,49.83,MEDIO
05001,2022,12,2022-03-21,5,0.1988,28.709,50.642,20.976,83.449,131.049,850.786,SISAIRE_DIRECTO,25.799,18.412,4.0,71.1399707871351,6.40851332529118,6.03684213627426,2.24853070205861,1.74771551660494,3.01482017937117,98.6685460808805,7.42816034274497,8.13079868897787,0.0,7.0,0.2,0.0,0.0,0.8,False,Valle de Aburrá,2514709.0,58.56,MEDIO
05001,2022,13,2022-03-28,5,0.1988,20.193,40.939,20.842,81.774,69.94,851.382,SISAIRE_DIRECTO,28.709,25.799,5.0,71.1399707871351,6.40851332529118,6.03684213627426,2.24853070205861,1.74771551660494,3.01482017937117,98.6685460808805,7.42816034274497,8.13079868897787,0.0,6.0,0.4,0.0,0.4,0.2,False,Valle de Aburrá,2514709.0,49.93,MEDIO
05001,2022,14,2022-04-04,5,0.1988,16.723,36.055,21.333,80.518,89.169,851.051,SISAIRE_DIRECTO,20.193,28.709,5.0,71.1399707871351,6.40851332529118,6.03684213627426,2.24853070205861,1.74771551660494,3.01482017937117,98.6685460808805,7.42816034274497,8.13079868897787,0.0,5.0,0.8,0.0,0.0,0.2,False,Valle de Aburrá,2514709.0,24.84,BAJO
05001,2022,15,2022-04-11,5,0.1988,19.003,36.853,22.692,71.478,18.265,850.225,SISAIRE_DIRECTO,16.723,20.193,5.0,71.1399707871351,6.40851332529118,6.03684213627426,2.24853070205861,1.74771551660494,3.01482017937117,98.6685460808805,7.42816034274497,8.13079868897787,0.0,5.0,0.8,0.0,0.0,0.2,False,Valle de Aburrá,2514709.0,47.53,MEDIO
05001,2022,16,2022-04-18,3,0.1193,14.462,32.114,20.311,82.251,42.083,852.279,SISAIRE_DIRECTO,19.003,16.723,5.0,71.1399707871351,6.40851332529118,6.03684213627426,2.24853070205861,1.74771551660494,3.01482017937117,98.6685460808805,7.42816034274497,8.13079868897787,0.0,4.0,0.6666666666666666,0.0,0.0,0.3333333333333333,False,Valle de Aburrá,2514709.0,8.05,BAJO
05001,2022,17,2022-04-25,2,0.0795,16.995,37.29,21.389,76.875,26.801,851.161,SISAIRE_DIRECTO,14.462,19.003,3.0,71.1399707871351,6.40851332529118,6.03684213627426,2.24853070205861,1.74771551660494,3.01482017937117,98.6685460808805,7.42816034274497,8.13079868897787,0.0,7.0,1.0,0.0,0.0,0.0,False,Valle de Aburrá,2514709.0,30.3,BAJO
05001,2022,18,2022-05-02,8,0.3181,16.774,35.044,22.072,75.944,56.115,852.237,SISAIRE_DIRECTO,16.995,14.462,2.0,71.1399707871351,6.40851332529118,6.03684213627426,2.24853070205861,1.74771551660494,3.01482017937117,98.6685460808805,7.42816034274497,8.13079868897787,0.0,5.0,0.375,0.0,0.125,0.5,False,Valle de Aburrá,2514709.0,32.34,BAJO
05001,2022,19,2022-05-09,9,0.3579,18.126,38.124,21.629,81.971,35.074,851.19,SISAIRE_DIRECTO,16.774,16.995,8.0,71.1399707871351,6.40851332529118,6.03684213627426,2.24853070205861,1.74771551660494,3.01482017937117,98.6685460808805,7.42816034274497,8.13079868897787,0.0,5.0,0.4444444444444444,0.0,0.3333333333333333,0.2222222222222222,False,Valle de Aburrá,2514709.0,57.98,MEDIO
05001,2022,20,2022-05-16,7,0.2784,18.79,38.708,20.898,84.984,82.35,853.452,SISAIRE_DIRECTO,18.126,16.774,9.0,71.1399707871351,6.40851332529118,6.03684213627426,2.24853070205861,1.74771551660494,3.01482017937117,98.6685460808805,7.42816034274497,8.13079868897787,0.0,4.0,0.8571428571428571,0.0,0.0,0.1428571428571428,False,Valle de Aburrá,2514709.0,51.79,MEDIO
05001,2022,21,2022-05-23,9,0.3579,15.984,34.465,21.516,75.516,22.223,851.666,SISAIRE_DIRECTO,18.79,18.126,7.0,71.1399707871351,6.40851332529118,6.03684213627426,2.24853070205861,1.74771551660494,3.01482017937117,98.6685460808805,7.42816034274497,8.13079868897787,0.0,6.0,0.6666666666666666,0.0,0.1111111111111111,0.2222222222222222,False,Valle de Aburrá,2514709.0,34.58,MEDIO
05001,2022,22,2022-05-30,7,0.2784,18.527,35.007,20.094,84.283,79.474,852.193,SISAIRE_DIRECTO,15.984,18.79,9.0,71.1399707871351,6.40851332529118,6.03684213627426,2.24853070205861,1.74771551660494,3.01482017937117,98.6685460808805,7.42816034274497,8.13079868897787,0.0,5.0,0.7142857142857143,0.0,0.0,0.2857142857142857,False,Valle de Aburrá,2514709.0,51.21,MEDIO
05001,2022,23,2022-06-06,8,0.3181,18.897,39.223,19.972,84.084,60.019,852.248,SISAIRE_DIRECTO,18.527,15.984,7.0,71.1399707871351,6.40851332529118,6.03684213627426,2.24853070205861,1.74771551660494,3.01482017937117,98.6685460808805,7.42816034274497,8.13079868897787,0.0,5.0,0.625,0.0,0.0,0.375,False,Valle de Aburrá,2514709.0,54.4,MEDIO
05001,2022,24,2022-06-13,8,0.3181,17.019,34.558,20.262,85.202,72.549,852.226,SISAIRE_DIRECTO,18.897,18.527,8.0,71.1399707871351,6.40851332529118,6.03684213627426,2.24853070205861,1.74771551660494,3.01482017937117,98.6685460808805,7.42816034274497,8.13079868897787,0.0,6.0,1.0,0.0,0.0,0.0,False,Valle de Aburrá,2514709.0,48.97,MEDIO
05001,2022,25,2022-06-20,11,0.4374,16.517,34.541,20.867,81.861,47.241,851.909,SISAIRE_DIRECTO,17.019,18.897,8.0,71.1399707871351,6.40851332529118,6.03684213627426,2.24853070205861,1.74771551660494,3.01482017937117,98.6685460808805,7.42816034274497,8.13079868897787,0.0,5.0,0.5454545454545454,0.0,0.0,0.4545454545454545,False,Valle de Aburrá,2514709.0,43.2,MEDIO
05001,2022,26,2022-06-27,9,0.3579,15.481,32.998,20.321,85.106,59.287,852.654,SISAIRE_DIRECTO,16.517,17.019,11.0,71.1399707871351,6.40851332529118,6.03684213627426,2.24853070205861,1.74771551660494,3.01482017937117,98.6685460808805,7.42816034274497,8.13079868897787,0.0,5.0,0.5555555555555556,0.0,0.1111111111111111,0.3333333333333333,False,Valle de Aburrá,2514709.0,33.3,MEDIO
05001,2022,27,2022-07-04,7,0.2784,12.957,29.562,22.783,70.881,4.16,851.655,SISAIRE_DIRECTO,15.481,16.517,9.0,71.1399707871351,6.40851332529118,6.03684213627426,2.24853070205861,1.74771551660494,3.01482017937117,98.6685460808805,7.42816034274497,8.13079868897787,0.0,4.0,0.8571428571428571,0.0,0.0,0.1428571428571428,False,Valle de Aburrá,2514709.0,19.53,BAJO
05001,2022,28,2022-07-11,13,0.517,16.266,36.989,21.891,78.969,27.189,851.824,SISAIRE_DIRECTO,12.957,15.481,7.0,71.1399707871351,6.40851332529118,6.03684213627426,2.24853070205861,1.74771551660494,3.01482017937117,98.6685460808805,7.42816034274497,8.13079868897787,0.0,4.0,0.6923076923076923,0.0,0.0,0.3076923076923077,False,Valle de Aburrá,2514709.0,44.6,MEDIO
05001,2022,29,2022-07-18,8,0.3181,15.409,32.377,22.158,74.601,16.513,851.346,SISAIRE_DIRECTO,16.266,12.957,13.0,71.1399707871351,6.40851332529118,6.03684213627426,2.24853070205861,1.74771551660494,3.01482017937117,98.6685460808805,7.42816034274497,8.13079868897787,0.0,4.0,0.5,0.0,0.125,0.375,False,Valle de Aburrá,2514709.0,27.56,BAJO
05001,2022,30,2022-07-25,8,0.3181,14.404,31.107,21.071,81.051,84.499,852.111,SISAIRE_DIRECTO,15.409,16.266,8.0,71.1399707871351,6.40851332529118,6.03684213627426,2.24853070205861,1.74771551660494,3.01482017937117,98.6685460808805,7.42816034274497,8.13079868897787,0.0,5.0,0.875,0.0,0.125,0.0,False,Valle de Aburrá,2514709.0,24.82,BAJO
05001,2022,31,2022-08-01,8,0.3181,15.917,35.257,21.035,81.816,85.81,851.051,SISAIRE_DIRECTO,14.404,15.409,8.0,71.1399707871351,6.40851332529118,6.03684213627426,2.24853070205861,1.74771551660494,3.01482017937117,98.6685460808805,7.42816034274497,8.13079868897787,0.0,4.0,0.875,0.0,0.0,0.125,False,Valle de Aburrá,2514709.0,28.9,BAJO
05001,2022,32,2022-08-08,8,0.3181,15.353,34.717,22.284,72.097,24.735,852.042,SISAIRE_DIRECTO,15.917,14.404,8.0,71.1399707871351,6.40851332529118,6.03684213627426,2.24853070205861,1.74771551660494,3.01482017937117,98.6685460808805,7.42816034274497,8.13079868897787,0.0,5.0,0.75,0.0,0.0,0.25,False,Valle de Aburrá,2514709.0,27.44,BAJO
05001,2022,33,2022-08-15,5,0.1988,15.06,33.357,21.58,78.443,37.625,851.796,SISAIRE_DIRECTO,15.353,15.917,8.0,71.1399707871351,6.40851332529118,6.03684213627426,2.24853070205861,1.74771551660494,3.01482017937117,98.6685460808805,7.42816034274497,8.13079868897787,0.0,4.0,1.0,0.0,0.0,0.0,False,Valle de Aburrá,2514709.0,19.06,BAJO
05001,2022,34,2022-08-22,11,0.4374,21.526,42.159,21.111,77.962,20.379,852.053,SISAIRE_DIRECTO,15.06,15.353,5.0,71.1399707871351,6.40851332529118,6.03684213627426,2.24853070205861,1.74771551660494,3.01482017937117,98.6685460808805,7.42816034274497,8.13079868897787,0.0,5.0,0.6363636363636364,0.0909090909090909,0.0,0.2727272727272727,False,Valle de Aburrá,2514709.0,72.26,ALTO
05001,2022,35,2022-08-29,10,0.3977,17.037,37.28,21.267,81.333,46.082,851.523,SISAIRE_DIRECTO,21.526,15.06,11.0,71.1399707871351,6.40851332529118,6.03684213627426,2.24853070205861,1.74771551660494,3.01482017937117,98.6685460808805,7.42816034274497,8.13079868897787,0.0,4.0,1.0,0.0,0.0,0.0,False,Valle de Aburrá,2514709.0,58.7,MEDIO
05001,2022,36,2022-09-05,10,0.3977,20.333,39.685,22.179,72.946,12.868,852.4,SISAIRE_DIRECTO,17.037,21.526,10.0,71.1399707871351,6.40851332529118,6.03684213627426,2.24853070205861,1.74771551660494,3.01482017937117,98.6685460808805,7.42816034274497,8.13079868897787,0.0,5.0,0.5,0.0,0.1,0.4,False,Valle de Aburrá,2514709.0,67.33,ALTO
05001,2022,37,2022-09-12,5,0.1988,17.505,38.402,20.644,82.918,49.145,852.224,SISAIRE_DIRECTO,20.333,17.037,10.0,71.1399707871351,6.40851332529118,6.03684213627426,2.24853070205861,1.74771551660494,3.01482017937117,98.6685460808805,7.42816034274497,8.13079868897787,0.0,5.0,0.6,0.0,0.2,0.2,False,Valle de Aburrá,2514709.0,43.1,MEDIO
05001,2022,38,2022-09-19,4,0.1591,19.529,41.632,19.575,86.667,24.929,852.184,SISAIRE_DIRECTO,17.505,20.333,5.0,71.1399707871351,6.40851332529118,6.03684213627426,2.24853070205861,1.74771551660494,3.01482017937117,98.6685460808805,7.42816034274497,8.13079868897787,0.0,6.0,1.0,0.0,0.0,0.0,False,Valle de Aburrá,2514709.0,41.25,MEDIO
05001,2022,39,2022-09-26,5,0.1988,17.787,40.638,21.167,79.258,19.575,851.703,SISAIRE_DIRECTO,19.529,17.505,4.0,71.1399707871351,6.40851332529118,6.03684213627426,2.24853070205861,1.74771551660494,3.01482017937117,98.6685460808805,7.42816034274497,8.13079868897787,0.0,6.0,0.8,0.0,0.0,0.2,False,Valle de Aburrá,2514709.0,44.03,MEDIO
05001,2022,40,2022-10-03,6,0.2386,15.241,34.769,20.978,80.057,47.7,851.239,SISAIRE_DIRECTO,17.787,19.529,5.0,71.1399707871351,6.40851332529118,6.03684213627426,2.24853070205861,1.74771551660494,3.01482017937117,98.6685460808805,7.42816034274497,8.13079868897787,0.0,6.0,0.8333333333333334,0.0,0.0,0.1666666666666666,False,Valle de Aburrá,2514709.0,22.5,BAJO
05001,2022,41,2022-10-10,3,0.1193,18.793,43.159,21.15,80.237,6.996,852.021,SISAIRE_DIRECTO,15.241,17.787,6.0,71.1399707871351,6.40851332529118,6.03684213627426,2.24853070205861,1.74771551660494,3.01482017937117,98.6685460808805,7.42816034274497,8.13079868897787,0.0,8.0,0.3333333333333333,0.0,0.3333333333333333,0.3333333333333333,False,Valle de Aburrá,2514709.0,37.11,MEDIO
05001,2022,42,2022-10-17,4,0.1591,18.397,37.41,20.287,85.132,57.027,851.852,SISAIRE_DIRECTO,18.793,15.241,3.0,71.1399707871351,6.40851332529118,6.03684213627426,2.24853070205861,1.74771551660494,3.01482017937117,98.6685460808805,7.42816034274497,8.13079868897787,0.0,4.0,0.5,0.0,0.0,0.5,False,Valle de Aburrá,2514709.0,38.51,MEDIO
05001,2022,43,2022-10-24,4,0.1591,15.679,34.752,20.33,86.923,61.111,851.686,SISAIRE_DIRECTO,18.397,18.793,4.0,71.1399707871351,6.40851332529118,6.03684213627426,2.24853070205861,1.74771551660494,3.01482017937117,98.6685460808805,7.42816034274497,8.13079868897787,0.0,5.0,1.0,0.0,0.0,0.0,False,Valle de Aburrá,2514709.0,13.65,BAJO
05001,2022,44,2022-10-31,4,0.1591,16.688,35.427,20.834,83.488,21.575,851.728,SISAIRE_DIRECTO,15.679,18.397,4.0,71.1399707871351,6.40851332529118,6.03684213627426,2.24853070205861,1.74771551660494,3.01482017937117,98.6685460808805,7.42816034274497,8.13079868897787,0.0,5.0,0.25,0.0,0.0,0.75,False,Valle de Aburrá,2514709.0,17.1,BAJO
05001,2022,45,2022-11-07,6,0.2386,15.519,30.707,21.18,81.781,16.2975,851.61,SISAIRE_DIRECTO,16.688,15.679,4.0,71.1399707871351,6.40851332529118,6.03684213627426,2.24853070205861,1.74771551660494,3.01482017937117,98.6685460808805,7.42816034274497,8.13079868897787,0.0,5.0,0.8333333333333334,0.0,0.0,0.1666666666666666,False,Valle de Aburrá,2514709.0,23.44,BAJO
05001,2022,46,2022-11-14,6,0.2386,17.605,35.876,21.011,79.354,11.02,851.771,SISAIRE_DIRECTO,15.519,16.688,6.0,71.1399707871351,6.40851332529118,6.03684213627426,2.24853070205861,1.74771551660494,3.01482017937117,98.6685460808805,7.42816034274497,8.13079868897787,0.0,4.0,0.5,0.0,0.1666666666666666,0.3333333333333333,False,Valle de Aburrá,2514709.0,46.13,MEDIO
05001,2022,47,2022-11-21,8,0.3181,17.19,37.862,20.842,76.927,5.7425,851.274,SISAIRE_DIRECTO,17.605,15.519,6.0,71.1399707871351,6.40851332529118,6.03684213627426,2.24853070205861,1.74771551660494,3.01482017937117,98.6685460808805,7.42816034274497,8.13079868897787,0.0,6.0,0.625,0.0,0.0,0.375,False,Valle de Aburrá,2514709.0,49.67,MEDIO
05001,2022,48,2022-11-28,4,0.1591,17.135,39.167,20.673,74.5,0.465,850.355,SISAIRE_DIRECTO,17.19,17.605,8.0,71.1399707871351,6.40851332529118,6.03684213627426,2.24853070205861,1.74771551660494,3.01482017937117,98.6685460808805,7.42816034274497,8.13079868897787,0.0,5.0,0.5,0.0,0.25,0.25,False,Valle de Aburrá,2514709.0,34.83,MEDIO
05001,2022,49,2022-12-05,9,0.3579,17.867,36.065,19.698,79.737,0.0,851.135,SISAIRE_DIRECTO,17.135,17.19,4.0,71.1399707871351,6.40851332529118,6.03684213627426,2.24853070205861,1.74771551660494,3.01482017937117,98.6685460808805,7.42816034274497,8.13079868897787,0.0,4.0,0.3333333333333333,0.0,0.0,0.6666666666666666,False,Valle de Aburrá,2514709.0,57.1,MEDIO
05001,2022,50,2022-12-12,5,0.1988,18.761,41.472,21.24,78.057,0.223,850.782,SISAIRE_DIRECTO,17.867,17.135,9.0,71.1399707871351,6.40851332529118,6.03684213627426,2.24853070205861,1.74771551660494,3.01482017937117,98.6685460808805,7.42816034274497,8.13079868897787,0.0,3.0,0.6,0.0,0.0,0.4,False,Valle de Aburrá,2514709.0,46.72,MEDIO
05001,2022,51,2022-12-19,3,0.1193,21.639,44.31,21.975,75.673,1.332,851.009,SISAIRE_DIRECTO,18.761,17.867,5.0,71.1399707871351,6.40851332529118,6.03684213627426,2.24853070205861,1.74771551660494,3.01482017937117,98.6685460808805,7.42816034274497,8.13079868897787,0.0,5.0,1.0,0.0,0.0,0.0,False,Valle de Aburrá,2514709.0,43.12,MEDIO
05001,2022,52,2022-12-26,1,0.0402,20.676,40.502,21.013,78.976,15.423,852.287,SISAIRE_DIRECTO,21.639,18.761,3.0,71.1399707871351,6.40851332529118,6.03684213627426,2.24853070205861,1.74771551660494,3.01482017937117,98.6685460808805,7.42816034274497,8.13079868897787,0.0,4.0,0.0,0.0,0.0,1.0,False,Valle de Aburrá,2514709.0,38.57,MEDIO
05001,2023,1,2023-01-02,9,0.3574,15.317,30.773,20.142,82.018,70.404,852.83,SISAIRE_DIRECTO,20.676,21.639,1.0,71.1399707871351,6.40851332529118,6.03684213627426,2.24853070205861,1.74771551660494,3.01482017937117,98.6685460808805,7.42816034274497,8.13079868897787,0.0,7.0,0.8888888888888888,0.0,0.0,0.1111111111111111,False,Valle de Aburrá,2518480.0,32.71,BAJO
05001,2023,2,2023-01-09,7,0.2779,17.773,37.489,20.082,85.785,74.947,852.661,SISAIRE_DIRECTO,15.317,20.676,9.0,71.1399707871351,6.40851332529118,6.03684213627426,2.24853070205861,1.74771551660494,3.01482017937117,98.6685460808805,7.42816034274497,8.13079868897787,0.0,4.0,0.7142857142857143,0.0,0.0,0.2857142857142857,False,Valle de Aburrá,2518480.0,48.39,MEDIO
05001,2023,3,2023-01-16,4,0.1588,18.395,39.015,20.753,78.445,38.886,851.416,SISAIRE_DIRECTO,17.773,15.317,7.0,71.1399707871351,6.40851332529118,6.03684213627426,2.24853070205861,1.74771551660494,3.01482017937117,98.6685460808805,7.42816034274497,8.13079868897787,0.0,6.0,0.5,0.0,0.0,0.5,False,Valle de Aburrá,2518480.0,37.91,MEDIO
05001,2023,4,2023-01-23,1,0.0402,18.919,40.127,22.263,68.679,0.044,850.567,SISAIRE_DIRECTO,18.395,17.773,4.0,71.1399707871351,6.40851332529118,6.03684213627426,2.24853070205861,1.74771551660494,3.01482017937117,98.6685460808805,7.42816034274497,8.13079868897787,0.0,16.0,0.0,0.0,0.0,1.0,False,Valle de Aburrá,2518480.0,34.72,MEDIO
05001,2023,5,2023-01-30,6,0.2382,24.456,48.916,21.625,71.464,16.929,851.641,SISAIRE_DIRECTO,18.919,18.395,1.0,71.1399707871351,6.40851332529118,6.03684213627426,2.24853070205861,1.74771551660494,3.01482017937117,98.6685460808805,7.42816034274497,8.13079868897787,0.0,10.0,0.5,0.0,0.0,0.5,False,Valle de Aburrá,2518480.0,58.33,MEDIO
05001,2023,6,2023-02-06,3,0.1191,21.275,43.761,22.293,71.39,2.386,850.242,SISAIRE_DIRECTO,24.456,18.919,6.0,71.1399707871351,6.40851332529118,6.03684213627426,2.24853070205861,1.74771551660494,3.01482017937117,98.6685460808805,7.42816034274497,8.13079868897787,0.0,5.0,0.6666666666666666,0.0,0.0,0.3333333333333333,False,Valle de Aburrá,2518480.0,42.34,MEDIO
05001,2023,7,2023-02-13,6,0.2382,17.931,37.985,21.905,77.589,8.618,850.341,SISAIRE_DIRECTO,21.275,24.456,3.0,71.1399707871351,6.40851332529118,6.03684213627426,2.24853070205861,1.74771551660494,3.01482017937117,98.6685460808805,7.42816034274497,8.13079868897787,0.0,6.0,0.8333333333333334,0.0,0.0,0.1666666666666666,False,Valle de Aburrá,2518480.0,46.54,MEDIO
05001,2023,8,2023-02-20,1,0.0402,26.795,52.685,21.464,76.068,8.324,851.864,SISAIRE_DIRECTO,17.931,21.275,6.0,71.1399707871351,6.40851332529118,6.03684213627426,2.24853070205861,1.74771551660494,3.01482017937117,98.6685460808805,7.42816034274497,8.13079868897787,0.0,3.0,1.0,0.0,0.0,0.0,False,Valle de Aburrá,2518480.0,45.34,MEDIO
05001,2023,9,2023-02-27,3,0.1191,22.006,44.281,23.304,69.449,9.023,850.601,SISAIRE_DIRECTO,26.795,17.931,1.0,71.1399707871351,6.40851332529118,6.03684213627426,2.24853070205861,1.74771551660494,3.01482017937117,98.6685460808805,7.42816034274497,8.13079868897787,0.0,6.0,0.6666666666666666,0.0,0.0,0.3333333333333333,False,Valle de Aburrá,2518480.0,43.33,MEDIO
05001,2023,10,2023-03-06,1,0.0402,18.611,39.458,20.172,86.969,85.636,852.367,SISAIRE_DIRECTO,22.006,26.795,3.0,71.1399707871351,6.40851332529118,6.03684213627426,2.24853070205861,1.74771551660494,3.01482017937117,98.6685460808805,7.42816034274497,8.13079868897787,0.0,11.0,1.0,0.0,0.0,0.0,False,Valle de Aburrá,2518480.0,33.78,MEDIO
05001,2023,11,2023-03-13,6,0.2382,18.861,41.251,20.269,85.725,29.754,852.851,SISAIRE_DIRECTO,18.611,22.006,1.0,71.1399707871351,6.40851332529118,6.03684213627426,2.24853070205861,1.74771551660494,3.01482017937117,98.6685460808805,7.42816034274497,8.13079868897787,0.0,8.0,0.8333333333333334,0.0,0.0,0.1666666666666666,False,Valle de Aburrá,2518480.0,49.29,MEDIO
05001,2023,12,2023-03-20,7,0.2779,30.036,55.548,21.302,75.623,1.081,851.582,SISAIRE_DIRECTO,18.861,18.611,6.0,71.1399707871351,6.40851332529118,6.03684213627426,2.24853070205861,1.74771551660494,3.01482017937117,98.6685460808805,7.42816034274497,8.13079868897787,0.0,7.0,0.1428571428571428,0.0,0.1428571428571428,0.7142857142857143,False,Valle de Aburrá,2518480.0,63.56,MEDIO
05001,2023,13,2023-03-27,4,0.1588,22.773,44.304,21.35,81.79,0.261,851.094,SISAIRE_DIRECTO,30.036,18.861,7.0,71.1399707871351,6.40851332529118,6.03684213627426,2.24853070205861,1.74771551660494,3.01482017937117,98.6685460808805,7.42816034274497,8.13079868897787,0.0,8.0,1.0,0.0,0.0,0.0,False,Valle de Aburrá,2518480.0,46.31,MEDIO
05001,2023,14,2023-04-03,8,0.3177,16.464,34.16,22.071,75.623,4.938,850.334,SISAIRE_DIRECTO,22.773,30.036,4.0,71.1399707871351,6.40851332529118,6.03684213627426,2.24853070205861,1.74771551660494,3.01482017937117,98.6685460808805,7.42816034274497,8.13079868897787,0.0,9.0,0.5,0.0,0.125,0.375,False,Valle de Aburrá,2518480.0,30.26,BAJO
05001,2023,15,2023-04-10,7,0.2779,19.222,43.12,21.789,80.815,43.283,850.894,SISAIRE_DIRECTO,16.464,22.773,8.0,71.1399707871351,6.40851332529118,6.03684213627426,2.24853070205861,1.74771551660494,3.01482017937117,98.6685460808805,7.42816034274497,8.13079868897787,0.0,6.0,0.5714285714285714,0.0,0.0,0.4285714285714285,False,Valle de Aburrá,2518480.0,52.36,MEDIO
05001,2023,16,2023-04-17,4,0.1588,16.507,40.935,21.226,82.286,27.216,851.357,SISAIRE_DIRECTO,19.222,16.464,7.0,71.1399707871351,6.40851332529118,6.03684213627426,2.24853070205861,1.74771551660494,3.01482017937117,98.6685460808805,7.42816034274497,8.13079868897787,0.0,8.0,0.25,0.0,0.0,0.75,False,Valle de Aburrá,2518480.0,15.65,BAJO
05001,2023,17,2023-04-24,6,0.2382,15.899,41.181,21.63,86.444,37.018,852.125,SISAIRE_DIRECTO,16.507,19.222,4.0,71.1399707871351,6.40851332529118,6.03684213627426,2.24853070205861,1.74771551660494,3.01482017937117,98.6685460808805,7.42816034274497,8.13079868897787,0.0,8.0,0.5,0.0,0.0,0.5,False,Valle de Aburrá,2518480.0,23.79,BAJO
05001,2023,18,2023-05-01,10,0.3971,15.714,39.684,24.325,55.138,0.0,850.118,SISAIRE_DIRECTO,15.899,16.507,6.0,71.1399707871351,6.40851332529118,6.03684213627426,2.24853070205861,1.74771551660494,3.01482017937117,98.6685460808805,7.42816034274497,8.13079868897787,0.0,7.0,0.8,0.0,0.0,0.2,False,Valle de Aburrá,2518480.0,37.93,MEDIO
05001,2023,19,2023-05-08,8,0.3177,17.265,45.88,23.325,58.571,1.691,851.236,SISAIRE_DIRECTO,15.714,15.899,10.0,71.1399707871351,6.40851332529118,6.03684213627426,2.24853070205861,1.74771551660494,3.01482017937117,98.6685460808805,7.42816034274497,8.13079868897787,0.0,9.0,0.375,0.0,0.125,0.5,False,Valle de Aburrá,2518480.0,49.34,MEDIO
05001,2023,20,2023-05-15,7,0.2779,16.213,42.823,22.612,0.0,15.39,851.149,SISAIRE_DIRECTO,17.265,15.714,8.0,71.1399707871351,6.40851332529118,6.03684213627426,2.24853070205861,1.74771551660494,3.01482017937117,98.6685460808805,7.42816034274497,8.13079868897787,0.0,7.0,0.2857142857142857,0.0,0.0,0.7142857142857143,False,Valle de Aburrá,2518480.0,26.92,BAJO
05001,2023,21,2023-05-22,9,0.3574,16.58,42.884,21.234,0.0,45.88,852.085,SISAIRE_DIRECTO,16.213,17.265,7.0,71.1399707871351,6.40851332529118,6.03684213627426,2.24853070205861,1.74771551660494,3.01482017937117,98.6685460808805,7.42816034274497,8.13079868897787,0.0,7.0,0.3333333333333333,0.0,0.1111111111111111,0.5555555555555556,False,Valle de Aburrá,2518480.0,36.74,MEDIO
05001,2023,22,2023-05-29,12,0.4765,16.782,46.602,21.655,0.0,22.333,852.103,SISAIRE_DIRECTO,16.58,16.213,9.0,71.1399707871351,6.40851332529118,6.03684213627426,2.24853070205861,1.74771551660494,3.01482017937117,98.6685460808805,7.42816034274497,8.13079868897787,0.0,8.0,0.5833333333333334,0.0,0.0,0.4166666666666667,False,Valle de Aburrá,2518480.0,45.78,MEDIO
05001,2023,23,2023-06-05,8,0.3177,13.626,40.636,22.42,0.0,0.094,852.846,SISAIRE_DIRECTO,16.782,16.58,12.0,71.1399707871351,6.40851332529118,6.03684213627426,2.24853070205861,1.74771551660494,3.01482017937117,98.6685460808805,7.42816034274497,8.13079868897787,0.0,6.0,0.5,0.0,0.0,0.5,False,Valle de Aburrá,2518480.0,22.39,BAJO
05001,2023,24,2023-06-12,5,0.1985,12.342,35.959,23.803,47.741,0.094,851.374,SISAIRE_DIRECTO,13.626,16.782,8.0,71.1399707871351,6.40851332529118,6.03684213627426,2.24853070205861,1.74771551660494,3.01482017937117,98.6685460808805,7.42816034274497,8.13079868897787,0.0,6.0,0.8,0.0,0.0,0.2,False,Valle de Aburrá,2518480.0,13.03,BAJO
05001,2023,25,2023-06-19,6,0.2382,13.498,37.355,23.107,76.032,0.094,851.371,SISAIRE_DIRECTO,12.342,13.626,5.0,71.1399707871351,6.40851332529118,6.03684213627426,2.24853070205861,1.74771551660494,3.01482017937117,98.6685460808805,7.42816034274497,8.13079868897787,0.0,8.0,0.3333333333333333,0.0,0.0,0.6666666666666666,False,Valle de Aburrá,2518480.0,17.54,BAJO
05001,2023,26,2023-06-26,4,0.1588,13.014,37.536,23.198,0.0,0.094,851.565,SISAIRE_DIRECTO,13.498,12.342,6.0,71.1399707871351,6.40851332529118,6.03684213627426,2.24853070205861,1.74771551660494,3.01482017937117,98.6685460808805,7.42816034274497,8.13079868897787,0.0,8.0,0.5,0.0,0.25,0.25,False,Valle de Aburrá,2518480.0,6.63,BAJO
05001,2023,27,2023-07-03,8,0.3177,14.269,38.209,21.725,0.0,0.094,852.562,SISAIRE_DIRECTO,13.014,13.498,4.0,71.1399707871351,6.40851332529118,6.03684213627426,2.24853070205861,1.74771551660494,3.01482017937117,98.6685460808805,7.42816034274497,8.13079868897787,0.0,7.0,0.625,0.0,0.0,0.375,False,Valle de Aburrá,2518480.0,23.96,BAJO
05001,2023,28,2023-07-10,2,0.0794,12.808,36.627,24.029,0.0,,850.802,SISAIRE_DIRECTO,14.269,13.014,8.0,71.1399707871351,6.40851332529118,6.03684213627426,2.24853070205861,1.74771551660494,3.01482017937117,98.6685460808805,7.42816034274497,8.13079868897787,0.0,4.0,0.0,0.0,0.0,1.0,False,Valle de Aburrá,2518480.0,2.72,BAJO
05001,2023,29,2023-07-17,7,0.2779,11.996,36.431,23.854,0.0,,852.203,SISAIRE_DIRECTO,12.808,14.269,2.0,71.1399707871351,6.40851332529118,6.03684213627426,2.24853070205861,1.74771551660494,3.01482017937117,98.6685460808805,7.42816034274497,8.13079868897787,0.0,6.0,0.4285714285714285,0.0,0.1428571428571428,0.4285714285714285,False,Valle de Aburrá,2518480.0,17.0,BAJO
05001,2023,30,2023-07-24,6,0.2382,16.319,41.656,23.495,24.6,,852.266,SISAIRE_DIRECTO,11.996,12.808,7.0,71.1399707871351,6.40851332529118,6.03684213627426,2.24853070205861,1.74771551660494,3.01482017937117,98.6685460808805,7.42816034274497,8.13079868897787,0.0,7.0,0.3333333333333333,0.0,0.0,0.6666666666666666,False,Valle de Aburrá,2518480.0,25.25,BAJO
05001,2023,31,2023-07-31,4,0.1588,15.476,37.27,24.523,71.698,,852.641,SISAIRE_DIRECTO,16.319,11.996,6.0,71.1399707871351,6.40851332529118,6.03684213627426,2.24853070205861,1.74771551660494,3.01482017937117,98.6685460808805,7.42816034274497,8.13079868897787,0.0,10.0,0.25,0.0,0.25,0.5,False,Valle de Aburrá,2518480.0,12.47,BAJO
05001,2023,32,2023-08-07,6,0.2382,15.021,40.482,24.049,45.4,,852.35,SISAIRE_DIRECTO,15.476,16.319,4.0,71.1399707871351,6.40851332529118,6.03684213627426,2.24853070205861,1.74771551660494,3.01482017937117,98.6685460808805,7.42816034274497,8.13079868897787,0.0,7.0,0.5,0.0,0.0,0.5,False,Valle de Aburrá,2518480.0,21.1,BAJO
05001,2023,33,2023-08-14,3,0.1191,16.727,43.54,22.863,0.0,,850.901,SISAIRE_DIRECTO,15.021,15.476,6.0,71.1399707871351,6.40851332529118,6.03684213627426,2.24853070205861,1.74771551660494,3.01482017937117,98.6685460808805,7.42816034274497,8.13079868897787,0.0,6.0,1.0,0.0,0.0,0.0,False,Valle de Aburrá,2518480.0,14.86,BAJO
05001,2023,34,2023-08-21,2,0.0794,16.272,39.394,22.469,0.0,,851.22,SISAIRE_DIRECTO,16.727,15.021,3.0,71.1399707871351,6.40851332529118,6.03684213627426,2.24853070205861,1.74771551660494,3.01482017937117,98.6685460808805,7.42816034274497,8.13079868897787,0.0,9.0,1.0,0.0,0.0,0.0,False,Valle de Aburrá,2518480.0,11.18,BAJO
05001,2023,35,2023-08-28,2,0.0794,18.279,46.754,23.564,0.0,,852.029,SISAIRE_DIRECTO,16.272,16.727,2.0,71.1399707871351,6.40851332529118,6.03684213627426,2.24853070205861,1.74771551660494,3.01482017937117,98.6685460808805,7.42816034274497,8.13079868897787,0.0,14.0,0.5,0.0,0.0,0.5,False,Valle de Aburrá,2518480.0,34.06,MEDIO
05001,2023,36,2023-09-04,3,0.1191,16.539,42.736,23.673,0.0,,851.49,SISAIRE_DIRECTO,18.279,16.272,2.0,71.1399707871351,6.40851332529118,6.03684213627426,2.24853070205861,1.74771551660494,3.01482017937117,98.6685460808805,7.42816034274497,8.13079868897787,0.0,8.0,0.6666666666666666,0.0,0.0,0.3333333333333333,False,Valle de Aburrá,2518480.0,13.69,BAJO
05001,2023,37,2023-09-11,2,0.0794,15.195,40.724,23.412,0.0,,851.581,SISAIRE_DIRECTO,16.539,18.279,3.0,71.1399707871351,6.40851332529118,6.03684213627426,2.24853070205861,1.74771551660494,3.01482017937117,98.6685460808805,7.42816034274497,8.13079868897787,0.0,6.0,0.0,0.0,0.0,1.0,False,Valle de Aburrá,2518480.0,7.74,BAJO
05001,2023,38,2023-09-18,6,0.2382,18.454,47.259,23.689,0.0,,850.802,SISAIRE_DIRECTO,15.195,16.539,2.0,71.1399707871351,6.40851332529118,6.03684213627426,2.24853070205861,1.74771551660494,3.01482017937117,98.6685460808805,7.42816034274497,8.13079868897787,0.0,7.0,0.5,0.0,0.0,0.5,False,Valle de Aburrá,2518480.0,48.23,MEDIO
05001,2023,39,2023-09-25,4,0.1588,16.85,45.731,23.486,0.0,,851.476,SISAIRE_DIRECTO,18.454,15.195,6.0,71.1399707871351,6.40851332529118,6.03684213627426,2.24853070205861,1.74771551660494,3.01482017937117,98.6685460808805,7.42816034274497,8.13079868897787,0.0,5.0,1.0,0.0,0.0,0.0,False,Valle de Aburrá,2518480.0,33.24,MEDIO
05001,2023,40,2023-10-02,2,0.0794,19.387,48.078,21.579,0.0,,852.385,SISAIRE_DIRECTO,16.85,18.454,4.0,71.1399707871351,6.40851332529118,6.03684213627426,2.24853070205861,1.74771551660494,3.01482017937117,98.6685460808805,7.42816034274497,8.13079868897787,0.0,4.0,0.0,0.0,0.0,1.0,False,Valle de Aburrá,2518480.0,36.68,MEDIO
05001,2023,41,2023-10-09,2,0.0794,20.274,50.294,22.809,0.0,,851.627,SISAIRE_DIRECTO,19.387,16.85,2.0,71.1399707871351,6.40851332529118,6.03684213627426,2.24853070205861,1.74771551660494,3.01482017937117,98.6685460808805,7.42816034274497,8.13079868897787,0.0,10.0,1.0,0.0,0.0,0.0,False,Valle de Aburrá,2518480.0,38.61,MEDIO
05001,2023,42,2023-10-16,7,0.2779,20.248,51.024,22.809,0.302,,851.94,SISAIRE_DIRECTO,20.274,19.387,2.0,71.1399707871351,6.40851332529118,6.03684213627426,2.24853070205861,1.74771551660494,3.01482017937117,98.6685460808805,7.42816034274497,8.13079868897787,0.0,7.0,0.4285714285714285,0.0,0.0,0.5714285714285714,False,Valle de Aburrá,2518480.0,54.52,MEDIO
05001,2023,43,2023-10-23,2,0.0794,16.507,44.672,22.809,0.604,,851.634,SISAIRE_DIRECTO,20.248,20.274,7.0,71.1399707871351,6.40851332529118,6.03684213627426,2.24853070205861,1.74771551660494,3.01482017937117,98.6685460808805,7.42816034274497,8.13079868897787,0.0,9.0,0.5,0.0,0.0,0.5,False,Valle de Aburrá,2518480.0,12.03,BAJO
05001,2023,44,2023-10-30,6,0.2382,15.181,41.408,22.809,0.044,,851.134,SISAIRE_DIRECTO,16.507,20.248,2.0,71.1399707871351,6.40851332529118,6.03684213627426,2.24853070205861,1.74771551660494,3.01482017937117,98.6685460808805,7.42816034274497,8.13079868897787,0.0,7.0,0.8333333333333334,0.0,0.0,0.1666666666666666,False,Valle de Aburrá,2518480.0,21.39,BAJO
05001,2023,45,2023-11-06,6,0.2382,15.58,43.119,22.809,0.208,,850.465,SISAIRE_DIRECTO,15.181,16.507,6.0,71.1399707871351,6.40851332529118,6.03684213627426,2.24853070205861,1.74771551660494,3.01482017937117,98.6685460808805,7.42816034274497,8.13079868897787,0.0,7.0,0.3333333333333333,0.0,0.1666666666666666,0.5,False,Valle de Aburrá,2518480.0,22.97,BAJO
05001,2023,46,2023-11-13,2,0.0794,14.724,42.19,,0.11,,851.421,SISAIRE_DIRECTO,15.58,15.181,6.0,71.1399707871351,6.40851332529118,6.03684213627426,2.24853070205861,1.74771551660494,3.01482017937117,98.6685460808805,7.42816034274497,8.13079868897787,0.0,9.0,0.5,0.0,0.0,0.5,False,Valle de Aburrá,2518480.0,6.81,BAJO
05001,2023,47,2023-11-20,6,0.2382,13.581,41.938,,1.111,,851.917,SISAIRE_DIRECTO,14.724,15.58,2.0,71.1399707871351,6.40851332529118,6.03684213627426,2.24853070205861,1.74771551660494,3.01482017937117,98.6685460808805,7.42816034274497,8.13079868897787,0.0,7.0,0.1666666666666666,0.0,0.1666666666666666,0.6666666666666666,False,Valle de Aburrá,2518480.0,17.66,BAJO
05001,2023,48,2023-11-27,5,0.1985,15.249,42.632,,0.8009999999999999,,850.829,SISAIRE_DIRECTO,13.581,14.724,6.0,71.1399707871351,6.40851332529118,6.03684213627426,2.24853070205861,1.74771551660494,3.01482017937117,98.6685460808805,7.42816034274497,8.13079868897787,0.0,7.0,0.8,0.0,0.0,0.2,False,Valle de Aburrá,2518480.0,19.33,BAJO
05001,2023,49,2023-12-04,5,0.1985,18.025,49.046,,0.491,,850.423,SISAIRE_DIRECTO,15.249,13.581,5.0,71.1399707871351,6.40851332529118,6.03684213627426,2.24853070205861,1.74771551660494,3.01482017937117,98.6685460808805,7.42816034274497,8.13079868897787,0.0,7.0,0.8,0.0,0.0,0.2,False,Valle de Aburrá,2518480.0,44.36,MEDIO
05001,2023,50,2023-12-11,2,0.0794,17.704,47.954,,0.051,,849.715,SISAIRE_DIRECTO,18.025,15.249,5.0,71.1399707871351,6.40851332529118,6.03684213627426,2.24853070205861,1.74771551660494,3.01482017937117,98.6685460808805,7.42816034274497,8.13079868897787,0.0,5.0,1.0,0.0,0.0,0.0,False,Valle de Aburrá,2518480.0,32.04,BAJO
05001,2023,51,2023-12-18,5,0.1985,16.267,41.597,,0.096,,850.803,SISAIRE_DIRECTO,17.704,18.025,2.0,71.1399707871351,6.40851332529118,6.03684213627426,2.24853070205861,1.74771551660494,3.01482017937117,98.6685460808805,7.42816034274497,8.13079868897787,0.0,6.0,0.4,0.0,0.2,0.4,False,Valle de Aburrá,2518480.0,22.25,BAJO
05001,2023,52,2023-12-25,5,0.1985,15.65,36.496,,0.141,,853.257,SISAIRE_DIRECTO,16.267,17.704,5.0,71.1399707871351,6.40851332529118,6.03684213627426,2.24853070205861,1.74771551660494,3.01482017937117,98.6685460808805,7.42816034274497,8.13079868897787,0.0,7.0,0.8,0.0,0.0,0.2,False,Valle de Aburrá,2518480.0,20.5,BAJO
05030,2019,22,2019-05-27,2,6.5085,,24.291,,,0.0,,IMPUTADO_PA,,,,66.6135208559361,13.1271432991805,12.0394213204754,2.9003859426056,2.13289685690587,2.92816961360548,97.7550735351614,6.73711881594546,7.51559379130697,0.0,7.0,1.0,0.0,0.0,0.0,False,Resto de Antioquia,30729.0,62.61,MEDIO
05030,2019,25,2019-06-17,1,3.2543,,31.819,,,1.9,,IMPUTADO_PA,,,2.0,66.6135208559361,13.1271432991805,12.0394213204754,2.9003859426056,2.13289685690587,2.92816961360548,97.7550735351614,6.73711881594546,7.51559379130697,0.0,13.0,1.0,0.0,0.0,0.0,False,Resto de Antioquia,30729.0,53.43,MEDIO
05030,2022,16,2022-04-18,1,3.1275,20.684,14.707,,,,,SISAIRE_DIRECTO,,,1.0,66.6135208559361,13.1271432991805,12.0394213204754,2.9003859426056,2.13289685690587,2.92816961360548,97.7550735351614,6.73711881594546,7.51559379130697,0.0,5.0,0.0,0.0,1.0,0.0,False,Resto de Antioquia,31974.0,71.12,ALTO
05030,2023,1,2023-01-02,1,3.1019,27.416,28.01,,,,,SISAIRE_DIRECTO,20.684,,1.0,66.6135208559361,13.1271432991805,12.0394213204754,2.9003859426056,2.13289685690587,2.92816961360548,97.7550735351614,6.73711881594546,7.51559379130697,0.0,2.0,1.0,0.0,0.0,0.0,False,Resto de Antioquia,32238.0,78.04,ALTO
05031,2018,23,2018-06-04,1,3.8558,,,,,,,,,,,63.211458334267,24.9657033871654,18.8383850299384,2.58946384960746,2.00676183147561,2.38702223716055,72.6074604353159,6.97115056068833,6.53477726477369,0.0,4.0,0.0,0.0,0.0,1.0,False,Resto de Antioquia,25935.0,55.71,MEDIO
05031,2023,33,2023-08-14,1,3.5293,,,,,,,,,,1.0,63.211458334267,24.9657033871654,18.8383850299384,2.58946384960746,2.00676183147561,2.38702223716055,72.6074604353159,6.97115056068833,6.53477726477369,0.0,6.0,1.0,0.0,0.0,0.0,False,Resto de Antioquia,28334.0,54.35,MEDIO
05031,2023,39,2023-09-25,1,3.5293,,,,,,,,,,1.0,63.211458334267,24.9657033871654,18.8383850299384,2.58946384960746,2.00676183147561,2.38702223716055,72.6074604353159,6.97115056068833,6.53477726477369,0.0,8.0,1.0,0.0,0.0,0.0,False,Resto de Antioquia,28334.0,54.35,MEDIO
05034,2018,1,2018-01-01,1,2.3113,,16.25,19.128,85.003,40.7,,SIN_DATO,,,,69.1108354304892,12.9430402359517,18.974331033133,2.94489226717539,2.22730400408936,2.59067521454081,95.1153232142127,8.29544462258472,7.62040910566135,0.0,6.0,0.0,0.0,0.0,1.0,False,Resto de Antioquia,43265.0,42.17,MEDIO
05034,2018,4,2018-01-22,1,2.3113,,26.226,20.538,75.336,0.3,,SIN_DATO,,,1.0,69.1108354304892,12.9430402359517,18.974331033133,2.94489226717539,2.22730400408936,2.59067521454081,95.1153232142127,8.29544462258472,7.62040910566135,0.0,5.0,0.0,0.0,0.0,1.0,False,Resto de Antioquia,43265.0,42.17,MEDIO
05034,2018,24,2018-06-11,1,2.3113,,33.332,20.617,82.882,23.8,,SIN_DATO,,,1.0,69.1108354304892,12.9430402359517,18.974331033133,2.94489226717539,2.22730400408936,2.59067521454081,95.1153232142127,8.29544462258472,7.62040910566135,0.0,6.0,1.0,0.0,0.0,0.0,False,Resto de Antioquia,43265.0,42.17,MEDIO
05034,2018,52,2018-12-24,1,2.3113,,21.713,20.351,73.892,0.0,,SIN_DATO,,,1.0,69.1108354304892,12.9430402359517,18.974331033133,2.94489226717539,2.22730400408936,2.59067521454081,95.1153232142127,8.29544462258472,7.62040910566135,0.0,4.0,0.0,0.0,0.0,1.0,False,Resto de Antioquia,43265.0,42.17,MEDIO
05034,2019,21,2019-05-20,1,2.2852,,,20.103,77.205,63.4,,SIN_DATO,,,1.0,69.1108354304892,12.9430402359517,18.974331033133,2.94489226717539,2.22730400408936,2.59067521454081,95.1153232142127,8.29544462258472,7.62040910566135,0.0,15.0,0.0,0.0,0.0,1.0,False,Resto de Antioquia,43759.0,41.97,MEDIO
05040,2019,20,2019-05-13,1,5.3189,,,,,,,,,,,63.0771596701294,30.9798468910477,19.1364059468404,2.57364694200176,2.10953978022259,2.31133897287282,77.7187010643098,7.49592997201671,6.81295553534966,0.0,4.0,0.0,0.0,0.0,1.0,False,Resto de Antioquia,18801.0,60.3,MEDIO
05040,2020,14,2020-03-30,1,5.1827,,,,,,,,,,1.0,63.0771596701294,30.9798468910477,19.1364059468404,2.57364694200176,2.10953978022259,2.31133897287282,77.7187010643098,7.49592997201671,6.81295553534966,0.0,20.0,0.0,0.0,0.0,1.0,True,Resto de Antioquia,19295.0,59.91,MEDIO
05040,2022,21,2022-05-23,1,4.9983,,,,,,,,,,1.0,63.0771596701294,30.9798468910477,19.1364059468404,2.57364694200176,2.10953978022259,2.31133897287282,77.7187010643098,7.49592997201671,6.81295553534966,0.0,7.0,0.0,0.0,0.0,1.0,False,Resto de Antioquia,20007.0,59.6,MEDIO
05040,2023,28,2023-07-10,1,4.9213,,,,,,,,,,1.0,63.0771596701294,30.9798468910477,19.1364059468404,2.57364694200176,2.10953978022259,2.31133897287282,77.7187010643098,7.49592997201671,6.81295553534966,0.0,8.0,0.0,0.0,0.0,1.0,False,Resto de Antioquia,20320.0,59.49,MEDIO
05040,2023,41,2023-10-09,1,4.9213,,,,,,,,,,1.0,63.0771596701294,30.9798468910477,19.1364059468404,2.57364694200176,2.10953978022259,2.31133897287282,77.7187010643098,7.49592997201671,6.81295553534966,0.0,5.0,0.0,0.0,0.0,1.0,False,Resto de Antioquia,20320.0,59.49,MEDIO
05042,2019,20,2019-05-13,1,3.7707,11.972,,,92.399,35.4,805.755,SIN_DATO,,,,63.2329426224773,10.6893071753536,14.7332630413027,2.26621904173283,1.8485021825453,2.59518940184533,95.6014056511171,5.93605025130431,6.49610172462351,0.0,6.0,0.0,0.0,0.0,1.0,False,Resto de Antioquia,26520.0,41.47,MEDIO
05042,2019,24,2019-06-10,1,3.7707,9.979,,,90.048,29.6,806.076,SIN_DATO,11.972,,1.0,63.2329426224773,10.6893071753536,14.7332630413027,2.26621904173283,1.8485021825453,2.59518940184533,95.6014056511171,5.93605025130431,6.49610172462351,0.0,6.0,0.0,0.0,0.0,1.0,False,Resto de Antioquia,26520.0,39.42,MEDIO
05042,2021,26,2021-06-28,1,3.6664,,,16.998,88.952,3.6,806.192,SIN_DATO,9.979,11.972,1.0,63.2329426224773,10.6893071753536,14.7332630413027,2.26621904173283,1.8485021825453,2.59518940184533,95.6014056511171,5.93605025130431,6.49610172462351,0.0,3.0,1.0,0.0,0.0,0.0,True,Resto de Antioquia,27275.0,62.03,MEDIO
05042,2023,6,2023-02-06,1,3.5865,,,27.145,65.308,2.2,803.687,SIN_DATO,,9.979,1.0,63.2329426224773,10.6893071753536,14.7332630413027,2.26621904173283,1.8485021825453,2.59518940184533,95.6014056511171,5.93605025130431,6.49610172462351,0.0,6.0,0.0,0.0,0.0,1.0,False,Resto de Antioquia,27882.0,61.61,MEDIO
05042,2023,18,2023-05-01,1,3.5865,,,,,,,,,,1.0,63.2329426224773,10.6893071753536,14.7332630413027,2.26621904173283,1.8485021825453,2.59518940184533,95.6014056511171,5.93605025130431,6.49610172462351,0.0,7.0,1.0,0.0,0.0,0.0,False,Resto de Antioquia,27882.0,61.61,MEDIO
05042,2023,25,2023-06-19,1,3.5865,,,,,,,,,,1.0,63.2329426224773,10.6893071753536,14.7332630413027,2.26621904173283,1.8485021825453,2.59518940184533,95.6014056511171,5.93605025130431,6.49610172462351,0.0,7.0,0.0,0.0,0.0,1.0,False,Resto de Antioquia,27882.0,61.61,MEDIO
05042,2023,28,2023-07-10,1,3.5865,,,,,,,,,,1.0,63.2329426224773,10.6893071753536,14.7332630413027,2.26621904173283,1.8485021825453,2.59518940184533,95.6014056511171,5.93605025130431,6.49610172462351,0.0,8.0,0.0,0.0,0.0,1.0,False,Resto de Antioquia,27882.0,61.61,MEDIO
05044,2019,31,2019-07-29,1,13.9626,,,,,,,,,,,64.2496766576655,11.3158129711663,26.2904908826452,2.91499731661083,2.30365954845372,2.51622706572485,88.8103357986847,7.68437510425706,7.08792943563987,0.0,9.0,1.0,0.0,0.0,0.0,False,Resto de Antioquia,7162.0,61.57,MEDIO
05044,2020,1,2019-12-30,1,13.624,,,,,,,,,,1.0,64.2496766576655,11.3158129711663,26.2904908826452,2.91499731661083,2.30365954845372,2.51622706572485,88.8103357986847,7.68437510425706,7.08792943563987,0.0,14.0,1.0,0.0,0.0,0.0,False,Resto de Antioquia,7340.0,61.41,MEDIO
05044,2022,17,2022-04-25,1,13.3815,,,,,,,,,,1.0,64.2496766576655,11.3158129711663,26.2904908826452,2.91499731661083,2.30365954845372,2.51622706572485,88.8103357986847,7.68437510425706,7.08792943563987,0.0,3.0,0.0,0.0,0.0,1.0,False,Resto de Antioquia,7473.0,61.33,MEDIO
05044,2023,2,2023-01-09,1,13.2573,,,,,,,,,,1.0,64.2496766576655,11.3158129711663,26.2904908826452,2.91499731661083,2.30365954845372,2.51622706572485,88.8103357986847,7.68437510425706,7.08792943563987,0.0,7.0,0.0,0.0,0.0,1.0,False,Resto de Antioquia,7543.0,61.26,MEDIO
05045,2018,3,2018-01-15,1,0.8264,,,,,,,,,,,61.3705107050782,20.6938120531129,9.87985848588609,2.51089033157293,1.69340671220895,2.5736722291811,95.1325930185227,5.83618708508478,5.58279499587483,0.0,4.0,0.0,0.0,0.0,1.0,False,Resto de Antioquia,121014.0,42.53,MEDIO
05045,2019,2,2019-01-07,1,0.8247,,,,,,,,,,1.0,61.3705107050782,20.6938120531129,9.87985848588609,2.51089033157293,1.69340671220895,2.5736722291811,95.1325930185227,5.83618708508478,5.58279499587483,0.0,3.0,0.0,0.0,0.0,1.0,False,Resto de Antioquia,121255.0,42.33,MEDIO
05045,2019,31,2019-07-29,1,0.8247,,,,,,,,,,1.0,61.3705107050782,20.6938120531129,9.87985848588609,2.51089033157293,1.69340671220895,2.5736722291811,95.1325930185227,5.83618708508478,5.58279499587483,0.0,7.0,0.0,0.0,0.0,1.0,False,Resto de Antioquia,121255.0,42.33,MEDIO
05045,2019,32,2019-08-05,1,0.8247,,,,,,,,,,1.0,61.3705107050782,20.6938120531129,9.87985848588609,2.51089033157293,1.69340671220895,2.5736722291811,95.1325930185227,5.83618708508478,5.58279499587483,0.0,8.0,0.0,0.0,0.0,1.0,False,Resto de Antioquia,121255.0,42.33,MEDIO
05045,2019,35,2019-08-26,1,0.8247,,,,,,,,,,1.0,61.3705107050782,20.6938120531129,9.87985848588609,2.51089033157293,1.69340671220895,2.5736722291811,95.1325930185227,5.83618708508478,5.58279499587483,0.0,3.0,1.0,0.0,0.0,0.0,False,Resto de Antioquia,121255.0,42.33,MEDIO
05045,2020,27,2020-06-29,1,0.8219,,,,,,,,,,1.0,61.3705107050782,20.6938120531129,9.87985848588609,2.51089033157293,1.69340671220895,2.5736722291811,95.1325930185227,5.83618708508478,5.58279499587483,0.0,1.09,1.0,0.0,0.0,0.0,True,Resto de Antioquia,121664.0,42.14,MEDIO
05045,2022,17,2022-04-25,1,0.8092,,,,,,,,,,1.0,61.3705107050782,20.6938120531129,9.87985848588609,2.51089033157293,1.69340671220895,2.5736722291811,95.1325930185227,5.83618708508478,5.58279499587483,0.0,4.0,0.0,0.0,0.0,1.0,False,Resto de Antioquia,123578.0,42.06,MEDIO
05051,2019,20,2019-05-13,1,3.3627,,,,,,,,,,,46.8028200131689,51.2631567444505,38.6662364551147,2.84704075646827,1.99292028847345,2.25202511802649,28.6796986067764,2.2595779855364,1.91617148060583,0.0,7.0,0.0,0.0,0.0,1.0,False,Resto de Antioquia,29738.0,47.92,MEDIO
05051,2023,52,2023-12-25,1,3.2103,,,,,,,,,,1.0,46.8028200131689,51.2631567444505,38.6662364551147,2.84704075646827,1.99292028847345,2.25202511802649,28.6796986067764,2.2595779855364,1.91617148060583,0.0,5.0,0.0,0.0,0.0,1.0,False,Resto de Antioquia,31150.0,47.46,MEDIO
05055,2022,45,2022-11-07,1,12.4533,,,,,,,,,,,61.0297024733332,23.1871042924334,27.8268960924133,2.70309867797734,2.16547879934074,2.37143899966846,83.6118110035662,7.37782544821892,6.46363295301671,0.0,8.0,0.0,0.0,0.0,1.0,False,Resto de Antioquia,8030.0,63.5,MEDIO
05055,2023,29,2023-07-17,1,12.3472,,,,,,,,,,1.0,61.0297024733332,23.1871042924334,27.8268960924133,2.70309867797734,2.16547879934074,2.37143899966846,83.6118110035662,7.37782544821892,6.46363295301671,0.0,6.0,0.0,0.0,0.0,1.0,False,Resto de Antioquia,8099.0,63.35,MEDIO
05079,2018,4,2018-01-22,1,1.924,16.726,16.08,,,,,IMPUTADO_PA,,,,71.0312055298448,11.2085198686485,3.77541800864772,2.87343882505745,2.20680602388871,3.44851097220643,94.7577140373751,8.37668466024949,8.26986315278779,0.0,7.0,1.0,0.0,0.0,0.0,False,Valle de Aburrá,51974.0,56.31,MEDIO
05079,2018,25,2018-06-18,1,1.924,11.791,25.782,,,,,IMPUTADO_PA,16.726,,1.0,71.0312055298448,11.2085198686485,3.77541800864772,2.87343882505745,2.20680602388871,3.44851097220643,94.7577140373751,8.37668466024949,8.26986315278779,0.0,4.0,1.0,0.0,0.0,0.0,False,Valle de Aburrá,51974.0,43.35,MEDIO
05079,2019,3,2019-01-14,1,1.8181,11.221377358490566,25.571,,,,,IMPUTADO_PA,11.791,16.726,1.0,71.0312055298448,11.2085198686485,3.77541800864772,2.87343882505745,2.20680602388871,3.44851097220643,94.7577140373751,8.37668466024949,8.26986315278779,0.0,9.0,1.0,0.0,0.0,0.0,False,Valle de Aburrá,55001.0,41.54,MEDIO
05079,2019,4,2019-01-21,1,1.8181,11.222169811320754,34.409,,,,,IMPUTADO_PA,11.221,11.791,1.0,71.0312055298448,11.2085198686485,3.77541800864772,2.87343882505745,2.20680602388871,3.44851097220643,94.7577140373751,8.37668466024949,8.26986315278779,0.0,8.0,1.0,0.0,0.0,0.0,False,Valle de Aburrá,55001.0,41.6,MEDIO
05079,2019,18,2019-04-29,1,1.8181,17.538,14.626,,,,,IMPUTADO_PA,11.222,11.221,1.0,71.0312055298448,11.2085198686485,3.77541800864772,2.87343882505745,2.20680602388871,3.44851097220643,94.7577140373751,8.37668466024949,8.26986315278779,0.0,9.0,0.0,0.0,0.0,1.0,False,Valle de Aburrá,55001.0,73.58,ALTO
05079,2022,29,2022-07-18,1,1.651,7.07,10.983,,,,,SISAIRE_DIRECTO,17.538,11.222,1.0,71.0312055298448,11.2085198686485,3.77541800864772,2.87343882505745,2.20680602388871,3.44851097220643,94.7577140373751,8.37668466024949,8.26986315278779,0.0,8.0,0.0,0.0,0.0,1.0,False,Valle de Aburrá,60571.0,37.15,MEDIO
05079,2022,32,2022-08-08,2,3.3019,8.591,16.33,,,,,SISAIRE_DIRECTO,7.07,17.538,1.0,71.0312055298448,11.2085198686485,3.77541800864772,2.87343882505745,2.20680602388871,3.44851097220643,94.7577140373751,8.37668466024949,8.26986315278779,0.0,5.0,0.5,0.0,0.0,0.5,False,Valle de Aburrá,60571.0,47.46,MEDIO
05079,2023,3,2023-01-16,1,1.6259,11.975,21.015,,,,,SISAIRE_DIRECTO,8.591,7.07,2.0,71.0312055298448,11.2085198686485,3.77541800864772,2.87343882505745,2.20680602388871,3.44851097220643,94.7577140373751,8.37668466024949,8.26986315278779,0.0,7.0,1.0,0.0,0.0,0.0,False,Valle de Aburrá,61506.0,40.69,MEDIO
05079,2023,12,2023-03-20,1,1.6259,24.458,45.32,,,,,SISAIRE_DIRECTO,11.975,8.591,1.0,71.0312055298448,11.2085198686485,3.77541800864772,2.87343882505745,2.20680602388871,3.44851097220643,94.7577140373751,8.37668466024949,8.26986315278779,0.0,5.0,1.0,0.0,0.0,0.0,False,Valle de Aburrá,61506.0,84.57,ALTO
05079,2023,18,2023-05-01,1,1.6259,12.221,30.645,,,,,SISAIRE_DIRECTO,24.458,11.975,1.0,71.0312055298448,11.2085198686485,3.77541800864772,2.87343882505745,2.20680602388871,3.44851097220643,94.7577140373751,8.37668466024949,8.26986315278779,0.0,9.0,0.0,0.0,0.0,1.0,False,Valle de Aburrá,61506.0,41.33,MEDIO
05079,2023,43,2023-10-23,1,1.6259,12.677,25.34,,,,,SISAIRE_DIRECTO,12.221,24.458,1.0,71.0312055298448,11.2085198686485,3.77541800864772,2.87343882505745,2.20680602388871,3.44851097220643,94.7577140373751,8.37668466024949,8.26986315278779,0.0,3.0,0.0,0.0,0.0,1.0,False,Valle de Aburrá,61506.0,42.56,MEDIO
05079,2023,45,2023-11-06,1,1.6259,9.2,15.425,,,,,SISAIRE_DIRECTO,12.677,12.221,1.0,71.0312055298448,11.2085198686485,3.77541800864772,2.87343882505745,2.20680602388871,3.44851097220643,94.7577140373751,8.37668466024949,8.26986315278779,0.0,11.0,0.0,0.0,0.0,1.0,False,Valle de Aburrá,61506.0,37.65,MEDIO
05088,2018,9,2018-02-26,1,0.1915,18.089,36.31,21.724,66.44,0.8,858.518,IMPUTADO_PA,,,,68.6574617640464,13.7552841121031,8.51151661243517,1.99486046995947,1.61976975930776,2.83200867215418,94.8973829930517,7.31652559135609,7.86660566481243,0.0,10.0,0.0,0.0,0.0,1.0,False,Valle de Aburrá,522259.0,46.3,MEDIO
05088,2018,15,2018-04-09,1,0.1915,11.486,35.302,21.055,78.262,1.5,859.401,IMPUTADO_PA,18.089,,1.0,68.6574617640464,13.7552841121031,8.51151661243517,1.99486046995947,1.61976975930776,2.83200867215418,94.8973829930517,7.31652559135609,7.86660566481243,0.0,8.0,1.0,0.0,0.0,0.0,False,Valle de Aburrá,522259.0,12.81,BAJO
05088,2018,18,2018-04-30,1,0.1915,15.623,28.181,21.627,77.119,0.2,859.229,IMPUTADO_PA,11.486,18.089,1.0,68.6574617640464,13.7552841121031,8.51151661243517,1.99486046995947,1.61976975930776,2.83200867215418,94.8973829930517,7.31652559135609,7.86660566481243,0.0,11.0,1.0,0.0,0.0,0.0,False,Valle de Aburrá,522259.0,22.14,BAJO
05088,2018,20,2018-05-14,1,0.1915,27.305,40.004,21.026,79.274,0.0,858.608,IMPUTADO_PA,15.623,11.486,1.0,68.6574617640464,13.7552841121031,8.51151661243517,1.99486046995947,1.61976975930776,2.83200867215418,94.8973829930517,7.31652559135609,7.86660566481243,0.0,10.0,0.0,1.0,0.0,0.0,False,Valle de Aburrá,522259.0,59.31,MEDIO
05088,2018,21,2018-05-21,1,0.1915,16.218,40.188,22.152,76.577,0.0,858.671,IMPUTADO_PA,27.305,15.623,1.0,68.6574617640464,13.7552841121031,8.51151661243517,1.99486046995947,1.61976975930776,2.83200867215418,94.8973829930517,7.31652559135609,7.86660566481243,0.0,12.0,0.0,0.0,0.0,1.0,False,Valle de Aburrá,522259.0,23.72,BAJO
05088,2018,22,2018-05-28,1,0.1915,12.493,35.536,22.266,74.97,0.1,858.334,IMPUTADO_PA,16.218,27.305,1.0,68.6574617640464,13.7552841121031,8.51151661243517,1.99486046995947,1.61976975930776,2.83200867215418,94.8973829930517,7.31652559135609,7.86660566481243,0.0,8.0,0.0,1.0,0.0,0.0,False,Valle de Aburrá,522259.0,15.08,BAJO
05088,2018,24,2018-06-11,2,0.383,21.242,39.453,23.145,69.274,0.0,859.093,IMPUTADO_PA,12.493,16.218,1.0,68.6574617640464,13.7552841121031,8.51151661243517,1.99486046995947,1.61976975930776,2.83200867215418,94.8973829930517,7.31652559135609,7.86660566481243,0.0,7.0,0.5,0.0,0.0,0.5,False,Valle de Aburrá,522259.0,70.4,ALTO
05088,2018,27,2018-07-02,2,0.383,14.691,31.933,22.576,71.054,0.0,857.879,IMPUTADO_PA,21.242,12.493,2.0,68.6574617640464,13.7552841121031,8.51151661243517,1.99486046995947,1.61976975930776,2.83200867215418,94.8973829930517,7.31652559135609,7.86660566481243,0.0,10.0,0.5,0.0,0.0,0.5,False,Valle de Aburrá,522259.0,36.26,MEDIO
05088,2018,28,2018-07-09,4,0.7659,23.27,36.182,24.043,59.387,0.0,857.97,IMPUTADO_PA,14.691,21.242,2.0,68.6574617640464,13.7552841121031,8.51151661243517,1.99486046995947,1.61976975930776,2.83200867215418,94.8973829930517,7.31652559135609,7.86660566481243,0.0,8.0,1.0,0.0,0.0,0.0,False,Valle de Aburrá,522259.0,82.36,ALTO
05088,2018,31,2018-07-30,1,0.1915,19.261,46.899,21.323,75.946,0.0,859.02,IMPUTADO_PA,23.27,14.691,4.0,68.6574617640464,13.7552841121031,8.51151661243517,1.99486046995947,1.61976975930776,2.83200867215418,94.8973829930517,7.31652559135609,7.86660566481243,0.0,6.0,0.0,0.0,1.0,0.0,False,Valle de Aburrá,522259.0,49.19,MEDIO
05088,2018,33,2018-08-13,1,0.1915,16.631,40.11,24.52,56.269,0.0,858.796,IMPUTADO_PA,19.261,23.27,1.0,68.6574617640464,13.7552841121031,8.51151661243517,1.99486046995947,1.61976975930776,2.83200867215418,94.8973829930517,7.31652559135609,7.86660566481243,0.0,9.0,0.0,0.0,1.0,0.0,False,Valle de Aburrá,522259.0,25.53,BAJO
05088,2018,34,2018-08-20,2,0.383,12.475,41.24,26.948,41.448,0.0,857.233,IMPUTADO_PA,16.631,19.261,1.0,68.6574617640464,13.7552841121031,8.51151661243517,1.99486046995947,1.61976975930776,2.83200867215418,94.8973829930517,7.31652559135609,7.86660566481243,0.0,6.0,0.5,0.5,0.0,0.0,False,Valle de Aburrá,522259.0,31.77,BAJO
05088,2018,35,2018-08-27,1,0.1915,16.296,44.355,26.699,47.476,0.0,856.754,IMPUTADO_PA,12.475,16.631,2.0,68.6574617640464,13.7552841121031,8.51151661243517,1.99486046995947,1.61976975930776,2.83200867215418,94.8973829930517,7.31652559135609,7.86660566481243,0.0,9.0,1.0,0.0,0.0,0.0,False,Valle de Aburrá,522259.0,24.13,BAJO
05088,2018,37,2018-09-10,2,0.383,12.026,32.308,23.926,63.355,0.0,857.395,IMPUTADO_PA,16.296,12.475,1.0,68.6574617640464,13.7552841121031,8.51151661243517,1.99486046995947,1.61976975930776,2.83200867215418,94.8973829930517,7.31652559135609,7.86660566481243,0.0,8.0,0.5,0.0,0.0,0.5,False,Valle de Aburrá,522259.0,30.69,BAJO
05088,2018,38,2018-09-17,1,0.1915,19.221,36.256,27.26378,42.697,0.0,854.391,IMPUTADO_PA,12.026,16.296,2.0,68.6574617640464,13.7552841121031,8.51151661243517,1.99486046995947,1.61976975930776,2.83200867215418,94.8973829930517,7.31652559135609,7.86660566481243,0.0,6.0,1.0,0.0,0.0,0.0,False,Valle de Aburrá,522259.0,48.98,MEDIO
05088,2018,40,2018-10-01,1,0.1915,19.057,31.195,26.350153846153844,51.61181818181819,0.0,857.1563636363636,IMPUTADO_PA,19.221,12.026,1.0,68.6574617640464,13.7552841121031,8.51151661243517,1.99486046995947,1.61976975930776,2.83200867215418,94.8973829930517,7.31652559135609,7.86660566481243,0.0,6.0,0.0,0.0,1.0,0.0,False,Valle de Aburrá,522259.0,48.81,MEDIO
05088,2018,41,2018-10-08,4,0.7659,20.93,41.394,26.279307692307693,53.95063636363636,0.0,857.6307272727273,IMPUTADO_PA,19.057,19.221,1.0,68.6574617640464,13.7552841121031,8.51151661243517,1.99486046995947,1.61976975930776,2.83200867215418,94.8973829930517,7.31652559135609,7.86660566481243,0.0,6.0,0.75,0.0,0.0,0.25,False,Valle de Aburrá,522259.0,78.71,ALTO
05088,2018,46,2018-11-12,1,0.1915,13.67,31.926,20.521,78.102,43.536,850.834,IMPUTADO_PA,20.93,19.057,4.0,68.6574617640464,13.7552841121031,8.51151661243517,1.99486046995947,1.61976975930776,2.83200867215418,94.8973829930517,7.31652559135609,7.86660566481243,0.0,7.0,0.0,0.0,0.0,1.0,False,Valle de Aburrá,522259.0,17.01,BAJO
05088,2018,47,2018-11-19,2,0.383,18.037,39.39,20.163,79.355,179.2711199999998,851.252,IMPUTADO_PA,13.67,20.93,1.0,68.6574617640464,13.7552841121031,8.51151661243517,1.99486046995947,1.61976975930776,2.83200867215418,94.8973829930517,7.31652559135609,7.86660566481243,0.0,3.0,0.5,0.0,0.0,0.5,False,Valle de Aburrá,522259.0,63.05,MEDIO
05088,2018,48,2018-11-26,1,0.1915,18.49,32.678,19.569,80.197,38.901,851.671,IMPUTADO_PA,18.037,13.67,2.0,68.6574617640464,13.7552841121031,8.51151661243517,1.99486046995947,1.61976975930776,2.83200867215418,94.8973829930517,7.31652559135609,7.86660566481243,0.0,8.0,1.0,0.0,0.0,0.0,False,Valle de Aburrá,522259.0,47.41,MEDIO
05088,2018,49,2018-12-03,1,0.1915,21.649,41.862,19.921,73.256,11.767,852.01,IMPUTADO_PA,18.49,18.037,1.0,68.6574617640464,13.7552841121031,8.51151661243517,1.99486046995947,1.61976975930776,2.83200867215418,94.8973829930517,7.31652559135609,7.86660566481243,0.0,7.0,1.0,0.0,0.0,0.0,False,Valle de Aburrá,522259.0,54.18,MEDIO
05088,2018,50,2018-12-10,1,0.1915,17.706,33.365,20.673,75.0,0.0,861.9,IMPUTADO_PA,21.649,18.49,1.0,68.6574617640464,13.7552841121031,8.51151661243517,1.99486046995947,1.61976975930776,2.83200867215418,94.8973829930517,7.31652559135609,7.86660566481243,0.0,13.0,1.0,0.0,0.0,0.0,False,Valle de Aburrá,522259.0,44.96,MEDIO
05088,2019,1,2018-12-31,1,0.1861,19.475,1.809,25.5,45.5,0.0,858.5999999999999,IMPUTADO_PA,17.706,21.649,1.0,68.6574617640464,13.7552841121031,8.51151661243517,1.99486046995947,1.61976975930776,2.83200867215418,94.8973829930517,7.31652559135609,7.86660566481243,0.0,9.0,0.0,0.0,0.0,1.0,False,Valle de Aburrá,537451.0,48.46,MEDIO
05088,2019,2,2019-01-07,1,0.1861,19.206,0.0,25.5,46.0,0.0,859.3,IMPUTADO_PA,19.475,17.706,1.0,68.6574617640464,13.7552841121031,8.51151661243517,1.99486046995947,1.61976975930776,2.83200867215418,94.8973829930517,7.31652559135609,7.86660566481243,0.0,4.0,0.0,0.0,0.0,1.0,False,Valle de Aburrá,537451.0,47.61,MEDIO
05088,2019,3,2019-01-14,1,0.1861,23.471,14.916,25.5,0.0,0.0,635.4347,IMPUTADO_PA,19.206,19.475,1.0,68.6574617640464,13.7552841121031,8.51151661243517,1.99486046995947,1.61976975930776,2.83200867215418,94.8973829930517,7.31652559135609,7.86660566481243,0.0,9.0,1.0,0.0,0.0,0.0,False,Valle de Aburrá,537451.0,55.4,MEDIO
05088,2019,5,2019-01-28,1,0.1861,9.534,0.243,20.58,0.0,0.0,635.4347,IMPUTADO_PA,23.471,19.206,1.0,68.6574617640464,13.7552841121031,8.51151661243517,1.99486046995947,1.61976975930776,2.83200867215418,94.8973829930517,7.31652559135609,7.86660566481243,0.0,9.0,1.0,0.0,0.0,0.0,False,Valle de Aburrá,537451.0,9.66,BAJO
05088,2019,6,2019-02-04,3,0.5582,17.407,0.757,20.98,0.0,0.0,635.4347,IMPUTADO_PA,9.534,23.471,1.0,68.6574617640464,13.7552841121031,8.51151661243517,1.99486046995947,1.61976975930776,2.83200867215418,94.8973829930517,7.31652559135609,7.86660566481243,0.0,8.0,0.6666666666666666,0.0,0.0,0.3333333333333333,False,Valle de Aburrá,537451.0,68.34,ALTO
05088,2019,8,2019-02-18,1,0.1861,14.122,2.189,20.703,0.0,0.0,635.4347,IMPUTADO_PA,17.407,9.534,3.0,68.6574617640464,13.7552841121031,8.51151661243517,1.99486046995947,1.61976975930776,2.83200867215418,94.8973829930517,7.31652559135609,7.86660566481243,0.0,7.0,0.0,0.0,0.0,1.0,False,Valle de Aburrá,537451.0,16.83,BAJO
05088,2019,10,2019-03-04,1,0.1861,13.952,8.82,21.132,0.0,0.0,635.4347,IMPUTADO_PA,14.122,17.407,1.0,68.6574617640464,13.7552841121031,8.51151661243517,1.99486046995947,1.61976975930776,2.83200867215418,94.8973829930517,7.31652559135609,7.86660566481243,0.0,7.0,1.0,0.0,0.0,0.0,False,Valle de Aburrá,537451.0,16.54,BAJO
05088,2019,11,2019-03-11,2,0.3721,25.276,0.0,21.176,0.0,0.0,635.4347,IMPUTADO_PA,13.952,14.122,1.0,68.6574617640464,13.7552841121031,8.51151661243517,1.99486046995947,1.61976975930776,2.83200867215418,94.8973829930517,7.31652559135609,7.86660566481243,0.0,8.0,0.5,0.0,0.0,0.5,False,Valle de Aburrá,537451.0,74.31,ALTO
05088,2019,13,2019-03-25,1,0.1861,16.563,12.259,20.277,77.78,65.8,851.568,IMPUTADO_PA,25.276,13.952,2.0,68.6574617640464,13.7552841121031,8.51151661243517,1.99486046995947,1.61976975930776,2.83200867215418,94.8973829930517,7.31652559135609,7.86660566481243,0.0,3.0,0.0,0.0,0.0,1.0,False,Valle de Aburrá,537451.0,23.95,BAJO
05088,2019,14,2019-04-01,1,0.1861,19.399,0.0,19.479,79.571,81.5,852.8,IMPUTADO_PA,16.563,25.276,1.0,68.6574617640464,13.7552841121031,8.51151661243517,1.99486046995947,1.61976975930776,2.83200867215418,94.8973829930517,7.31652559135609,7.86660566481243,0.0,10.0,0.0,0.0,0.0,1.0,False,Valle de Aburrá,537451.0,48.34,MEDIO
05088,2019,16,2019-04-15,2,0.3721,23.241,3.47,20.265,78.427,30.4,851.758,IMPUTADO_PA,19.399,16.563,1.0,68.6574617640464,13.7552841121031,8.51151661243517,1.99486046995947,1.61976975930776,2.83200867215418,94.8973829930517,7.31652559135609,7.86660566481243,0.0,9.0,1.0,0.0,0.0,0.0,False,Valle de Aburrá,537451.0,72.38,ALTO
05088,2019,17,2019-04-22,3,0.5582,16.132,10.602,20.518,77.292,35.1,851.69,IMPUTADO_PA,23.241,19.399,2.0,68.6574617640464,13.7552841121031,8.51151661243517,1.99486046995947,1.61976975930776,2.83200867215418,94.8973829930517,7.31652559135609,7.86660566481243,0.0,6.0,0.3333333333333333,0.0,0.0,0.6666666666666666,False,Valle de Aburrá,537451.0,47.56,MEDIO
05088,2019,18,2019-04-29,2,0.3721,21.338,10.035,22.407,64.324,0.0,850.549,IMPUTADO_PA,16.132,23.241,3.0,68.6574617640464,13.7552841121031,8.51151661243517,1.99486046995947,1.61976975930776,2.83200867215418,94.8973829930517,7.31652559135609,7.86660566481243,0.0,10.0,0.5,0.0,0.0,0.5,False,Valle de Aburrá,537451.0,69.87,ALTO
05088,2019,19,2019-05-06,2,0.3721,12.229,10.584,20.845,75.451,38.6,851.574,IMPUTADO_PA,21.338,16.132,2.0,68.6574617640464,13.7552841121031,8.51151661243517,1.99486046995947,1.61976975930776,2.83200867215418,94.8973829930517,7.31652559135609,7.86660566481243,0.0,7.0,1.0,0.0,0.0,0.0,False,Valle de Aburrá,537451.0,30.43,BAJO
05088,2019,20,2019-05-13,3,0.5582,14.652,8.736,20.026,78.682,73.3,852.001,IMPUTADO_PA,12.229,21.338,2.0,68.6574617640464,13.7552841121031,8.51151661243517,1.99486046995947,1.61976975930776,2.83200867215418,94.8973829930517,7.31652559135609,7.86660566481243,0.0,5.0,0.6666666666666666,0.0,0.0,0.3333333333333333,False,Valle de Aburrá,537451.0,43.6,MEDIO
05088,2019,21,2019-05-20,2,0.3721,13.203,10.024,19.67,81.613,64.3,851.936,IMPUTADO_PA,14.652,12.229,3.0,68.6574617640464,13.7552841121031,8.51151661243517,1.99486046995947,1.61976975930776,2.83200867215418,94.8973829930517,7.31652559135609,7.86660566481243,0.0,12.0,0.5,0.0,0.0,0.5,False,Valle de Aburrá,537451.0,32.3,BAJO
05088,2019,22,2019-05-27,1,0.1861,15.499,0.0,19.457,82.327,62.1,852.419,IMPUTADO_PA,13.203,14.652,2.0,68.6574617640464,13.7552841121031,8.51151661243517,1.99486046995947,1.61976975930776,2.83200867215418,94.8973829930517,7.31652559135609,7.86660566481243,0.0,10.0,1.0,0.0,0.0,0.0,False,Valle de Aburrá,537451.0,20.57,BAJO
05088,2019,23,2019-06-03,2,0.3721,21.156,8.775,20.989,73.129,37.8,851.965,IMPUTADO_PA,15.499,13.203,1.0,68.6574617640464,13.7552841121031,8.51151661243517,1.99486046995947,1.61976975930776,2.83200867215418,94.8973829930517,7.31652559135609,7.86660566481243,0.0,11.0,0.5,0.0,0.0,0.5,False,Valle de Aburrá,537451.0,69.52,ALTO
05088,2019,25,2019-06-17,2,0.3721,16.861,7.496,22.348,59.165,0.1,851.608,IMPUTADO_PA,21.156,15.499,2.0,68.6574617640464,13.7552841121031,8.51151661243517,1.99486046995947,1.61976975930776,2.83200867215418,94.8973829930517,7.31652559135609,7.86660566481243,0.0,8.0,1.0,0.0,0.0,0.0,False,Valle de Aburrá,537451.0,58.61,MEDIO
05088,2019,26,2019-06-24,1,0.1861,19.5,3.518,21.652,66.482,3.2,851.004,IMPUTADO_PA,16.861,21.156,2.0,68.6574617640464,13.7552841121031,8.51151661243517,1.99486046995947,1.61976975930776,2.83200867215418,94.8973829930517,7.31652559135609,7.86660566481243,0.0,8.0,0.0,0.0,0.0,1.0,False,Valle de Aburrá,537451.0,48.58,MEDIO
05088,2019,27,2019-07-01,1,0.1861,20.253,4.044,20.966,68.824,38.1,851.711,IMPUTADO_PA,19.5,16.861,1.0,68.6574617640464,13.7552841121031,8.51151661243517,1.99486046995947,1.61976975930776,2.83200867215418,94.8973829930517,7.31652559135609,7.86660566481243,0.0,9.0,1.0,0.0,0.0,0.0,False,Valle de Aburrá,537451.0,49.98,MEDIO
05088,2019,30,2019-07-22,2,0.3721,24.493,22.858,20.988,0.0,0.0,635.4347,IMPUTADO_PA,20.253,19.5,1.0,68.6574617640464,13.7552841121031,8.51151661243517,1.99486046995947,1.61976975930776,2.83200867215418,94.8973829930517,7.31652559135609,7.86660566481243,0.0,11.0,1.0,0.0,0.0,0.0,False,Valle de Aburrá,537451.0,73.61,ALTO
05088,2019,32,2019-08-05,2,0.3721,17.345,5.553,22.545,1.5494680851063831,0.3553191489361701,637.597940425532,IMPUTADO_PA,24.493,20.253,2.0,68.6574617640464,13.7552841121031,8.51151661243517,1.99486046995947,1.61976975930776,2.83200867215418,94.8973829930517,7.31652559135609,7.86660566481243,0.0,14.0,0.0,0.0,0.5,0.5,False,Valle de Aburrá,537451.0,60.01,MEDIO
05088,2019,33,2019-08-12,1,0.1861,17.793,0.505,21.652,2.3242021276595746,0.5329787234042552,638.6795606382979,IMPUTADO_PA,17.345,24.493,2.0,68.6574617640464,13.7552841121031,8.51151661243517,1.99486046995947,1.61976975930776,2.83200867215418,94.8973829930517,7.31652559135609,7.86660566481243,0.0,7.0,0.0,0.0,0.0,1.0,False,Valle de Aburrá,537451.0,44.02,MEDIO
05088,2019,34,2019-08-19,1,0.1861,20.656,10.501,22.28,3.0989361702127662,0.7106382978723403,639.7611808510638,IMPUTADO_PA,17.793,17.345,1.0,68.6574617640464,13.7552841121031,8.51151661243517,1.99486046995947,1.61976975930776,2.83200867215418,94.8973829930517,7.31652559135609,7.86660566481243,0.0,5.0,0.0,0.0,0.0,1.0,False,Valle de Aburrá,537451.0,51.03,MEDIO
05088,2019,35,2019-08-26,1,0.1861,12.94,11.567,22.217,54.966,3.834,851.249,IMPUTADO_PA,20.656,17.793,1.0,68.6574617640464,13.7552841121031,8.51151661243517,1.99486046995947,1.61976975930776,2.83200867215418,94.8973829930517,7.31652559135609,7.86660566481243,0.0,5.0,0.0,0.0,0.0,1.0,False,Valle de Aburrá,537451.0,14.44,BAJO
05088,2019,37,2019-09-09,1,0.1861,17.245,6.433,22.421,60.291,93.228,851.271,IMPUTADO_PA,12.94,20.656,1.0,68.6574617640464,13.7552841121031,8.51151661243517,1.99486046995947,1.61976975930776,2.83200867215418,94.8973829930517,7.31652559135609,7.86660566481243,0.0,12.0,1.0,0.0,0.0,0.0,False,Valle de Aburrá,537451.0,42.51,MEDIO
05088,2019,40,2019-09-30,1,0.1861,25.375,6.237,19.808,74.012,64.079,851.719,IMPUTADO_PA,17.245,12.94,1.0,68.6574617640464,13.7552841121031,8.51151661243517,1.99486046995947,1.61976975930776,2.83200867215418,94.8973829930517,7.31652559135609,7.86660566481243,0.0,23.0,0.0,1.0,0.0,0.0,False,Valle de Aburrá,537451.0,56.98,MEDIO
05088,2019,41,2019-10-07,1,0.1861,24.705,0.564,19.936,73.25,33.158,850.552,IMPUTADO_PA,25.375,17.245,1.0,68.6574617640464,13.7552841121031,8.51151661243517,1.99486046995947,1.61976975930776,2.83200867215418,94.8973829930517,7.31652559135609,7.86660566481243,0.0,6.0,1.0,0.0,0.0,0.0,False,Valle de Aburrá,537451.0,56.57,MEDIO
05088,2019,46,2019-11-11,2,0.3721,15.143,5.211,19.268,82.193,86.971,851.325,IMPUTADO_PA,24.705,25.375,1.0,68.6574617640464,13.7552841121031,8.51151661243517,1.99486046995947,1.61976975930776,2.83200867215418,94.8973829930517,7.31652559135609,7.86660566481243,0.0,4.0,0.0,0.5,0.0,0.5,False,Valle de Aburrá,537451.0,36.44,MEDIO
05088,2019,47,2019-11-18,2,0.3721,18.196,0.0,19.33,78.985,179.2711199999998,851.596,IMPUTADO_PA,15.143,24.705,2.0,68.6574617640464,13.7552841121031,8.51151661243517,1.99486046995947,1.61976975930776,2.83200867215418,94.8973829930517,7.31652559135609,7.86660566481243,0.0,9.0,1.0,0.0,0.0,0.0,False,Valle de Aburrá,537451.0,62.7,MEDIO
05088,2019,48,2019-11-25,2,0.3721,12.489,10.242,21.171,72.461,15.971,850.251,IMPUTADO_PA,18.196,15.143,2.0,68.6574617640464,13.7552841121031,8.51151661243517,1.99486046995947,1.61976975930776,2.83200867215418,94.8973829930517,7.31652559135609,7.86660566481243,0.0,7.0,1.0,0.0,0.0,0.0,False,Valle de Aburrá,537451.0,31.13,BAJO
05088,2019,50,2019-12-09,1,0.1861,21.42,8.962,19.788,75.513,65.613,850.989,IMPUTADO_PA,12.489,18.196,2.0,68.6574617640464,13.7552841121031,8.51151661243517,1.99486046995947,1.61976975930776,2.83200867215418,94.8973829930517,7.31652559135609,7.86660566481243,0.0,9.0,1.0,0.0,0.0,0.0,False,Valle de Aburrá,537451.0,52.54,MEDIO
05088,2019,51,2019-12-16,4,0.7443,15.844,0.0,21.003,73.437,19.577,849.959,IMPUTADO_PA,21.42,12.489,1.0,68.6574617640464,13.7552841121031,8.51151661243517,1.99486046995947,1.61976975930776,2.83200867215418,94.8973829930517,7.31652559135609,7.86660566481243,0.0,7.0,0.5,0.0,0.0,0.5,False,Valle de Aburrá,537451.0,48.58,MEDIO
05088,2019,52,2019-12-23,2,0.3721,21.61,9.432,21.58,71.317,44.2,850.234,IMPUTADO_PA,15.844,21.42,4.0,68.6574617640464,13.7552841121031,8.51151661243517,1.99486046995947,1.61976975930776,2.83200867215418,94.8973829930517,7.31652559135609,7.86660566481243,0.0,11.0,0.5,0.0,0.0,0.5,False,Valle de Aburrá,537451.0,70.16,ALTO
05088,2020,1,2019-12-30,1,0.1806,11.635,23.953,20.113,75.861,30.362,852.305,SISAIRE_DIRECTO,21.61,15.844,2.0,68.6574617640464,13.7552841121031,8.51151661243517,1.99486046995947,1.61976975930776,2.83200867215418,94.8973829930517,7.31652559135609,7.86660566481243,0.0,7.0,1.0,0.0,0.0,0.0,False,Valle de Aburrá,553577.0,10.84,BAJO
05088,2020,3,2020-01-13,3,0.5419,15.073,21.558,22.283,58.61,0.0,850.13,SISAIRE_DIRECTO,11.635,21.61,1.0,68.6574617640464,13.7552841121031,8.51151661243517,1.99486046995947,1.61976975930776,2.83200867215418,94.8973829930517,7.31652559135609,7.86660566481243,0.0,7.0,0.6666666666666666,0.0,0.0,0.3333333333333333,False,Valle de Aburrá,553577.0,44.28,MEDIO
05088,2020,4,2020-01-20,1,0.1806,12.032,21.602,20.119,74.125,74.81,852.48,SISAIRE_DIRECTO,15.073,11.635,3.0,68.6574617640464,13.7552841121031,8.51151661243517,1.99486046995947,1.61976975930776,2.83200867215418,94.8973829930517,7.31652559135609,7.86660566481243,0.0,10.0,1.0,0.0,0.0,0.0,False,Valle de Aburrá,553577.0,11.89,BAJO
05088,2020,6,2020-02-03,1,0.1806,21.074,41.052,21.593,60.648,3.067,851.91,SISAIRE_DIRECTO,12.032,15.073,1.0,68.6574617640464,13.7552841121031,8.51151661243517,1.99486046995947,1.61976975930776,2.83200867215418,94.8973829930517,7.31652559135609,7.86660566481243,0.0,7.0,1.0,0.0,0.0,0.0,False,Valle de Aburrá,553577.0,51.05,MEDIO
05088,2020,8,2020-02-17,1,0.1806,20.483,37.094,21.996,65.218,66.928,850.761,SISAIRE_DIRECTO,21.074,12.032,1.0,68.6574617640464,13.7552841121031,8.51151661243517,1.99486046995947,1.61976975930776,2.83200867215418,94.8973829930517,7.31652559135609,7.86660566481243,0.0,7.0,0.0,0.0,0.0,1.0,False,Valle de Aburrá,553577.0,49.94,MEDIO
05088,2020,10,2020-03-02,3,0.5419,26.256,57.857,22.291,65.878,2.717,851.541,SISAIRE_DIRECTO,20.483,21.074,1.0,68.6574617640464,13.7552841121031,8.51151661243517,1.99486046995947,1.61976975930776,2.83200867215418,94.8973829930517,7.31652559135609,7.86660566481243,0.0,10.0,0.6666666666666666,0.0,0.0,0.3333333333333333,False,Valle de Aburrá,553577.0,82.67,ALTO
05088,2020,15,2020-04-06,2,0.3613,7.832,14.224,23.512,66.174,16.224,851.8,SISAIRE_DIRECTO,26.256,20.483,3.0,68.6574617640464,13.7552841121031,8.51151661243517,1.99486046995947,1.61976975930776,2.83200867215418,94.8973829930517,7.31652559135609,7.86660566481243,0.0,4.0,0.0,0.0,0.0,1.0,True,Valle de Aburrá,553577.0,24.81,BAJO
05088,2022,11,2022-03-14,1,0.1738,20.16,38.393,20.269,0.1634,0.0,736.5429999999999,SISAIRE_DIRECTO,7.832,26.256,2.0,68.6574617640464,13.7552841121031,8.51151661243517,1.99486046995947,1.61976975930776,2.83200867215418,94.8973829930517,7.31652559135609,7.86660566481243,0.0,5.0,0.0,0.0,0.0,1.0,False,Valle de Aburrá,575253.0,48.05,MEDIO
05088,2022,13,2022-03-28,1,0.1738,14.809,32.9,20.842,0.179,0.0,851.382,SISAIRE_DIRECTO,20.16,7.832,1.0,68.6574617640464,13.7552841121031,8.51151661243517,1.99486046995947,1.61976975930776,2.83200867215418,94.8973829930517,7.31652559135609,7.86660566481243,0.0,14.0,1.0,0.0,0.0,0.0,False,Valle de Aburrá,575253.0,16.95,BAJO
05088,2022,14,2022-04-04,1,0.1738,11.141,27.464,21.333,5.783,0.0,735.8,SISAIRE_DIRECTO,14.809,20.16,1.0,68.6574617640464,13.7552841121031,8.51151661243517,1.99486046995947,1.61976975930776,2.83200867215418,94.8973829930517,7.31652559135609,7.86660566481243,0.0,7.0,0.0,0.0,1.0,0.0,False,Valle de Aburrá,575253.0,9.42,BAJO
05088,2022,15,2022-04-11,1,0.1738,15.234,29.485,22.692,0.049,0.0,737.025,SISAIRE_DIRECTO,11.141,14.809,1.0,68.6574617640464,13.7552841121031,8.51151661243517,1.99486046995947,1.61976975930776,2.83200867215418,94.8973829930517,7.31652559135609,7.86660566481243,0.0,9.0,1.0,0.0,0.0,0.0,False,Valle de Aburrá,575253.0,18.0,BAJO
05088,2022,16,2022-04-18,1,0.1738,9.376,24.558,20.311,2.06,0.0,738.25,SISAIRE_DIRECTO,15.234,11.141,1.0,68.6574617640464,13.7552841121031,8.51151661243517,1.99486046995947,1.61976975930776,2.83200867215418,94.8973829930517,7.31652559135609,7.86660566481243,0.0,3.0,0.0,0.0,0.0,1.0,False,Valle de Aburrá,575253.0,7.85,BAJO
05088,2022,18,2022-05-02,1,0.1738,11.823,25.927,22.072,3.713,0.0,738.125,SISAIRE_DIRECTO,9.376,15.234,1.0,68.6574617640464,13.7552841121031,8.51151661243517,1.99486046995947,1.61976975930776,2.83200867215418,94.8973829930517,7.31652559135609,7.86660566481243,0.0,4.0,0.0,0.0,0.0,1.0,False,Valle de Aburrá,575253.0,10.42,BAJO
05088,2022,19,2022-05-09,1,0.1738,12.802,30.331,21.629,0.069,0.0,738.4125,SISAIRE_DIRECTO,11.823,9.376,1.0,68.6574617640464,13.7552841121031,8.51151661243517,1.99486046995947,1.61976975930776,2.83200867215418,94.8973829930517,7.31652559135609,7.86660566481243,0.0,7.0,1.0,0.0,0.0,0.0,False,Valle de Aburrá,575253.0,12.57,BAJO
05088,2022,20,2022-05-16,2,0.3477,11.993,29.289,20.898,0.922,0.0,738.7,SISAIRE_DIRECTO,12.802,11.823,1.0,68.6574617640464,13.7552841121031,8.51151661243517,1.99486046995947,1.61976975930776,2.83200867215418,94.8973829930517,7.31652559135609,7.86660566481243,0.0,5.0,1.0,0.0,0.0,0.0,False,Valle de Aburrá,575253.0,26.23,BAJO
05088,2022,21,2022-05-23,3,0.5215,11.273,27.135,21.516,0.078,0.0,738.3714285714286,SISAIRE_DIRECTO,11.993,12.802,2.0,68.6574617640464,13.7552841121031,8.51151661243517,1.99486046995947,1.61976975930776,2.83200867215418,94.8973829930517,7.31652559135609,7.86660566481243,0.0,5.0,0.6666666666666666,0.0,0.3333333333333333,0.0,False,Valle de Aburrá,575253.0,36.28,MEDIO
05088,2022,23,2022-06-06,2,0.3477,12.026,27.356,19.972,1.631,0.0,737.7142857142858,SISAIRE_DIRECTO,11.273,11.993,3.0,68.6574617640464,13.7552841121031,8.51151661243517,1.99486046995947,1.61976975930776,2.83200867215418,94.8973829930517,7.31652559135609,7.86660566481243,0.0,4.0,0.5,0.0,0.5,0.0,False,Valle de Aburrá,575253.0,26.49,BAJO
05088,2022,25,2022-06-20,3,0.5215,10.254,24.261,20.867,0.696,0.0,851.909,SISAIRE_DIRECTO,12.026,11.273,2.0,68.6574617640464,13.7552841121031,8.51151661243517,1.99486046995947,1.61976975930776,2.83200867215418,94.8973829930517,7.31652559135609,7.86660566481243,0.0,9.0,1.0,0.0,0.0,0.0,False,Valle de Aburrá,575253.0,35.64,MEDIO
05088,2022,26,2022-06-27,1,0.1738,11.873,25.862,20.321,0.821,0.0,852.654,SISAIRE_DIRECTO,10.254,12.026,3.0,68.6574617640464,13.7552841121031,8.51151661243517,1.99486046995947,1.61976975930776,2.83200867215418,94.8973829930517,7.31652559135609,7.86660566481243,0.0,7.0,1.0,0.0,0.0,0.0,False,Valle de Aburrá,575253.0,10.47,BAJO
05088,2022,27,2022-07-04,2,0.3477,9.474,21.506,22.783,0.071,13.2,736.4,SISAIRE_DIRECTO,11.873,10.254,1.0,68.6574617640464,13.7552841121031,8.51151661243517,1.99486046995947,1.61976975930776,2.83200867215418,94.8973829930517,7.31652559135609,7.86660566481243,0.0,5.0,1.0,0.0,0.0,0.0,False,Valle de Aburrá,575253.0,23.49,BAJO
05088,2022,30,2022-07-25,1,0.1738,10.138,24.469,21.071,0.0,41.0,736.6571428571428,SISAIRE_DIRECTO,9.474,11.873,2.0,68.6574617640464,13.7552841121031,8.51151661243517,1.99486046995947,1.61976975930776,2.83200867215418,94.8973829930517,7.31652559135609,7.86660566481243,0.0,6.0,1.0,0.0,0.0,0.0,False,Valle de Aburrá,575253.0,8.84,BAJO
05088,2022,31,2022-08-01,1,0.1738,11.567,26.793,21.035,0.008,0.2,736.7428571428571,SISAIRE_DIRECTO,10.138,9.474,1.0,68.6574617640464,13.7552841121031,8.51151661243517,1.99486046995947,1.61976975930776,2.83200867215418,94.8973829930517,7.31652559135609,7.86660566481243,0.0,6.0,1.0,0.0,0.0,0.0,False,Valle de Aburrá,575253.0,10.01,BAJO
05088,2022,32,2022-08-08,2,0.3477,11.705,26.233,22.284,0.0,0.0,852.042,SISAIRE_DIRECTO,11.567,10.138,1.0,68.6574617640464,13.7552841121031,8.51151661243517,1.99486046995947,1.61976975930776,2.83200867215418,94.8973829930517,7.31652559135609,7.86660566481243,0.0,5.0,0.5,0.0,0.0,0.5,False,Valle de Aburrá,575253.0,25.64,BAJO
05088,2022,33,2022-08-15,2,0.3477,11.808,26.102,21.58,0.009,0.0,851.796,SISAIRE_DIRECTO,11.705,11.567,2.0,68.6574617640464,13.7552841121031,8.51151661243517,1.99486046995947,1.61976975930776,2.83200867215418,94.8973829930517,7.31652559135609,7.86660566481243,0.0,4.0,1.0,0.0,0.0,0.0,False,Valle de Aburrá,575253.0,25.82,BAJO
05088,2022,34,2022-08-22,1,0.1738,16.689,30.344,21.111,0.0,0.0,852.053,SISAIRE_DIRECTO,11.808,11.705,2.0,68.6574617640464,13.7552841121031,8.51151661243517,1.99486046995947,1.61976975930776,2.83200867215418,94.8973829930517,7.31652559135609,7.86660566481243,0.0,6.0,1.0,0.0,0.0,0.0,False,Valle de Aburrá,575253.0,22.9,BAJO
05088,2022,36,2022-09-05,2,0.3477,15.259,28.739,22.179,0.0,0.0,852.4,SISAIRE_DIRECTO,16.689,11.808,1.0,68.6574617640464,13.7552841121031,8.51151661243517,1.99486046995947,1.61976975930776,2.83200867215418,94.8973829930517,7.31652559135609,7.86660566481243,0.0,6.0,1.0,0.0,0.0,0.0,False,Valle de Aburrá,575253.0,33.7,MEDIO
05088,2022,40,2022-10-03,1,0.1738,12.468,25.438,20.978,0.0,0.0,851.239,SISAIRE_DIRECTO,15.259,16.689,2.0,68.6574617640464,13.7552841121031,8.51151661243517,1.99486046995947,1.61976975930776,2.83200867215418,94.8973829930517,7.31652559135609,7.86660566481243,0.0,10.0,1.0,0.0,0.0,0.0,False,Valle de Aburrá,575253.0,11.99,BAJO
05088,2022,45,2022-11-07,1,0.1738,12.346,26.667,21.18,0.0,0.0,736.8,SISAIRE_DIRECTO,12.468,15.259,1.0,68.6574617640464,13.7552841121031,8.51151661243517,1.99486046995947,1.61976975930776,2.83200867215418,94.8973829930517,7.31652559135609,7.86660566481243,0.0,5.0,0.0,0.0,0.0,1.0,False,Valle de Aburrá,575253.0,11.87,BAJO
05088,2022,46,2022-11-14,2,0.3477,13.387,25.076,21.011,0.0,0.0,736.8,SISAIRE_DIRECTO,12.346,12.468,1.0,68.6574617640464,13.7552841121031,8.51151661243517,1.99486046995947,1.61976975930776,2.83200867215418,94.8973829930517,7.31652559135609,7.86660566481243,0.0,5.0,1.0,0.0,0.0,0.0,False,Valle de Aburrá,575253.0,29.03,BAJO
05088,2022,47,2022-11-21,1,0.1738,12.018,25.873,20.842,0.0,0.0,851.274,SISAIRE_DIRECTO,13.387,12.346,2.0,68.6574617640464,13.7552841121031,8.51151661243517,1.99486046995947,1.61976975930776,2.83200867215418,94.8973829930517,7.31652559135609,7.86660566481243,0.0,8.0,1.0,0.0,0.0,0.0,False,Valle de Aburrá,575253.0,10.82,BAJO
05088,2022,48,2022-11-28,1,0.1738,13.636,25.975,20.673,0.0,0.0,850.355,SISAIRE_DIRECTO,12.018,13.387,1.0,68.6574617640464,13.7552841121031,8.51151661243517,1.99486046995947,1.61976975930776,2.83200867215418,94.8973829930517,7.31652559135609,7.86660566481243,0.0,6.0,1.0,0.0,0.0,0.0,False,Valle de Aburrá,575253.0,14.03,BAJO
05088,2022,51,2022-12-19,1,0.1738,17.643,34.082,21.975,0.0,0.0,851.009,SISAIRE_DIRECTO,13.636,12.018,1.0,68.6574617640464,13.7552841121031,8.51151661243517,1.99486046995947,1.61976975930776,2.83200867215418,94.8973829930517,7.31652559135609,7.86660566481243,0.0,6.0,1.0,0.0,0.0,0.0,False,Valle de Aburrá,575253.0,41.81,MEDIO
05088,2023,1,2023-01-02,1,0.1712,12.031,22.62,20.142,0.007,19.5,852.83,SISAIRE_DIRECTO,17.643,13.636,1.0,68.6574617640464,13.7552841121031,8.51151661243517,1.99486046995947,1.61976975930776,2.83200867215418,94.8973829930517,7.31652559135609,7.86660566481243,0.0,7.0,0.0,0.0,0.0,1.0,False,Valle de Aburrá,584062.0,9.89,BAJO
05088,2023,2,2023-01-09,1,0.1712,13.856,27.374,20.082,0.007,6.4,852.661,SISAIRE_DIRECTO,12.031,17.643,1.0,68.6574617640464,13.7552841121031,8.51151661243517,1.99486046995947,1.61976975930776,2.83200867215418,94.8973829930517,7.31652559135609,7.86660566481243,0.0,2.0,1.0,0.0,0.0,0.0,False,Valle de Aburrá,584062.0,13.39,BAJO
05088,2023,4,2023-01-23,1,0.1712,16.548,31.006,22.263,0.043,0.0,850.567,SISAIRE_DIRECTO,13.856,12.031,1.0,68.6574617640464,13.7552841121031,8.51151661243517,1.99486046995947,1.61976975930776,2.83200867215418,94.8973829930517,7.31652559135609,7.86660566481243,0.0,25.819999999999936,1.0,0.0,0.0,0.0,False,Valle de Aburrá,584062.0,21.03,BAJO
05088,2023,9,2023-02-27,1,0.1712,19.727,36.967,23.304,69.449,9.023,850.601,SISAIRE_DIRECTO,16.548,13.856,1.0,68.6574617640464,13.7552841121031,8.51151661243517,1.99486046995947,1.61976975930776,2.83200867215418,94.8973829930517,7.31652559135609,7.86660566481243,0.0,4.0,0.0,0.0,0.0,1.0,False,Valle de Aburrá,584062.0,46.12,MEDIO
05088,2023,10,2023-03-06,2,0.3424,16.313,29.871,20.172,86.969,85.636,852.367,SISAIRE_DIRECTO,19.727,16.548,1.0,68.6574617640464,13.7552841121031,8.51151661243517,1.99486046995947,1.61976975930776,2.83200867215418,94.8973829930517,7.31652559135609,7.86660566481243,0.0,3.0,0.5,0.0,0.5,0.0,False,Valle de Aburrá,584062.0,35.76,MEDIO
05088,2023,12,2023-03-20,2,0.3424,25.119,42.446,21.302,75.623,1.081,851.582,SISAIRE_DIRECTO,16.313,19.727,2.0,68.6574617640464,13.7552841121031,8.51151661243517,1.99486046995947,1.61976975930776,2.83200867215418,94.8973829930517,7.31652559135609,7.86660566481243,0.0,6.0,0.5,0.0,0.0,0.5,False,Valle de Aburrá,584062.0,69.6,ALTO
05088,2023,14,2023-04-03,1,0.1712,14.884,27.605,22.071,75.623,4.938,850.334,SISAIRE_DIRECTO,25.119,16.313,2.0,68.6574617640464,13.7552841121031,8.51151661243517,1.99486046995947,1.61976975930776,2.83200867215418,94.8973829930517,7.31652559135609,7.86660566481243,0.0,5.0,1.0,0.0,0.0,0.0,False,Valle de Aburrá,584062.0,15.84,BAJO
05088,2023,15,2023-04-10,1,0.1712,15.862,31.145,21.789,80.815,43.283,850.894,SISAIRE_DIRECTO,14.884,25.119,1.0,68.6574617640464,13.7552841121031,8.51151661243517,1.99486046995947,1.61976975930776,2.83200867215418,94.8973829930517,7.31652559135609,7.86660566481243,0.0,5.0,1.0,0.0,0.0,0.0,False,Valle de Aburrá,584062.0,18.64,BAJO
05088,2023,18,2023-05-01,1,0.1712,13.82,28.436,24.325,55.138,0.0,850.118,SISAIRE_DIRECTO,15.862,14.884,1.0,68.6574617640464,13.7552841121031,8.51151661243517,1.99486046995947,1.61976975930776,2.83200867215418,94.8973829930517,7.31652559135609,7.86660566481243,0.0,7.0,0.0,0.0,0.0,1.0,False,Valle de Aburrá,584062.0,13.27,BAJO
05088,2023,19,2023-05-08,1,0.1712,13.761,28.94,23.325,58.571,1.691,851.236,SISAIRE_DIRECTO,13.82,15.862,1.0,68.6574617640464,13.7552841121031,8.51151661243517,1.99486046995947,1.61976975930776,2.83200867215418,94.8973829930517,7.31652559135609,7.86660566481243,0.0,10.0,0.0,0.0,0.0,1.0,False,Valle de Aburrá,584062.0,12.98,BAJO
05088,2023,21,2023-05-22,1,0.1712,13.851,30.45,21.234,0.0,45.88,852.085,SISAIRE_DIRECTO,13.761,13.82,1.0,68.6574617640464,13.7552841121031,8.51151661243517,1.99486046995947,1.61976975930776,2.83200867215418,94.8973829930517,7.31652559135609,7.86660566481243,0.0,7.0,1.0,0.0,0.0,0.0,False,Valle de Aburrá,584062.0,13.33,BAJO
05088,2023,32,2023-08-07,1,0.1712,12.39,28.561,24.049,45.4,,852.35,SISAIRE_DIRECTO,13.851,13.761,1.0,68.6574617640464,13.7552841121031,8.51151661243517,1.99486046995947,1.61976975930776,2.83200867215418,94.8973829930517,7.31652559135609,7.86660566481243,0.0,6.0,1.0,0.0,0.0,0.0,False,Valle de Aburrá,584062.0,10.77,BAJO
05088,2023,35,2023-08-28,1,0.1712,16.768,30.406,23.564,0.0,,852.029,SISAIRE_DIRECTO,12.39,13.851,1.0,68.6574617640464,13.7552841121031,8.51151661243517,1.99486046995947,1.61976975930776,2.83200867215418,94.8973829930517,7.31652559135609,7.86660566481243,0.0,4.0,1.0,0.0,0.0,0.0,False,Valle de Aburrá,584062.0,22.2,BAJO
05088,2023,42,2023-10-16,1,0.1712,17.206,33.809,22.809,0.302,,851.94,SISAIRE_DIRECTO,16.768,12.39,1.0,68.6574617640464,13.7552841121031,8.51151661243517,1.99486046995947,1.61976975930776,2.83200867215418,94.8973829930517,7.31652559135609,7.86660566481243,0.0,4.0,1.0,0.0,0.0,0.0,False,Valle de Aburrá,584062.0,39.65,MEDIO
05088,2023,48,2023-11-27,2,0.3424,13.517,22.947,,0.8009999999999999,,850.829,SISAIRE_DIRECTO,17.206,16.768,1.0,68.6574617640464,13.7552841121031,8.51151661243517,1.99486046995947,1.61976975930776,2.83200867215418,94.8973829930517,7.31652559135609,7.86660566481243,0.0,9.0,1.0,0.0,0.0,0.0,False,Valle de Aburrá,584062.0,28.17,BAJO
05088,2023,49,2023-12-04,1,0.1712,17.599,26.448,,0.491,,850.423,SISAIRE_DIRECTO,13.517,17.206,2.0,68.6574617640464,13.7552841121031,8.51151661243517,1.99486046995947,1.61976975930776,2.83200867215418,94.8973829930517,7.31652559135609,7.86660566481243,0.0,5.0,1.0,0.0,0.0,0.0,False,Valle de Aburrá,584062.0,40.46,MEDIO
05088,2023,50,2023-12-11,1,0.1712,14.919,25.146,,0.051,,849.715,SISAIRE_DIRECTO,17.599,13.517,1.0,68.6574617640464,13.7552841121031,8.51151661243517,1.99486046995947,1.61976975930776,2.83200867215418,94.8973829930517,7.31652559135609,7.86660566481243,0.0,7.0,1.0,0.0,0.0,0.0,False,Valle de Aburrá,584062.0,15.9,BAJO
05091,2019,20,2019-05-13,1,9.573,,,,,,,,,,,64.0270580409075,13.8560934932692,25.2147030757972,2.78590451234925,2.18027854969745,2.44098457155597,88.6763611190764,7.98547942683407,6.84206830126373,0.0,14.0,0.0,0.0,0.0,1.0,False,Resto de Antioquia,10446.0,61.41,MEDIO
05093,2019,26,2019-06-24,1,6.2779,,,,,,,,,,,60.4876886471962,22.637171759258,37.584217523703,2.70334725310368,2.15580826348349,2.36258310758965,79.9897028216325,7.74158795605236,6.8894511771931,0.0,8.0,0.0,0.0,0.0,1.0,False,Resto de Antioquia,15929.0,57.33,MEDIO
05101,2018,31,2018-07-30,1,3.8288,,19.626,20.855,73.435,58.3,,SIN_DATO,,,,67.2187355230198,10.4694325351456,12.7052241552668,2.85066029842704,1.98993318045716,2.36315460362798,95.4051550229201,7.31386858135184,7.44920080942859,0.0,18.0,1.0,0.0,0.0,0.0,False,Resto de Antioquia,26118.0,56.91,MEDIO
05101,2018,46,2018-11-12,1,3.8288,,17.9,22.579,72.336,33.1,,SIN_DATO,,,1.0,67.2187355230198,10.4694325351456,12.7052241552668,2.85066029842704,1.98993318045716,2.36315460362798,95.4051550229201,7.31386858135184,7.44920080942859,0.0,9.0,0.0,0.0,0.0,1.0,False,Resto de Antioquia,26118.0,56.91,MEDIO
05101,2020,25,2020-06-15,1,3.7538,,,21.553,71.662,66.7,,SIN_DATO,,,1.0,67.2187355230198,10.4694325351456,12.7052241552668,2.85066029842704,1.98993318045716,2.36315460362798,95.4051550229201,7.31386858135184,7.44920080942859,0.0,10.0,0.0,0.0,0.0,1.0,True,Resto de Antioquia,26640.0,56.64,MEDIO
05107,2018,40,2018-10-01,1,12.4549,,,,,,,,,,,57.2447036943153,27.9741824325051,31.1922572515303,2.5181895802118,2.15551727601949,2.43954424310898,66.8601324286766,7.28926205261611,6.03668893551844,0.0,6.0,0.0,0.0,0.0,1.0,False,Resto de Antioquia,8029.0,64.05,MEDIO
05107,2019,50,2019-12-09,1,12.3839,,,,,,,,,,1.0,57.2447036943153,27.9741824325051,31.1922572515303,2.5181895802118,2.15551727601949,2.43954424310898,66.8601324286766,7.28926205261611,6.03668893551844,0.0,6.0,1.0,0.0,0.0,0.0,False,Resto de Antioquia,8075.0,63.89,MEDIO
05107,2020,11,2020-03-09,1,12.2714,,,,,,,,,,1.0,57.2447036943153,27.9741824325051,31.1922572515303,2.5181895802118,2.15551727601949,2.43954424310898,66.8601324286766,7.28926205261611,6.03668893551844,0.0,8.0,1.0,0.0,0.0,0.0,True,Resto de Antioquia,8149.0,63.74,MEDIO
05113,2020,14,2020-03-30,1,9.988,,,,,,,,,,,61.8697528519649,19.9531438614562,8.57401216192148,3.11825654944317,2.46207122310388,2.69141510909694,49.2105834221465,8.10021350234105,7.03358034716253,0.0,8.0,1.0,0.0,0.0,0.0,True,Resto de Antioquia,10012.0,64.51,MEDIO
05113,2023,23,2023-06-05,1,9.4295,,,,,,,,,,1.0,61.8697528519649,19.9531438614562,8.57401216192148,3.11825654944317,2.46207122310388,2.69141510909694,49.2105834221465,8.10021350234105,7.03358034716253,0.0,11.0,0.0,0.0,0.0,1.0,False,Resto de Antioquia,10605.0,63.97,MEDIO
05120,2018,43,2018-10-22,1,3.4466,,,,,,,,,,,59.9931374564877,17.9301219586963,29.7470326274794,3.05819083809319,2.26135823732153,2.50655976942497,68.3855704296224,6.90388352566022,5.24159111845676,0.0,8.0,1.0,0.0,0.0,0.0,False,Resto de Antioquia,29014.0,44.91,MEDIO
05120,2018,45,2018-11-05,1,3.4466,,,,,,,,,,1.0,59.9931374564877,17.9301219586963,29.7470326274794,3.05819083809319,2.26135823732153,2.50655976942497,68.3855704296224,6.90388352566022,5.24159111845676,0.0,5.0,0.0,0.0,0.0,1.0,False,Resto de Antioquia,29014.0,44.91,MEDIO
05120,2019,5,2019-01-28,1,3.4303,,,,,,,,,,1.0,59.9931374564877,17.9301219586963,29.7470326274794,3.05819083809319,2.26135823732153,2.50655976942497,68.3855704296224,6.90388352566022,5.24159111845676,0.0,3.0,0.0,0.0,0.0,1.0,False,Resto de Antioquia,29152.0,44.79,MEDIO
05129,2018,6,2018-02-05,1,1.2558,16.636,32.624,,,0.2,,IMPUTADO_PA,,,,70.2442294620825,8.20168331195515,4.06163114052229,2.14280476871468,1.82835911651691,3.0622665583141,96.7711927998015,7.69604550995888,8.03898761262912,0.0,7.0,1.0,0.0,0.0,0.0,False,Valle de Aburrá,79632.0,68.03,ALTO
05129,2018,47,2018-11-19,1,1.2558,22.99,42.542,,,52.0,,IMPUTADO_PA,16.636,,1.0,70.2442294620825,8.20168331195515,4.06163114052229,2.14280476871468,1.82835911651691,3.0622665583141,96.7711927998015,7.69604550995888,8.03898761262912,0.0,6.0,1.0,0.0,0.0,0.0,False,Valle de Aburrá,79632.0,98.29,ALTO
05129,2019,16,2019-04-15,1,1.2193,,22.003,14.067,93.494,44.3,750.642,IMPUTADO_PA,22.99,16.636,1.0,70.2442294620825,8.20168331195515,4.06163114052229,2.14280476871468,1.82835911651691,3.0622665583141,96.7711927998015,7.69604550995888,8.03898761262912,0.0,7.0,1.0,0.0,0.0,0.0,False,Valle de Aburrá,82011.0,75.99,ALTO
05129,2019,19,2019-05-06,1,1.2193,,32.487,14.58,89.659,0.2,750.476,IMPUTADO_PA,,22.99,1.0,70.2442294620825,8.20168331195515,4.06163114052229,2.14280476871468,1.82835911651691,3.0622665583141,96.7711927998015,7.69604550995888,8.03898761262912,0.0,1.09,0.0,0.0,0.0,1.0,False,Valle de Aburrá,82011.0,75.99,ALTO
05129,2019,20,2019-05-13,1,1.2193,,45.594,14.03,92.892,0.0,750.786,IMPUTADO_PA,,,1.0,70.2442294620825,8.20168331195515,4.06163114052229,2.14280476871468,1.82835911651691,3.0622665583141,96.7711927998015,7.69604550995888,8.03898761262912,0.0,12.0,0.0,0.0,0.0,1.0,False,Valle de Aburrá,82011.0,75.99,ALTO
05129,2019,21,2019-05-20,1,1.2193,,28.901,14.074,93.464,22.0,750.646,IMPUTADO_PA,,,1.0,70.2442294620825,8.20168331195515,4.06163114052229,2.14280476871468,1.82835911651691,3.0622665583141,96.7711927998015,7.69604550995888,8.03898761262912,0.0,13.0,1.0,0.0,0.0,0.0,False,Valle de Aburrá,82011.0,75.99,ALTO
05129,2020,3,2020-01-13,1,1.1815,16.366,34.4,14.61,83.167,,749.457,SISAIRE_DIRECTO,,,1.0,70.2442294620825,8.20168331195515,4.06163114052229,2.14280476871468,1.82835911651691,3.0622665583141,96.7711927998015,7.69604550995888,8.03898761262912,0.0,6.0,1.0,0.0,0.0,0.0,False,Valle de Aburrá,84640.0,65.69,MEDIO
05129,2020,6,2020-02-03,1,1.1815,26.418,44.3,14.135,83.06,,750.838,SISAIRE_DIRECTO,16.366,,1.0,70.2442294620825,8.20168331195515,4.06163114052229,2.14280476871468,1.82835911651691,3.0622665583141,96.7711927998015,7.69604550995888,8.03898761262912,0.0,7.0,0.0,0.0,0.0,1.0,False,Valle de Aburrá,84640.0,100.0,ALTO
05129,2022,14,2022-04-04,1,1.1534,15.314,26.425,13.965,88.054,,749.686,SISAIRE_DIRECTO,26.418,16.366,1.0,70.2442294620825,8.20168331195515,4.06163114052229,2.14280476871468,1.82835911651691,3.0622665583141,96.7711927998015,7.69604550995888,8.03898761262912,0.0,5.0,0.0,0.0,0.0,1.0,False,Valle de Aburrá,86699.0,62.27,MEDIO
05129,2022,24,2022-06-13,1,1.1534,12.284,18.11,13.278,90.154,,750.331,SISAIRE_DIRECTO,15.314,26.418,1.0,70.2442294620825,8.20168331195515,4.06163114052229,2.14280476871468,1.82835911651691,3.0622665583141,96.7711927998015,7.69604550995888,8.03898761262912,0.0,5.0,1.0,0.0,0.0,0.0,False,Valle de Aburrá,86699.0,55.56,MEDIO
05129,2023,12,2023-03-20,1,1.1434,26.88,51.525,,,,,SISAIRE_DIRECTO,12.284,15.314,1.0,70.2442294620825,8.20168331195515,4.06163114052229,2.14280476871468,1.82835911651691,3.0622665583141,96.7711927998015,7.69604550995888,8.03898761262912,0.0,11.0,1.0,0.0,0.0,0.0,False,Valle de Aburrá,87460.0,99.79,ALTO
05134,2023,50,2023-12-11,1,10.1926,,,,,,,,,,,57.8150705079967,28.8797013494751,38.5416857911961,2.42858010747351,2.17232961932286,2.46336028012911,82.5160553169694,7.71773098785343,6.63665726167901,0.0,5.0,1.0,0.0,0.0,0.0,False,Resto de Antioquia,9811.0,64.27,MEDIO
05138,2018,47,2018-11-19,1,6.4387,,,20.898,90.5,0.0,872.873,SIN_DATO,,,,60.6751885350409,16.7957488431967,17.4232184301553,3.16726684677752,2.38265395495408,2.51620010104083,69.3658699325021,7.29577821931605,6.26032598853615,0.0,9.0,0.0,0.0,0.0,1.0,False,Resto de Antioquia,15531.0,56.49,MEDIO
05138,2019,12,2019-03-18,1,6.4057,5.892,,25.206952380952384,89.685,59.4,873.222,SIN_DATO,,,1.0,60.6751885350409,16.7957488431967,17.4232184301553,3.16726684677752,2.38265395495408,2.51620010104083,69.3658699325021,7.29577821931605,6.26032598853615,0.0,9.0,0.0,0.0,0.0,1.0,False,Resto de Antioquia,15611.0,30.83,BAJO
05138,2022,24,2022-06-13,1,6.3906,,,,,,,,5.892,,1.0,60.6751885350409,16.7957488431967,17.4232184301553,3.16726684677752,2.38265395495408,2.51620010104083,69.3658699325021,7.29577821931605,6.26032598853615,0.0,4.0,0.0,0.0,0.0,1.0,False,Resto de Antioquia,15648.0,56.34,MEDIO
05147,2019,21,2019-05-20,1,2.0672,,,27.26378,88.167,160.4,917.1972,SIN_DATO,,,,58.5356539078998,19.1729153968344,18.5084808571067,2.3908626913442,1.74933485838003,2.69849248798175,82.2384012705614,5.83727240043698,5.26045358120416,0.0,14.0,1.0,0.0,0.0,0.0,False,Resto de Antioquia,48374.0,49.06,MEDIO
05147,2019,28,2019-07-08,1,2.0672,,,26.856,88.601,107.6,,SIN_DATO,,,1.0,58.5356539078998,19.1729153968344,18.5084808571067,2.3908626913442,1.74933485838003,2.69849248798175,82.2384012705614,5.83727240043698,5.26045358120416,0.0,17.0,0.0,0.0,0.0,1.0,False,Resto de Antioquia,48374.0,49.06,MEDIO
05148,2018,27,2018-07-02,1,1.6832,,,,,,,,,,,71.733254694524,5.41679878368245,7.28844274702892,2.85487161963007,2.09953239471657,3.13098781038265,94.1305891484364,8.09676593802026,8.3489197404759,0.0,7.0,0.0,0.0,0.0,1.0,False,Resto de Antioquia,59410.0,50.3,MEDIO
05148,2018,30,2018-07-23,1,1.6832,,,,,,,,,,1.0,71.733254694524,5.41679878368245,7.28844274702892,2.85487161963007,2.09953239471657,3.13098781038265,94.1305891484364,8.09676593802026,8.3489197404759,0.0,5.0,1.0,0.0,0.0,0.0,False,Resto de Antioquia,59410.0,50.3,MEDIO
05148,2018,34,2018-08-20,1,1.6832,,,,,,,,,,1.0,71.733254694524,5.41679878368245,7.28844274702892,2.85487161963007,2.09953239471657,3.13098781038265,94.1305891484364,8.09676593802026,8.3489197404759,0.0,5.0,1.0,0.0,0.0,0.0,False,Resto de Antioquia,59410.0,50.3,MEDIO
05148,2018,46,2018-11-12,1,1.6832,,,,,,,,,,1.0,71.733254694524,5.41679878368245,7.28844274702892,2.85487161963007,2.09953239471657,3.13098781038265,94.1305891484364,8.09676593802026,8.3489197404759,0.0,8.0,1.0,0.0,0.0,0.0,False,Resto de Antioquia,59410.0,50.3,MEDIO
05148,2018,49,2018-12-03,1,1.6832,,,,,,,,,,1.0,71.733254694524,5.41679878368245,7.28844274702892,2.85487161963007,2.09953239471657,3.13098781038265,94.1305891484364,8.09676593802026,8.3489197404759,0.0,14.0,1.0,0.0,0.0,0.0,False,Resto de Antioquia,59410.0,50.3,MEDIO
05148,2022,48,2022-11-28,1,1.5211,,,,,,,,,,1.0,71.733254694524,5.41679878368245,7.28844274702892,2.85487161963007,2.09953239471657,3.13098781038265,94.1305891484364,8.09676593802026,8.3489197404759,0.0,1.09,1.0,0.0,0.0,0.0,False,Resto de Antioquia,65742.0,49.29,MEDIO
05148,2023,40,2023-10-02,1,1.4912,,,,,,,,,,1.0,71.733254694524,5.41679878368245,7.28844274702892,2.85487161963007,2.09953239471657,3.13098781038265,94.1305891484364,8.09676593802026,8.3489197404759,0.0,10.0,0.0,0.0,0.0,1.0,False,Resto de Antioquia,67061.0,48.94,MEDIO
05148,2023,50,2023-12-11,1,1.4912,,,,,,,,,,1.0,71.733254694524,5.41679878368245,7.28844274702892,2.85487161963007,2.09953239471657,3.13098781038265,94.1305891484364,8.09676593802026,8.3489197404759,0.0,10.0,1.0,0.0,0.0,0.0,False,Resto de Antioquia,67061.0,48.94,MEDIO
05154,2018,30,2018-07-23,1,1.1085,,10.799,,,0.0,,IMPUTADO_PA,,,,61.0787643674051,15.1442196433586,17.1147685664854,2.09207799167241,1.60577164345578,2.23533457302216,91.6985268568267,5.91449881643651,5.3272009463275,0.0,8.0,0.0,0.0,0.0,1.0,False,Resto de Antioquia,90211.0,55.59,MEDIO
05154,2019,15,2019-04-08,1,1.0989,3.887,22.008,21.0669,94.14536,6.2,,IMPUTADO_PA,,,1.0,61.0787643674051,15.1442196433586,17.1147685664854,2.09207799167241,1.60577164345578,2.23533457302216,91.6985268568267,5.91449881643651,5.3272009463275,0.0,9.0,0.0,0.0,0.0,1.0,False,Resto de Antioquia,91003.0,29.36,BAJO
05154,2019,25,2019-06-17,1,1.0989,6.297,20.959,,,0.4,,IMPUTADO_PA,3.887,,1.0,61.0787643674051,15.1442196433586,17.1147685664854,2.09207799167241,1.60577164345578,2.23533457302216,91.6985268568267,5.91449881643651,5.3272009463275,0.0,8.0,0.0,0.0,0.0,1.0,False,Resto de Antioquia,91003.0,30.47,BAJO
05154,2019,26,2019-06-24,1,1.0989,3.789,6.917,,,49.2,,IMPUTADO_PA,6.297,3.887,1.0,61.0787643674051,15.1442196433586,17.1147685664854,2.09207799167241,1.60577164345578,2.23533457302216,91.6985268568267,5.91449881643651,5.3272009463275,0.0,13.0,0.0,0.0,0.0,1.0,False,Resto de Antioquia,91003.0,29.3,BAJO
05154,2019,32,2019-08-05,1,1.0989,9.03,34.588,22.228,94.118,40.2,,IMPUTADO_PA,3.789,6.297,1.0,61.0787643674051,15.1442196433586,17.1147685664854,2.09207799167241,1.60577164345578,2.23533457302216,91.6985268568267,5.91449881643651,5.3272009463275,0.0,9.0,0.0,0.0,0.0,1.0,False,Resto de Antioquia,91003.0,31.37,BAJO
05154,2019,37,2019-09-09,1,1.0989,5.374,1.409,22.502,92.806,99.0,,IMPUTADO_PA,9.03,3.789,1.0,61.0787643674051,15.1442196433586,17.1147685664854,2.09207799167241,1.60577164345578,2.23533457302216,91.6985268568267,5.91449881643651,5.3272009463275,0.0,10.0,1.0,0.0,0.0,0.0,False,Resto de Antioquia,91003.0,29.53,BAJO
05154,2020,6,2020-02-03,1,1.0885,,32.824,22.67,86.839,0.0,,SISAIRE_DIRECTO,5.374,9.03,1.0,61.0787643674051,15.1442196433586,17.1147685664854,2.09207799167241,1.60577164345578,2.23533457302216,91.6985268568267,5.91449881643651,5.3272009463275,0.0,12.0,1.0,0.0,0.0,0.0,False,Resto de Antioquia,91873.0,54.96,MEDIO
05154,2020,15,2020-04-06,1,1.0885,,50.899193548387096,22.577,92.927,0.0,,SIN_DATO,,5.374,1.0,61.0787643674051,15.1442196433586,17.1147685664854,2.09207799167241,1.60577164345578,2.23533457302216,91.6985268568267,5.91449881643651,5.3272009463275,0.0,12.0,1.0,0.0,0.0,0.0,True,Resto de Antioquia,91873.0,54.96,MEDIO
05154,2020,28,2020-07-06,1,1.0885,,,21.347022222222225,89.17408888888889,39.6,,SIN_DATO,,,1.0,61.0787643674051,15.1442196433586,17.1147685664854,2.09207799167241,1.60577164345578,2.23533457302216,91.6985268568267,5.91449881643651,5.3272009463275,0.0,1.09,1.0,0.0,0.0,0.0,True,Resto de Antioquia,91873.0,54.96,MEDIO
05172,2018,35,2018-08-27,1,1.7428,,,27.201,92.25,46.9,,SIN_DATO,,,,58.766259654737,22.7332940581714,14.7090039466492,2.40453283356969,1.77140266364383,2.36262175293576,78.750338328383,6.0432374362467,5.38925098770961,0.0,7.0,0.0,0.0,0.0,1.0,False,Resto de Antioquia,57380.0,49.21,MEDIO
05172,2019,3,2019-01-14,1,1.75,,,27.26378,84.53,0.0,917.1972,SIN_DATO,,,1.0,58.766259654737,22.7332940581714,14.7090039466492,2.40453283356969,1.77140266364383,2.36262175293576,78.750338328383,6.0432374362467,5.38925098770961,0.0,12.0,0.0,0.0,0.0,1.0,False,Resto de Antioquia,57144.0,49.29,MEDIO
05172,2020,27,2020-06-29,1,1.7551,,,27.0103,86.84,0.0,,SIN_DATO,,,1.0,58.766259654737,22.7332940581714,14.7090039466492,2.40453283356969,1.77140266364383,2.36262175293576,78.750338328383,6.0432374362467,5.38925098770961,0.0,3.0,1.0,0.0,0.0,0.0,True,Resto de Antioquia,56976.0,49.67,MEDIO
05172,2022,51,2022-12-19,1,1.7506,,,27.051,86.089,0.0,,SIN_DATO,,,1.0,58.766259654737,22.7332940581714,14.7090039466492,2.40453283356969,1.77140266364383,2.36262175293576,78.750338328383,6.0432374362467,5.38925098770961,0.0,5.0,0.0,0.0,0.0,1.0,False,Resto de Antioquia,57122.0,49.36,MEDIO
05190,2018,30,2018-07-23,1,10.227,,,,,,,,,,,65.5692883051781,24.6899398277622,6.19557239281849,2.51199643670711,1.80897710712639,2.50792211103149,97.5773391008046,7.4347917955686,7.36792913490015,0.0,25.819999999999936,0.0,0.0,0.0,1.0,False,Resto de Antioquia,9778.0,75.63,ALTO
05190,2019,35,2019-08-26,1,10.2135,,,,,,,,,,1.0,65.5692883051781,24.6899398277622,6.19557239281849,2.51199643670711,1.80897710712639,2.50792211103149,97.5773391008046,7.4347917955686,7.36792913490015,0.0,10.0,0.0,0.0,0.0,1.0,False,Resto de Antioquia,9791.0,75.55,ALTO
05190,2023,2,2023-01-09,1,9.9671,,,,,,,,,,1.0,65.5692883051781,24.6899398277622,6.19557239281849,2.51199643670711,1.80897710712639,2.50792211103149,97.5773391008046,7.4347917955686,7.36792913490015,0.0,4.0,0.0,0.0,0.0,1.0,False,Resto de Antioquia,10033.0,75.32,ALTO
05197,2020,16,2020-04-13,1,6.3199,,,20.799,78.724,50.2,790.437,SIN_DATO,,,,65.4740730539231,18.3362426025007,17.4494364904855,2.67070191269764,2.13968747803836,2.65234531031056,96.9120089765229,7.82989654936878,7.32858867591523,0.0,5.0,0.0,0.0,0.0,1.0,True,Resto de Antioquia,15823.0,62.46,MEDIO
05206,2019,1,2018-12-31,1,16.1577,,,,,,,,,,,65.2513882938553,8.93140309063382,11.9316395186591,3.0931430419813,2.34782834312467,2.92372667063843,69.2096365173288,7.20177782500847,7.23497662889024,0.0,9.0,0.0,1.0,0.0,0.0,False,Resto de Antioquia,4874.0,66.43,ALTO
05206,2020,5,2020-01-27,1,16.1577,,,,,,,,,,1.0,65.2513882938553,8.93140309063382,11.9316395186591,3.0931430419813,2.34782834312467,2.92372667063843,69.2096365173288,7.20177782500847,7.23497662889024,0.0,8.0,1.0,0.0,0.0,0.0,False,Resto de Antioquia,4951.0,66.43,ALTO
05206,2022,34,2022-08-22,1,16.1577,,,,,,,,,,1.0,65.2513882938553,8.93140309063382,11.9316395186591,3.0931430419813,2.34782834312467,2.92372667063843,69.2096365173288,7.20177782500847,7.23497662889024,0.0,9.0,0.0,0.0,0.0,1.0,False,Resto de Antioquia,5034.0,66.43,ALTO
05209,2022,17,2022-04-25,1,4.5341,,,17.425,,122.5,,SIN_DATO,,,,62.3975471888296,21.4817741515852,26.3696742144557,2.78814953988727,2.23045828180748,2.70364383854505,76.5624233580222,7.59879029093635,6.81410374246361,0.0,7.0,0.0,0.0,0.0,1.0,False,Resto de Antioquia,22055.0,54.46,MEDIO
05212,2018,6,2018-02-05,2,2.5682,9.25,29.01,22.253,67.928,0.4,857.345,IMPUTADO_PA,,,,69.4333648300973,5.86852756771929,4.71379615928716,2.1115966311591,1.79497428570584,2.88015770421126,97.8659408050308,7.63921720499001,8.19388175470771,0.0,6.0,0.0,0.0,0.0,1.0,False,Valle de Aburrá,77875.0,61.56,MEDIO
05212,2018,29,2018-07-16,1,1.2841,19.965,34.453,23.221,64.5,0.0,858.321,IMPUTADO_PA,9.25,,2.0,69.4333648300973,5.86852756771929,4.71379615928716,2.1115966311591,1.79497428570584,2.88015770421126,97.8659408050308,7.63921720499001,8.19388175470771,0.0,22.0,1.0,0.0,0.0,0.0,False,Valle de Aburrá,77875.0,92.96,ALTO
05212,2018,48,2018-11-26,1,1.2841,13.34,40.637,19.569,80.197,38.901,851.671,IMPUTADO_PA,19.965,9.25,1.0,69.4333648300973,5.86852756771929,4.71379615928716,2.1115966311591,1.79497428570584,2.88015770421126,97.8659408050308,7.63921720499001,8.19388175470771,0.0,2.0,1.0,0.0,0.0,0.0,False,Valle de Aburrá,77875.0,58.94,MEDIO
05212,2019,13,2019-03-25,2,2.4791,15.728,32.61,20.277,77.78,65.8,851.568,IMPUTADO_PA,13.34,19.965,1.0,69.4333648300973,5.86852756771929,4.71379615928716,2.1115966311591,1.79497428570584,2.88015770421126,97.8659408050308,7.63921720499001,8.19388175470771,0.0,9.0,0.5,0.0,0.0,0.5,False,Valle de Aburrá,80676.0,72.26,ALTO
05212,2019,20,2019-05-13,1,1.2395,4.962,20.858,20.026,78.682,73.3,852.001,IMPUTADO_PA,15.728,13.34,2.0,69.4333648300973,5.86852756771929,4.71379615928716,2.1115966311591,1.79497428570584,2.88015770421126,97.8659408050308,7.63921720499001,8.19388175470771,0.0,12.0,0.0,0.0,0.0,1.0,False,Valle de Aburrá,80676.0,50.11,MEDIO
05212,2019,24,2019-06-10,1,1.2395,12.065,46.635,21.168,74.213,18.4,852.242,IMPUTADO_PA,4.962,15.728,1.0,69.4333648300973,5.86852756771929,4.71379615928716,2.1115966311591,1.79497428570584,2.88015770421126,97.8659408050308,7.63921720499001,8.19388175470771,0.0,9.0,1.0,0.0,0.0,0.0,False,Valle de Aburrá,80676.0,55.65,MEDIO
05212,2019,32,2019-08-05,1,1.2395,10.114,20.135,22.545,1.5494680851063831,0.3553191489361701,637.597940425532,IMPUTADO_PA,12.065,4.962,1.0,69.4333648300973,5.86852756771929,4.71379615928716,2.1115966311591,1.79497428570584,2.88015770421126,97.8659408050308,7.63921720499001,8.19388175470771,0.0,8.0,1.0,0.0,0.0,0.0,False,Valle de Aburrá,80676.0,53.26,MEDIO
05212,2019,34,2019-08-19,1,1.2395,14.084,33.758,22.28,3.0989361702127662,0.7106382978723403,639.7611808510638,IMPUTADO_PA,10.114,12.065,1.0,69.4333648300973,5.86852756771929,4.71379615928716,2.1115966311591,1.79497428570584,2.88015770421126,97.8659408050308,7.63921720499001,8.19388175470771,0.0,6.0,1.0,0.0,0.0,0.0,False,Valle de Aburrá,80676.0,59.56,MEDIO
05212,2019,37,2019-09-09,1,1.2395,12.514,22.314,22.421,60.291,93.228,851.271,IMPUTADO_PA,14.084,10.114,1.0,69.4333648300973,5.86852756771929,4.71379615928716,2.1115966311591,1.79497428570584,2.88015770421126,97.8659408050308,7.63921720499001,8.19388175470771,0.0,8.0,0.0,0.0,0.0,1.0,False,Valle de Aburrá,80676.0,56.71,MEDIO
05212,2019,41,2019-10-07,1,1.2395,12.278,32.517,19.936,73.25,33.158,850.552,IMPUTADO_PA,12.514,14.084,1.0,69.4333648300973,5.86852756771929,4.71379615928716,2.1115966311591,1.79497428570584,2.88015770421126,97.8659408050308,7.63921720499001,8.19388175470771,0.0,2.0,1.0,0.0,0.0,0.0,False,Valle de Aburrá,80676.0,56.09,MEDIO
05212,2022,49,2022-12-05,1,1.1516,13.047,17.8,19.698,0.0,0.0,851.135,SISAIRE_DIRECTO,12.278,12.514,1.0,69.4333648300973,5.86852756771929,4.71379615928716,2.1115966311591,1.79497428570584,2.88015770421126,97.8659408050308,7.63921720499001,8.19388175470771,0.0,3.0,1.0,0.0,0.0,0.0,False,Valle de Aburrá,86835.0,56.22,MEDIO
05212,2023,21,2023-05-22,1,1.1348,12.577,31.87,21.234,0.0,45.88,852.085,SISAIRE_DIRECTO,13.047,12.278,1.0,69.4333648300973,5.86852756771929,4.71379615928716,2.1115966311591,1.79497428570584,2.88015770421126,97.8659408050308,7.63921720499001,8.19388175470771,0.0,5.0,0.0,0.0,0.0,1.0,False,Valle de Aburrá,88121.0,55.21,MEDIO
05212,2023,52,2023-12-25,1,1.1348,12.109,28.047,,0.141,,853.257,SISAIRE_DIRECTO,12.577,13.047,1.0,69.4333648300973,5.86852756771929,4.71379615928716,2.1115966311591,1.79497428570584,2.88015770421126,97.8659408050308,7.63921720499001,8.19388175470771,0.0,8.0,1.0,0.0,0.0,0.0,False,Valle de Aburrá,88121.0,54.16,MEDIO
05234,2018,7,2018-02-12,1,4.3388,,,,,,,,,,,52.6235900922699,24.4981462331834,30.9725419749725,3.0975286589293,2.14357864417302,2.40469865749879,58.0699072766055,4.76523226625551,4.20759126927176,0.0,9.0,1.0,0.0,0.0,0.0,False,Resto de Antioquia,23048.0,48.64,MEDIO
05234,2018,23,2018-06-04,1,4.3388,,,,,,,,,,1.0,52.6235900922699,24.4981462331834,30.9725419749725,3.0975286589293,2.14357864417302,2.40469865749879,58.0699072766055,4.76523226625551,4.20759126927176,0.0,9.0,0.0,0.0,0.0,1.0,False,Resto de Antioquia,23048.0,48.64,MEDIO
05234,2018,41,2018-10-08,1,4.3388,,,,,,,,,,1.0,52.6235900922699,24.4981462331834,30.9725419749725,3.0975286589293,2.14357864417302,2.40469865749879,58.0699072766055,4.76523226625551,4.20759126927176,0.0,8.0,1.0,0.0,0.0,0.0,False,Resto de Antioquia,23048.0,48.64,MEDIO
05234,2019,11,2019-03-11,1,4.2702,5.894,,25.35,78.429,3.8,870.736,SIN_DATO,,,1.0,52.6235900922699,24.4981462331834,30.9725419749725,3.0975286589293,2.14357864417302,2.40469865749879,58.0699072766055,4.76523226625551,4.20759126927176,0.0,8.0,0.0,0.0,0.0,1.0,False,Resto de Antioquia,23418.0,22.61,BAJO
05234,2019,29,2019-07-15,1,4.2702,5.897,,,81.744,23.6,872.343,SIN_DATO,5.894,,1.0,52.6235900922699,24.4981462331834,30.9725419749725,3.0975286589293,2.14357864417302,2.40469865749879,58.0699072766055,4.76523226625551,4.20759126927176,0.0,3.0,0.0,0.0,0.0,1.0,False,Resto de Antioquia,23418.0,22.67,BAJO
05234,2019,30,2019-07-22,1,4.2702,5.903,,27.26378,86.899,36.6,873.716,SIN_DATO,5.897,5.894,1.0,52.6235900922699,24.4981462331834,30.9725419749725,3.0975286589293,2.14357864417302,2.40469865749879,58.0699072766055,4.76523226625551,4.20759126927176,0.0,14.0,0.0,1.0,0.0,0.0,False,Resto de Antioquia,23418.0,22.79,BAJO
05234,2019,34,2019-08-19,1,4.2702,5.902,,21.474,84.476,7.6,873.428,SIN_DATO,5.903,5.897,1.0,52.6235900922699,24.4981462331834,30.9725419749725,3.0975286589293,2.14357864417302,2.40469865749879,58.0699072766055,4.76523226625551,4.20759126927176,0.0,5.0,1.0,0.0,0.0,0.0,False,Resto de Antioquia,23418.0,22.73,BAJO
05234,2020,4,2020-01-20,1,4.1966,3.6032,,20.927,91.364,33.0,873.64,SIN_DATO,5.902,5.903,1.0,52.6235900922699,24.4981462331834,30.9725419749725,3.0975286589293,2.14357864417302,2.40469865749879,58.0699072766055,4.76523226625551,4.20759126927176,0.0,10.0,0.0,0.0,0.0,1.0,False,Resto de Antioquia,23829.0,21.37,BAJO
05234,2023,22,2023-05-29,1,4.0968,,,,,,,,3.73837,5.902,1.0,52.6235900922699,24.4981462331834,30.9725419749725,3.0975286589293,2.14357864417302,2.40469865749879,58.0699072766055,4.76523226625551,4.20759126927176,0.0,2.0,0.0,0.0,0.0,1.0,False,Resto de Antioquia,24409.0,47.09,MEDIO
05234,2023,43,2023-10-23,1,4.0968,,,,,,,,,3.72215,1.0,52.6235900922699,24.4981462331834,30.9725419749725,3.0975286589293,2.14357864417302,2.40469865749879,58.0699072766055,4.76523226625551,4.20759126927176,0.0,6.0,0.0,0.0,0.0,1.0,False,Resto de Antioquia,24409.0,47.09,MEDIO
05234,2023,48,2023-11-27,1,4.0968,,,,,,,,,,1.0,52.6235900922699,24.4981462331834,30.9725419749725,3.0975286589293,2.14357864417302,2.40469865749879,58.0699072766055,4.76523226625551,4.20759126927176,0.0,6.0,0.0,0.0,0.0,1.0,False,Resto de Antioquia,24409.0,47.09,MEDIO
05237,2018,22,2018-05-28,1,5.2871,17.067,0.0,13.529,0.639,0.0,,IMPUTADO_PA,,,,70.4043132171657,6.07742826399321,12.5151399850953,2.84813218226395,1.93846575204956,3.02716618767265,93.507867546091,7.90272071423566,8.31741792974182,0.0,7.0,1.0,0.0,0.0,0.0,False,Resto de Antioquia,18914.0,71.05,ALTO
05237,2019,25,2019-06-17,2,10.5081,,,,,,,,17.067,,1.0,70.4043132171657,6.07742826399321,12.5151399850953,2.84813218226395,1.93846575204956,3.02716618767265,93.507867546091,7.90272071423566,8.31741792974182,0.0,9.0,1.0,0.0,0.0,0.0,False,Resto de Antioquia,19033.0,67.79,ALTO
05237,2019,31,2019-07-29,1,5.254,,,,,,,,,17.067,2.0,70.4043132171657,6.07742826399321,12.5151399850953,2.84813218226395,1.93846575204956,3.02716618767265,93.507867546091,7.90272071423566,8.31741792974182,0.0,5.0,1.0,0.0,0.0,0.0,False,Resto de Antioquia,19033.0,62.15,MEDIO
05237,2019,32,2019-08-05,1,5.254,,,,,,,,,,1.0,70.4043132171657,6.07742826399321,12.5151399850953,2.84813218226395,1.93846575204956,3.02716618767265,93.507867546091,7.90272071423566,8.31741792974182,0.0,7.0,0.0,0.0,0.0,1.0,False,Resto de Antioquia,19033.0,62.15,MEDIO
05237,2022,52,2022-12-26,1,5.1258,,,,,,,,,,1.0,70.4043132171657,6.07742826399321,12.5151399850953,2.84813218226395,1.93846575204956,3.02716618767265,93.507867546091,7.90272071423566,8.31741792974182,0.0,1.09,1.0,0.0,0.0,0.0,False,Resto de Antioquia,19509.0,61.88,MEDIO
05240,2019,51,2019-12-16,1,8.0887,,,,,,,,,,,66.912712457483,5.15367635270576,12.0132310655406,3.32175755527211,2.58296980867347,2.74078881590136,93.7149866327989,7.8285709332483,7.29274279336735,0.0,3.0,0.0,0.0,0.0,1.0,False,Resto de Antioquia,12363.0,61.14,MEDIO
05240,2023,49,2023-12-04,1,7.9662,,,,,,,,,,1.0,66.912712457483,5.15367635270576,12.0132310655406,3.32175755527211,2.58296980867347,2.74078881590136,93.7149866327989,7.8285709332483,7.29274279336735,0.0,11.0,0.0,0.0,0.0,1.0,False,Resto de Antioquia,12553.0,60.98,MEDIO
05250,2019,6,2019-02-04,1,1.8993,17.514,43.043,,,0.0,,IMPUTADO_PA,,,,57.7141323120858,27.4603855358976,26.7886664108559,2.16390657763252,1.65160571267006,2.3702168755025,74.6694507510029,5.64146838820725,5.13473587748886,0.0,3.0,0.0,0.0,0.0,1.0,False,Resto de Antioquia,52651.0,68.26,ALTO
05250,2019,26,2019-06-24,1,1.8993,23.611,6.917,,,45.9,,IMPUTADO_PA,17.514,,1.0,57.7141323120858,27.4603855358976,26.7886664108559,2.16390657763252,1.65160571267006,2.3702168755025,74.6694507510029,5.64146838820725,5.13473587748886,0.0,11.0,0.0,0.0,0.0,1.0,False,Resto de Antioquia,52651.0,80.86,ALTO
05250,2022,17,2022-04-25,1,1.8282,9.839,16.748,,,,,SISAIRE_DIRECTO,23.611,17.514,1.0,57.7141323120858,27.4603855358976,26.7886664108559,2.16390657763252,1.65160571267006,2.3702168755025,74.6694507510029,5.64146838820725,5.13473587748886,0.0,5.0,0.0,0.0,0.0,1.0,False,Resto de Antioquia,54698.0,34.51,MEDIO
05250,2022,30,2022-07-25,1,1.8282,,,,,,,,9.839,23.611,1.0,57.7141323120858,27.4603855358976,26.7886664108559,2.16390657763252,1.65160571267006,2.3702168755025,74.6694507510029,5.64146838820725,5.13473587748886,0.0,3.0,0.0,0.0,0.0,1.0,False,Resto de Antioquia,54698.0,57.71,MEDIO
05250,2022,38,2022-09-19,1,1.8282,,,,,,,,,9.839,1.0,57.7141323120858,27.4603855358976,26.7886664108559,2.16390657763252,1.65160571267006,2.3702168755025,74.6694507510029,5.64146838820725,5.13473587748886,0.0,10.0,0.0,0.0,0.0,1.0,False,Resto de Antioquia,54698.0,57.71,MEDIO
05250,2023,28,2023-07-10,1,1.8105,,,,,,,,,,1.0,57.7141323120858,27.4603855358976,26.7886664108559,2.16390657763252,1.65160571267006,2.3702168755025,74.6694507510029,5.64146838820725,5.13473587748886,0.0,9.0,0.0,0.0,0.0,1.0,False,Resto de Antioquia,55234.0,57.12,MEDIO
05250,2023,31,2023-07-31,1,1.8105,,,,,,,,,,1.0,57.7141323120858,27.4603855358976,26.7886664108559,2.16390657763252,1.65160571267006,2.3702168755025,74.6694507510029,5.64146838820725,5.13473587748886,0.0,3.0,0.0,0.0,0.0,1.0,False,Resto de Antioquia,55234.0,57.12,MEDIO
05264,2019,22,2019-05-27,1,8.7527,3.6032,43.677,13.314,88.908,0.0,649.08,IMPUTADO_PA,,,,70.8328007301041,6.08968726152352,10.6664153754913,2.97699941602177,2.00225972019332,3.17496494127067,92.1620174285575,7.90023643145044,7.97766220160718,0.0,6.0,0.0,0.0,0.0,1.0,False,Resto de Antioquia,11425.0,38.49,MEDIO
05264,2019,27,2019-07-01,1,8.7527,5.759,26.453,13.061,64.585,0.0,648.978,IMPUTADO_PA,3.73837,,1.0,70.8328007301041,6.08968726152352,10.6664153754913,2.97699941602177,2.00225972019332,3.17496494127067,92.1620174285575,7.90023643145044,7.97766220160718,0.0,5.0,0.0,0.0,0.0,1.0,False,Resto de Antioquia,11425.0,39.1,MEDIO
05264,2020,6,2020-02-03,1,8.5266,,,12.598,72.508,17.8,649.082,SIN_DATO,5.759,3.72215,1.0,70.8328007301041,6.08968726152352,10.6664153754913,2.97699941602177,2.00225972019332,3.17496494127067,92.1620174285575,7.90023643145044,7.97766220160718,0.0,10.0,1.0,0.0,0.0,0.0,False,Resto de Antioquia,11728.0,64.6,MEDIO
05264,2020,11,2020-03-09,1,8.5266,,,12.598,84.898,53.3,649.014,SIN_DATO,,5.759,1.0,70.8328007301041,6.08968726152352,10.6664153754913,2.97699941602177,2.00225972019332,3.17496494127067,92.1620174285575,7.90023643145044,7.97766220160718,0.0,8.0,1.0,0.0,0.0,0.0,True,Resto de Antioquia,11728.0,64.6,MEDIO
05264,2022,31,2022-08-01,1,8.2305,,,,,,,,,,1.0,70.8328007301041,6.08968726152352,10.6664153754913,2.97699941602177,2.00225972019332,3.17496494127067,92.1620174285575,7.90023643145044,7.97766220160718,0.0,6.0,0.0,0.0,0.0,1.0,False,Resto de Antioquia,12150.0,64.17,MEDIO
05264,2022,33,2022-08-15,1,8.2305,,,,,,,,,,1.0,70.8328007301041,6.08968726152352,10.6664153754913,2.97699941602177,2.00225972019332,3.17496494127067,92.1620174285575,7.90023643145044,7.97766220160718,0.0,6.0,1.0,0.0,0.0,0.0,False,Resto de Antioquia,12150.0,64.17,MEDIO
05264,2022,43,2022-10-24,1,8.2305,,,,,,,,,,1.0,70.8328007301041,6.08968726152352,10.6664153754913,2.97699941602177,2.00225972019332,3.17496494127067,92.1620174285575,7.90023643145044,7.97766220160718,0.0,9.0,0.0,0.0,0.0,1.0,False,Resto de Antioquia,12150.0,64.17,MEDIO
05266,2018,18,2018-04-30,1,0.437,7.79,53.956,,,,,IMPUTADO_PA,,,,76.5644437009452,2.56627892364404,2.02526380126303,2.36376575115308,1.69665618306616,3.20147292502704,99.9308087984573,7.57126559879834,8.56947022081539,0.0,4.0,1.0,0.0,0.0,0.0,False,Valle de Aburrá,228836.0,30.89,BAJO
05266,2018,24,2018-06-11,1,0.437,20.265,61.34699999999999,,,,,IMPUTADO_PA,7.79,,1.0,76.5644437009452,2.56627892364404,2.02526380126303,2.36376575115308,1.69665618306616,3.20147292502704,99.9308087984573,7.57126559879834,8.56947022081539,0.0,6.0,1.0,0.0,0.0,0.0,False,Valle de Aburrá,228836.0,72.31,ALTO
05266,2018,26,2018-06-25,1,0.437,16.672,44.751,,,,,IMPUTADO_PA,20.265,7.79,1.0,76.5644437009452,2.56627892364404,2.02526380126303,2.36376575115308,1.69665618306616,3.20147292502704,99.9308087984573,7.57126559879834,8.56947022081539,0.0,7.0,1.0,0.0,0.0,0.0,False,Valle de Aburrá,228836.0,46.7,MEDIO
05266,2018,27,2018-07-02,1,0.437,15.26,37.89,,,,,IMPUTADO_PA,16.672,20.265,1.0,76.5644437009452,2.56627892364404,2.02526380126303,2.36376575115308,1.69665618306616,3.20147292502704,99.9308087984573,7.57126559879834,8.56947022081539,0.0,6.0,0.0,0.0,0.0,1.0,False,Valle de Aburrá,228836.0,42.15,MEDIO
05266,2019,3,2019-01-14,1,0.4248,10.614,54.208,,,,,IMPUTADO_PA,15.26,16.672,1.0,76.5644437009452,2.56627892364404,2.02526380126303,2.36376575115308,1.69665618306616,3.20147292502704,99.9308087984573,7.57126559879834,8.56947022081539,0.0,7.0,0.0,0.0,0.0,1.0,False,Valle de Aburrá,235397.0,32.54,BAJO
05266,2019,10,2019-03-04,1,0.4248,14.527,51.305,14.444,92.306,32.0,750.112,IMPUTADO_PA,10.614,15.26,1.0,76.5644437009452,2.56627892364404,2.02526380126303,2.36376575115308,1.69665618306616,3.20147292502704,99.9308087984573,7.57126559879834,8.56947022081539,0.0,4.0,1.0,0.0,0.0,0.0,False,Valle de Aburrá,235397.0,39.8,MEDIO
05266,2019,13,2019-03-25,1,0.4248,6.412,44.519,14.368,94.14536,37.4,750.433,IMPUTADO_PA,14.527,10.614,1.0,76.5644437009452,2.56627892364404,2.02526380126303,2.36376575115308,1.69665618306616,3.20147292502704,99.9308087984573,7.57126559879834,8.56947022081539,0.0,10.0,1.0,0.0,0.0,0.0,False,Valle de Aburrá,235397.0,30.09,BAJO
05266,2019,14,2019-04-01,1,0.4248,3.6032,53.368,13.73,93.339,163.8,751.308,IMPUTADO_PA,6.412,14.527,1.0,76.5644437009452,2.56627892364404,2.02526380126303,2.36376575115308,1.69665618306616,3.20147292502704,99.9308087984573,7.57126559879834,8.56947022081539,0.0,10.0,1.0,0.0,0.0,0.0,False,Valle de Aburrá,235397.0,28.57,BAJO
05266,2019,15,2019-04-08,1,0.4248,9.664,50.407,14.27,92.006,98.2,750.527,IMPUTADO_PA,3.73837,6.412,1.0,76.5644437009452,2.56627892364404,2.02526380126303,2.36376575115308,1.69665618306616,3.20147292502704,99.9308087984573,7.57126559879834,8.56947022081539,0.0,11.0,1.0,0.0,0.0,0.0,False,Valle de Aburrá,235397.0,31.61,BAJO
05266,2019,25,2019-06-17,1,0.4248,13.487,61.207,14.86,80.262,3.8,751.023,IMPUTADO_PA,9.664,3.72215,1.0,76.5644437009452,2.56627892364404,2.02526380126303,2.36376575115308,1.69665618306616,3.20147292502704,99.9308087984573,7.57126559879834,8.56947022081539,0.0,8.0,1.0,0.0,0.0,0.0,False,Valle de Aburrá,235397.0,37.03,MEDIO
05266,2019,31,2019-07-29,1,0.4248,7.474,55.055,14.191,85.808,34.4,750.607,IMPUTADO_PA,13.487,9.664,1.0,76.5644437009452,2.56627892364404,2.02526380126303,2.36376575115308,1.69665618306616,3.20147292502704,99.9308087984573,7.57126559879834,8.56947022081539,0.0,14.0,0.0,0.0,1.0,0.0,False,Valle de Aburrá,235397.0,30.32,BAJO
05266,2019,46,2019-11-11,1,0.4248,9.25,52.783,13.104,94.14536,0.2,749.877,IMPUTADO_PA,7.474,13.487,1.0,76.5644437009452,2.56627892364404,2.02526380126303,2.36376575115308,1.69665618306616,3.20147292502704,99.9308087984573,7.57126559879834,8.56947022081539,0.0,7.0,0.0,0.0,0.0,1.0,False,Valle de Aburrá,235397.0,31.11,BAJO
05266,2019,49,2019-12-02,1,0.4248,8.108,48.896,13.44,90.818,3.2,750.604,IMPUTADO_PA,9.25,7.474,1.0,76.5644437009452,2.56627892364404,2.02526380126303,2.36376575115308,1.69665618306616,3.20147292502704,99.9308087984573,7.57126559879834,8.56947022081539,0.0,9.0,1.0,0.0,0.0,0.0,False,Valle de Aburrá,235397.0,30.61,BAJO
05266,2020,8,2020-02-17,1,0.4126,22.557,50.919,14.683,86.531,5.0,750.335,SISAIRE_DIRECTO,8.108,9.25,1.0,76.5644437009452,2.56627892364404,2.02526380126303,2.36376575115308,1.69665618306616,3.20147292502704,99.9308087984573,7.57126559879834,8.56947022081539,0.0,7.0,0.0,0.0,0.0,1.0,False,Valle de Aburrá,242371.0,75.39,ALTO
05266,2022,23,2022-06-06,1,0.3969,12.253,38.73,12.734,90.246,5.2,750.329,SISAIRE_DIRECTO,22.557,8.108,1.0,76.5644437009452,2.56627892364404,2.02526380126303,2.36376575115308,1.69665618306616,3.20147292502704,99.9308087984573,7.57126559879834,8.56947022081539,0.0,7.0,1.0,0.0,0.0,0.0,False,Valle de Aburrá,251963.0,32.69,BAJO
05266,2022,37,2022-09-12,1,0.3969,10.8,45.27,12.722,89.352,93.6,750.56,SISAIRE_DIRECTO,12.253,22.557,1.0,76.5644437009452,2.56627892364404,2.02526380126303,2.36376575115308,1.69665618306616,3.20147292502704,99.9308087984573,7.57126559879834,8.56947022081539,0.0,7.0,1.0,0.0,0.0,0.0,False,Valle de Aburrá,251963.0,30.48,BAJO
05266,2022,45,2022-11-07,1,0.3969,9.03,32.4,,,,,SISAIRE_DIRECTO,10.8,12.253,1.0,76.5644437009452,2.56627892364404,2.02526380126303,2.36376575115308,1.69665618306616,3.20147292502704,99.9308087984573,7.57126559879834,8.56947022081539,0.0,7.0,1.0,0.0,0.0,0.0,False,Valle de Aburrá,251963.0,28.76,BAJO
05266,2023,11,2023-03-13,1,0.3906,13.016,,12.598,93.03,74.2,751.176,SISAIRE_DIRECTO,9.03,10.8,1.0,76.5644437009452,2.56627892364404,2.02526380126303,2.36376575115308,1.69665618306616,3.20147292502704,99.9308087984573,7.57126559879834,8.56947022081539,0.0,9.0,1.0,0.0,0.0,0.0,False,Valle de Aburrá,256042.0,33.75,MEDIO
05266,2023,15,2023-04-10,1,0.3906,17.093,,,,,,SISAIRE_DIRECTO,13.016,9.03,1.0,76.5644437009452,2.56627892364404,2.02526380126303,2.36376575115308,1.69665618306616,3.20147292502704,99.9308087984573,7.57126559879834,8.56947022081539,0.0,9.0,1.0,0.0,0.0,0.0,False,Valle de Aburrá,256042.0,61.17,MEDIO
05266,2023,18,2023-05-01,1,0.3906,13.877,,,,,,SISAIRE_DIRECTO,17.093,13.016,1.0,76.5644437009452,2.56627892364404,2.02526380126303,2.36376575115308,1.69665618306616,3.20147292502704,99.9308087984573,7.57126559879834,8.56947022081539,0.0,4.0,1.0,0.0,0.0,0.0,False,Valle de Aburrá,256042.0,35.38,MEDIO
05266,2023,19,2023-05-08,1,0.3906,15.224,,,,,,SISAIRE_DIRECTO,13.877,17.093,1.0,76.5644437009452,2.56627892364404,2.02526380126303,2.36376575115308,1.69665618306616,3.20147292502704,99.9308087984573,7.57126559879834,8.56947022081539,0.0,6.0,0.0,0.0,0.0,1.0,False,Valle de Aburrá,256042.0,38.59,MEDIO
05266,2023,24,2023-06-12,1,0.3906,10.259,,,,,,SISAIRE_DIRECTO,15.224,13.877,1.0,76.5644437009452,2.56627892364404,2.02526380126303,2.36376575115308,1.69665618306616,3.20147292502704,99.9308087984573,7.57126559879834,8.56947022081539,0.0,9.0,1.0,0.0,0.0,0.0,False,Valle de Aburrá,256042.0,29.78,BAJO
05266,2023,29,2023-07-17,1,0.3906,9.26,,,,,,SISAIRE_DIRECTO,10.259,15.224,1.0,76.5644437009452,2.56627892364404,2.02526380126303,2.36376575115308,1.69665618306616,3.20147292502704,99.9308087984573,7.57126559879834,8.56947022081539,0.0,3.0,0.0,0.0,0.0,1.0,False,Valle de Aburrá,256042.0,28.55,BAJO
05266,2023,38,2023-09-18,1,0.3906,14.165,,,,,,SISAIRE_DIRECTO,9.26,10.259,1.0,76.5644437009452,2.56627892364404,2.02526380126303,2.36376575115308,1.69665618306616,3.20147292502704,99.9308087984573,7.57126559879834,8.56947022081539,0.0,5.0,1.0,0.0,0.0,0.0,False,Valle de Aburrá,256042.0,36.08,MEDIO
05266,2023,44,2023-10-30,1,0.3906,12.326,,,,,,SISAIRE_DIRECTO,14.165,9.26,1.0,76.5644437009452,2.56627892364404,2.02526380126303,2.36376575115308,1.69665618306616,3.20147292502704,99.9308087984573,7.57126559879834,8.56947022081539,0.0,3.0,1.0,0.0,0.0,0.0,False,Valle de Aburrá,256042.0,32.52,BAJO
05266,2023,49,2023-12-04,1,0.3906,14.956,,,,,,SISAIRE_DIRECTO,12.326,14.165,1.0,76.5644437009452,2.56627892364404,2.02526380126303,2.36376575115308,1.69665618306616,3.20147292502704,99.9308087984573,7.57126559879834,8.56947022081539,0.0,12.0,1.0,0.0,0.0,0.0,False,Valle de Aburrá,256042.0,37.89,MEDIO
05282,2019,44,2019-10-28,1,4.0211,5.955,,,,,,IMPUTADO_PA,,,,66.8543754012218,13.0639144828439,10.8359165958279,3.07637225929981,2.43896301489287,3.01648143184524,96.7427782344712,7.77550070952031,7.26315651402825,0.0,8.0,1.0,0.0,0.0,0.0,False,Resto de Antioquia,24869.0,29.85,BAJO
05282,2022,23,2022-06-06,1,3.8778,,,,,,,,5.955,,1.0,66.8543754012218,13.0639144828439,10.8359165958279,3.07637225929981,2.43896301489287,3.01648143184524,96.7427782344712,7.77550070952031,7.26315651402825,0.0,12.0,0.0,0.0,0.0,1.0,False,Resto de Antioquia,25788.0,54.65,MEDIO
05284,2018,22,2018-05-28,1,4.8211,,,,,,,,,,,62.5329117190572,11.9054623048017,18.2797008962513,3.04718831472123,2.12126411077637,2.33286127709463,95.8588788549544,7.13828776895685,6.02032209308515,0.0,9.0,1.0,0.0,0.0,0.0,False,Resto de Antioquia,20742.0,54.88,MEDIO
05284,2019,8,2019-02-18,1,4.7578,,,,,,,,,,1.0,62.5329117190572,11.9054623048017,18.2797008962513,3.04718831472123,2.12126411077637,2.33286127709463,95.8588788549544,7.13828776895685,6.02032209308515,0.0,13.0,0.0,0.0,0.0,1.0,False,Resto de Antioquia,21018.0,54.64,MEDIO
05284,2019,12,2019-03-18,1,4.7578,,,,,,,,,,1.0,62.5329117190572,11.9054623048017,18.2797008962513,3.04718831472123,2.12126411077637,2.33286127709463,95.8588788549544,7.13828776895685,6.02032209308515,0.0,10.0,0.0,0.0,0.0,1.0,False,Resto de Antioquia,21018.0,54.64,MEDIO
05284,2019,32,2019-08-05,1,4.7578,,,,,,,,,,1.0,62.5329117190572,11.9054623048017,18.2797008962513,3.04718831472123,2.12126411077637,2.33286127709463,95.8588788549544,7.13828776895685,6.02032209308515,0.0,5.0,0.0,1.0,0.0,0.0,False,Resto de Antioquia,21018.0,54.64,MEDIO
05284,2019,42,2019-10-14,1,4.7578,,,,,,,,,,1.0,62.5329117190572,11.9054623048017,18.2797008962513,3.04718831472123,2.12126411077637,2.33286127709463,95.8588788549544,7.13828776895685,6.02032209308515,0.0,4.0,0.0,0.0,0.0,1.0,False,Resto de Antioquia,21018.0,54.64,MEDIO
05284,2019,50,2019-12-09,1,4.7578,,,,,,,,,,1.0,62.5329117190572,11.9054623048017,18.2797008962513,3.04718831472123,2.12126411077637,2.33286127709463,95.8588788549544,7.13828776895685,6.02032209308515,0.0,9.0,0.0,0.0,0.0,1.0,False,Resto de Antioquia,21018.0,54.64,MEDIO
05284,2020,8,2020-02-17,1,4.6986,,,,,,,,,,1.0,62.5329117190572,11.9054623048017,18.2797008962513,3.04718831472123,2.12126411077637,2.33286127709463,95.8588788549544,7.13828776895685,6.02032209308515,0.0,17.0,1.0,0.0,0.0,0.0,False,Resto de Antioquia,21283.0,54.29,MEDIO
05284,2020,27,2020-06-29,1,4.6986,,,,,,,,,,1.0,62.5329117190572,11.9054623048017,18.2797008962513,3.04718831472123,2.12126411077637,2.33286127709463,95.8588788549544,7.13828776895685,6.02032209308515,0.0,8.0,1.0,0.0,0.0,0.0,True,Resto de Antioquia,21283.0,54.29,MEDIO
05284,2022,52,2022-12-26,1,4.6436,,,,,,,,,,1.0,62.5329117190572,11.9054623048017,18.2797008962513,3.04718831472123,2.12126411077637,2.33286127709463,95.8588788549544,7.13828776895685,6.02032209308515,0.0,4.0,0.0,0.0,0.0,1.0,False,Resto de Antioquia,21535.0,54.18,MEDIO
05284,2023,16,2023-04-17,1,4.6322,,,,,,,,,,1.0,62.5329117190572,11.9054623048017,18.2797008962513,3.04718831472123,2.12126411077637,2.33286127709463,95.8588788549544,7.13828776895685,6.02032209308515,0.0,4.0,0.0,0.0,0.0,1.0,False,Resto de Antioquia,21588.0,54.06,MEDIO
05284,2023,47,2023-11-20,1,4.6322,,,,,,,,,,1.0,62.5329117190572,11.9054623048017,18.2797008962513,3.04718831472123,2.12126411077637,2.33286127709463,95.8588788549544,7.13828776895685,6.02032209308515,0.0,9.0,0.0,0.0,0.0,1.0,False,Resto de Antioquia,21588.0,54.06,MEDIO
05306,2023,28,2023-07-10,1,16.1577,,,,,,,,,,,67.5480123468021,3.60692946088776,5.42892534374142,2.72463113875911,2.12189952741058,2.54531629721908,93.7828722303118,7.55428502053003,7.65667409101781,0.0,11.0,0.0,0.0,0.0,1.0,False,Resto de Antioquia,6189.0,85.34,ALTO
05306,2023,46,2023-11-13,1,16.1577,,,,,,,,,,1.0,67.5480123468021,3.60692946088776,5.42892534374142,2.72463113875911,2.12189952741058,2.54531629721908,93.7828722303118,7.55428502053003,7.65667409101781,0.0,11.0,1.0,0.0,0.0,0.0,False,Resto de Antioquia,6189.0,85.34,ALTO
05308,2018,5,2018-01-29,1,1.9357,14.781,40.44,22.569,73.407,18.7,856.23,IMPUTADO_PA,,,,71.4835292866254,6.02843891044782,5.33148025484179,2.67845402213157,2.10222187735597,3.21519138075433,96.7871415261518,8.23576096200746,8.43790259340936,0.0,7.0,1.0,0.0,0.0,0.0,False,Valle de Aburrá,51660.0,51.21,MEDIO
05308,2018,48,2018-11-26,1,1.9357,9.554,37.707,19.569,80.197,38.901,851.671,IMPUTADO_PA,14.781,,1.0,71.4835292866254,6.02843891044782,5.33148025484179,2.67845402213157,2.10222187735597,3.21519138075433,96.7871415261518,8.23576096200746,8.43790259340936,0.0,19.0,0.0,0.0,0.0,1.0,False,Valle de Aburrá,51660.0,42.4,MEDIO
05308,2019,10,2019-03-04,1,1.845,13.045,28.226,21.132,0.0,0.0,635.4347,IMPUTADO_PA,9.554,14.781,1.0,71.4835292866254,6.02843891044782,5.33148025484179,2.67845402213157,2.10222187735597,3.21519138075433,96.7871415261518,8.23576096200746,8.43790259340936,0.0,9.0,0.0,0.0,0.0,1.0,False,Valle de Aburrá,54202.0,46.74,MEDIO
05308,2019,17,2019-04-22,1,1.845,15.184,23.353,20.518,77.292,35.1,851.69,IMPUTADO_PA,13.045,9.554,1.0,71.4835292866254,6.02843891044782,5.33148025484179,2.67845402213157,2.10222187735597,3.21519138075433,96.7871415261518,8.23576096200746,8.43790259340936,0.0,9.0,0.0,0.0,0.0,1.0,False,Valle de Aburrá,54202.0,51.29,MEDIO
05308,2019,28,2019-07-08,1,1.845,10.64,17.736,20.985,69.167,29.8,851.729,IMPUTADO_PA,15.184,13.045,1.0,71.4835292866254,6.02843891044782,5.33148025484179,2.67845402213157,2.10222187735597,3.21519138075433,96.7871415261518,8.23576096200746,8.43790259340936,0.0,8.0,1.0,0.0,0.0,0.0,False,Valle de Aburrá,54202.0,42.89,MEDIO
05308,2019,30,2019-07-22,1,1.845,11.436,24.827,20.988,0.0,0.0,635.4347,IMPUTADO_PA,10.64,15.184,1.0,71.4835292866254,6.02843891044782,5.33148025484179,2.67845402213157,2.10222187735597,3.21519138075433,96.7871415261518,8.23576096200746,8.43790259340936,0.0,6.0,1.0,0.0,0.0,0.0,False,Valle de Aburrá,54202.0,43.41,MEDIO
05308,2019,33,2019-08-12,1,1.845,11.922,26.664,21.652,2.3242021276595746,0.5329787234042552,638.6795606382979,IMPUTADO_PA,11.436,10.64,1.0,71.4835292866254,6.02843891044782,5.33148025484179,2.67845402213157,2.10222187735597,3.21519138075433,96.7871415261518,8.23576096200746,8.43790259340936,0.0,9.0,1.0,0.0,0.0,0.0,False,Valle de Aburrá,54202.0,44.23,MEDIO
05308,2019,39,2019-09-23,1,1.845,14.239,26.366,20.234,74.323,84.449,852.717,IMPUTADO_PA,11.922,11.436,1.0,71.4835292866254,6.02843891044782,5.33148025484179,2.67845402213157,2.10222187735597,3.21519138075433,96.7871415261518,8.23576096200746,8.43790259340936,0.0,4.0,1.0,0.0,0.0,0.0,False,Valle de Aburrá,54202.0,49.19,MEDIO
05308,2020,1,2019-12-30,2,3.5094,11.483,29.132,20.113,75.861,30.362,852.305,SISAIRE_DIRECTO,14.239,11.922,1.0,71.4835292866254,6.02843891044782,5.33148025484179,2.67845402213157,2.10222187735597,3.21519138075433,96.7871415261518,8.23576096200746,8.43790259340936,0.0,8.0,0.0,0.0,0.0,1.0,False,Valle de Aburrá,56990.0,51.66,MEDIO
05308,2020,13,2020-03-23,1,1.7547,32.49740000000006,61.34699999999999,21.307,64.626,14.557,851.347,SISAIRE_DIRECTO,11.483,14.239,2.0,71.4835292866254,6.02843891044782,5.33148025484179,2.67845402213157,2.10222187735597,3.21519138075433,96.7871415261518,8.23576096200746,8.43790259340936,0.0,3.0,0.0,0.0,0.0,1.0,True,Valle de Aburrá,56990.0,90.08,ALTO
05308,2022,23,2022-06-06,1,1.6972,13.318,30.803,19.972,1.631,0.0,737.7142857142858,SISAIRE_DIRECTO,32.497,11.483,1.0,71.4835292866254,6.02843891044782,5.33148025484179,2.67845402213157,2.10222187735597,3.21519138075433,96.7871415261518,8.23576096200746,8.43790259340936,0.0,5.0,1.0,0.0,0.0,0.0,False,Valle de Aburrá,58919.0,45.34,MEDIO
05308,2023,9,2023-02-27,1,1.6748,16.636,46.676,23.304,69.449,9.023,850.601,SISAIRE_DIRECTO,13.318,32.497,1.0,71.4835292866254,6.02843891044782,5.33148025484179,2.67845402213157,2.10222187735597,3.21519138075433,96.7871415261518,8.23576096200746,8.43790259340936,0.0,6.0,0.0,0.0,0.0,1.0,False,Valle de Aburrá,59708.0,54.18,MEDIO
05310,2018,30,2018-07-23,1,10.2449,,,,,,,,,,,67.9694423089373,9.4264600850104,14.1484307557884,2.85635501671038,2.11570410026781,2.78034326701747,95.9663178047579,7.76653960110886,7.43773028147583,0.0,25.819999999999936,0.0,0.0,0.0,1.0,False,Resto de Antioquia,9761.0,66.46,ALTO
05313,2020,5,2020-01-27,1,9.7097,,,,,,,,,,,65.1053316365222,19.5974801588305,18.3219604995309,2.51797706138854,2.04409435900353,2.51724052819171,96.011179009833,7.35479431539832,7.55419966860046,0.0,6.0,1.0,0.0,0.0,0.0,False,Resto de Antioquia,10299.0,66.04,ALTO
05318,2018,45,2018-11-05,1,1.8146,,,,,,,,,,,70.8432270466428,7.86694618187221,15.5412014041825,3.04947657847573,2.2514228032515,3.51332974880193,100.0,8.12069825104786,8.20021122922029,0.0,10.0,1.0,0.0,0.0,0.0,False,Resto de Antioquia,55110.0,41.47,MEDIO
05318,2018,47,2018-11-19,1,1.8146,,,,,,,,,,1.0,70.8432270466428,7.86694618187221,15.5412014041825,3.04947657847573,2.2514228032515,3.51332974880193,100.0,8.12069825104786,8.20021122922029,0.0,2.0,0.0,0.0,0.0,1.0,False,Resto de Antioquia,55110.0,41.47,MEDIO
05318,2019,17,2019-04-22,1,1.7551,19.01,22.281,20.518,77.292,35.1,851.69,IMPUTADO_PA,,,1.0,70.8432270466428,7.86694618187221,15.5412014041825,3.04947657847573,2.2514228032515,3.51332974880193,100.0,8.12069825104786,8.20021122922029,0.0,14.0,1.0,0.0,0.0,0.0,False,Resto de Antioquia,56977.0,55.36,MEDIO
05318,2019,20,2019-05-13,1,1.7551,12.884,32.814,20.026,78.682,73.3,852.001,IMPUTADO_PA,19.01,,1.0,70.8432270466428,7.86694618187221,15.5412014041825,3.04947657847573,2.2514228032515,3.51332974880193,100.0,8.12069825104786,8.20021122922029,0.0,10.0,1.0,0.0,0.0,0.0,False,Resto de Antioquia,56977.0,22.28,BAJO
05318,2019,23,2019-06-03,1,1.7551,13.603,36.064,20.989,73.129,37.8,851.965,IMPUTADO_PA,12.884,19.01,1.0,70.8432270466428,7.86694618187221,15.5412014041825,3.04947657847573,2.2514228032515,3.51332974880193,100.0,8.12069825104786,8.20021122922029,0.0,4.0,0.0,0.0,0.0,1.0,False,Resto de Antioquia,56977.0,23.39,BAJO
05318,2019,26,2019-06-24,1,1.7551,7.889,36.717,21.652,66.482,3.2,851.004,IMPUTADO_PA,13.603,12.884,1.0,70.8432270466428,7.86694618187221,15.5412014041825,3.04947657847573,2.2514228032515,3.51332974880193,100.0,8.12069825104786,8.20021122922029,0.0,7.0,1.0,0.0,0.0,0.0,False,Resto de Antioquia,56977.0,16.62,BAJO
05318,2022,33,2022-08-15,1,1.6261,,,,,,,,7.889,13.603,1.0,70.8432270466428,7.86694618187221,15.5412014041825,3.04947657847573,2.2514228032515,3.51332974880193,100.0,8.12069825104786,8.20021122922029,0.0,6.0,0.0,0.0,0.0,1.0,False,Resto de Antioquia,61496.0,39.87,MEDIO
05318,2023,34,2023-08-21,1,1.5961,,,,,,,,,7.889,1.0,70.8432270466428,7.86694618187221,15.5412014041825,3.04947657847573,2.2514228032515,3.51332974880193,100.0,8.12069825104786,8.20021122922029,0.0,9.0,0.0,0.0,0.0,1.0,False,Resto de Antioquia,62651.0,39.4,MEDIO
05321,2018,4,2018-01-22,1,11.9517,,,,,,,,,,,70.8577986948961,13.9381869752409,13.8726077245231,2.72447246139614,1.93773032248452,2.71443250618195,98.2414491887609,7.98049706690742,8.37713073543016,0.0,12.0,1.0,0.0,0.0,0.0,False,Resto de Antioquia,8367.0,68.7,ALTO
05321,2019,46,2019-11-11,1,11.6713,,,,,,,,,,1.0,70.8577986948961,13.9381869752409,13.8726077245231,2.72447246139614,1.93773032248452,2.71443250618195,98.2414491887609,7.98049706690742,8.37713073543016,0.0,4.0,1.0,0.0,0.0,0.0,False,Resto de Antioquia,8568.0,68.46,ALTO
05353,2018,47,2018-11-19,1,16.1577,,,,,,,,,,,63.3677823327006,25.2988310106843,18.7806927649985,2.6313149983576,1.91136070165119,2.49033151764257,79.2366287165206,7.33880005987155,6.82003794544164,0.0,2.0,0.0,0.0,0.0,1.0,False,Resto de Antioquia,5471.0,68.12,ALTO
05353,2018,50,2018-12-10,1,16.1577,,,,,,,,,,1.0,63.3677823327006,25.2988310106843,18.7806927649985,2.6313149983576,1.91136070165119,2.49033151764257,79.2366287165206,7.33880005987155,6.82003794544164,0.0,14.0,0.0,0.0,0.0,1.0,False,Resto de Antioquia,5471.0,68.12,ALTO
05360,2018,20,2018-05-14,1,0.3613,29.491,43.007,,,,,IMPUTADO_PA,,,,71.788240180829,5.99917450601173,5.33832858096285,2.19363913279393,1.69617595502183,2.876071808491,99.7999002687995,7.53794689989921,8.24039335621049,0.0,8.0,1.0,0.0,0.0,0.0,False,Valle de Aburrá,276746.0,83.3,ALTO
05360,2018,26,2018-06-25,1,0.3613,24.765,25.774,,,,,IMPUTADO_PA,29.491,,1.0,71.788240180829,5.99917450601173,5.33832858096285,2.19363913279393,1.69617595502183,2.876071808491,99.7999002687995,7.53794689989921,8.24039335621049,0.0,5.0,1.0,0.0,0.0,0.0,False,Valle de Aburrá,276746.0,81.2,ALTO
05360,2018,29,2018-07-16,1,0.3613,25.2,39.535,,,,,IMPUTADO_PA,24.765,29.491,1.0,71.788240180829,5.99917450601173,5.33832858096285,2.19363913279393,1.69617595502183,2.876071808491,99.7999002687995,7.53794689989921,8.24039335621049,0.0,12.0,1.0,0.0,0.0,0.0,False,Valle de Aburrá,276746.0,81.38,ALTO
05360,2018,39,2018-09-24,1,0.3613,27.503,59.846,,,,,IMPUTADO_PA,25.2,24.765,1.0,71.788240180829,5.99917450601173,5.33832858096285,2.19363913279393,1.69617595502183,2.876071808491,99.7999002687995,7.53794689989921,8.24039335621049,0.0,8.0,1.0,0.0,0.0,0.0,False,Valle de Aburrá,276746.0,82.72,ALTO
05360,2018,43,2018-10-22,1,0.3613,15.49,52.762,,,,,IMPUTADO_PA,27.503,25.2,1.0,71.788240180829,5.99917450601173,5.33832858096285,2.19363913279393,1.69617595502183,2.876071808491,99.7999002687995,7.53794689989921,8.24039335621049,0.0,7.0,1.0,0.0,0.0,0.0,False,Valle de Aburrá,276746.0,45.03,MEDIO
05360,2018,44,2018-10-29,1,0.3613,23.418,44.382,,,,,IMPUTADO_PA,15.49,27.503,1.0,71.788240180829,5.99917450601173,5.33832858096285,2.19363913279393,1.69617595502183,2.876071808491,99.7999002687995,7.53794689989921,8.24039335621049,0.0,5.0,0.0,0.0,0.0,1.0,False,Valle de Aburrá,276746.0,79.8,ALTO
05360,2018,47,2018-11-19,1,0.3613,24.606,40.789,,,,,IMPUTADO_PA,23.418,15.49,1.0,71.788240180829,5.99917450601173,5.33832858096285,2.19363913279393,1.69617595502183,2.876071808491,99.7999002687995,7.53794689989921,8.24039335621049,0.0,16.0,1.0,0.0,0.0,0.0,False,Valle de Aburrá,276746.0,80.91,ALTO
05360,2018,51,2018-12-17,1,0.3613,22.001,42.348,,,,,IMPUTADO_PA,24.606,23.418,1.0,71.788240180829,5.99917450601173,5.33832858096285,2.19363913279393,1.69617595502183,2.876071808491,99.7999002687995,7.53794689989921,8.24039335621049,0.0,11.0,1.0,0.0,0.0,0.0,False,Valle de Aburrá,276746.0,77.82,ALTO
05360,2019,1,2018-12-31,1,0.3532,22.427,40.466,,,,,IMPUTADO_PA,22.001,24.606,1.0,71.788240180829,5.99917450601173,5.33832858096285,2.19363913279393,1.69617595502183,2.876071808491,99.7999002687995,7.53794689989921,8.24039335621049,0.0,5.0,1.0,0.0,0.0,0.0,False,Valle de Aburrá,283136.0,76.85,ALTO
05360,2019,2,2019-01-07,1,0.3532,15.232,39.039,,,,,IMPUTADO_PA,22.427,22.001,1.0,71.788240180829,5.99917450601173,5.33832858096285,2.19363913279393,1.69617595502183,2.876071808491,99.7999002687995,7.53794689989921,8.24039335621049,0.0,12.0,1.0,0.0,0.0,0.0,False,Valle de Aburrá,283136.0,42.51,MEDIO
05360,2019,7,2019-02-11,1,0.3532,21.158,43.16,,,,,IMPUTADO_PA,15.232,22.427,1.0,71.788240180829,5.99917450601173,5.33832858096285,2.19363913279393,1.69617595502183,2.876071808491,99.7999002687995,7.53794689989921,8.24039335621049,0.0,4.0,1.0,0.0,0.0,0.0,False,Valle de Aburrá,283136.0,75.15,ALTO
05360,2019,11,2019-03-11,1,0.3532,21.733,27.35,14.335,92.667,32.4,749.938,IMPUTADO_PA,21.158,15.232,1.0,71.788240180829,5.99917450601173,5.33832858096285,2.19363913279393,1.69617595502183,2.876071808491,99.7999002687995,7.53794689989921,8.24039335621049,0.0,8.0,1.0,0.0,0.0,0.0,False,Valle de Aburrá,283136.0,76.03,ALTO
05360,2019,13,2019-03-25,1,0.3532,19.261,34.854,14.368,94.14536,37.4,750.433,IMPUTADO_PA,21.733,21.158,1.0,71.788240180829,5.99917450601173,5.33832858096285,2.19363913279393,1.69617595502183,2.876071808491,99.7999002687995,7.53794689989921,8.24039335621049,0.0,8.0,1.0,0.0,0.0,0.0,False,Valle de Aburrá,283136.0,70.86,ALTO
05360,2019,17,2019-04-22,3,1.0596,24.751,39.289,14.253,93.03,14.2,750.662,IMPUTADO_PA,19.261,21.733,1.0,71.788240180829,5.99917450601173,5.33832858096285,2.19363913279393,1.69617595502183,2.876071808491,99.7999002687995,7.53794689989921,8.24039335621049,0.0,8.0,1.0,0.0,0.0,0.0,False,Valle de Aburrá,283136.0,94.33,ALTO
05360,2019,18,2019-04-29,1,0.3532,22.806,36.432,15.03,83.359,0.8,750.102,IMPUTADO_PA,24.751,19.261,3.0,71.788240180829,5.99917450601173,5.33832858096285,2.19363913279393,1.69617595502183,2.876071808491,99.7999002687995,7.53794689989921,8.24039335621049,0.0,7.0,0.0,0.0,0.0,1.0,False,Valle de Aburrá,283136.0,77.37,ALTO
05360,2019,21,2019-05-20,3,1.0596,23.109,38.326,14.074,93.464,118.2,750.646,IMPUTADO_PA,22.806,24.751,1.0,71.788240180829,5.99917450601173,5.33832858096285,2.19363913279393,1.69617595502183,2.876071808491,99.7999002687995,7.53794689989921,8.24039335621049,0.0,11.0,1.0,0.0,0.0,0.0,False,Valle de Aburrá,283136.0,92.55,ALTO
05360,2019,24,2019-06-10,1,0.3532,30.722,34.781,14.425,89.687,50.4,751.26,IMPUTADO_PA,23.109,22.806,3.0,71.788240180829,5.99917450601173,5.33832858096285,2.19363913279393,1.69617595502183,2.876071808491,99.7999002687995,7.53794689989921,8.24039335621049,0.0,5.0,1.0,0.0,0.0,0.0,False,Valle de Aburrá,283136.0,82.04,ALTO
05360,2019,26,2019-06-24,1,0.3532,21.002,52.641,14.549,85.423,5.8,750.227,IMPUTADO_PA,30.722,23.109,1.0,71.788240180829,5.99917450601173,5.33832858096285,2.19363913279393,1.69617595502183,2.876071808491,99.7999002687995,7.53794689989921,8.24039335621049,0.0,6.0,1.0,0.0,0.0,0.0,False,Valle de Aburrá,283136.0,74.63,ALTO
05360,2019,31,2019-07-29,2,0.7064,20.112,35.977,14.191,85.808,34.4,750.607,IMPUTADO_PA,21.002,30.722,1.0,71.788240180829,5.99917450601173,5.33832858096285,2.19363913279393,1.69617595502183,2.876071808491,99.7999002687995,7.53794689989921,8.24039335621049,0.0,11.0,0.5,0.0,0.0,0.5,False,Valle de Aburrá,283136.0,84.66,ALTO
05360,2019,32,2019-08-05,1,0.3532,32.49740000000006,40.51,14.351,80.289,1.4,751.521,IMPUTADO_PA,20.112,21.002,2.0,71.788240180829,5.99917450601173,5.33832858096285,2.19363913279393,1.69617595502183,2.876071808491,99.7999002687995,7.53794689989921,8.24039335621049,0.0,7.0,0.0,0.0,0.0,1.0,False,Valle de Aburrá,283136.0,82.42,ALTO
05360,2019,41,2019-10-07,1,0.3532,18.146,32.159,13.221,91.811,0.4,749.315,IMPUTADO_PA,32.497,20.112,1.0,71.788240180829,5.99917450601173,5.33832858096285,2.19363913279393,1.69617595502183,2.876071808491,99.7999002687995,7.53794689989921,8.24039335621049,0.0,5.0,1.0,0.0,0.0,0.0,False,Valle de Aburrá,283136.0,68.15,ALTO
05360,2019,42,2019-10-14,1,0.3532,26.548,42.003,13.003,91.629,0.0,750.754,IMPUTADO_PA,18.146,32.497,1.0,71.788240180829,5.99917450601173,5.33832858096285,2.19363913279393,1.69617595502183,2.876071808491,99.7999002687995,7.53794689989921,8.24039335621049,0.0,5.0,1.0,0.0,0.0,0.0,False,Valle de Aburrá,283136.0,80.64,ALTO
05360,2020,3,2020-01-13,1,0.3446,16.712,33.956,14.61,83.167,0.0,749.457,SISAIRE_DIRECTO,26.548,18.146,1.0,71.788240180829,5.99917450601173,5.33832858096285,2.19363913279393,1.69617595502183,2.876071808491,99.7999002687995,7.53794689989921,8.24039335621049,0.0,4.0,1.0,0.0,0.0,0.0,False,Valle de Aburrá,290182.0,46.23,MEDIO
05360,2020,5,2020-01-27,1,0.3446,22.535,38.791,14.26,87.615,3.0,751.122,SISAIRE_DIRECTO,16.712,26.548,1.0,71.788240180829,5.99917450601173,5.33832858096285,2.19363913279393,1.69617595502183,2.876071808491,99.7999002687995,7.53794689989921,8.24039335621049,0.0,9.0,0.0,0.0,0.0,1.0,False,Valle de Aburrá,290182.0,75.58,ALTO
05360,2020,6,2020-02-03,1,0.3446,30.024,49.482,14.135,83.06,0.2,750.838,SISAIRE_DIRECTO,22.535,16.712,1.0,71.788240180829,5.99917450601173,5.33832858096285,2.19363913279393,1.69617595502183,2.876071808491,99.7999002687995,7.53794689989921,8.24039335621049,0.0,5.0,1.0,0.0,0.0,0.0,False,Valle de Aburrá,290182.0,80.54,ALTO
05360,2020,11,2020-03-09,1,0.3446,32.49740000000006,61.34699999999999,14.346,92.024,26.0,750.69,SISAIRE_DIRECTO,30.024,22.535,1.0,71.788240180829,5.99917450601173,5.33832858096285,2.19363913279393,1.69617595502183,2.876071808491,99.7999002687995,7.53794689989921,8.24039335621049,0.0,10.0,0.0,1.0,0.0,0.0,True,Valle de Aburrá,290182.0,81.1,ALTO
05360,2020,12,2020-03-16,1,0.3446,32.49740000000006,58.79,13.821,88.419,1.6,751.308,SISAIRE_DIRECTO,32.497,30.024,1.0,71.788240180829,5.99917450601173,5.33832858096285,2.19363913279393,1.69617595502183,2.876071808491,99.7999002687995,7.53794689989921,8.24039335621049,0.0,11.0,0.0,0.0,0.0,1.0,True,Valle de Aburrá,290182.0,81.1,ALTO
05360,2020,15,2020-04-06,1,0.3446,11.081,16.898,15.413,89.067,8.4,751.007,SISAIRE_DIRECTO,32.497,32.497,1.0,71.788240180829,5.99917450601173,5.33832858096285,2.19363913279393,1.69617595502183,2.876071808491,99.7999002687995,7.53794689989921,8.24039335621049,0.0,23.0,1.0,0.0,0.0,0.0,True,Valle de Aburrá,290182.0,32.64,BAJO
05360,2020,27,2020-06-29,1,0.3446,15.719,30.865,13.63,90.988,39.6,750.052,SISAIRE_DIRECTO,11.081,32.497,1.0,71.788240180829,5.99917450601173,5.33832858096285,2.19363913279393,1.69617595502183,2.876071808491,99.7999002687995,7.53794689989921,8.24039335621049,0.0,14.0,1.0,0.0,0.0,0.0,True,Valle de Aburrá,290182.0,42.91,MEDIO
05360,2020,30,2020-07-20,1,0.3446,14.961,29.761,13.283,89.946,17.4,750.317,SISAIRE_DIRECTO,15.719,11.081,1.0,71.788240180829,5.99917450601173,5.33832858096285,2.19363913279393,1.69617595502183,2.876071808491,99.7999002687995,7.53794689989921,8.24039335621049,0.0,22.0,1.0,0.0,0.0,0.0,True,Valle de Aburrá,290182.0,40.46,MEDIO
05360,2020,35,2020-08-24,1,0.3446,16.821,34.508,,,,,SISAIRE_DIRECTO,14.961,15.719,1.0,71.788240180829,5.99917450601173,5.33832858096285,2.19363913279393,1.69617595502183,2.876071808491,99.7999002687995,7.53794689989921,8.24039335621049,0.0,11.0,1.0,0.0,0.0,0.0,True,Valle de Aburrá,290182.0,54.78,MEDIO
05360,2022,15,2022-04-11,1,0.3368,20.489,40.14,14.232,86.168,0.2,749.275,SISAIRE_DIRECTO,16.821,14.961,1.0,71.788240180829,5.99917450601173,5.33832858096285,2.19363913279393,1.69617595502183,2.876071808491,99.7999002687995,7.53794689989921,8.24039335621049,0.0,8.0,1.0,0.0,0.0,0.0,False,Valle de Aburrá,296908.0,71.44,ALTO
05360,2022,16,2022-04-18,1,0.3368,14.527,34.029,13.005,89.12,1.8,750.362,SISAIRE_DIRECTO,20.489,16.821,1.0,71.788240180829,5.99917450601173,5.33832858096285,2.19363913279393,1.69617595502183,2.876071808491,99.7999002687995,7.53794689989921,8.24039335621049,0.0,1.09,0.0,0.0,0.0,1.0,False,Valle de Aburrá,296908.0,38.62,MEDIO
05360,2022,21,2022-05-23,1,0.3368,16.576,38.018,13.571,87.046,0.4,750.243,SISAIRE_DIRECTO,14.527,20.489,1.0,71.788240180829,5.99917450601173,5.33832858096285,2.19363913279393,1.69617595502183,2.876071808491,99.7999002687995,7.53794689989921,8.24039335621049,0.0,25.819999999999936,1.0,0.0,0.0,0.0,False,Valle de Aburrá,296908.0,44.6,MEDIO
05360,2022,24,2022-06-13,1,0.3368,17.086,36.788,13.278,90.154,4.2,750.331,SISAIRE_DIRECTO,16.576,14.527,1.0,71.788240180829,5.99917450601173,5.33832858096285,2.19363913279393,1.69617595502183,2.876071808491,99.7999002687995,7.53794689989921,8.24039335621049,0.0,9.0,1.0,0.0,0.0,0.0,False,Valle de Aburrá,296908.0,62.57,MEDIO
05360,2022,25,2022-06-20,1,0.3368,17.864,39.49,13.053,88.813,1.6,750.188,SISAIRE_DIRECTO,17.086,16.576,1.0,71.788240180829,5.99917450601173,5.33832858096285,2.19363913279393,1.69617595502183,2.876071808491,99.7999002687995,7.53794689989921,8.24039335621049,0.0,8.0,0.0,0.0,0.0,1.0,False,Valle de Aburrá,296908.0,64.79,MEDIO
05360,2022,26,2022-06-27,1,0.3368,17.035,35.93,13.029,89.492,1.8,750.742,SISAIRE_DIRECTO,17.864,17.086,1.0,71.788240180829,5.99917450601173,5.33832858096285,2.19363913279393,1.69617595502183,2.876071808491,99.7999002687995,7.53794689989921,8.24039335621049,0.0,5.0,1.0,0.0,0.0,0.0,False,Valle de Aburrá,296908.0,62.34,MEDIO
05360,2022,28,2022-07-11,1,0.3368,18.034,40.104,14.174,85.712,42.6,750.518,SISAIRE_DIRECTO,17.035,17.864,1.0,71.788240180829,5.99917450601173,5.33832858096285,2.19363913279393,1.69617595502183,2.876071808491,99.7999002687995,7.53794689989921,8.24039335621049,0.0,5.0,1.0,0.0,0.0,0.0,False,Valle de Aburrá,296908.0,65.49,MEDIO
05360,2022,33,2022-08-15,1,0.3368,16.108,35.341,13.712,86.616,26.0,750.459,SISAIRE_DIRECTO,18.034,17.035,1.0,71.788240180829,5.99917450601173,5.33832858096285,2.19363913279393,1.69617595502183,2.876071808491,99.7999002687995,7.53794689989921,8.24039335621049,0.0,5.0,1.0,0.0,0.0,0.0,False,Valle de Aburrá,296908.0,42.56,MEDIO
05360,2022,40,2022-10-03,1,0.3368,12.278,33.356,13.43,88.457,116.8,749.847,SISAIRE_DIRECTO,16.108,18.034,1.0,71.788240180829,5.99917450601173,5.33832858096285,2.19363913279393,1.69617595502183,2.876071808491,99.7999002687995,7.53794689989921,8.24039335621049,0.0,3.0,0.0,0.0,0.0,1.0,False,Valle de Aburrá,296908.0,33.83,MEDIO
05360,2022,41,2022-10-10,1,0.3368,17.524,40.018,13.313,88.993,21.2,750.588,SISAIRE_DIRECTO,12.278,16.108,1.0,71.788240180829,5.99917450601173,5.33832858096285,2.19363913279393,1.69617595502183,2.876071808491,99.7999002687995,7.53794689989921,8.24039335621049,0.0,5.0,1.0,0.0,0.0,0.0,False,Valle de Aburrá,296908.0,63.68,MEDIO
05360,2022,43,2022-10-24,1,0.3368,10.907,31.455,13.448,91.077,19.4,749.838,SISAIRE_DIRECTO,17.524,12.278,1.0,71.788240180829,5.99917450601173,5.33832858096285,2.19363913279393,1.69617595502183,2.876071808491,99.7999002687995,7.53794689989921,8.24039335621049,0.0,6.0,1.0,0.0,0.0,0.0,False,Valle de Aburrá,296908.0,31.53,BAJO
05360,2022,46,2022-11-14,1,0.3368,18.562,40.25,13.076666666666666,89.98533333333333,1.3333333333333337,750.091,SISAIRE_DIRECTO,10.907,17.524,1.0,71.788240180829,5.99917450601173,5.33832858096285,2.19363913279393,1.69617595502183,2.876071808491,99.7999002687995,7.53794689989921,8.24039335621049,0.0,3.0,1.0,0.0,0.0,0.0,False,Valle de Aburrá,296908.0,66.83,ALTO
05360,2023,2,2023-01-09,1,0.3341,18.37,41.972,,,,,SISAIRE_DIRECTO,18.562,10.907,1.0,71.788240180829,5.99917450601173,5.33832858096285,2.19363913279393,1.69617595502183,2.876071808491,99.7999002687995,7.53794689989921,8.24039335621049,0.0,6.0,1.0,0.0,0.0,0.0,False,Valle de Aburrá,299320.0,65.7,MEDIO
05360,2023,11,2023-03-13,1,0.3341,17.121,39.366,12.598,93.03,74.2,751.176,SISAIRE_DIRECTO,18.37,18.562,1.0,71.788240180829,5.99917450601173,5.33832858096285,2.19363913279393,1.69617595502183,2.876071808491,99.7999002687995,7.53794689989921,8.24039335621049,0.0,8.0,0.0,0.0,1.0,0.0,False,Valle de Aburrá,299320.0,62.08,MEDIO
05360,2023,24,2023-06-12,1,0.3341,14.12,29.625,,,,,SISAIRE_DIRECTO,17.121,18.37,1.0,71.788240180829,5.99917450601173,5.33832858096285,2.19363913279393,1.69617595502183,2.876071808491,99.7999002687995,7.53794689989921,8.24039335621049,0.0,6.0,1.0,0.0,0.0,0.0,False,Valle de Aburrá,299320.0,36.7,MEDIO
05360,2023,30,2023-07-24,1,0.3341,17.827,37.138,,,,,SISAIRE_DIRECTO,14.12,17.121,1.0,71.788240180829,5.99917450601173,5.33832858096285,2.19363913279393,1.69617595502183,2.876071808491,99.7999002687995,7.53794689989921,8.24039335621049,0.0,11.0,1.0,0.0,0.0,0.0,False,Valle de Aburrá,299320.0,64.01,MEDIO
05360,2023,45,2023-11-06,1,0.3341,18.753,37.93,,,,,SISAIRE_DIRECTO,17.827,14.12,1.0,71.788240180829,5.99917450601173,5.33832858096285,2.19363913279393,1.69617595502183,2.876071808491,99.7999002687995,7.53794689989921,8.24039335621049,0.0,9.0,0.0,0.0,0.0,1.0,False,Valle de Aburrá,299320.0,66.46,ALTO
05361,2019,13,2019-03-25,1,3.6179,20.97,,18.518,86.725,15.4,812.408,SIN_DATO,,,,62.016496412961,20.9083204069841,26.9865710529551,2.32295672173786,2.21589875857497,2.36311992264213,100.0,7.01383548934835,6.09011910137596,0.0,4.0,0.0,0.0,0.0,1.0,False,Resto de Antioquia,27640.0,74.71,ALTO
05364,2018,29,2018-07-16,1,6.8871,,40.03,20.743,71.451,2.1,,SIN_DATO,,,,67.5815402878082,5.51494649995383,16.6860803309012,2.86608773216794,2.12743010784402,2.75221590833707,94.0478584917256,7.33183232970267,7.59837135112804,0.0,9.0,0.0,0.0,0.0,1.0,False,Resto de Antioquia,14520.0,61.78,MEDIO
05364,2019,52,2019-12-23,1,6.8046,5.923,,20.924,78.778,13.7,,SIN_DATO,,,1.0,67.5815402878082,5.51494649995383,16.6860803309012,2.86608773216794,2.12743010784402,2.75221590833707,94.0478584917256,7.33183232970267,7.59837135112804,0.0,9.0,0.0,0.0,0.0,1.0,False,Resto de Antioquia,14696.0,36.44,MEDIO
05364,2020,2,2020-01-06,1,6.7096,5.923,,19.914,66.307,0.0,,SIN_DATO,5.923,,1.0,67.5815402878082,5.51494649995383,16.6860803309012,2.86608773216794,2.12743010784402,2.75221590833707,94.0478584917256,7.33183232970267,7.59837135112804,0.0,8.0,0.0,0.0,0.0,1.0,False,Resto de Antioquia,14904.0,36.24,MEDIO
05364,2020,11,2020-03-09,1,6.7096,,,,,,,,5.923,5.923,1.0,67.5815402878082,5.51494649995383,16.6860803309012,2.86608773216794,2.12743010784402,2.75221590833707,94.0478584917256,7.33183232970267,7.59837135112804,0.0,11.0,1.0,0.0,0.0,0.0,True,Resto de Antioquia,14904.0,61.51,MEDIO
05368,2019,31,2019-07-29,1,7.2558,11.81,,17.75,78.006,15.4,,SIN_DATO,,,,68.0167774910589,11.3728212602352,11.3668207643297,2.47892034714007,2.06367415644595,2.48082631850658,92.9718471114551,7.92520738548654,7.63026648294422,0.0,6.0,1.0,0.0,0.0,0.0,False,Resto de Antioquia,13782.0,48.4,MEDIO
05368,2022,41,2022-10-10,2,14.1193,,,,,,,,11.81,,1.0,68.0167774910589,11.3728212602352,11.3668207643297,2.47892034714007,2.06367415644595,2.48082631850658,92.9718471114551,7.92520738548654,7.63026648294422,0.0,7.0,0.0,0.0,0.0,1.0,False,Resto de Antioquia,14165.0,73.75,ALTO
05368,2023,22,2023-05-29,1,7.0348,,,,,,,,,11.81,2.0,68.0167774910589,11.3728212602352,11.3668207643297,2.47892034714007,2.06367415644595,2.48082631850658,92.9718471114551,7.92520738548654,7.63026648294422,0.0,10.0,1.0,0.0,0.0,0.0,False,Resto de Antioquia,14215.0,69.12,ALTO
05368,2023,30,2023-07-24,1,7.0348,,,,,,,,,,1.0,68.0167774910589,11.3728212602352,11.3668207643297,2.47892034714007,2.06367415644595,2.48082631850658,92.9718471114551,7.92520738548654,7.63026648294422,0.0,3.0,0.0,0.0,0.0,1.0,False,Resto de Antioquia,14215.0,69.12,ALTO
05376,2019,51,2019-12-16,1,1.5163,,,,,,,,,,,71.5272118922565,5.65204341898633,2.19608013827743,2.19412945058349,1.71743051157652,3.14851469443193,96.9066381413908,7.8797154514525,8.40290663227518,0.0,8.0,1.0,0.0,0.0,0.0,False,Resto de Antioquia,65950.0,77.65,ALTO
05376,2023,14,2023-04-03,1,1.4034,,,,,,,,,,1.0,71.5272118922565,5.65204341898633,2.19608013827743,2.19412945058349,1.71743051157652,3.14851469443193,96.9066381413908,7.8797154514525,8.40290663227518,0.0,5.0,1.0,0.0,0.0,0.0,False,Resto de Antioquia,71255.0,76.99,ALTO
05376,2023,49,2023-12-04,1,1.4034,,,,,,,,,,1.0,71.5272118922565,5.65204341898633,2.19608013827743,2.19412945058349,1.71743051157652,3.14851469443193,96.9066381413908,7.8797154514525,8.40290663227518,0.0,10.0,1.0,0.0,0.0,0.0,False,Resto de Antioquia,71255.0,76.99,ALTO
05380,2018,35,2018-08-27,1,1.3973,23.089,35.77,,,,,IMPUTADO_PA,,,,72.3856759372539,4.27097479465186,4.27708955027494,2.3517686293822,1.83927914193725,2.90463556353165,99.6374499287121,7.82255085001526,8.1758346591018,0.0,10.0,0.0,0.0,0.0,1.0,False,Valle de Aburrá,71567.0,87.78,ALTO
05380,2018,41,2018-10-08,1,1.3973,20.319,43.838,,,,,IMPUTADO_PA,23.089,,1.0,72.3856759372539,4.27097479465186,4.27708955027494,2.3517686293822,1.83927914193725,2.90463556353165,99.6374499287121,7.82255085001526,8.1758346591018,0.0,7.0,1.0,0.0,0.0,0.0,False,Valle de Aburrá,71567.0,83.52,ALTO
05380,2019,21,2019-05-20,1,1.352,23.109,57.302,14.074,93.464,118.2,750.646,IMPUTADO_PA,20.319,23.089,1.0,72.3856759372539,4.27097479465186,4.27708955027494,2.3517686293822,1.83927914193725,2.90463556353165,99.6374499287121,7.82255085001526,8.1758346591018,0.0,12.0,0.0,0.0,0.0,1.0,False,Valle de Aburrá,73966.0,87.59,ALTO
05380,2019,30,2019-07-22,1,1.352,22.021,50.286,13.822,86.837,48.6,751.136,IMPUTADO_PA,23.109,20.319,1.0,72.3856759372539,4.27097479465186,4.27708955027494,2.3517686293822,1.83927914193725,2.90463556353165,99.6374499287121,7.82255085001526,8.1758346591018,0.0,8.0,0.0,0.0,0.0,1.0,False,Valle de Aburrá,73966.0,86.16,ALTO
05380,2020,12,2020-03-16,1,1.3052,26.557,56.14,13.821,88.419,1.6,751.308,SISAIRE_DIRECTO,22.021,23.109,1.0,72.3856759372539,4.27097479465186,4.27708955027494,2.3517686293822,1.83927914193725,2.90463556353165,99.6374499287121,7.82255085001526,8.1758346591018,0.0,9.0,1.0,0.0,0.0,0.0,True,Valle de Aburrá,76614.0,90.36,ALTO
05380,2022,23,2022-06-06,1,1.2579,15.305,28.345,12.734,90.246,5.2,750.329,SISAIRE_DIRECTO,26.557,22.021,1.0,72.3856759372539,4.27097479465186,4.27708955027494,2.3517686293822,1.83927914193725,2.90463556353165,99.6374499287121,7.82255085001526,8.1758346591018,0.0,12.0,1.0,0.0,0.0,0.0,False,Valle de Aburrá,79499.0,52.18,MEDIO
05380,2022,37,2022-09-12,1,1.2579,9.696,35.09,12.722,89.352,93.6,750.56,SISAIRE_DIRECTO,15.305,26.557,1.0,72.3856759372539,4.27097479465186,4.27708955027494,2.3517686293822,1.83927914193725,2.90463556353165,99.6374499287121,7.82255085001526,8.1758346591018,0.0,5.0,1.0,0.0,0.0,0.0,False,Valle de Aburrá,79499.0,42.09,MEDIO
05380,2022,38,2022-09-19,1,1.2579,11.783,35.577,12.598,90.457,93.8,750.351,SISAIRE_DIRECTO,9.696,15.305,1.0,72.3856759372539,4.27097479465186,4.27708955027494,2.3517686293822,1.83927914193725,2.90463556353165,99.6374499287121,7.82255085001526,8.1758346591018,0.0,6.0,1.0,0.0,0.0,0.0,False,Valle de Aburrá,79499.0,44.01,MEDIO
05380,2022,41,2022-10-10,1,1.2579,11.453,32.72,13.313,88.993,21.2,750.588,SISAIRE_DIRECTO,11.783,9.696,1.0,72.3856759372539,4.27097479465186,4.27708955027494,2.3517686293822,1.83927914193725,2.90463556353165,99.6374499287121,7.82255085001526,8.1758346591018,0.0,6.0,0.0,0.0,0.0,1.0,False,Valle de Aburrá,79499.0,43.61,MEDIO
05380,2022,43,2022-10-24,1,1.2579,7.457,28.965,13.448,91.077,19.4,749.838,SISAIRE_DIRECTO,11.453,11.783,1.0,72.3856759372539,4.27097479465186,4.27708955027494,2.3517686293822,1.83927914193725,2.90463556353165,99.6374499287121,7.82255085001526,8.1758346591018,0.0,6.0,1.0,0.0,0.0,0.0,False,Valle de Aburrá,79499.0,40.69,MEDIO
05380,2022,49,2022-12-05,1,1.2579,18.03,25.795,12.598,94.14536,0.0,749.347,SISAIRE_DIRECTO,7.457,11.453,1.0,72.3856759372539,4.27097479465186,4.27708955027494,2.3517686293822,1.83927914193725,2.90463556353165,99.6374499287121,7.82255085001526,8.1758346591018,0.0,3.0,0.0,0.0,0.0,1.0,False,Valle de Aburrá,79499.0,77.04,ALTO
05380,2023,18,2023-05-01,2,2.4791,17.704,56.195,,,,,SISAIRE_DIRECTO,18.03,7.457,1.0,72.3856759372539,4.27097479465186,4.27708955027494,2.3517686293822,1.83927914193725,2.90463556353165,99.6374499287121,7.82255085001526,8.1758346591018,0.0,9.0,1.0,0.0,0.0,0.0,False,Valle de Aburrá,80676.0,83.18,ALTO
05380,2023,22,2023-05-29,1,1.2395,15.576,39.563,,,,,SISAIRE_DIRECTO,17.704,18.03,2.0,72.3856759372539,4.27097479465186,4.27708955027494,2.3517686293822,1.83927914193725,2.90463556353165,99.6374499287121,7.82255085001526,8.1758346591018,0.0,10.0,1.0,0.0,0.0,0.0,False,Valle de Aburrá,80676.0,52.18,MEDIO
05380,2023,44,2023-10-30,1,1.2395,17.937,54.21,,,,,SISAIRE_DIRECTO,15.576,17.704,1.0,72.3856759372539,4.27097479465186,4.27708955027494,2.3517686293822,1.83927914193725,2.90463556353165,99.6374499287121,7.82255085001526,8.1758346591018,0.0,9.0,1.0,0.0,0.0,0.0,False,Valle de Aburrá,80676.0,75.9,ALTO
05390,2019,25,2019-06-17,1,12.2489,,,,,,,,,,,63.0690725825262,24.3286950595329,19.0572245144422,1.93791298905391,1.67504623734703,2.46871824079768,97.7931131795701,6.87196087485641,6.46063170189633,0.0,8.0,1.0,0.0,0.0,0.0,False,Resto de Antioquia,8164.0,85.71,ALTO
05390,2023,24,2023-06-12,1,11.7371,,,,,,,,,,1.0,63.0690725825262,24.3286950595329,19.0572245144422,1.93791298905391,1.67504623734703,2.46871824079768,97.7931131795701,6.87196087485641,6.46063170189633,0.0,13.0,1.0,0.0,0.0,0.0,False,Resto de Antioquia,8520.0,85.4,ALTO
05400,2023,31,2023-07-31,1,4.2737,,,,,,,,,,,67.7109357078327,9.25847448379552,12.7792519328563,2.50368220457087,1.98397821925862,2.81884465149417,95.0713544353045,7.36172088772676,7.14192844705161,0.0,5.0,0.0,0.0,0.0,1.0,False,Resto de Antioquia,23399.0,61.72,MEDIO
05411,2019,40,2019-09-30,1,9.7628,10.533,,20.571,88.6,25.6,873.176,IMPUTADO_PA,,,,70.0226742819162,21.6211757196742,1.70201728509103,3.33807878379697,2.50611933958832,2.68334000415599,99.7400898785968,7.38974912303053,8.30103596184407,0.0,6.0,0.0,0.0,0.0,1.0,False,Resto de Antioquia,10243.0,58.56,MEDIO
05411,2020,14,2020-03-30,1,9.5511,,,,,,,,10.533,,1.0,70.0226742819162,21.6211757196742,1.70201728509103,3.33807878379697,2.50611933958832,2.68334000415599,99.7400898785968,7.38974912303053,8.30103596184407,0.0,8.0,0.0,0.0,0.0,1.0,True,Resto de Antioquia,10470.0,80.76,ALTO
05411,2022,48,2022-11-28,1,9.4197,,,,,,,,,10.533,1.0,70.0226742819162,21.6211757196742,1.70201728509103,3.33807878379697,2.50611933958832,2.68334000415599,99.7400898785968,7.38974912303053,8.30103596184407,0.0,6.0,0.0,0.0,0.0,1.0,False,Resto de Antioquia,10616.0,80.61,ALTO
05425,2019,22,2019-05-27,1,11.9489,7.917,,21.474,91.958,0.0,917.1972,SIN_DATO,,,,62.5412670048342,25.0200974754963,26.8818872640747,2.68637348329352,2.23927817389549,2.7244388057023,92.9999198617042,6.55197136455915,5.95225978835089,0.0,10.0,0.0,0.0,0.0,1.0,False,Resto de Antioquia,8369.0,38.71,MEDIO
05440,2018,33,2018-08-13,1,1.547,,,,,,,,,,,72.4374789939553,4.48919935082701,12.5943925863096,2.89162985977187,1.90233566248853,2.97540619343155,99.0118147534265,8.04161293954293,8.20483725183571,0.0,10.0,0.0,0.0,0.0,1.0,False,Resto de Antioquia,64640.0,43.12,MEDIO
05440,2019,23,2019-06-03,1,1.5124,17.013,27.331,,91.3552105263158,6.8,789.542,SIN_DATO,,,1.0,72.4374789939553,4.48919935082701,12.5943925863096,2.89162985977187,1.90233566248853,2.97540619343155,99.0118147534265,8.04161293954293,8.20483725183571,0.0,11.0,1.0,0.0,0.0,0.0,False,Resto de Antioquia,66120.0,51.31,MEDIO
05440,2019,46,2019-11-11,1,1.5124,15.961,18.752,15.271,67.947,27.4,788.399,SIN_DATO,17.013,,1.0,72.4374789939553,4.48919935082701,12.5943925863096,2.89162985977187,1.90233566248853,2.97540619343155,99.0118147534265,8.04161293954293,8.20483725183571,0.0,7.0,0.0,0.0,0.0,1.0,False,Resto de Antioquia,66120.0,31.38,BAJO
05440,2020,37,2020-09-07,1,1.4783,5.889799999999999,14.4966,,,0.0,,SIN_DATO,15.961,17.013,1.0,72.4374789939553,4.48919935082701,12.5943925863096,2.89162985977187,1.90233566248853,2.97540619343155,99.0118147534265,8.04161293954293,8.20483725183571,0.0,7.0,0.0,0.0,0.0,1.0,True,Resto de Antioquia,67645.0,16.93,BAJO
05440,2022,18,2022-05-02,1,1.4153,,,,,,,,5.89,15.961,1.0,72.4374789939553,4.48919935082701,12.5943925863096,2.89162985977187,1.90233566248853,2.97540619343155,99.0118147534265,8.04161293954293,8.20483725183571,0.0,6.0,1.0,0.0,0.0,0.0,False,Resto de Antioquia,70655.0,42.46,MEDIO
05440,2022,34,2022-08-22,1,1.4153,,,,,,,,,5.89,1.0,72.4374789939553,4.48919935082701,12.5943925863096,2.89162985977187,1.90233566248853,2.97540619343155,99.0118147534265,8.04161293954293,8.20483725183571,0.0,9.0,0.0,0.0,0.0,1.0,False,Resto de Antioquia,70655.0,42.46,MEDIO
05440,2023,16,2023-04-17,1,1.3889,,,,,,,,,,1.0,72.4374789939553,4.48919935082701,12.5943925863096,2.89162985977187,1.90233566248853,2.97540619343155,99.0118147534265,8.04161293954293,8.20483725183571,0.0,8.0,0.0,0.0,0.0,1.0,False,Resto de Antioquia,71999.0,41.95,MEDIO
05440,2023,20,2023-05-15,1,1.3889,,,,,,,,,,1.0,72.4374789939553,4.48919935082701,12.5943925863096,2.89162985977187,1.90233566248853,2.97540619343155,99.0118147534265,8.04161293954293,8.20483725183571,0.0,10.0,0.0,0.0,0.0,1.0,False,Resto de Antioquia,71999.0,41.95,MEDIO
05440,2023,21,2023-05-22,1,1.3889,,,,,,,,,,1.0,72.4374789939553,4.48919935082701,12.5943925863096,2.89162985977187,1.90233566248853,2.97540619343155,99.0118147534265,8.04161293954293,8.20483725183571,0.0,6.0,0.0,0.0,0.0,1.0,False,Resto de Antioquia,71999.0,41.95,MEDIO
05475,2018,48,2018-11-26,1,16.1577,,,,,,,,,,,43.0206599679936,63.1500657806947,31.6850738247755,3.27643436979279,2.06785466521224,2.6371367729656,1.24695189536688,1.6820595631105,2.36736574032177,0.0,13.0,0.0,0.0,0.0,1.0,False,Resto de Antioquia,4902.0,58.12,MEDIO
05475,2018,51,2018-12-17,1,16.1577,,,,,,,,,,1.0,43.0206599679936,63.1500657806947,31.6850738247755,3.27643436979279,2.06785466521224,2.6371367729656,1.24695189536688,1.6820595631105,2.36736574032177,0.0,11.0,0.0,0.0,0.0,1.0,False,Resto de Antioquia,4902.0,58.12,MEDIO
05480,2020,17,2020-04-20,1,7.0957,,,27.26378,86.006,13.2,,SIN_DATO,,,,55.8456303191604,20.6317644586804,21.3796838709393,3.16057170586652,2.19290363036291,2.40066291438567,47.874535775386,4.74646220805782,5.23505380178379,0.0,1.09,1.0,0.0,0.0,0.0,True,Resto de Antioquia,14093.0,55.32,MEDIO
05480,2022,18,2022-05-02,1,7.1633,,,,,,,,,,1.0,55.8456303191604,20.6317644586804,21.3796838709393,3.16057170586652,2.19290363036291,2.40066291438567,47.874535775386,4.74646220805782,5.23505380178379,0.0,7.0,0.0,0.0,0.0,1.0,False,Resto de Antioquia,13960.0,55.4,MEDIO
05480,2023,30,2023-07-24,1,7.1968,,,,,,,,,,1.0,55.8456303191604,20.6317644586804,21.3796838709393,3.16057170586652,2.19290363036291,2.40066291438567,47.874535775386,4.74646220805782,5.23505380178379,0.0,3.0,0.0,0.0,0.0,1.0,False,Resto de Antioquia,13895.0,55.48,MEDIO
05483,2018,41,2018-10-08,1,9.8483,,,,,,,,,,,61.2768484169967,27.4245856628919,25.094414369358,2.87190504235217,2.19841977044066,2.37501262622544,70.9178170836929,7.546308501334,6.45493775537506,0.0,9.0,0.0,0.0,0.0,1.0,False,Resto de Antioquia,10154.0,60.48,MEDIO
05490,2018,46,2018-11-12,1,2.3652,,,,,,,,,,,57.6112687499536,27.3230048728707,19.4029194494773,3.10521815590011,2.14713573942889,2.43768852596262,83.8698975103022,5.51408507263768,4.98515777508606,0.0,3.0,0.0,0.0,0.0,1.0,False,Resto de Antioquia,42279.0,40.15,MEDIO
05490,2020,15,2020-04-06,1,2.3223,,,,,,,,,,1.0,57.6112687499536,27.3230048728707,19.4029194494773,3.10521815590011,2.14713573942889,2.43768852596262,83.8698975103022,5.51408507263768,4.98515777508606,0.0,9.0,1.0,0.0,0.0,0.0,True,Resto de Antioquia,43061.0,40.04,MEDIO
05490,2020,27,2020-06-29,1,2.3223,,,,,,,,,,1.0,57.6112687499536,27.3230048728707,19.4029194494773,3.10521815590011,2.14713573942889,2.43768852596262,83.8698975103022,5.51408507263768,4.98515777508606,0.0,25.819999999999936,1.0,0.0,0.0,0.0,True,Resto de Antioquia,43061.0,40.04,MEDIO
05495,2022,38,2022-09-19,1,3.5705,,15.774714285714284,20.166,89.093,20.9,,SIN_DATO,,,,53.8637107032195,38.0409351892304,38.5530453092275,2.21530137479205,1.83265152247422,2.26628095837376,79.525578129763,5.10476117998082,3.67289701124377,0.0,8.0,0.0,0.0,0.0,1.0,False,Resto de Antioquia,28007.0,64.27,MEDIO
05501,2019,15,2019-04-08,1,16.1577,,,,,,,,,,,68.7484769023774,9.85737210232798,11.4905543880374,3.4075696229922,2.67808028962188,3.12693914611479,91.7003762269808,6.74370317640858,7.54974272200183,0.0,4.0,0.0,0.0,0.0,1.0,False,Resto de Antioquia,3200.0,65.47,MEDIO
05541,2018,25,2018-06-18,1,4.7515,,,,,,,,,,,70.0475877738712,9.40865584778077,17.6709602663946,2.950210361255,2.03469719128264,2.81325187829339,99.2776569882714,7.90572309419648,8.08942822584252,0.0,25.819999999999936,1.0,0.0,0.0,0.0,False,Resto de Antioquia,21046.0,55.46,MEDIO
05541,2023,22,2023-05-29,1,4.3202,,,,,,,,,,1.0,70.0475877738712,9.40865584778077,17.6709602663946,2.950210361255,2.03469719128264,2.81325187829339,99.2776569882714,7.90572309419648,8.08942822584252,0.0,13.0,1.0,0.0,0.0,0.0,False,Resto de Antioquia,23147.0,53.98,MEDIO
05543,2019,45,2019-11-04,1,12.1109,,,,,,,,,,,63.3505888708009,15.2117624658393,22.6020830266608,3.06984085603918,2.28229409808926,2.43642947506381,80.5876281274828,7.16829655376975,6.81537546319928,0.0,6.0,0.0,0.0,0.0,1.0,False,Resto de Antioquia,8257.0,59.44,MEDIO
05579,2018,17,2018-04-23,1,2.5434,13.792,0.0,22.048,87.137,1.1,,IMPUTADO_PA,,,,63.6357114208774,14.1691972575442,20.4797302926134,2.22831246145004,1.67859596127348,2.40463263018565,97.0540376181682,6.35868878135931,6.4009628603688,0.0,11.0,0.0,0.0,0.0,1.0,False,Resto de Antioquia,39317.0,43.61,MEDIO
05579,2018,26,2018-06-25,1,2.5434,10.055,0.0,22.132,84.81,13.6,,IMPUTADO_PA,13.792,,1.0,63.6357114208774,14.1691972575442,20.4797302926134,2.22831246145004,1.67859596127348,2.40463263018565,97.0540376181682,6.35868878135931,6.4009628603688,0.0,9.0,0.0,0.0,0.0,1.0,False,Resto de Antioquia,39317.0,37.83,MEDIO
05579,2018,28,2018-07-09,1,2.5434,13.923,0.0,23.298,78.536,6.0,,IMPUTADO_PA,10.055,13.792,1.0,63.6357114208774,14.1691972575442,20.4797302926134,2.22831246145004,1.67859596127348,2.40463263018565,97.0540376181682,6.35868878135931,6.4009628603688,0.0,3.0,0.0,0.0,0.0,1.0,False,Resto de Antioquia,39317.0,43.96,MEDIO
05579,2018,47,2018-11-19,1,2.5434,13.764,0.0,22.09,90.071,10.2,,IMPUTADO_PA,13.923,10.055,1.0,63.6357114208774,14.1691972575442,20.4797302926134,2.22831246145004,1.67859596127348,2.40463263018565,97.0540376181682,6.35868878135931,6.4009628603688,0.0,7.0,1.0,0.0,0.0,0.0,False,Resto de Antioquia,39317.0,43.43,MEDIO
05579,2019,1,2018-12-31,1,2.5509,10.087,0.0,23.338,76.417,0.0,,IMPUTADO_PA,13.764,13.923,1.0,63.6357114208774,14.1691972575442,20.4797302926134,2.22831246145004,1.67859596127348,2.40463263018565,97.0540376181682,6.35868878135931,6.4009628603688,0.0,12.0,0.0,0.0,0.0,1.0,False,Resto de Antioquia,39202.0,38.24,MEDIO
05579,2019,17,2019-04-22,1,2.5509,9.956,,22.558,86.083,0.0,917.023,IMPUTADO_PA,10.087,13.764,1.0,63.6357114208774,14.1691972575442,20.4797302926134,2.22831246145004,1.67859596127348,2.40463263018565,97.0540376181682,6.35868878135931,6.4009628603688,0.0,11.0,0.0,1.0,0.0,0.0,False,Resto de Antioquia,39202.0,38.06,MEDIO
05579,2019,25,2019-06-17,1,2.5509,16.169,,23.62,73.149,0.0,916.923,IMPUTADO_PA,9.956,10.087,1.0,63.6357114208774,14.1691972575442,20.4797302926134,2.22831246145004,1.67859596127348,2.40463263018565,97.0540376181682,6.35868878135931,6.4009628603688,0.0,9.0,0.0,0.0,0.0,1.0,False,Resto de Antioquia,39202.0,50.14,MEDIO
05579,2019,34,2019-08-19,1,2.5509,8.423,,24.061,76.208,2.4,917.1972,IMPUTADO_PA,16.169,9.956,1.0,63.6357114208774,14.1691972575442,20.4797302926134,2.22831246145004,1.67859596127348,2.40463263018565,97.0540376181682,6.35868878135931,6.4009628603688,0.0,8.0,0.0,0.0,0.0,1.0,False,Resto de Antioquia,39202.0,36.84,MEDIO
05579,2019,40,2019-09-30,1,2.5509,3.6032,,22.199,84.72,0.0,917.148,IMPUTADO_PA,8.423,16.169,1.0,63.6357114208774,14.1691972575442,20.4797302926134,2.22831246145004,1.67859596127348,2.40463263018565,97.0540376181682,6.35868878135931,6.4009628603688,0.0,5.0,0.0,0.0,0.0,1.0,False,Resto de Antioquia,39202.0,34.74,MEDIO
05579,2020,3,2020-01-13,2,5.1093,16.165,,24.667,71.161,0.0,915.119,SISAIRE_DIRECTO,3.73837,8.423,1.0,63.6357114208774,14.1691972575442,20.4797302926134,2.22831246145004,1.67859596127348,2.40463263018565,97.0540376181682,6.35868878135931,6.4009628603688,0.0,6.0,1.0,0.0,0.0,0.0,False,Resto de Antioquia,39144.0,61.09,MEDIO
05579,2020,15,2020-04-06,2,5.1093,,,23.453,84.874,0.0,916.972,SIN_DATO,16.165,3.72215,2.0,63.6357114208774,14.1691972575442,20.4797302926134,2.22831246145004,1.67859596127348,2.40463263018565,97.0540376181682,6.35868878135931,6.4009628603688,0.0,7.0,1.0,0.0,0.0,0.0,True,Resto de Antioquia,39144.0,72.09,ALTO
05579,2023,17,2023-04-24,1,2.5392,,,24.4,62.0,55.0,,SIN_DATO,,16.165,2.0,63.6357114208774,14.1691972575442,20.4797302926134,2.22831246145004,1.67859596127348,2.40463263018565,97.0540376181682,6.35868878135931,6.4009628603688,0.0,5.0,0.0,0.0,0.0,1.0,False,Resto de Antioquia,39383.0,60.54,MEDIO
05591,2020,28,2020-07-06,1,5.2427,,,,,,,,,,,67.0708827563272,13.9877096489219,20.8677382589758,3.04432556330986,2.4288464094497,3.21298235849125,93.2543091035987,7.66586492012732,7.1583693404213,0.0,2.0,1.0,0.0,0.0,0.0,True,Resto de Antioquia,19074.0,54.01,MEDIO
05604,2018,25,2018-06-18,1,3.5183,,,,,,,,,,,65.7501240043693,16.0486915962759,18.0051265280369,2.8230604105158,2.1738034906365,2.83002121735972,85.11766460446,7.34442769395869,6.60033331685256,0.0,5.0,0.0,0.0,0.0,1.0,False,Resto de Antioquia,28423.0,53.1,MEDIO
05604,2018,27,2018-07-02,1,3.5183,,,,,,,,,,1.0,65.7501240043693,16.0486915962759,18.0051265280369,2.8230604105158,2.1738034906365,2.83002121735972,85.11766460446,7.34442769395869,6.60033331685256,0.0,15.0,0.0,0.0,0.0,1.0,False,Resto de Antioquia,28423.0,53.1,MEDIO
05604,2018,41,2018-10-08,1,3.5183,,,,,,,,,,1.0,65.7501240043693,16.0486915962759,18.0051265280369,2.8230604105158,2.1738034906365,2.83002121735972,85.11766460446,7.34442769395869,6.60033331685256,0.0,9.0,0.0,0.0,0.0,1.0,False,Resto de Antioquia,28423.0,53.1,MEDIO
05604,2018,51,2018-12-17,1,3.5183,,,,,,,,,,1.0,65.7501240043693,16.0486915962759,18.0051265280369,2.8230604105158,2.1738034906365,2.83002121735972,85.11766460446,7.34442769395869,6.60033331685256,0.0,15.0,0.0,0.0,0.0,1.0,False,Resto de Antioquia,28423.0,53.1,MEDIO
05604,2020,15,2020-04-06,1,3.3271,,,,,,,,,,1.0,65.7501240043693,16.0486915962759,18.0051265280369,2.8230604105158,2.1738034906365,2.83002121735972,85.11766460446,7.34442769395869,6.60033331685256,0.0,4.0,1.0,0.0,0.0,0.0,True,Resto de Antioquia,30056.0,52.24,MEDIO
05604,2020,16,2020-04-13,1,3.3271,,,,,,,,,,1.0,65.7501240043693,16.0486915962759,18.0051265280369,2.8230604105158,2.1738034906365,2.83002121735972,85.11766460446,7.34442769395869,6.60033331685256,0.0,4.0,0.0,0.0,0.0,1.0,True,Resto de Antioquia,30056.0,52.24,MEDIO
05607,2019,20,2019-05-13,1,4.1432,9.864,55.067,14.03,92.892,100.6,750.786,SIN_DATO,,,,71.7085573809984,6.3966579182944,4.25206273010563,2.53702105273262,2.10995607771055,3.55211073839179,94.3311515064209,7.92679091601887,8.40287675426441,0.0,5.0,0.0,0.0,1.0,0.0,False,Resto de Antioquia,24136.0,54.72,MEDIO
05607,2020,27,2020-06-29,1,4.0311,12.274,35.338,13.63,90.988,39.6,750.052,SIN_DATO,9.864,,1.0,71.7085573809984,6.3966579182944,4.25206273010563,2.53702105273262,2.10995607771055,3.55211073839179,94.3311515064209,7.92679091601887,8.40287675426441,0.0,16.0,1.0,0.0,0.0,0.0,True,Resto de Antioquia,24807.0,57.41,MEDIO
05615,2018,22,2018-05-28,1,0.7382,,,17.442,82.473,71.803,790.386,SIN_DATO,,,,70.0122615925355,8.86962810700891,8.39327536752186,2.9261804563946,2.01338012387162,3.13436393961872,96.8366018196549,8.01784189980823,8.38178291568295,0.0,12.0,0.0,0.0,0.0,1.0,False,Resto de Antioquia,135473.0,40.03,MEDIO
05615,2018,27,2018-07-02,1,0.7382,,,17.149,80.589,25.358,790.098,SIN_DATO,,,1.0,70.0122615925355,8.86962810700891,8.39327536752186,2.9261804563946,2.01338012387162,3.13436393961872,96.8366018196549,8.01784189980823,8.38178291568295,0.0,5.0,1.0,0.0,0.0,0.0,False,Resto de Antioquia,135473.0,40.03,MEDIO
05615,2019,4,2019-01-21,1,0.7221,16.078,26.895,17.522,83.315,16.469,789.958,IMPUTADO_PA,,,1.0,70.0122615925355,8.86962810700891,8.39327536752186,2.9261804563946,2.01338012387162,3.13436393961872,96.8366018196549,8.01784189980823,8.38178291568295,0.0,3.0,0.0,0.0,0.0,1.0,False,Resto de Antioquia,138479.0,28.6,BAJO
05615,2019,27,2019-07-01,1,0.7221,18.851,14.678,17.857,80.841,52.0,790.361,IMPUTADO_PA,16.078,,1.0,70.0122615925355,8.86962810700891,8.39327536752186,2.9261804563946,2.01338012387162,3.13436393961872,96.8366018196549,8.01784189980823,8.38178291568295,0.0,10.0,0.0,0.0,0.0,1.0,False,Resto de Antioquia,138479.0,53.66,MEDIO
05615,2019,36,2019-09-02,1,0.7221,24.192,32.48,17.945,77.845,99.663,790.996,IMPUTADO_PA,18.851,16.078,1.0,70.0122615925355,8.86962810700891,8.39327536752186,2.9261804563946,2.01338012387162,3.13436393961872,96.8366018196549,8.01784189980823,8.38178291568295,0.0,4.0,0.0,0.0,1.0,0.0,False,Resto de Antioquia,138479.0,62.68,MEDIO
05615,2022,21,2022-05-23,1,0.6794,8.895,19.628,17.622,91.174,7.4,,SISAIRE_DIRECTO,24.192,18.851,1.0,70.0122615925355,8.86962810700891,8.39327536752186,2.9261804563946,2.01338012387162,3.13436393961872,96.8366018196549,8.01784189980823,8.38178291568295,0.0,5.0,1.0,0.0,0.0,0.0,False,Resto de Antioquia,147196.0,15.37,BAJO
05615,2022,29,2022-07-18,1,0.6794,9.466,17.368,17.703,89.119,85.305,790.111,SISAIRE_DIRECTO,8.895,24.192,1.0,70.0122615925355,8.86962810700891,8.39327536752186,2.9261804563946,2.01338012387162,3.13436393961872,96.8366018196549,8.01784189980823,8.38178291568295,0.0,3.0,0.0,0.0,0.0,1.0,False,Resto de Antioquia,147196.0,15.84,BAJO
05615,2022,40,2022-10-03,1,0.6794,13.1608,23.215,16.94,91.762,53.273,789.607,SIN_DATO,9.466,8.895,1.0,70.0122615925355,8.86962810700891,8.39327536752186,2.9261804563946,2.01338012387162,3.13436393961872,96.8366018196549,8.01784189980823,8.38178291568295,0.0,3.0,0.0,0.0,0.0,1.0,False,Resto de Antioquia,147196.0,21.15,BAJO
05615,2023,13,2023-03-27,1,0.6683,17.75,41.3,17.116,88.912,19.93,789.677,SIN_DATO,13.161,9.466,1.0,70.0122615925355,8.86962810700891,8.39327536752186,2.9261804563946,2.01338012387162,3.13436393961872,96.8366018196549,8.01784189980823,8.38178291568295,0.0,8.0,0.0,0.0,0.0,1.0,False,Resto de Antioquia,149627.0,49.65,MEDIO
05615,2023,28,2023-07-10,1,0.6683,8.487,17.908,18.35,74.49,0.0,,SISAIRE_DIRECTO,17.75,13.161,1.0,70.0122615925355,8.86962810700891,8.39327536752186,2.9261804563946,2.01338012387162,3.13436393961872,96.8366018196549,8.01784189980823,8.38178291568295,0.0,5.0,0.0,0.0,0.0,1.0,False,Resto de Antioquia,149627.0,14.87,BAJO
05615,2023,43,2023-10-23,1,0.6683,6.229,13.854,16.396,83.473,0.0,789.95,SISAIRE_DIRECTO,8.487,17.75,1.0,70.0122615925355,8.86962810700891,8.39327536752186,2.9261804563946,2.01338012387162,3.13436393961872,96.8366018196549,8.01784189980823,8.38178291568295,0.0,4.0,1.0,0.0,0.0,0.0,False,Resto de Antioquia,149627.0,14.11,BAJO
05628,2019,29,2019-07-15,1,10.8613,23.32,,,81.744,8.8,872.343,IMPUTADO_PA,,,,61.7607722617867,15.3335614881146,14.2889082918603,2.86438056853571,2.32416822819671,2.43008412395612,88.3989641707545,6.34576094347954,6.2268277196985,0.0,7.0,0.0,0.0,0.0,1.0,False,Resto de Antioquia,9207.0,88.53,ALTO
05628,2019,43,2019-10-21,1,10.8613,28.248,,20.317,90.44,76.2,872.897,IMPUTADO_PA,23.32,,1.0,61.7607722617867,15.3335614881146,14.2889082918603,2.86438056853571,2.32416822819671,2.43008412395612,88.3989641707545,6.34576094347954,6.2268277196985,0.0,7.0,0.0,0.0,0.0,1.0,False,Resto de Antioquia,9207.0,91.74,ALTO
05631,2018,20,2018-05-14,1,1.2139,20.038,56.597,,,,,IMPUTADO_PA,,,,75.9946909042315,3.31093641995234,0.74627692373916,2.36774870499527,1.80871532268065,3.32130068067594,100.0,7.82999900731159,8.39657155426726,0.0,9.0,1.0,0.0,0.0,0.0,False,Valle de Aburrá,82376.0,81.0,ALTO
05631,2018,40,2018-10-01,1,1.2139,29.137,61.34699999999999,,,,,IMPUTADO_PA,20.038,,1.0,75.9946909042315,3.31093641995234,0.74627692373916,2.36774870499527,1.80871532268065,3.32130068067594,100.0,7.82999900731159,8.39657155426726,0.0,5.0,1.0,0.0,0.0,0.0,False,Valle de Aburrá,82376.0,90.33,ALTO
05631,2018,47,2018-11-19,1,1.2139,24.583,46.926,,,,,IMPUTADO_PA,29.137,20.038,1.0,75.9946909042315,3.31093641995234,0.74627692373916,2.36774870499527,1.80871532268065,3.32130068067594,100.0,7.82999900731159,8.39657155426726,0.0,5.0,1.0,0.0,0.0,0.0,False,Valle de Aburrá,82376.0,88.0,ALTO
05631,2019,27,2019-07-01,1,1.1531,18.807,44.131,14.246,85.903,56.4,750.666,IMPUTADO_PA,24.583,29.137,1.0,75.9946909042315,3.31093641995234,0.74627692373916,2.36774870499527,1.80871532268065,3.32130068067594,100.0,7.82999900731159,8.39657155426726,0.0,19.0,1.0,0.0,0.0,0.0,False,Valle de Aburrá,86724.0,78.04,ALTO
05631,2019,45,2019-11-04,1,1.1531,17.146,60.562,13.466,93.418,2.4,749.072,IMPUTADO_PA,18.807,24.583,1.0,75.9946909042315,3.31093641995234,0.74627692373916,2.36774870499527,1.80871532268065,3.32130068067594,100.0,7.82999900731159,8.39657155426726,0.0,8.0,1.0,0.0,0.0,0.0,False,Valle de Aburrá,86724.0,73.43,ALTO
05631,2020,24,2020-06-08,1,1.0954,17.05,38.718,13.79,89.749,3.2,751.101,SISAIRE_DIRECTO,17.146,18.807,1.0,75.9946909042315,3.31093641995234,0.74627692373916,2.36774870499527,1.80871532268065,3.32130068067594,100.0,7.82999900731159,8.39657155426726,0.0,13.0,0.0,1.0,0.0,0.0,True,Valle de Aburrá,91288.0,72.13,ALTO
05631,2022,19,2022-05-09,1,1.0222,21.722,43.17,14.072,89.495,0.6,749.957,SISAIRE_DIRECTO,17.05,17.146,1.0,75.9946909042315,3.31093641995234,0.74627692373916,2.36774870499527,1.80871532268065,3.32130068067594,100.0,7.82999900731159,8.39657155426726,0.0,5.0,1.0,0.0,0.0,0.0,False,Valle de Aburrá,97831.0,82.57,ALTO
05631,2022,22,2022-05-30,1,1.0222,19.985,30.967,12.906,89.994,1.6,750.28,SISAIRE_DIRECTO,21.722,17.05,1.0,75.9946909042315,3.31093641995234,0.74627692373916,2.36774870499527,1.80871532268065,3.32130068067594,100.0,7.82999900731159,8.39657155426726,0.0,2.0,1.0,0.0,0.0,0.0,False,Valle de Aburrá,97831.0,78.72,ALTO
05631,2022,23,2022-06-06,1,1.0222,20.948,38.73,12.734,90.246,5.2,750.329,SISAIRE_DIRECTO,19.985,21.722,1.0,75.9946909042315,3.31093641995234,0.74627692373916,2.36774870499527,1.80871532268065,3.32130068067594,100.0,7.82999900731159,8.39657155426726,0.0,6.0,0.0,0.0,0.0,1.0,False,Valle de Aburrá,97831.0,81.06,ALTO
05631,2022,24,2022-06-13,1,1.0222,16.927,36.005,13.278,90.154,4.2,750.331,SISAIRE_DIRECTO,20.948,19.985,1.0,75.9946909042315,3.31093641995234,0.74627692373916,2.36774870499527,1.80871532268065,3.32130068067594,100.0,7.82999900731159,8.39657155426726,0.0,6.0,1.0,0.0,0.0,0.0,False,Valle de Aburrá,97831.0,70.85,ALTO
05631,2022,36,2022-09-05,1,1.0222,23.651,47.195,13.86,85.991,46.6,751.039,SISAIRE_DIRECTO,16.927,20.948,1.0,75.9946909042315,3.31093641995234,0.74627692373916,2.36774870499527,1.80871532268065,3.32130068067594,100.0,7.82999900731159,8.39657155426726,0.0,8.0,0.0,0.0,0.0,1.0,False,Valle de Aburrá,97831.0,85.26,ALTO
05631,2022,42,2022-10-17,1,1.0222,20.28,43.83,12.63,92.647,24.2,750.677,SISAIRE_DIRECTO,23.651,16.927,1.0,75.9946909042315,3.31093641995234,0.74627692373916,2.36774870499527,1.80871532268065,3.32130068067594,100.0,7.82999900731159,8.39657155426726,0.0,7.0,1.0,0.0,0.0,0.0,False,Valle de Aburrá,97831.0,79.77,ALTO
05631,2022,51,2022-12-19,1,1.0222,26.13,49.433,13.633,89.53,1.2,749.651,SISAIRE_DIRECTO,20.28,23.651,1.0,75.9946909042315,3.31093641995234,0.74627692373916,2.36774870499527,1.80871532268065,3.32130068067594,100.0,7.82999900731159,8.39657155426726,0.0,7.0,1.0,0.0,0.0,0.0,False,Valle de Aburrá,97831.0,86.89,ALTO
05631,2023,10,2023-03-06,1,0.9924,17.848,38.163,12.989,93.156,102.2,750.444,SISAIRE_DIRECTO,26.13,20.28,1.0,75.9946909042315,3.31093641995234,0.74627692373916,2.36774870499527,1.80871532268065,3.32130068067594,100.0,7.82999900731159,8.39657155426726,0.0,13.0,1.0,0.0,0.0,0.0,False,Valle de Aburrá,100767.0,73.35,ALTO
05631,2023,25,2023-06-19,1,0.9924,13.955,45.505,,,,,SISAIRE_DIRECTO,17.848,26.13,1.0,75.9946909042315,3.31093641995234,0.74627692373916,2.36774870499527,1.80871532268065,3.32130068067594,100.0,7.82999900731159,8.39657155426726,0.0,10.0,0.0,0.0,0.0,1.0,False,Valle de Aburrá,100767.0,45.81,MEDIO
05647,2019,27,2019-07-01,1,13.6855,,,,,,,,,,,60.6321184367367,26.0575410880246,23.2173322912713,2.39728524602035,2.07797938527315,2.56829027551781,70.9544336971793,7.36676890954093,6.54378142379118,0.0,8.0,0.0,0.0,0.0,1.0,False,Resto de Antioquia,7307.0,68.32,ALTO
05649,2018,52,2018-12-24,1,6.1516,,,,,,,,,,,64.5359096259202,16.7122093849585,18.7081386496994,2.85241949206561,2.19317078860935,2.39433418173773,93.7325015545162,7.04388011657934,6.95118805225924,0.0,5.0,1.0,0.0,0.0,0.0,False,Resto de Antioquia,16256.0,59.23,MEDIO
05649,2019,23,2019-06-03,1,6.089,,,,,,,,,,1.0,64.5359096259202,16.7122093849585,18.7081386496994,2.85241949206561,2.19317078860935,2.39433418173773,93.7325015545162,7.04388011657934,6.95118805225924,0.0,5.0,1.0,0.0,0.0,0.0,False,Resto de Antioquia,16423.0,59.16,MEDIO
05649,2020,1,2019-12-30,1,6.0136,,,,,,,,,,1.0,64.5359096259202,16.7122093849585,18.7081386496994,2.85241949206561,2.19317078860935,2.39433418173773,93.7325015545162,7.04388011657934,6.95118805225924,0.0,14.0,0.0,0.0,0.0,1.0,False,Resto de Antioquia,16629.0,58.84,MEDIO
05649,2020,2,2020-01-06,1,6.0136,,,,,,,,,,1.0,64.5359096259202,16.7122093849585,18.7081386496994,2.85241949206561,2.19317078860935,2.39433418173773,93.7325015545162,7.04388011657934,6.95118805225924,0.0,16.0,0.0,0.0,0.0,1.0,False,Resto de Antioquia,16629.0,58.84,MEDIO
05649,2020,18,2020-04-27,1,6.0136,,,,,,,,,,1.0,64.5359096259202,16.7122093849585,18.7081386496994,2.85241949206561,2.19317078860935,2.39433418173773,93.7325015545162,7.04388011657934,6.95118805225924,0.0,4.0,0.0,0.0,1.0,0.0,True,Resto de Antioquia,16629.0,58.84,MEDIO
05649,2023,15,2023-04-10,1,5.9428,,,,,,,,,,1.0,64.5359096259202,16.7122093849585,18.7081386496994,2.85241949206561,2.19317078860935,2.39433418173773,93.7325015545162,7.04388011657934,6.95118805225924,0.0,7.0,0.0,0.0,0.0,1.0,False,Resto de Antioquia,16827.0,58.53,MEDIO
05656,2018,41,2018-10-08,1,6.5113,20.93,4.056,26.279307692307693,53.95063636363636,0.0,857.6307272727273,IMPUTADO_PA,,,,66.5861431992874,10.3773707666453,7.23041197646654,2.70338531732218,2.15632788966457,2.95879467209533,78.4520658625836,6.35898947195467,7.92403881844787,0.0,11.0,0.0,0.0,0.0,1.0,False,Resto de Antioquia,15358.0,88.94,ALTO
05656,2019,23,2019-06-03,1,6.3131,,,,,,,,20.93,,1.0,66.5861431992874,10.3773707666453,7.23041197646654,2.70338531732218,2.15632788966457,2.95879467209533,78.4520658625836,6.35898947195467,7.92403881844787,0.0,6.0,1.0,0.0,0.0,0.0,False,Resto de Antioquia,15840.0,70.02,ALTO
05656,2019,30,2019-07-22,1,6.3131,,,,,,,,,20.93,1.0,66.5861431992874,10.3773707666453,7.23041197646654,2.70338531732218,2.15632788966457,2.95879467209533,78.4520658625836,6.35898947195467,7.92403881844787,0.0,11.0,1.0,0.0,0.0,0.0,False,Resto de Antioquia,15840.0,70.02,ALTO
05656,2022,42,2022-10-17,1,5.8295,,,,,,,,,,1.0,66.5861431992874,10.3773707666453,7.23041197646654,2.70338531732218,2.15632788966457,2.95879467209533,78.4520658625836,6.35898947195467,7.92403881844787,0.0,9.0,0.0,0.0,0.0,1.0,False,Resto de Antioquia,17154.0,69.05,ALTO
05660,2018,34,2018-08-20,1,7.6982,,,,,,,,,,,66.7681286202341,17.6484253547052,19.2356453970127,2.60195216115882,1.88097810449172,2.52338243869356,92.8224227633555,7.84513487411254,7.64827730439561,0.0,4.0,1.0,0.0,0.0,0.0,False,Resto de Antioquia,12990.0,63.03,MEDIO
05660,2018,36,2018-09-03,1,7.6982,,,,,,,,,,1.0,66.7681286202341,17.6484253547052,19.2356453970127,2.60195216115882,1.88097810449172,2.52338243869356,92.8224227633555,7.84513487411254,7.64827730439561,0.0,11.0,0.0,0.0,0.0,1.0,False,Resto de Antioquia,12990.0,63.03,MEDIO
05660,2019,21,2019-05-20,1,7.5643,,,,,,,,,,1.0,66.7681286202341,17.6484253547052,19.2356453970127,2.60195216115882,1.88097810449172,2.52338243869356,92.8224227633555,7.84513487411254,7.64827730439561,0.0,7.0,0.0,0.0,0.0,1.0,False,Resto de Antioquia,13220.0,62.87,MEDIO
05660,2019,44,2019-10-28,1,7.5643,,,21.187,74.69,3.0,788.379,SIN_DATO,,,1.0,66.7681286202341,17.6484253547052,19.2356453970127,2.60195216115882,1.88097810449172,2.52338243869356,92.8224227633555,7.84513487411254,7.64827730439561,0.0,16.0,0.0,0.0,0.0,1.0,False,Resto de Antioquia,13220.0,62.87,MEDIO
05664,2018,24,2018-06-11,1,4.556,,,,,,,,,,,69.1663244036227,4.41670627163111,5.8540030814368,2.48851246329934,1.94003706643976,2.83770731471332,86.4347654032105,7.66758807796903,8.10947380887619,0.0,3.0,1.0,0.0,0.0,0.0,False,Resto de Antioquia,21949.0,78.24,ALTO
05664,2018,30,2018-07-23,1,4.556,,,,,,,,,,1.0,69.1663244036227,4.41670627163111,5.8540030814368,2.48851246329934,1.94003706643976,2.83770731471332,86.4347654032105,7.66758807796903,8.10947380887619,0.0,17.0,1.0,0.0,0.0,0.0,False,Resto de Antioquia,21949.0,78.24,ALTO
05664,2019,2,2019-01-07,1,4.5304,19.206,21.355,25.5,46.0,0.0,859.3,IMPUTADO_PA,,,1.0,69.1663244036227,4.41670627163111,5.8540030814368,2.48851246329934,1.94003706643976,2.83770731471332,86.4347654032105,7.66758807796903,8.10947380887619,0.0,15.0,0.0,0.0,0.0,1.0,False,Resto de Antioquia,22073.0,92.47,ALTO
05664,2019,24,2019-06-10,1,4.5304,16.216,21.901,21.168,74.213,18.4,852.242,IMPUTADO_PA,19.206,,1.0,69.1663244036227,4.41670627163111,5.8540030814368,2.48851246329934,1.94003706643976,2.83770731471332,86.4347654032105,7.66758807796903,8.10947380887619,0.0,9.0,0.0,0.0,0.0,1.0,False,Resto de Antioquia,22073.0,67.24,ALTO
05664,2020,1,2019-12-30,1,4.5002,,,,,,,,16.216,19.206,1.0,69.1663244036227,4.41670627163111,5.8540030814368,2.48851246329934,1.94003706643976,2.83770731471332,86.4347654032105,7.66758807796903,8.10947380887619,0.0,12.0,1.0,0.0,0.0,0.0,False,Resto de Antioquia,22221.0,77.85,ALTO
05664,2020,13,2020-03-23,1,4.5002,,,,,,,,,16.216,1.0,69.1663244036227,4.41670627163111,5.8540030814368,2.48851246329934,1.94003706643976,2.83770731471332,86.4347654032105,7.66758807796903,8.10947380887619,0.0,25.819999999999936,0.0,0.0,0.0,1.0,True,Resto de Antioquia,22221.0,77.85,ALTO
05664,2023,44,2023-10-30,1,4.4821,,,,,,,,,,1.0,69.1663244036227,4.41670627163111,5.8540030814368,2.48851246329934,1.94003706643976,2.83770731471332,86.4347654032105,7.66758807796903,8.10947380887619,0.0,7.0,0.0,0.0,0.0,1.0,False,Resto de Antioquia,22311.0,77.73,ALTO
05665,2020,27,2020-06-29,1,3.1621,,,,,,,,,,,52.6729122392765,37.8618967629456,16.3139138647575,2.89720932983261,2.0352279868466,2.33635246669953,65.5135681849731,4.66434117447188,3.45357982173669,0.0,9.0,0.0,0.0,0.0,1.0,True,Resto de Antioquia,31625.0,51.18,MEDIO
05667,2018,34,2018-08-20,1,6.3642,,,,,,,,,,,65.0248355358341,9.28127151058547,12.9887711366616,2.70472846681363,2.10048804547392,2.57795243465344,87.0586502982463,7.46679838924237,7.2024520678466,0.0,6.0,0.0,0.0,0.0,1.0,False,Resto de Antioquia,15713.0,64.25,MEDIO
05667,2022,17,2022-04-25,1,5.9556,,,,,,,,,,1.0,65.0248355358341,9.28127151058547,12.9887711366616,2.70472846681363,2.10048804547392,2.57795243465344,87.0586502982463,7.46679838924237,7.2024520678466,0.0,4.0,1.0,0.0,0.0,0.0,False,Resto de Antioquia,16791.0,63.2,MEDIO
05667,2022,25,2022-06-20,1,5.9556,,,,,,,,,,1.0,65.0248355358341,9.28127151058547,12.9887711366616,2.70472846681363,2.10048804547392,2.57795243465344,87.0586502982463,7.46679838924237,7.2024520678466,0.0,7.0,0.0,0.0,0.0,1.0,False,Resto de Antioquia,16791.0,63.2,MEDIO
05670,2023,22,2023-05-29,1,4.2073,,,,,,,,,,,66.0204397902722,9.07368807340397,17.1064528162481,3.05210655873735,2.3524777806355,2.56174053081805,78.152380573452,8.11431735023101,7.18690365292211,0.0,7.0,0.0,0.0,0.0,1.0,False,Resto de Antioquia,23768.0,52.85,MEDIO
05670,2023,23,2023-06-05,1,4.2073,,,,,,,,,,1.0,66.0204397902722,9.07368807340397,17.1064528162481,3.05210655873735,2.3524777806355,2.56174053081805,78.152380573452,8.11431735023101,7.18690365292211,0.0,9.0,0.0,0.0,0.0,1.0,False,Resto de Antioquia,23768.0,52.85,MEDIO
05670,2023,33,2023-08-14,1,4.2073,,,,,,,,,,1.0,66.0204397902722,9.07368807340397,17.1064528162481,3.05210655873735,2.3524777806355,2.56174053081805,78.152380573452,8.11431735023101,7.18690365292211,0.0,7.0,0.0,0.0,0.0,1.0,False,Resto de Antioquia,23768.0,52.85,MEDIO
05674,2019,28,2019-07-08,1,4.4133,,,,,,,,,,,69.3309004093745,8.60351947954975,24.9977867213093,3.43386976105367,2.49585440602526,3.12171383249181,97.5741657185578,7.6645141337116,7.78649363325285,0.0,7.0,1.0,0.0,0.0,0.0,False,Resto de Antioquia,22659.0,48.94,MEDIO
05674,2022,25,2022-06-20,1,4.1911,,,,,,,,,,1.0,69.3309004093745,8.60351947954975,24.9977867213093,3.43386976105367,2.49585440602526,3.12171383249181,97.5741657185578,7.6645141337116,7.78649363325285,0.0,4.0,0.0,0.0,0.0,1.0,False,Resto de Antioquia,23860.0,47.74,MEDIO
05674,2022,47,2022-11-21,1,4.1911,,,,,,,,,,1.0,69.3309004093745,8.60351947954975,24.9977867213093,3.43386976105367,2.49585440602526,3.12171383249181,97.5741657185578,7.6645141337116,7.78649363325285,0.0,8.0,0.0,0.0,0.0,1.0,False,Resto de Antioquia,23860.0,47.74,MEDIO
05674,2023,28,2023-07-10,1,4.1466,,,,,,,,,,1.0,69.3309004093745,8.60351947954975,24.9977867213093,3.43386976105367,2.49585440602526,3.12171383249181,97.5741657185578,7.6645141337116,7.78649363325285,0.0,10.0,0.0,0.0,0.0,1.0,False,Resto de Antioquia,24116.0,47.62,MEDIO
05679,2020,12,2020-03-16,1,3.5927,,,,,,,,,,,68.0592256221572,16.0651361697501,9.7792490587315,3.03689453518584,2.22607604350059,2.95961102482037,98.1207957890981,7.30846996990125,7.85416654361181,0.0,5.0,0.0,0.0,0.0,1.0,True,Resto de Antioquia,27834.0,55.16,MEDIO
05679,2020,27,2020-06-29,1,3.5927,,,,,,,,,,1.0,68.0592256221572,16.0651361697501,9.7792490587315,3.03689453518584,2.22607604350059,2.95961102482037,98.1207957890981,7.30846996990125,7.85416654361181,0.0,1.09,1.0,0.0,0.0,0.0,True,Resto de Antioquia,27834.0,55.16,MEDIO
05679,2022,28,2022-07-11,1,3.5046,,,,,,,,,,1.0,68.0592256221572,16.0651361697501,9.7792490587315,3.03689453518584,2.22607604350059,2.95961102482037,98.1207957890981,7.30846996990125,7.85416654361181,0.0,9.0,0.0,0.0,0.0,1.0,False,Resto de Antioquia,28534.0,53.99,MEDIO
05679,2022,41,2022-10-10,1,3.5046,17.644,,20.813,93.478,7.2,750.588,SIN_DATO,,,1.0,68.0592256221572,16.0651361697501,9.7792490587315,3.03689453518584,2.22607604350059,2.95961102482037,98.1207957890981,7.30846996990125,7.85416654361181,0.0,10.0,0.0,0.0,0.0,1.0,False,Resto de Antioquia,28534.0,64.35,MEDIO
05686,2018,32,2018-08-06,1,2.7539,6.179,33.117,12.598,0.048,0.0,648.986,IMPUTADO_PA,,,,67.1916702880628,9.17984691611937,16.8074755931927,2.72448635239383,1.94056798192547,2.79957434948051,88.9689827983205,7.68027458180359,7.47573651143779,0.0,8.0,0.0,0.0,0.0,1.0,False,Resto de Antioquia,36312.0,26.92,BAJO
05686,2019,16,2019-04-15,1,2.7037,6.797,11.078,13.469,0.036,0.0,648.926,SIN_DATO,6.179,,1.0,67.1916702880628,9.17984691611937,16.8074755931927,2.72448635239383,1.94056798192547,2.79957434948051,88.9689827983205,7.68027458180359,7.47573651143779,0.0,8.0,1.0,0.0,0.0,0.0,False,Resto de Antioquia,36987.0,26.43,BAJO
05686,2019,17,2019-04-22,1,2.7037,5.945,29.827,13.691,0.06,0.0,648.962,SIN_DATO,6.797,6.179,1.0,67.1916702880628,9.17984691611937,16.8074755931927,2.72448635239383,1.94056798192547,2.79957434948051,88.9689827983205,7.68027458180359,7.47573651143779,0.0,14.0,0.0,0.0,0.0,1.0,False,Resto de Antioquia,36987.0,26.02,BAJO
05686,2019,24,2019-06-10,1,2.7037,9.901,21.901,14.026,0.036,0.0,649.271,SIN_DATO,5.945,6.797,1.0,67.1916702880628,9.17984691611937,16.8074755931927,2.72448635239383,1.94056798192547,2.79957434948051,88.9689827983205,7.68027458180359,7.47573651143779,0.0,4.0,1.0,0.0,0.0,0.0,False,Resto de Antioquia,36987.0,28.12,BAJO
05686,2019,27,2019-07-01,1,2.7037,5.759,26.453,13.061,0.018,0.0,648.978,SIN_DATO,9.901,5.945,1.0,67.1916702880628,9.17984691611937,16.8074755931927,2.72448635239383,1.94056798192547,2.79957434948051,88.9689827983205,7.68027458180359,7.47573651143779,0.0,11.0,1.0,0.0,0.0,0.0,False,Resto de Antioquia,36987.0,25.47,BAJO
05686,2019,41,2019-10-07,1,2.7037,6.2,19.496,12.598,76.347,0.2,648.341,SIN_DATO,5.759,9.901,1.0,67.1916702880628,9.17984691611937,16.8074755931927,2.72448635239383,1.94056798192547,2.79957434948051,88.9689827983205,7.68027458180359,7.47573651143779,0.0,6.0,1.0,0.0,0.0,0.0,False,Resto de Antioquia,36987.0,26.2,BAJO
05686,2020,8,2020-02-17,1,2.6539,,,13.479,68.974,46.6,648.764,SIN_DATO,6.2,5.759,1.0,67.1916702880628,9.17984691611937,16.8074755931927,2.72448635239383,1.94056798192547,2.79957434948051,88.9689827983205,7.68027458180359,7.47573651143779,0.0,7.0,1.0,0.0,0.0,0.0,False,Resto de Antioquia,37680.0,50.97,MEDIO
05690,2018,11,2018-03-12,1,8.0691,,,,,,,,,,,67.0232325520494,16.837372716806,15.6632580132966,3.36599140018489,2.4958408166896,2.85532922212274,77.1246556805873,7.76375255653338,7.87213215236681,0.0,4.0,1.0,0.0,0.0,0.0,False,Resto de Antioquia,12393.0,58.79,MEDIO
05697,2018,2,2018-01-08,1,2.8225,,,,,,,,,,,69.61565363606,4.75352240503956,24.9473783416649,2.48960662687162,1.7810126728822,2.67946335235543,99.1820237298181,8.01092261010917,8.03894163234628,0.0,6.0,0.0,0.0,0.0,1.0,False,Resto de Antioquia,35429.0,51.71,MEDIO
05697,2018,5,2018-01-29,1,2.8225,,,,,,,,,,1.0,69.61565363606,4.75352240503956,24.9473783416649,2.48960662687162,1.7810126728822,2.67946335235543,99.1820237298181,8.01092261010917,8.03894163234628,0.0,11.0,1.0,0.0,0.0,0.0,False,Resto de Antioquia,35429.0,51.71,MEDIO
05697,2018,26,2018-06-25,1,2.8225,,,,,,,,,,1.0,69.61565363606,4.75352240503956,24.9473783416649,2.48960662687162,1.7810126728822,2.67946335235543,99.1820237298181,8.01092261010917,8.03894163234628,0.0,9.0,0.0,0.0,0.0,1.0,False,Resto de Antioquia,35429.0,51.71,MEDIO
05697,2018,46,2018-11-12,1,2.8225,,,16.268,91.842,2.8,788.042,SIN_DATO,,,1.0,69.61565363606,4.75352240503956,24.9473783416649,2.48960662687162,1.7810126728822,2.67946335235543,99.1820237298181,8.01092261010917,8.03894163234628,0.0,12.0,0.0,0.0,0.0,1.0,False,Resto de Antioquia,35429.0,51.71,MEDIO
05697,2019,7,2019-02-11,1,2.7701,,,,,,,,,,1.0,69.61565363606,4.75352240503956,24.9473783416649,2.48960662687162,1.7810126728822,2.67946335235543,99.1820237298181,8.01092261010917,8.03894163234628,0.0,9.0,1.0,0.0,0.0,0.0,False,Resto de Antioquia,36100.0,51.28,MEDIO
05697,2019,8,2019-02-18,1,2.7701,,,14.2,89.429,34.6,788.88,SIN_DATO,,,1.0,69.61565363606,4.75352240503956,24.9473783416649,2.48960662687162,1.7810126728822,2.67946335235543,99.1820237298181,8.01092261010917,8.03894163234628,0.0,4.0,0.0,0.0,0.0,1.0,False,Resto de Antioquia,36100.0,51.28,MEDIO
05697,2019,12,2019-03-18,1,2.7701,19.49,16.648,14.5455,89.607,34.6,789.411,SIN_DATO,,,1.0,69.61565363606,4.75352240503956,24.9473783416649,2.48960662687162,1.7810126728822,2.67946335235543,99.1820237298181,8.01092261010917,8.03894163234628,0.0,11.0,0.0,0.0,0.0,1.0,False,Resto de Antioquia,36100.0,66.65,ALTO
05697,2019,16,2019-04-15,1,2.7701,17.937,21.796,20.848,88.274,58.4,789.139,SIN_DATO,19.49,,1.0,69.61565363606,4.75352240503956,24.9473783416649,2.48960662687162,1.7810126728822,2.67946335235543,99.1820237298181,8.01092261010917,8.03894163234628,0.0,9.0,1.0,0.0,0.0,0.0,False,Resto de Antioquia,36100.0,62.54,MEDIO
05697,2019,23,2019-06-03,1,2.7701,17.013,27.331,21.61,91.3552105263158,55.0,789.542,SIN_DATO,17.937,19.49,1.0,69.61565363606,4.75352240503956,24.9473783416649,2.48960662687162,1.7810126728822,2.67946335235543,99.1820237298181,8.01092261010917,8.03894163234628,0.0,12.0,0.0,0.0,0.0,1.0,False,Resto de Antioquia,36100.0,59.74,MEDIO
05697,2019,40,2019-09-30,1,2.7701,19.585,21.52,15.025,,29.4,789.02,SIN_DATO,17.013,17.937,1.0,69.61565363606,4.75352240503956,24.9473783416649,2.48960662687162,1.7810126728822,2.67946335235543,99.1820237298181,8.01092261010917,8.03894163234628,0.0,11.0,1.0,0.0,0.0,0.0,False,Resto de Antioquia,36100.0,66.83,ALTO
05697,2019,48,2019-11-25,1,2.7701,17.37,29.818,16.141,65.742,17.8,787.957,SIN_DATO,19.585,17.013,1.0,69.61565363606,4.75352240503956,24.9473783416649,2.48960662687162,1.7810126728822,2.67946335235543,99.1820237298181,8.01092261010917,8.03894163234628,0.0,10.0,0.0,0.0,0.0,1.0,False,Resto de Antioquia,36100.0,60.82,MEDIO
05697,2020,2,2020-01-06,1,2.7145,16.244275862068964,17.40651724137931,14.939,61.094,0.0,788.901,SIN_DATO,17.37,19.585,1.0,69.61565363606,4.75352240503956,24.9473783416649,2.48960662687162,1.7810126728822,2.67946335235543,99.1820237298181,8.01092261010917,8.03894163234628,0.0,10.0,1.0,0.0,0.0,0.0,False,Resto de Antioquia,36839.0,39.62,MEDIO
05697,2022,26,2022-06-27,1,2.6131,,,,,,,,16.244,17.37,1.0,69.61565363606,4.75352240503956,24.9473783416649,2.48960662687162,1.7810126728822,2.67946335235543,99.1820237298181,8.01092261010917,8.03894163234628,0.0,4.0,0.0,0.0,0.0,1.0,False,Resto de Antioquia,38269.0,49.1,MEDIO
05697,2022,40,2022-10-03,1,2.6131,,,,,,,,,16.244,1.0,69.61565363606,4.75352240503956,24.9473783416649,2.48960662687162,1.7810126728822,2.67946335235543,99.1820237298181,8.01092261010917,8.03894163234628,0.0,7.0,0.0,0.0,0.0,1.0,False,Resto de Antioquia,38269.0,49.1,MEDIO
05697,2022,47,2022-11-21,1,2.6131,,,,,,,,,,1.0,69.61565363606,4.75352240503956,24.9473783416649,2.48960662687162,1.7810126728822,2.67946335235543,99.1820237298181,8.01092261010917,8.03894163234628,0.0,7.0,0.0,0.0,0.0,1.0,False,Resto de Antioquia,38269.0,49.1,MEDIO
05697,2023,28,2023-07-10,1,2.5722,,,,,,,,,,1.0,69.61565363606,4.75352240503956,24.9473783416649,2.48960662687162,1.7810126728822,2.67946335235543,99.1820237298181,8.01092261010917,8.03894163234628,0.0,5.0,0.0,0.0,0.0,1.0,False,Resto de Antioquia,38877.0,48.94,MEDIO
05736,2018,21,2018-05-21,1,2.6385,15.374,21.512,,,,,IMPUTADO_PA,,,,62.889426934373,37.1044160346619,14.8888061651453,2.07922141215295,1.74946210620927,2.53951191108756,78.7170556750403,6.65885065244058,6.53086222815564,0.0,12.0,0.0,0.0,0.0,1.0,False,Resto de Antioquia,37900.0,56.2,MEDIO
05736,2019,21,2019-05-20,1,2.6284,3.728,28.695,,,,,IMPUTADO_PA,15.374,,1.0,62.889426934373,37.1044160346619,14.8888061651453,2.07922141215295,1.74946210620927,2.53951191108756,78.7170556750403,6.65885065244058,6.53086222815564,0.0,12.0,0.0,0.0,0.0,1.0,False,Resto de Antioquia,38046.0,42.86,MEDIO
05736,2019,25,2019-06-17,1,2.6284,10.222,35.815,,,0.3,,IMPUTADO_PA,3.73837,15.374,1.0,62.889426934373,37.1044160346619,14.8888061651453,2.07922141215295,1.74946210620927,2.53951191108756,78.7170556750403,6.65885065244058,6.53086222815564,0.0,5.0,0.0,0.0,0.0,1.0,False,Resto de Antioquia,38046.0,46.36,MEDIO
05736,2019,26,2019-06-24,1,2.6284,3.6032,40.607,,,45.9,,IMPUTADO_PA,10.222,3.728,1.0,62.889426934373,37.1044160346619,14.8888061651453,2.07922141215295,1.74946210620927,2.53951191108756,78.7170556750403,6.65885065244058,6.53086222815564,0.0,9.0,0.0,0.0,0.0,1.0,False,Resto de Antioquia,38046.0,42.62,MEDIO
05736,2020,5,2020-01-27,1,2.6166,,,,,,,,3.73837,10.222,1.0,62.889426934373,37.1044160346619,14.8888061651453,2.07922141215295,1.74946210620927,2.53951191108756,78.7170556750403,6.65885065244058,6.53086222815564,0.0,11.0,1.0,0.0,0.0,0.0,False,Resto de Antioquia,38217.0,68.73,ALTO
05736,2020,10,2020-03-02,1,2.6166,,,,,,,,,3.72215,1.0,62.889426934373,37.1044160346619,14.8888061651453,2.07922141215295,1.74946210620927,2.53951191108756,78.7170556750403,6.65885065244058,6.53086222815564,0.0,7.0,1.0,0.0,0.0,0.0,False,Resto de Antioquia,38217.0,68.73,ALTO
05736,2020,25,2020-06-15,1,2.6166,,,,,,,,,,1.0,62.889426934373,37.1044160346619,14.8888061651453,2.07922141215295,1.74946210620927,2.53951191108756,78.7170556750403,6.65885065244058,6.53086222815564,0.0,13.0,1.0,0.0,0.0,0.0,True,Resto de Antioquia,38217.0,68.73,ALTO
05736,2023,9,2023-02-27,1,2.56,,,,,,,,,,1.0,62.889426934373,37.1044160346619,14.8888061651453,2.07922141215295,1.74946210620927,2.53951191108756,78.7170556750403,6.65885065244058,6.53086222815564,0.0,6.0,0.0,0.0,1.0,0.0,False,Resto de Antioquia,39062.0,68.03,ALTO
05736,2023,21,2023-05-22,1,2.56,,,,,,,,,,1.0,62.889426934373,37.1044160346619,14.8888061651453,2.07922141215295,1.74946210620927,2.53951191108756,78.7170556750403,6.65885065244058,6.53086222815564,0.0,10.0,1.0,0.0,0.0,0.0,False,Resto de Antioquia,39062.0,68.03,ALTO
05736,2023,32,2023-08-07,1,2.56,,,,,,,,,,1.0,62.889426934373,37.1044160346619,14.8888061651453,2.07922141215295,1.74946210620927,2.53951191108756,78.7170556750403,6.65885065244058,6.53086222815564,0.0,5.0,0.0,0.0,0.0,1.0,False,Resto de Antioquia,39062.0,68.03,ALTO
05736,2023,41,2023-10-09,1,2.56,,,,,,,,,,1.0,62.889426934373,37.1044160346619,14.8888061651453,2.07922141215295,1.74946210620927,2.53951191108756,78.7170556750403,6.65885065244058,6.53086222815564,0.0,8.0,0.0,0.0,0.0,1.0,False,Resto de Antioquia,39062.0,68.03,ALTO
05736,2023,52,2023-12-25,1,2.56,,,,,,,,,,1.0,62.889426934373,37.1044160346619,14.8888061651453,2.07922141215295,1.74946210620927,2.53951191108756,78.7170556750403,6.65885065244058,6.53086222815564,0.0,10.0,0.0,0.0,0.0,1.0,False,Resto de Antioquia,39062.0,68.03,ALTO
05756,2018,4,2018-01-22,1,2.7528,,,19.325,66.801,3.9,764.926,SIN_DATO,,,,62.6363697014387,22.0733269098158,24.7493877564623,2.73026266274948,2.06621297168651,2.63114976965374,75.3642977815895,6.80665024461456,6.95348363081009,0.0,3.0,0.0,0.0,0.0,1.0,False,Resto de Antioquia,36327.0,48.63,MEDIO
05756,2019,11,2019-03-11,1,2.7455,,,20.168,74.274,26.6,766.077,SIN_DATO,,,1.0,62.6363697014387,22.0733269098158,24.7493877564623,2.73026266274948,2.06621297168651,2.63114976965374,75.3642977815895,6.80665024461456,6.95348363081009,0.0,3.0,0.0,0.0,1.0,0.0,False,Resto de Antioquia,36423.0,48.4,MEDIO
05756,2019,16,2019-04-15,1,2.7455,,,18.699,83.254,179.2711199999998,766.918,SIN_DATO,,,1.0,62.6363697014387,22.0733269098158,24.7493877564623,2.73026266274948,2.06621297168651,2.63114976965374,75.3642977815895,6.80665024461456,6.95348363081009,0.0,7.0,0.0,0.0,0.0,1.0,False,Resto de Antioquia,36423.0,48.4,MEDIO
05756,2019,23,2019-06-03,1,2.7455,,,19.164,80.794,89.9,767.309,SIN_DATO,,,1.0,62.6363697014387,22.0733269098158,24.7493877564623,2.73026266274948,2.06621297168651,2.63114976965374,75.3642977815895,6.80665024461456,6.95348363081009,0.0,14.0,0.0,0.0,0.0,1.0,False,Resto de Antioquia,36423.0,48.4,MEDIO
05756,2019,27,2019-07-01,1,2.7455,,,19.576,74.073,148.0,766.988,SIN_DATO,,,1.0,62.6363697014387,22.0733269098158,24.7493877564623,2.73026266274948,2.06621297168651,2.63114976965374,75.3642977815895,6.80665024461456,6.95348363081009,0.0,7.0,0.0,0.0,0.0,1.0,False,Resto de Antioquia,36423.0,48.4,MEDIO
05756,2019,50,2019-12-09,1,2.7455,,,17.844,83.441,84.5,765.882,SIN_DATO,,,1.0,62.6363697014387,22.0733269098158,24.7493877564623,2.73026266274948,2.06621297168651,2.63114976965374,75.3642977815895,6.80665024461456,6.95348363081009,0.0,11.0,0.0,0.0,0.0,1.0,False,Resto de Antioquia,36423.0,48.4,MEDIO
05756,2023,31,2023-07-31,1,2.7588,,,22.798,54.669,0.0,,SIN_DATO,,,1.0,62.6363697014387,22.0733269098158,24.7493877564623,2.73026266274948,2.06621297168651,2.63114976965374,75.3642977815895,6.80665024461456,6.95348363081009,0.0,10.0,0.0,0.0,0.0,1.0,False,Resto de Antioquia,36248.0,48.83,MEDIO
05756,2023,47,2023-11-20,1,2.7588,,,,,,,,,,1.0,62.6363697014387,22.0733269098158,24.7493877564623,2.73026266274948,2.06621297168651,2.63114976965374,75.3642977815895,6.80665024461456,6.95348363081009,0.0,4.0,0.0,0.0,0.0,1.0,False,Resto de Antioquia,36248.0,48.83,MEDIO
05761,2018,44,2018-10-29,1,6.6414,17.976,0.0,19.143,80.647,121.576,851.735,IMPUTADO_PA,,,,66.5939007030837,7.86435529959433,10.2786264018705,2.82670128134715,2.14054336645104,2.9051307368001,91.2777445340209,6.91472976015592,7.39584063444203,0.0,5.0,0.0,0.0,0.0,1.0,False,Resto de Antioquia,15057.0,76.88,ALTO
05789,2019,16,2019-04-15,1,6.0879,15.666,,20.051,81.931,56.7,,IMPUTADO_PA,,,,64.9771047180278,19.8524466866409,12.8460972974241,2.92974597151173,2.24187405455491,2.55384599368176,94.6956418864412,7.73623935982788,6.85215805975198,0.0,7.0,0.0,0.0,0.0,1.0,False,Resto de Antioquia,16426.0,48.17,MEDIO
05789,2020,24,2020-06-08,1,6.0295,,,20.518,76.868,12.0,,SIN_DATO,15.666,,1.0,64.9771047180278,19.8524466866409,12.8460972974241,2.92974597151173,2.24187405455491,2.55384599368176,94.6956418864412,7.73623935982788,6.85215805975198,0.0,19.0,1.0,0.0,0.0,0.0,True,Resto de Antioquia,16585.0,60.25,MEDIO
05790,2018,23,2018-06-04,1,3.7092,,,21.938,94.071,0.0,,SIN_DATO,,,,57.4206943541507,23.0503105277614,28.8630136906581,2.64038661281274,2.01483488430672,2.32444524849141,77.6371948333538,5.67227053489058,5.32296126087473,0.0,17.0,0.0,0.0,0.0,1.0,False,Resto de Antioquia,26960.0,52.2,MEDIO
05790,2018,37,2018-09-10,1,3.7092,,,21.112,94.14536,0.0,,SIN_DATO,,,1.0,57.4206943541507,23.0503105277614,28.8630136906581,2.64038661281274,2.01483488430672,2.32444524849141,77.6371948333538,5.67227053489058,5.32296126087473,0.0,6.0,0.0,0.0,0.0,1.0,False,Resto de Antioquia,26960.0,52.2,MEDIO
05790,2022,41,2022-10-10,1,3.5152,,,,,,,,,,1.0,57.4206943541507,23.0503105277614,28.8630136906581,2.64038661281274,2.01483488430672,2.32444524849141,77.6371948333538,5.67227053489058,5.32296126087473,0.0,9.0,0.0,0.0,0.0,1.0,False,Resto de Antioquia,28448.0,50.92,MEDIO
05792,2019,10,2019-03-04,1,16.0256,,,,,,,,,,,64.9413544356299,8.43876259948189,14.6827204187893,2.42171876468941,2.00856630620702,2.53442713529132,83.137021022812,7.82893760101571,6.95376151366594,0.0,2.0,0.0,0.0,0.0,1.0,False,Resto de Antioquia,6240.0,72.94,ALTO
05809,2023,22,2023-05-29,1,8.8121,,,,,,,,,,,66.6569438897668,11.8675835655235,7.94394362539846,3.01757990508969,2.22329091397372,3.0021323225595,98.2140381087243,6.75228356516172,7.21053718183689,0.0,10.0,0.0,0.0,0.0,1.0,False,Resto de Antioquia,11348.0,68.89,ALTO
05819,2020,31,2020-07-27,1,16.1577,,,,,,,,,,,62.8199132085282,15.5649803990907,15.4681647228847,2.45094428948458,2.26726741535259,2.71432430415215,95.0299840372751,7.19525108012916,6.84694120545044,0.0,12.0,1.0,0.0,0.0,0.0,True,Resto de Antioquia,5026.0,72.26,ALTO
05837,2019,22,2019-05-27,1,0.7928,,,27.26378,47.69,55.6,917.1972,SIN_DATO,,,,54.2122027625896,38.154415867976,15.5075837411052,2.92491883728781,2.04186388647738,2.57588044119862,46.4353135108136,4.57302624818425,4.46649994880556,0.0,9.0,0.0,0.0,0.0,1.0,False,Resto de Antioquia,126132.0,34.72,MEDIO
05837,2020,3,2020-01-13,1,0.7819,,,27.26378,42.821,0.0,917.1972,SIN_DATO,,,1.0,54.2122027625896,38.154415867976,15.5075837411052,2.92491883728781,2.04186388647738,2.57588044119862,46.4353135108136,4.57302624818425,4.46649994880556,0.0,10.0,0.0,0.0,0.0,1.0,False,Resto de Antioquia,127888.0,34.52,MEDIO
05837,2020,24,2020-06-08,1,0.7819,,,26.785,78.185,8.8,,SIN_DATO,,,1.0,54.2122027625896,38.154415867976,15.5075837411052,2.92491883728781,2.04186388647738,2.57588044119862,46.4353135108136,4.57302624818425,4.46649994880556,0.0,24.0,0.0,0.0,0.0,1.0,True,Resto de Antioquia,127888.0,34.52,MEDIO
05837,2020,27,2020-06-29,1,0.7819,,,,,,,,,,1.0,54.2122027625896,38.154415867976,15.5075837411052,2.92491883728781,2.04186388647738,2.57588044119862,46.4353135108136,4.57302624818425,4.46649994880556,0.0,1.09,1.0,0.0,0.0,0.0,True,Resto de Antioquia,127888.0,34.52,MEDIO
05837,2020,30,2020-07-20,1,0.7819,,,,,,,,,,1.0,54.2122027625896,38.154415867976,15.5075837411052,2.92491883728781,2.04186388647738,2.57588044119862,46.4353135108136,4.57302624818425,4.46649994880556,0.0,3.0,1.0,0.0,0.0,0.0,True,Resto de Antioquia,127888.0,34.52,MEDIO
05837,2022,20,2022-05-16,1,0.7753,,,,,,,,,,1.0,54.2122027625896,38.154415867976,15.5075837411052,2.92491883728781,2.04186388647738,2.57588044119862,46.4353135108136,4.57302624818425,4.46649994880556,0.0,6.0,0.0,0.0,0.0,1.0,False,Resto de Antioquia,128982.0,34.29,MEDIO
05837,2022,24,2022-06-13,1,0.7753,,,,,,,,,,1.0,54.2122027625896,38.154415867976,15.5075837411052,2.92491883728781,2.04186388647738,2.57588044119862,46.4353135108136,4.57302624818425,4.46649994880556,0.0,8.0,0.0,0.0,0.0,1.0,False,Resto de Antioquia,128982.0,34.29,MEDIO
05842,2019,25,2019-06-17,1,14.2389,,,,,,,,,,,55.9710850066259,41.4894938263143,26.4717563327337,2.95426633842368,2.21937558591532,2.4084128986559,46.6363385718225,6.67342534675333,6.0904609004859,0.0,6.0,0.0,0.0,0.0,1.0,False,Resto de Antioquia,7023.0,60.5,MEDIO
05847,2019,12,2019-03-18,1,3.2827,,,22.57614285714286,92.22,48.4,805.7,SIN_DATO,,,,67.0427658869793,5.96088848559172,17.7197937347469,2.75189244524492,2.07468345991378,2.62224950317777,96.9242045281884,7.65547244355718,7.53358302211421,0.0,13.0,0.0,1.0,0.0,0.0,False,Resto de Antioquia,30463.0,52.4,MEDIO
05847,2022,26,2022-06-27,1,3.1903,,,,,,,,,,1.0,67.0427658869793,5.96088848559172,17.7197937347469,2.75189244524492,2.07468345991378,2.62224950317777,96.9242045281884,7.65547244355718,7.53358302211421,0.0,8.0,0.0,0.0,0.0,1.0,False,Resto de Antioquia,31345.0,52.16,MEDIO
05847,2023,29,2023-07-17,2,6.3373,,,,,,,,,,1.0,67.0427658869793,5.96088848559172,17.7197937347469,2.75189244524492,2.07468345991378,2.62224950317777,96.9242045281884,7.65547244355718,7.53358302211421,0.0,7.0,0.0,0.0,0.0,1.0,False,Resto de Antioquia,31559.0,61.11,MEDIO
05854,2018,25,2018-06-18,1,7.2474,,,21.074,90.83,110.7,,SIN_DATO,,,,63.5748207139266,18.658836347785,20.2516967432283,3.16173390949492,2.33905595299696,2.45987040657925,89.1590319088253,7.90299064544777,6.69756288455116,0.0,3.0,0.0,0.0,0.0,1.0,False,Resto de Antioquia,13798.0,55.94,MEDIO
05854,2020,8,2020-02-17,1,6.9633,,0.0,22.683,90.792,0.2,,SIN_DATO,,,1.0,63.5748207139266,18.658836347785,20.2516967432283,3.16173390949492,2.33905595299696,2.45987040657925,89.1590319088253,7.90299064544777,6.69756288455116,0.0,8.0,1.0,0.0,0.0,0.0,False,Resto de Antioquia,14361.0,55.47,MEDIO
05854,2023,21,2023-05-22,1,6.7935,,,,,0.0,,SIN_DATO,,,1.0,63.5748207139266,18.658836347785,20.2516967432283,3.16173390949492,2.33905595299696,2.45987040657925,89.1590319088253,7.90299064544777,6.69756288455116,0.0,10.0,0.0,0.0,0.0,1.0,False,Resto de Antioquia,14720.0,55.24,MEDIO
05856,2018,2,2018-01-08,1,15.3563,,30.036,23.505,74.537,21.7,,SIN_DATO,,,,65.5007477485513,14.8656796921336,8.42949589322059,2.80082899928078,2.08777511623643,2.71551064102269,97.2943002883123,6.95544767789584,7.10078193085298,0.0,7.0,1.0,0.0,0.0,0.0,False,Resto de Antioquia,6512.0,74.49,ALTO
05858,2023,19,2023-05-08,1,8.2549,,,,,,,,,,,64.5510285965523,14.9603842488264,18.5286594069382,2.38899447497223,1.71171586954437,2.47652983101279,96.5079406075842,6.7886691071357,6.59511317848267,0.0,6.0,0.0,0.0,0.0,1.0,False,Resto de Antioquia,12114.0,66.88,ALTO
05858,2023,38,2023-09-18,1,8.2549,,,,,,,,,,1.0,64.5510285965523,14.9603842488264,18.5286594069382,2.38899447497223,1.71171586954437,2.47652983101279,96.5079406075842,6.7886691071357,6.59511317848267,0.0,1.09,0.0,0.0,0.0,1.0,False,Resto de Antioquia,12114.0,66.88,ALTO
05861,2018,41,2018-10-08,1,8.6162,,,,,,,,,,,67.2962083129358,14.0117660583646,8.12465680139542,2.93437413093258,2.25086044776229,2.76716419324983,98.4177772972204,7.65969993143259,7.35868804310952,0.0,8.0,0.0,0.0,1.0,0.0,False,Resto de Antioquia,11606.0,69.18,ALTO
05861,2019,27,2019-07-01,1,8.4882,,,,,2.1,,SIN_DATO,,,1.0,67.2962083129358,14.0117660583646,8.12465680139542,2.93437413093258,2.25086044776229,2.76716419324983,98.4177772972204,7.65969993143259,7.35868804310952,0.0,3.0,0.0,1.0,0.0,0.0,False,Resto de Antioquia,11781.0,68.95,ALTO
05861,2022,37,2022-09-12,1,8.2277,,,,,,,,,,1.0,67.2962083129358,14.0117660583646,8.12465680139542,2.93437413093258,2.25086044776229,2.76716419324983,98.4177772972204,7.65969993143259,7.35868804310952,0.0,3.0,1.0,0.0,0.0,0.0,False,Resto de Antioquia,12154.0,68.48,ALTO
05885,2023,31,2023-07-31,1,12.9383,,,,,,,,,,,64.913479971837,11.2616431249165,19.0540403473371,2.73133469299571,2.17313046442041,2.42837966905588,96.0088520558231,7.2766974669562,6.54951668156341,0.0,8.0,0.0,0.0,0.0,1.0,False,Resto de Antioquia,7729.0,65.29,MEDIO
05887,2018,28,2018-07-09,1,2.4066,3.6032,,,,,,IMPUTADO_PA,,,,67.5554258125189,12.1907730397495,11.4799296530936,2.44014809038548,1.86412095855946,2.5327925901266,93.0451871938449,7.3752097663666,7.9390269428819,0.0,8.0,0.0,0.0,0.0,1.0,False,Resto de Antioquia,41553.0,28.03,BAJO
05887,2018,52,2018-12-24,1,2.4066,11.4,,,,,,IMPUTADO_PA,3.73837,,1.0,67.5554258125189,12.1907730397495,11.4799296530936,2.44014809038548,1.86412095855946,2.5327925901266,93.0451871938449,7.3752097663666,7.9390269428819,0.0,9.0,0.0,0.0,0.0,1.0,False,Resto de Antioquia,41553.0,32.52,BAJO
05887,2019,21,2019-05-20,1,2.4041,,,14.205,81.371,0.0,824.439,SIN_DATO,11.4,3.72215,1.0,67.5554258125189,12.1907730397495,11.4799296530936,2.44014809038548,1.86412095855946,2.5327925901266,93.0451871938449,7.3752097663666,7.9390269428819,0.0,12.0,1.0,0.0,0.0,0.0,False,Resto de Antioquia,41595.0,54.1,MEDIO
05887,2019,26,2019-06-24,1,2.4041,,,13.772,78.446,0.0,823.963,SIN_DATO,,11.4,1.0,67.5554258125189,12.1907730397495,11.4799296530936,2.44014809038548,1.86412095855946,2.5327925901266,93.0451871938449,7.3752097663666,7.9390269428819,0.0,8.0,0.0,0.0,0.0,1.0,False,Resto de Antioquia,41595.0,54.1,MEDIO
05887,2019,32,2019-08-05,1,2.4041,,,20.451,74.958,0.0,825.41,SIN_DATO,,,1.0,67.5554258125189,12.1907730397495,11.4799296530936,2.44014809038548,1.86412095855946,2.5327925901266,93.0451871938449,7.3752097663666,7.9390269428819,0.0,7.0,0.0,0.0,0.0,1.0,False,Resto de Antioquia,41595.0,54.1,MEDIO
05887,2019,33,2019-08-12,1,2.4041,,,19.464,79.707,0.0,824.816,SIN_DATO,,,1.0,67.5554258125189,12.1907730397495,11.4799296530936,2.44014809038548,1.86412095855946,2.5327925901266,93.0451871938449,7.3752097663666,7.9390269428819,0.0,9.0,0.0,0.0,0.0,1.0,False,Resto de Antioquia,41595.0,54.1,MEDIO
05887,2019,44,2019-10-28,1,2.4041,,,,,,,,,,1.0,67.5554258125189,12.1907730397495,11.4799296530936,2.44014809038548,1.86412095855946,2.5327925901266,93.0451871938449,7.3752097663666,7.9390269428819,0.0,8.0,0.0,0.0,0.0,1.0,False,Resto de Antioquia,41595.0,54.1,MEDIO
05887,2022,31,2022-08-01,1,2.3849,,,18.676,84.992,0.0,823.798,SIN_DATO,,,1.0,67.5554258125189,12.1907730397495,11.4799296530936,2.44014809038548,1.86412095855946,2.5327925901266,93.0451871938449,7.3752097663666,7.9390269428819,0.0,4.0,0.0,0.0,0.0,1.0,False,Resto de Antioquia,41931.0,53.79,MEDIO
05887,2022,38,2022-09-19,1,2.3849,,,17.661,86.259,0.0,824.622,SIN_DATO,,,1.0,67.5554258125189,12.1907730397495,11.4799296530936,2.44014809038548,1.86412095855946,2.5327925901266,93.0451871938449,7.3752097663666,7.9390269428819,0.0,5.0,0.0,0.0,0.0,1.0,False,Resto de Antioquia,41931.0,53.79,MEDIO
05887,2022,50,2022-12-12,1,2.3849,,,17.888,85.621,0.0,823.431,SIN_DATO,,,1.0,67.5554258125189,12.1907730397495,11.4799296530936,2.44014809038548,1.86412095855946,2.5327925901266,93.0451871938449,7.3752097663666,7.9390269428819,0.0,3.0,0.0,0.0,0.0,1.0,False,Resto de Antioquia,41931.0,53.79,MEDIO
05887,2023,3,2023-01-16,1,2.3819,,,17.776,83.512,0.0,824.114,SIN_DATO,,,1.0,67.5554258125189,12.1907730397495,11.4799296530936,2.44014809038548,1.86412095855946,2.5327925901266,93.0451871938449,7.3752097663666,7.9390269428819,0.0,3.0,0.0,0.0,0.0,1.0,False,Resto de Antioquia,41983.0,53.55,MEDIO
05887,2023,21,2023-05-22,1,2.3819,,,,,,,,,,1.0,67.5554258125189,12.1907730397495,11.4799296530936,2.44014809038548,1.86412095855946,2.5327925901266,93.0451871938449,7.3752097663666,7.9390269428819,0.0,4.0,1.0,0.0,0.0,0.0,False,Resto de Antioquia,41983.0,53.55,MEDIO
05887,2023,46,2023-11-13,1,2.3819,,,,,,,,,,1.0,67.5554258125189,12.1907730397495,11.4799296530936,2.44014809038548,1.86412095855946,2.5327925901266,93.0451871938449,7.3752097663666,7.9390269428819,0.0,6.0,0.0,0.0,0.0,1.0,False,Resto de Antioquia,41983.0,53.55,MEDIO
05890,2019,52,2019-12-23,1,4.3343,,,,,,,,,,,63.8936894546695,23.9973418032427,16.7949001776296,2.94590882717112,2.46018552365618,2.64430193247692,86.0552670580398,7.79341326692954,6.77046123408761,0.0,11.0,1.0,0.0,0.0,0.0,False,Resto de Antioquia,23072.0,54.88,MEDIO
05890,2022,29,2022-07-18,1,4.1327,,,,,,,,,,1.0,63.8936894546695,23.9973418032427,16.7949001776296,2.94590882717112,2.46018552365618,2.64430193247692,86.0552670580398,7.79341326692954,6.77046123408761,0.0,7.0,1.0,0.0,0.0,0.0,False,Resto de Antioquia,24197.0,53.67,MEDIO
05890,2022,47,2022-11-21,1,4.1327,,,,,,,,,,1.0,63.8936894546695,23.9973418032427,16.7949001776296,2.94590882717112,2.46018552365618,2.64430193247692,86.0552670580398,7.79341326692954,6.77046123408761,0.0,9.0,0.0,0.0,0.0,1.0,False,Resto de Antioquia,24197.0,53.67,MEDIO
05895,2019,20,2019-05-13,1,3.9976,13.782,22.49,,,,,IMPUTADO_PA,,,,58.2526546142773,25.1953303389066,26.3372588472286,2.49700635780377,1.89395286754606,2.3043321759084,46.3160097057514,6.64848535994714,5.62474517434708,0.0,4.0,0.0,0.0,0.0,1.0,False,Resto de Antioquia,25015.0,37.22,MEDIO
05895,2019,46,2019-11-11,1,3.9976,4.33,32.951,21.051,93.071,0.0,,IMPUTADO_PA,13.782,,1.0,58.2526546142773,25.1953303389066,26.3372588472286,2.49700635780377,1.89395286754606,2.3043321759084,46.3160097057514,6.64848535994714,5.62474517434708,0.0,5.0,0.0,0.0,0.0,1.0,False,Resto de Antioquia,25015.0,28.46,BAJO
05895,2019,49,2019-12-02,1,3.9976,3.6032,39.045,21.513,94.14536,0.0,,IMPUTADO_PA,4.33,13.782,1.0,58.2526546142773,25.1953303389066,26.3372588472286,2.49700635780377,1.89395286754606,2.3043321759084,46.3160097057514,6.64848535994714,5.62474517434708,0.0,7.0,0.0,0.0,0.0,1.0,False,Resto de Antioquia,25015.0,28.06,BAJO
